idx,set_id,video_id,ped_id,label,anchor_frame,n_frames_annotated_in_window,n_crossing_in_window,anchor_is_crossing,window_has_leakage,crossing_onset_frame,anchor_minus_onset,bbox_bottom_y,bbox_height,bbox_xcenter,bbox_area
0,set01,video_0001,1_1_1,0,1090,16,0,False,False,,,922.8900146484375,118.05999755859375,1287.1000366210938,4439.053025878966
1,set01,video_0001,1_1_2,0,1096,16,0,False,False,,,913.8200073242188,117.42999267578125,1317.2349853515625,4376.618120580912
2,set01,video_0001,1_1_3,0,1420,16,0,False,False,,,875.2999877929688,93.17999267578125,1283.1300048828125,2137.543572217226
3,set01,video_0001,1_1_4,0,1414,16,0,False,False,,,879.0,109.4000244140625,1289.1699829101562,3157.2831020504236
4,set01,video_0001,1_1_5,0,1475,16,0,False,False,,,889.2000122070312,90.02001953125,733.2149963378906,3940.1725187003613
5,set01,video_0001,1_1_6,0,1473,16,0,False,False,,,887.2000122070312,52.8900146484375,726.875,954.6673469245434
6,set01,video_0001,1_1_9,0,15255,16,0,False,False,,,855.5900268554688,69.69000244140625,511.19500732421875,1570.117796704173
7,set01,video_0001,1_1_20,0,16510,16,0,False,False,,,853.2999877929688,89.3699951171875,358.7049865722656,2435.3323669433594
8,set01,video_0001,1_1_21,0,16526,16,0,False,False,,,883.0599975585938,113.739990234375,1426.7899780273438,4165.157887011766
9,set01,video_0001,1_1_8,0,10068,16,0,False,False,,,857.7999877929688,70.260009765625,1245.3550415039062,1692.5612337887287
10,set01,video_0001,1_1_18,0,14022,16,0,False,False,,,860.8499755859375,74.04998779296875,559.8000183105469,1660.1994608156383
11,set01,video_0001,1_1_19,0,14016,16,0,False,False,,,864.969970703125,76.30999755859375,554.2999877929688,1707.818117968738
12,set01,video_0001,1_1_17,0,13967,16,0,False,False,,,860.239990234375,85.8399658203125,1284.6400146484375,2817.2735461890697
13,set01,video_0001,1_1_10,0,16396,16,0,False,False,,,858.3300170898438,98.32000732421875,1451.0549926757812,1998.8414281979203
14,set01,video_0001,1_1_11,0,16518,16,0,False,False,,,872.5999755859375,127.3699951171875,1451.85498046875,4930.487535595894
15,set01,video_0002,1_2_53,0,4665,16,0,False,False,,,881.1799926757812,84.70001220703125,1315.0599975585938,3067.8423000499606
16,set01,video_0002,1_2_23,1,5199,16,8,True,True,5192.0,7.0,846.5999755859375,147.30999755859375,120.19000244140625,8370.155140209943
17,set01,video_0002,1_2_32,1,7863,16,16,True,True,7764.0,99.0,1053.0999755859375,298.8800048828125,859.7799987792969,37981.676128320396
18,set01,video_0002,1_2_33,1,7856,16,16,True,True,7758.0,98.0,1062.9000244140625,313.32000732421875,781.2900085449219,47217.328928466886
19,set01,video_0002,1_2_34,1,8281,16,16,True,True,8134.0,147.0,1052.0,318.58001708984375,694.3349914550781,42259.6276002191
20,set01,video_0002,1_2_35,1,8270,16,16,True,True,8137.0,133.0,1059.6099853515625,333.739990234375,647.9700012207031,48192.04236792028
21,set01,video_0002,1_2_36,0,8710,16,0,False,False,,,971.4000244140625,375.6400146484375,1831.14501953125,31767.901717334986
22,set01,video_0002,1_2_42,1,12487,16,16,True,True,12306.0,181.0,952.8200073242188,237.07000732421875,377.2049865722656,21514.10316467285
23,set01,video_0002,1_2_44,1,12524,16,16,True,True,12296.0,228.0,956.4400024414062,241.58001708984375,311.9600067138672,17142.51594841294
24,set01,video_0002,1_2_45,1,12524,16,16,True,True,12319.0,205.0,941.7000122070312,223.989990234375,287.51000213623047,14823.659330975264
25,set01,video_0002,1_2_39,1,12697,16,16,True,True,12274.0,423.0,952.3599853515625,156.76995849609375,981.6300048828125,9384.247419141233
26,set01,video_0002,1_2_40,1,12684,16,16,True,True,12301.0,383.0,963.9000244140625,176.72003173828125,891.8099975585938,12720.304432958364
27,set01,video_0002,1_2_57,0,12283,16,0,False,False,,,820.010009765625,149.1099853515625,59.08999824523926,5839.147003614809
28,set01,video_0002,1_2_58,0,12315,16,0,False,False,,,840.6300048828125,154.34002685546875,93.29000091552734,6195.208583776839
29,set01,video_0002,1_2_22,1,5195,16,15,True,True,5181.0,14.0,871.9299926757812,169.719970703125,161.17000579833984,10122.098949145526
30,set01,video_0002,1_2_50,1,15898,16,16,True,True,15790.0,108.0,1080.0,419.67999267578125,1607.0750122070312,67513.91837253422
31,set01,video_0002,1_2_51,1,16101,16,0,False,False,15894.0,207.0,904.1099853515625,252.28997802734375,1799.280029296875,20496.03535117209
32,set01,video_0002,1_2_52,1,16244,16,0,False,False,16089.0,155.0,887.2000122070312,247.5,99.90500259399414,17421.526737213135
33,set01,video_0002,1_2_56,1,11667,16,16,True,True,11556.0,111.0,1045.52001953125,385.0400390625,1680.6600341796875,56323.668194532394
34,set01,video_0002,1_2_41,1,12676,16,16,True,True,12282.0,394.0,980.260009765625,190.69000244140625,873.4949951171875,13251.046407446265
35,set01,video_0002,1_2_43,1,12446,16,16,True,True,12256.0,190.0,953.5,218.25,407.260009765625,19354.408401489258
36,set01,video_0002,1_2_38,1,12575,16,16,True,True,10443.0,2132.0,894.3200073242188,117.32000732421875,372.92999267578125,4019.384596630931
37,set01,video_0003,1_3_59,0,358,16,0,False,False,,,897.6400146484375,154.05999755859375,1489.135009765625,7538.145149096847
38,set01,video_0003,1_3_60,0,343,16,0,False,False,,,886.5800170898438,173.70001220703125,1532.4400024414062,12110.380965821445
39,set01,video_0003,1_3_61,0,677,16,0,False,False,,,854.4199829101562,71.29998779296875,1330.5400390625,2210.2996215820312
40,set01,video_0003,1_3_62,1,3102,16,16,True,True,2915.0,187.0,973.2999877929688,193.510009765625,727.9800109863281,14962.195372387767
41,set01,video_0003,1_3_72,1,10113,16,0,False,False,9898.0,215.0,934.010009765625,225.510009765625,132.56999969482422,15952.579329583794
42,set01,video_0003,1_3_100,0,370,16,0,False,False,,,883.4400024414062,129.97003173828125,1497.0650024414062,8064.630950070918
43,set01,video_0003,1_3_73,1,10100,16,2,False,True,9902.0,198.0,961.3400268554688,275.12005615234375,117.43499755859375,26744.41830768995
44,set01,video_0003,1_3_70,1,9825,16,0,False,False,9966.0,-141.0,962.760009765625,327.46002197265625,25.829999923706055,16916.584685140988
45,set01,video_0003,1_3_70,1,10149,16,16,True,True,9966.0,183.0,1051.300048828125,378.4300537109375,1502.0,52995.35950410366
46,set01,video_0003,1_3_74,1,10151,16,0,False,False,9922.0,229.0,914.5499877929688,262.469970703125,1675.8200073242188,22929.37279585004
47,set01,video_0003,1_3_76,1,9377,16,0,False,False,9937.0,-560.0,875.8699951171875,168.29998779296875,127.73500442504883,9116.811314605642
48,set01,video_0003,1_3_76,1,10120,16,0,False,False,9937.0,183.0,974.780029296875,354.59002685546875,1727.7000122070312,43770.615423195064
49,set01,video_0003,1_3_77,1,10108,16,0,False,False,9874.0,234.0,887.7000122070312,273.260009765625,1764.75,23997.712737500668
50,set01,video_0003,1_3_80,1,11703,16,16,True,True,11660.0,43.0,1002.3599853515625,275.30999755859375,1383.9450073242188,30705.29848625511
51,set01,video_0003,1_3_71,1,9707,16,3,False,True,9548.0,159.0,921.9299926757812,187.69000244140625,186.4550018310547,14998.308782434091
52,set01,video_0003,1_3_84,1,13161,16,16,True,True,13052.0,109.0,959.0900268554688,188.61004638671875,1289.4599609375,15609.369280859828
53,set01,video_0003,1_3_85,1,13166,16,16,True,True,13086.0,80.0,958.6500244140625,212.6500244140625,1251.7049560546875,15308.673180907965
54,set01,video_0003,1_3_86,1,13864,16,16,True,True,13777.0,87.0,913.3800048828125,128.280029296875,912.2250061035156,5535.278566405177
55,set01,video_0003,1_3_104,1,13321,16,16,True,True,13225.0,96.0,929.1599731445312,161.52996826171875,1136.5799560546875,9371.971913427114
56,set01,video_0003,1_3_89,1,15905,16,16,True,True,15781.0,124.0,1064.9599609375,345.75994873046875,1417.75,44651.40263687074
57,set01,video_0003,1_3_90,1,15919,16,16,True,True,15768.0,151.0,1040.93994140625,317.2099609375,1429.239990234375,43229.382769823074
58,set01,video_0003,1_3_93,1,16606,16,16,True,True,16420.0,186.0,1043.8599853515625,295.03997802734375,1210.280029296875,47135.58977089822
59,set01,video_0003,1_3_94,1,16651,16,16,True,True,16445.0,206.0,988.6300048828125,242.97003173828125,1251.5150146484375,28293.84833215177
60,set01,video_0003,1_3_98,0,17772,16,0,False,False,,,999.2000122070312,279.4000244140625,1373.3399658203125,21871.442096680403
61,set01,video_0003,1_3_99,0,17776,16,0,False,False,,,982.260009765625,228.79998779296875,1479.405029296875,20942.069585815072
62,set01,video_0003,1_3_97,1,17717,16,16,True,True,17661.0,56.0,1080.0,434.5,1104.6200256347656,109650.4401550293
63,set01,video_0003,1_3_79,1,11563,16,16,True,True,11442.0,121.0,978.8800048828125,332.55999755859375,1679.4000244140625,35583.91973876953
64,set01,video_0003,1_3_75,1,9355,16,0,False,False,9904.0,-549.0,872.2000122070312,133.70001220703125,242.1699981689453,5971.043034790084
65,set01,video_0003,1_3_75,1,10133,16,0,False,False,9904.0,229.0,982.6799926757812,325.95001220703125,1676.385009765625,38954.28914196789
66,set01,video_0004,1_4_105,0,454,16,0,False,False,,,980.5399780273438,218.5,1366.1400146484375,16824.5
67,set01,video_0004,1_4_107,0,1894,16,0,False,False,,,922.2999877929688,114.42999267578125,794.9599914550781,6073.945966821164
68,set01,video_0004,1_4_108,0,3488,16,0,False,False,,,869.989990234375,85.44000244140625,1341.1949462890625,2177.8648278564215
69,set01,video_0004,1_4_109,0,3478,16,0,False,False,,,874.9000244140625,75.77001953125,1406.6449584960938,1811.663756787777
70,set01,video_0004,1_4_110,1,7550,16,0,False,False,7236.0,314.0,874.4199829101562,128.72998046875,1716.4850463867188,5711.74860483408
71,set01,video_0004,1_4_106,1,1611,16,16,True,True,1525.0,86.0,1080.0,380.94000244140625,612.9499816894531,71113.87686567381
72,set01,video_0004,1_4_112,1,450,16,16,True,True,314.0,136.0,965.0,190.010009765625,760.5299987792969,16033.033954516053
73,set02,video_0001,2_1_114,1,3340,16,16,True,True,3234.0,106.0,968.0399780273438,236.57000732421875,583.375,26403.575052075088
74,set02,video_0001,2_1_117,1,7384,16,16,True,True,7282.0,102.0,991.8200073242188,257.030029296875,1117.4550170898438,27617.895473390818
75,set02,video_0001,2_1_119,1,7388,16,16,True,True,7354.0,34.0,905.0399780273438,105.57000732421875,730.5,3874.4141140133142
76,set02,video_0001,2_1_123,0,10474,16,0,False,False,,,843.4400024414062,110.69000244140625,348.55999755859375,4370.039134472609
77,set02,video_0001,2_1_124,0,11242,16,0,False,False,,,837.1500244140625,85.260009765625,1357.60498046875,2746.22158408165
78,set02,video_0001,2_1_136,1,12585,16,16,True,True,12230.0,355.0,910.3800048828125,156.3699951171875,836.0249938964844,8705.114955835044
79,set02,video_0001,2_1_139,1,12588,16,16,True,True,12233.0,355.0,907.9500122070312,141.030029296875,850.97998046875,7649.46741181612
80,set02,video_0001,2_1_141,1,12384,16,16,True,True,12238.0,146.0,801.5999755859375,92.3599853515625,254.19500732421875,3233.523989111185
81,set02,video_0001,2_1_142,0,17779,16,0,False,False,,,872.9400024414062,117.8599853515625,482.9449920654297,3975.418600756675
82,set02,video_0001,2_1_143,0,17787,16,0,False,False,,,863.9600219726562,135.95001220703125,1427.3500366210938,5522.28883203119
83,set02,video_0001,2_1_118,1,7391,16,16,True,True,7257.0,134.0,926.239990234375,139.6099853515625,804.27001953125,8133.679109960794
84,set02,video_0001,2_1_125,0,11390,16,0,False,False,,,847.4199829101562,116.25,1563.4800415039062,4171.050567626953
85,set02,video_0001,2_1_137,1,12588,16,16,True,True,12500.0,88.0,895.47998046875,212.97998046875,343.1549987792969,17713.54133579135
86,set02,video_0001,2_1_138,0,12327,16,0,False,False,,,838.02001953125,123.7900390625,246.19000244140625,4047.9357884526253
87,set02,video_0001,2_1_140,0,12320,16,0,False,False,,,832.1500244140625,114.8900146484375,247.75999450683594,3276.6619555540383
88,set02,video_0001,2_1_129,0,15724,16,0,False,False,,,927.1199951171875,273.0899658203125,1547.989990234375,21896.334791213274
89,set02,video_0001,2_1_130,1,16104,16,0,False,False,15675.0,429.0,889.1099853515625,118.29998779296875,888.8249816894531,5698.508390258998
90,set02,video_0001,2_1_131,1,16078,16,16,True,True,15701.0,377.0,894.8499755859375,115.64996337890625,1004.2499694824219,5398.5394434817135
91,set02,video_0001,2_1_132,1,16093,16,16,True,True,15630.0,463.0,907.6400146484375,120.27001953125,914.75,5705.602679491043
92,set02,video_0001,2_1_144,0,17779,16,0,False,False,,,860.4600219726562,114.58001708984375,1415.97998046875,4214.256385400891
93,set02,video_0001,2_1_134,0,16356,16,0,False,False,,,867.8800048828125,111.82000732421875,1237.030029296875,4806.021730810404
94,set02,video_0001,2_1_133,1,16083,16,16,True,True,15771.0,312.0,902.4400024414062,127.030029296875,815.2449951171875,6726.233848631382
95,set02,video_0002,2_2_146,0,2242,16,0,False,False,,,863.9000244140625,82.280029296875,591.6650085449219,1733.6408199220896
96,set02,video_0002,2_2_147,0,2247,16,0,False,False,,,857.9000244140625,74.95001220703125,606.7099914550781,2187.040807250887
97,set02,video_0002,2_2_152,1,6519,16,0,False,False,5756.0,763.0,840.5800170898438,58.67999267578125,694.8299865722656,1279.223124023527
98,set02,video_0002,2_2_180,1,3152,16,0,False,False,2766.0,386.0,823.3900146484375,115.3900146484375,29.12999963760376,4193.273039886844
99,set02,video_0002,2_2_181,1,4133,16,0,False,False,2790.0,1343.0,835.3400268554688,45.48004150390625,468.05999755859375,613.9805603027344
100,set02,video_0002,2_2_182,1,4090,16,0,False,False,2858.0,1232.0,843.8400268554688,50.050048828125,553.02001953125,818.8180656731129
101,set02,video_0002,2_2_183,1,4029,16,0,False,False,2867.0,1162.0,846.77001953125,50.25,561.0550231933594,982.3868865966797
102,set02,video_0002,2_2_189,1,4210,16,0,False,False,2964.0,1246.0,743.9500122070312,48.60003662109375,1772.4700317382812,722.1958322748542
103,set02,video_0002,2_2_187,1,4025,16,0,False,False,2988.0,1037.0,793.8699951171875,60.010009765625,1597.0,1102.976947069168
104,set02,video_0002,2_2_187,1,4228,16,0,False,False,2988.0,1240.0,746.3499755859375,51.3199462890625,1773.885009765625,780.5743783712387
105,set02,video_0002,2_2_191,1,4377,16,11,False,True,3755.0,622.0,841.7000122070312,173.47003173828125,1808.0900268554688,10862.692540429533
106,set02,video_0002,2_2_184,1,4543,16,0,False,False,3627.0,916.0,851.5900268554688,69.1800537109375,436.9149932861328,1468.693300317973
107,set02,video_0002,2_2_188,1,3309,16,16,True,True,3041.0,268.0,929.9400024414062,283.96002197265625,1698.0800170898438,25658.623425878584
108,set02,video_0002,2_2_192,0,4578,16,0,False,False,,,887.219970703125,102.29998779296875,471.89500427246094,4035.7326452638954
109,set02,video_0002,2_2_193,1,4573,16,16,True,True,4411.0,162.0,895.030029296875,104.23004150390625,1233.6400146484375,4827.942647561431
110,set02,video_0002,2_2_185,1,4450,16,16,True,True,4168.0,282.0,885.1500244140625,187.2900390625,86.69499969482422,10905.89817442
111,set02,video_0002,2_2_190,1,4203,16,16,True,True,3895.0,308.0,1042.68994140625,409.0799560546875,1573.7750244140625,64655.10702905059
112,set02,video_0002,2_2_150,1,6516,16,0,False,False,5762.0,754.0,840.2999877929688,50.5,767.9249877929688,932.7335205078125
113,set02,video_0002,2_2_151,1,5936,16,0,False,False,5572.0,364.0,770.5700073242188,70.1500244140625,39.269999504089355,1286.5513246573973
114,set02,video_0002,2_2_153,1,5890,16,16,True,True,5831.0,59.0,842.5999755859375,111.92999267578125,195.75,4980.884674072266
115,set02,video_0002,2_2_155,1,5859,16,16,True,True,5781.0,78.0,859.8300170898438,108.010009765625,305.8249969482422,6133.889377526939
116,set02,video_0002,2_2_156,1,6983,16,16,True,True,6869.0,114.0,883.97998046875,123.05999755859375,693.52001953125,7614.953249804676
117,set02,video_0002,2_2_157,1,8823,16,16,True,True,8639.0,184.0,936.3200073242188,279.3599853515625,136.8949966430664,21513.510937353596
118,set02,video_0002,2_2_158,1,8798,16,16,True,True,8552.0,246.0,881.1099853515625,213.8900146484375,85.73999786376953,13321.069851208478
119,set02,video_0002,2_2_159,1,10700,16,16,True,True,10596.0,104.0,1030.0999755859375,346.8699951171875,599.0499877929688,58933.2206389159
120,set02,video_0002,2_2_160,1,10972,16,16,True,True,10868.0,104.0,1038.239990234375,333.5,1177.3900146484375,61444.03674316406
121,set02,video_0002,2_2_161,1,11017,16,16,True,True,10771.0,246.0,913.0999755859375,179.91998291015625,1441.4800415039062,15232.031902782619
122,set02,video_0002,2_2_167,0,14113,16,0,False,False,,,927.0,195.19000244140625,564.6649780273438,8562.984454028308
123,set02,video_0002,2_2_168,0,14108,16,0,False,False,,,926.6400146484375,190.530029296875,576.2799987792969,12433.979943528771
124,set02,video_0002,2_2_169,0,14126,16,0,False,False,,,878.6599731445312,171.16998291015625,432.1750030517578,6324.727734314278
125,set02,video_0002,2_2_170,0,14130,16,0,False,False,,,884.9199829101562,161.489990234375,483.7449951171875,8854.498924389482
126,set02,video_0002,2_2_171,0,14222,16,0,False,False,,,885.0,96.91998291015625,986.5950012207031,3544.36448488757
127,set02,video_0002,2_2_174,1,16676,16,0,False,False,16517.0,159.0,959.7999877929688,262.54998779296875,1307.4949951171875,21752.292128294706
128,set02,video_0002,2_2_177,1,16761,16,16,True,True,16640.0,121.0,927.0,180.54998779296875,753.9900207519531,12764.886340942234
129,set02,video_0002,2_2_178,1,16762,16,16,True,True,16647.0,115.0,932.489990234375,182.19000244140625,779.5,15194.650651611388
130,set02,video_0002,2_2_154,1,5859,16,16,True,True,5799.0,60.0,841.2999877929688,101.79998779296875,225.47999572753906,3444.911214111373
131,set02,video_0003,2_3_194,1,1132,16,0,False,False,965.0,167.0,968.6099853515625,349.989990234375,1686.0349731445312,33707.51374331117
132,set02,video_0003,2_3_195,1,1298,16,0,False,False,1137.0,161.0,983.7000122070312,380.32000732421875,1689.4049682617188,47498.17128581554
133,set02,video_0003,2_3_196,1,1591,16,0,False,False,1365.0,226.0,881.4000244140625,253.09002685546875,1697.114990234375,15481.497170090675
134,set02,video_0003,2_3_198,1,1537,16,0,False,False,1305.0,232.0,878.4500122070312,205.0,52.96500110626221,9874.850797653198
135,set02,video_0003,2_3_199,0,1675,16,0,False,False,,,821.8400268554688,185.0400390625,1762.6600341796875,9522.153182029724
136,set02,video_0003,2_3_200,1,1620,16,16,True,True,1434.0,186.0,940.4000244140625,246.5,190.625,16700.375
137,set02,video_0003,2_3_201,1,1606,16,16,True,True,1436.0,170.0,965.5399780273438,274.69000244140625,167.02499771118164,23170.101286788937
138,set02,video_0003,2_3_202,1,1669,16,16,True,True,1633.0,36.0,1079.6300048828125,427.53997802734375,911.9500122070312,88192.95919306576
139,set02,video_0003,2_3_204,0,5998,16,0,False,False,,,840.0,105.07000732421875,1521.3400268554688,2933.5592218264937
140,set02,video_0003,2_3_205,0,6007,16,0,False,False,,,838.47998046875,107.26995849609375,1515.2249755859375,3734.073540598154
141,set02,video_0003,2_3_206,0,5912,16,0,False,False,,,840.489990234375,102.44000244140625,222.25499725341797,3277.056240820326
142,set02,video_0003,2_3_207,0,3735,16,0,False,False,,,923.8800048828125,286.1500244140625,1745.6650390625,33488.14574047923
143,set02,video_0003,2_3_208,0,3914,16,0,False,False,,,886.760009765625,98.42999267578125,663.2650146484375,3940.155490502715
144,set02,video_0003,2_3_209,0,4781,16,0,False,False,,,841.47998046875,91.989990234375,1333.7250366210938,4173.58540776372
145,set02,video_0003,2_3_211,0,4774,16,0,False,False,,,838.9199829101562,87.3299560546875,1359.7349853515625,2189.3679681122303
146,set02,video_0003,2_3_212,0,4777,16,0,False,False,,,842.2000122070312,88.6400146484375,1352.125,2459.7604064941406
147,set02,video_0003,2_3_213,0,2165,16,0,False,False,,,852.5,62.6400146484375,588.3949890136719,1240.8985372558236
148,set02,video_0003,2_3_214,0,2168,16,0,False,False,,,854.6199951171875,67.8599853515625,594.6649780273438,1450.167555615306
149,set02,video_0003,2_3_215,0,2174,16,0,False,False,,,831.8200073242188,80.67999267578125,1287.5950317382812,1743.4934598878026
150,set02,video_0003,2_3_216,0,2162,16,0,False,False,,,830.0900268554688,79.72003173828125,1304.60498046875,1791.3067776113749
151,set02,video_0003,2_3_217,0,2176,16,0,False,False,,,831.2000122070312,80.20001220703125,1283.3499755859375,1660.1363366693258
152,set02,video_0003,2_3_210,0,3916,16,0,False,False,,,883.7999877929688,104.8900146484375,676.2449951171875,3787.576892480254
153,set02,video_0003,2_3_197,1,1421,16,0,False,False,1178.0,243.0,858.0,158.41998291015625,47.94500160217285,9300.837655941723
154,set03,video_0001,3_1_220,0,1545,16,0,False,False,,,786.4000244140625,64.0400390625,1317.9349975585938,1199.476498246193
155,set03,video_0001,3_1_221,0,1819,16,0,False,False,,,804.9400024414062,73.08001708984375,581.6600036621094,1109.3541241697967
156,set03,video_0001,3_1_222,0,1821,16,0,False,False,,,807.0700073242188,71.77001953125,583.3000183105469,1304.7784294188023
157,set03,video_0001,3_1_223,0,2158,16,0,False,False,,,820.5900268554688,91.73004150390625,591.5800170898438,2612.469790428877
158,set03,video_0001,3_1_224,0,2784,16,0,False,False,,,820.4000244140625,89.61004638671875,438.76499938964844,2013.537851696834
159,set03,video_0001,3_1_225,0,2794,16,0,False,False,,,822.52001953125,101.70001220703125,423.52500915527344,2691.99944726564
160,set03,video_0001,3_1_227,0,2796,16,0,False,False,,,823.5499877929688,90.8499755859375,426.0950012207031,1554.4417514652014
161,set03,video_0001,3_1_228,0,2801,16,0,False,False,,,822.510009765625,95.510009765625,420.8249969482422,2058.2424592897296
162,set03,video_0001,3_1_229,0,2796,16,0,False,False,,,818.5,106.95001220703125,1377.6349487304688,2580.7043167725205
163,set03,video_0001,3_1_233,0,3451,16,0,False,False,,,799.6699829101562,70.3299560546875,537.25,1256.091984912753
164,set03,video_0001,3_1_249,0,9149,16,0,False,False,,,827.6199951171875,99.6400146484375,1348.0549926757812,2412.2930255383253
165,set03,video_0001,3_1_252,0,9165,16,0,False,False,,,827.7999877929688,107.19000244140625,1303.1699829101562,3114.9346668943763
166,set03,video_0001,3_1_264,0,9135,16,0,False,False,,,797.780029296875,81.6700439453125,407.94500732421875,1675.0533988773823
167,set03,video_0001,3_1_243,0,8574,16,0,False,False,,,826.6300048828125,129.8699951171875,370.1949920654297,4209.0870173461735
168,set03,video_0001,3_1_230,0,3228,16,0,False,False,,,809.219970703125,77.28997802734375,539.7599792480469,2003.354909595102
169,set03,video_0001,3_1_231,0,3235,16,0,False,False,,,809.6400146484375,82.32000732421875,530.9450073242188,1925.4661771729589
170,set03,video_0001,3_1_232,0,3409,16,0,False,False,,,787.1099853515625,78.3699951171875,468.4499969482422,2175.54943812266
171,set03,video_0001,3_1_234,0,3453,16,0,False,False,,,813.8400268554688,85.75,1275.47998046875,2335.8291625976562
172,set03,video_0001,3_1_235,0,3605,16,0,False,False,,,804.2000122070312,68.3800048828125,639.2950134277344,1790.8724948242307
173,set03,video_0001,3_1_237,0,7232,16,0,False,False,,,856.5,176.80999755859375,1511.0050048828125,8188.081346899271
174,set03,video_0001,3_1_239,0,7204,16,0,False,False,,,835.4000244140625,121.550048828125,332.18499755859375,4761.113335326314
175,set03,video_0001,3_1_241,0,7222,16,0,False,False,,,848.0800170898438,154.72003173828125,1529.3049926757812,6094.424316577613
176,set03,video_0001,3_1_244,0,8576,16,0,False,False,,,827.2000122070312,120.0400390625,382.2799987792969,3862.887577831745
177,set03,video_0001,3_1_245,0,8674,16,0,False,False,,,840.9500122070312,122.3900146484375,1336.5800170898438,3904.2444553226233
178,set03,video_0001,3_1_246,0,8677,16,0,False,False,,,840.6400146484375,124.1400146484375,1343.8200073242188,4017.1690555661917
179,set03,video_0001,3_1_247,0,8781,16,0,False,False,,,823.9000244140625,122.55999755859375,1319.8400268554688,4549.426510937512
180,set03,video_0001,3_1_248,0,9043,16,0,False,False,,,850.8800048828125,139.0,1317.8300170898438,6302.2552490234375
181,set03,video_0001,3_1_250,0,9154,16,0,False,False,,,823.3599853515625,101.8299560546875,1337.0250244140625,3748.3666489720345
182,set03,video_0001,3_1_251,0,9159,16,0,False,False,,,821.1099853515625,102.489990234375,1327.9849853515625,3454.9335672855377
183,set03,video_0001,3_1_242,0,7332,16,0,False,False,,,846.7000122070312,132.760009765625,1304.5900268554688,4997.088712304831
184,set03,video_0001,3_1_267,1,17238,16,16,True,True,17029.0,209.0,933.9099731445312,264.0,1783.60498046875,22490.14453125
185,set03,video_0001,3_1_268,1,17321,16,16,True,True,17041.0,280.0,1003.4600219726562,364.08001708984375,1659.824951171875,39783.03057834506
186,set03,video_0002,3_2_270,0,793,16,0,False,False,,,861.6500244140625,173.10003662109375,1582.239990234375,9600.121269285679
187,set03,video_0002,3_2_271,0,803,16,0,False,False,,,864.8800048828125,162.8900146484375,1546.7900390625,9900.45986250043
188,set03,video_0002,3_2_273,0,906,16,0,False,False,,,864.2000122070312,142.29998779296875,1359.6950073242188,5588.105929322541
189,set03,video_0002,3_2_274,0,3589,16,0,False,False,,,877.719970703125,179.68994140625,1623.75,8941.373239159584
190,set03,video_0002,3_2_275,0,3835,16,0,False,False,,,805.7999877929688,83.29998779296875,391.9449920654297,2011.6941967774183
191,set03,video_0002,3_2_276,0,3859,16,0,False,False,,,852.1599731445312,131.27996826171875,1333.9600219726562,5030.641332618892
192,set03,video_0002,3_2_277,0,3854,16,0,False,False,,,862.0,118.05999755859375,1355.5549926757812,3833.419073559344
193,set03,video_0002,3_2_279,0,4495,16,0,False,False,,,794.0599975585938,70.45001220703125,528.7699890136719,975.0300609134138
194,set03,video_0002,3_2_280,0,4499,16,0,False,False,,,817.47998046875,95.64996337890625,1253.4500122070312,2274.547255374491
195,set03,video_0002,3_2_281,0,4501,16,0,False,False,,,813.25,84.25,1277.510009765625,1641.1883544921875
196,set03,video_0002,3_2_282,0,4497,16,0,False,False,,,807.4000244140625,80.58001708984375,1293.0849609375,1713.9385373294353
197,set03,video_0002,3_2_284,0,4496,16,0,False,False,,,804.2899780273438,75.28997802734375,1318.375,1637.5570220947266
198,set03,video_0002,3_2_286,0,4862,16,0,False,False,,,804.9000244140625,79.9300537109375,1316.72998046875,1577.8184796869755
199,set03,video_0002,3_2_287,0,4864,16,0,False,False,,,806.9000244140625,82.36004638671875,1317.094970703125,1829.2134130597115
200,set03,video_0002,3_2_288,0,4915,16,0,False,False,,,810.280029296875,70.70001220703125,1326.594970703125,1327.04060998559
201,set03,video_0002,3_2_289,1,6057,16,16,True,True,5921.0,136.0,1080.0,610.8900146484375,1006.4250183105469,155929.71352478117
202,set03,video_0002,3_2_301,0,11623,16,0,False,False,,,817.0800170898438,100.75,416.5749969482422,2942.906639099121
203,set03,video_0002,3_2_272,0,774,16,0,False,False,,,814.7000122070312,154.75,236.23500061035156,5393.038444519043
204,set03,video_0002,3_2_293,0,10003,16,0,False,False,,,855.239990234375,143.5899658203125,1475.1050415039062,6905.236548438668
205,set03,video_0002,3_2_294,0,9993,16,0,False,False,,,849.739990234375,140.27996826171875,1508.7999877929688,5801.97743242234
206,set03,video_0002,3_2_295,0,9996,16,0,False,False,,,851.2000122070312,149.6500244140625,1520.6650390625,7373.259625732899
207,set03,video_0002,3_2_296,0,9993,16,0,False,False,,,858.9199829101562,140.40997314453125,1480.9650268554688,4399.038288258016
208,set03,video_0002,3_2_298,0,10145,16,0,False,False,,,808.6199951171875,92.0999755859375,1378.8250122070312,2108.1697902828455
209,set03,video_0002,3_2_302,1,11814,16,0,False,False,11971.0,-157.0,823.8300170898438,142.08001708984375,168.20999908447266,6586.829679003917
210,set03,video_0002,3_2_302,1,12166,16,0,False,False,11971.0,195.0,940.4400024414062,326.25,1751.0250244140625,34748.890686035156
211,set03,video_0002,3_2_303,1,12311,16,0,False,False,11943.0,368.0,813.3800048828125,150.20001220703125,91.55500030517578,7832.929719848558
212,set03,video_0002,3_2_304,1,12792,16,16,True,True,12618.0,174.0,918.4000244140625,295.96002197265625,64.64500141143799,23768.550335562206
213,set03,video_0002,3_2_305,1,12861,16,16,True,True,12711.0,150.0,939.4000244140625,300.9200439453125,134.4099998474121,31048.930226110853
214,set03,video_0002,3_2_306,0,13470,16,0,False,False,,,827.8599853515625,107.97998046875,346.1800079345703,4288.96495603025
215,set03,video_0002,3_2_290,1,5537,16,0,False,False,6090.0,-553.0,803.5900268554688,84.85003662109375,1657.9150390625,2799.201879516244
216,set03,video_0002,3_2_290,1,6364,16,0,False,False,6090.0,274.0,782.7000122070312,162.41998291015625,42.3700008392334,7701.955911782803
217,set03,video_0003,3_3_307,1,2503,16,16,True,True,2379.0,124.0,956.7000122070312,312.739990234375,183.0349998474121,36068.30126035772
218,set03,video_0003,3_3_308,1,1799,16,0,False,False,1641.0,158.0,966.0399780273438,371.8800048828125,1672.9849853515625,55064.297744482756
219,set03,video_0003,3_3_315,0,10373,16,0,False,False,,,839.0,152.77001953125,1595.60498046875,5696.7999958992
220,set03,video_0003,3_3_309,1,1509,16,0,False,False,1708.0,-199.0,846.760009765625,169.1099853515625,429.4700012207031,11333.75452119112
221,set03,video_0003,3_3_309,1,3879,16,0,False,False,1708.0,2171.0,822.5,101.72998046875,1646.5700073242188,3715.1684554219246
222,set03,video_0003,3_3_317,0,11919,16,0,False,False,,,868.02001953125,155.72003173828125,1262.5599975585938,7580.459508888423
223,set03,video_0003,3_3_325,0,15838,16,0,False,False,,,981.5,294.530029296875,1336.77001953125,42394.63515937328
224,set03,video_0003,3_3_326,1,17831,16,16,True,True,17636.0,195.0,957.7999877929688,292.70001220703125,1821.9049682617188,30396.889121703804
225,set03,video_0003,3_3_327,1,17850,16,0,False,False,17646.0,204.0,871.02001953125,200.2900390625,1829.1849975585938,11486.628850340843
226,set03,video_0003,3_3_328,1,17882,16,16,True,True,17710.0,172.0,979.2000122070312,297.60003662109375,1706.2449951171875,27233.382257446647
227,set03,video_0003,3_3_329,1,17876,16,16,True,True,17699.0,177.0,956.4400024414062,292.41998291015625,1700.0700073242188,37979.50880820304
228,set03,video_0003,3_3_331,1,18235,16,0,False,False,18037.0,198.0,882.8599853515625,245.55999755859375,1858.2249755859375,14127.073853686452
229,set03,video_0003,3_3_332,1,18200,16,9,False,True,18030.0,170.0,929.5999755859375,267.25,1834.885009765625,16946.29901123047
230,set03,video_0003,3_3_334,1,20529,16,16,True,True,18985.0,1544.0,938.75,201.780029296875,626.7899780273438,16416.820227831602
231,set03,video_0003,3_3_336,1,20499,16,0,False,False,20115.0,384.0,877.6699829101562,169.70001220703125,1185.094970703125,11028.80213610828
232,set03,video_0003,3_3_337,1,20481,16,0,False,False,20115.0,366.0,895.8599853515625,182.78997802734375,1338.5250244140625,15315.97939914465
233,set03,video_0003,3_3_338,1,20528,16,0,False,False,19678.0,850.0,892.5399780273438,167.5799560546875,916.0400085449219,13024.31950327009
234,set03,video_0003,3_3_339,1,20317,16,16,True,True,20134.0,183.0,861.8699951171875,190.44000244140625,327.3300018310547,9640.077805468813
235,set03,video_0003,3_3_340,1,20380,16,16,True,True,20206.0,174.0,885.7000122070312,192.32000732421875,261.5050048828125,14822.104373071343
236,set03,video_0003,3_3_330,1,17988,16,0,False,False,17723.0,265.0,820.4600219726562,215.800048828125,84.32500076293945,15017.52625408955
237,set03,video_0003,3_3_335,1,19715,16,16,True,True,19609.0,106.0,1018.2999877929688,317.6400146484375,1502.260009765625,37570.47023847699
238,set03,video_0003,3_3_341,1,20458,16,16,True,True,20314.0,144.0,921.6599731445312,250.02996826171875,238.6999969482422,20882.500202307478
239,set03,video_0003,3_3_342,1,20289,16,16,True,True,20115.0,174.0,885.5800170898438,192.79998779296875,631.0899963378906,15828.886058349162
240,set03,video_0003,3_3_343,1,20466,16,16,True,True,20330.0,136.0,934.4199829101562,240.64996337890625,270.13499450683594,24972.24405596964
241,set03,video_0004,3_4_344,0,1584,16,0,False,False,,,823.2000122070312,101.6500244140625,1123.52001953125,2585.970665037632
242,set03,video_0004,3_4_345,0,1639,16,0,False,False,,,789.2000122070312,55.69000244140625,484.5,752.9299207031727
243,set03,video_0004,3_4_348,0,8243,16,0,False,False,,,944.8499755859375,311.2099609375,135.10499954223633,26300.354463644326
244,set03,video_0004,3_4_349,1,8405,16,16,True,True,8302.0,103.0,997.5,314.989990234375,646.3200073242188,57063.59739711881
245,set03,video_0004,3_4_356,1,8435,16,16,True,True,8381.0,54.0,1044.4599609375,372.50994873046875,932.6499938964844,66895.3429591544
246,set03,video_0004,3_4_350,1,9564,16,0,False,False,9439.0,125.0,863.0999755859375,155.54998779296875,442.0749969482422,10647.393816223368
247,set03,video_0004,3_4_352,1,10088,16,0,False,False,9832.0,256.0,821.2000122070312,166.77001953125,1684.7000122070312,10273.02913159132
248,set03,video_0004,3_4_353,1,10369,16,0,False,False,9808.0,561.0,792.47998046875,154.0,1822.5599975585938,5790.396240234375
249,set03,video_0004,3_4_351,1,9972,16,16,True,True,9794.0,178.0,976.1799926757812,349.6199951171875,106.07000160217285,38814.81201795349
250,set03,video_0004,3_4_354,1,10136,16,0,False,False,9882.0,254.0,914.2999877929688,296.51995849609375,1790.2950439453125,28474.820301488042
251,set03,video_0004,3_4_355,1,10004,16,0,False,False,9812.0,192.0,854.7000122070312,244.8699951171875,1762.89501953125,17094.388706982136
252,set03,video_0004,3_4_357,1,10348,16,16,True,True,10210.0,138.0,1027.9000244140625,383.030029296875,1393.1900024414062,43519.87005844712
253,set03,video_0004,3_4_361,1,12165,16,16,True,True,12032.0,133.0,872.1300048828125,168.1400146484375,579.9649963378906,12050.591976366937
254,set03,video_0004,3_4_376,1,16154,16,0,False,False,15619.0,535.0,836.5800170898438,83.8800048828125,1027.3299865722656,3400.493554882705
255,set03,video_0004,3_4_377,1,16154,16,0,False,False,15659.0,495.0,815.1900024414062,71.739990234375,769.2900085449219,3562.6059884279966
256,set03,video_0004,3_4_379,1,16154,16,0,False,False,15623.0,531.0,830.2000122070312,87.52001953125,861.9100036621094,3731.849573045969
257,set03,video_0004,3_4_375,1,16140,16,16,True,True,15747.0,393.0,903.1300048828125,175.1400146484375,799.4249877929688,11224.71755258739
258,set03,video_0004,3_4_378,1,16154,16,0,False,False,15607.0,547.0,824.1500244140625,78.550048828125,975.2049865722656,2500.24939660728
259,set03,video_0004,3_4_380,1,15894,16,16,True,True,15643.0,251.0,1030.56005859375,376.1600341796875,1401.3999633789062,62126.604102149606
260,set03,video_0004,3_4_381,1,16098,16,16,True,True,15785.0,313.0,1010.5,354.84002685546875,1473.1050415039062,52193.40742184967
261,set03,video_0004,3_4_382,1,16103,16,0,False,False,15675.0,428.0,815.4600219726562,68.780029296875,1164.5349731445312,2291.058409959078
262,set03,video_0004,3_4_383,1,15943,16,16,True,True,15664.0,279.0,1031.239990234375,375.6300048828125,1410.9099731445312,49357.79181225598
263,set03,video_0004,3_4_374,1,15908,16,16,True,True,15506.0,402.0,797.5399780273438,96.53997802734375,168.5,4601.095706323162
264,set03,video_0005,3_5_384,0,1660,16,0,False,False,,,879.0499877929688,209.17999267578125,1418.9849853515625,13485.82799948752
265,set03,video_0005,3_5_385,0,2485,16,0,False,False,,,832.4600219726562,110.49005126953125,1220.0999755859375,4013.0062151402235
266,set03,video_0005,3_5_386,0,2483,16,0,False,False,,,828.1799926757812,104.010009765625,1250.594970703125,3244.066110253334
267,set03,video_0005,3_5_389,0,2493,16,0,False,False,,,841.9000244140625,112.02001953125,1157.1650390625,3953.1908650398254
268,set03,video_0005,3_5_390,0,2491,16,0,False,False,,,844.5999755859375,123.97998046875,1169.2900390625,4589.7412984371185
269,set03,video_0005,3_5_391,0,2587,16,0,False,False,,,839.0,129.75,1145.2949829101562,6081.381866455078
270,set03,video_0005,3_5_393,0,2768,16,0,False,False,,,808.6599731445312,101.12994384765625,634.7250061035156,3473.8172746561468
271,set03,video_0005,3_5_396,1,3285,16,16,True,True,3160.0,125.0,1027.0,387.969970703125,478.4049835205078,47778.499524109066
272,set03,video_0005,3_5_397,1,3293,16,16,True,True,3162.0,131.0,985.1199951171875,348.07000732421875,487.5649871826172,48489.62124830298
273,set03,video_0005,3_5_398,1,3170,16,16,True,True,3030.0,140.0,1041.300048828125,426.1500244140625,269.1550064086914,73336.16264334135
274,set03,video_0005,3_5_399,0,3290,16,0,False,False,,,900.25,235.280029296875,1780.7450561523438,13912.109281152487
275,set03,video_0005,3_5_414,0,11472,16,0,False,False,,,941.5599975585938,310.79998779296875,61.499999046325684,26790.958592071547
276,set03,video_0005,3_5_405,0,8783,16,0,False,False,,,929.7999877929688,231.469970703125,1387.824951171875,19737.448922753334
277,set03,video_0005,3_5_407,1,10043,16,16,True,True,9946.0,97.0,884.7999877929688,181.8699951171875,1232.4400024414062,11905.224977001548
278,set03,video_0005,3_5_409,1,10045,16,16,True,True,9964.0,81.0,896.8699951171875,169.07000732421875,1189.5250244140625,12347.187588110566
279,set03,video_0005,3_5_413,1,11091,16,16,True,True,10887.0,204.0,1028.9000244140625,357.280029296875,581.0000152587891,54363.730566211045
280,set03,video_0005,3_5_416,0,11676,16,0,False,False,,,882.5,183.44000244140625,1273.9249877929688,9115.145365454257
281,set03,video_0005,3_5_417,1,11735,16,16,True,True,11606.0,129.0,852.0,122.80999755859375,969.2650146484375,7180.696959301829
282,set03,video_0005,3_5_412,1,10390,16,16,True,True,10352.0,38.0,841.4000244140625,112.59002685546875,954.1150207519531,6369.218643847853
283,set03,video_0005,3_5_420,1,13449,16,16,True,True,13251.0,198.0,969.4600219726562,253.6199951171875,953.9450073242188,26637.715517431498
284,set03,video_0005,3_5_419,1,13180,16,0,False,False,13327.0,-147.0,856.0599975585938,196.70001220703125,1465.8599853515625,12211.152125000954
285,set03,video_0005,3_5_419,1,13450,16,16,True,True,13327.0,123.0,1020.75,349.989990234375,1107.3150024414062,45593.16014018655
286,set03,video_0005,3_5_422,0,16515,16,0,False,False,,,854.8499755859375,117.5699462890625,1069.5750122070312,6364.0617666989565
287,set03,video_0005,3_5_423,0,17436,16,0,False,False,,,800.0,98.55999755859375,518.1449890136719,3736.4068605713546
288,set03,video_0005,3_5_424,0,17438,16,0,False,False,,,801.1400146484375,94.08001708984375,533.47998046875,2683.1639249026775
289,set03,video_0005,3_5_427,0,17888,16,0,False,False,,,815.010009765625,85.08001708984375,1216.5699462890625,1851.342002734542
290,set03,video_0005,3_5_428,0,17958,16,0,False,False,,,795.469970703125,85.39996337890625,804.7300109863281,2234.0607485361397
291,set03,video_0005,3_5_426,0,17882,16,0,False,False,,,810.239990234375,70.969970703125,1238.7899780273438,1926.1260444819927
292,set03,video_0006,3_6_430,0,1975,16,0,False,False,,,810.0499877929688,83.510009765625,1178.1399536132812,1910.7094312012196
293,set03,video_0006,3_6_431,0,2023,16,0,False,False,,,820.97998046875,88.739990234375,1162.4550170898438,2214.0692558586597
294,set03,video_0006,3_6_432,0,2031,16,0,False,False,,,827.4400024414062,97.760009765625,1144.1399536132812,3167.4267031252384
295,set03,video_0006,3_6_433,1,7197,16,16,True,True,6867.0,330.0,886.739990234375,148.27996826171875,739.1399841308594,6847.567848291248
296,set03,video_0006,3_6_434,1,6816,16,0,False,False,6877.0,-61.0,788.47998046875,115.4599609375,1822.4199829101562,6535.030970215797
297,set03,video_0006,3_6_434,1,7201,16,16,True,True,6877.0,324.0,887.780029296875,126.510009765625,814.0299987792969,5778.976319506764
298,set03,video_0006,3_6_435,1,6783,16,0,False,False,6900.0,-117.0,776.2999877929688,110.70001220703125,1828.7250366210938,4079.292747192085
299,set03,video_0006,3_6_435,1,7203,16,16,True,True,6900.0,303.0,886.6799926757812,136.89996337890625,839.6449890136719,6591.728223267943
300,set03,video_0006,3_6_437,1,7143,16,16,True,True,6834.0,309.0,1060.1199951171875,436.53997802734375,1357.5750122070312,85138.35141535848
301,set03,video_0006,3_6_439,1,7194,16,16,True,True,7114.0,80.0,900.4000244140625,156.08001708984375,719.9750061035156,9747.198972534388
302,set03,video_0006,3_6_443,1,6806,16,0,False,False,6882.0,-76.0,788.0999755859375,110.8399658203125,1810.6199951171875,4814.881620705128
303,set03,video_0006,3_6_443,1,7200,16,16,True,True,6882.0,318.0,887.8499755859375,135.3199462890625,784.2449951171875,6155.703035205603
304,set03,video_0006,3_6_452,0,9308,16,0,False,False,,,819.72998046875,107.13995361328125,1319.3999633789062,3152.062143601477
305,set03,video_0006,3_6_455,0,11572,16,0,False,False,,,805.8800048828125,84.010009765625,1237.364990234375,2008.6719498038292
306,set03,video_0006,3_6_456,0,11567,16,0,False,False,,,802.280029296875,67.0,1260.8250122070312,1534.9722900390625
307,set03,video_0006,3_6_457,0,11572,16,0,False,False,,,800.2000122070312,71.1500244140625,1264.9750366210938,1503.4003632813692
308,set03,video_0006,3_6_470,0,16676,16,0,False,False,,,785.4000244140625,64.4200439453125,467.94000244140625,1193.0604720711708
309,set03,video_0006,3_6_472,0,16687,16,0,False,False,,,788.6799926757812,66.6099853515625,493.8550109863281,1223.625105664134
310,set03,video_0006,3_6_473,0,16692,16,0,False,False,,,804.5900268554688,80.69000244140625,1255.0,1568.608919531107
311,set03,video_0006,3_6_477,0,17552,16,0,False,False,,,839.0599975585938,178.08001708984375,1749.3300170898438,8651.119404442608
312,set03,video_0006,3_6_438,1,7195,16,16,True,True,7102.0,93.0,875.3900146484375,150.5400390625,633.4049987792969,7245.483626902103
313,set03,video_0006,3_6_471,0,16683,16,0,False,False,,,789.0900268554688,72.9000244140625,503.9499969482422,1364.6885460205376
314,set03,video_0006,3_6_441,1,8011,16,0,False,False,7590.0,421.0,859.9500122070312,192.08001708984375,1829.5050048828125,11857.09570339322
315,set03,video_0006,3_6_445,0,8630,16,0,False,False,,,830.9000244140625,110.47003173828125,1179.6900024414062,4686.143600977957
316,set03,video_0006,3_6_449,0,9298,16,0,False,False,,,796.4199829101562,82.719970703125,384.3800048828125,2094.4702640622854
317,set03,video_0006,3_6_442,0,8533,16,0,False,False,,,807.8200073242188,73.239990234375,433.8350067138672,1786.3221995607018
318,set03,video_0006,3_6_450,0,9292,16,0,False,False,,,790.22998046875,50.97998046875,349.989990234375,1676.2220067381859
319,set03,video_0006,3_6_451,0,9306,16,0,False,False,,,822.2000122070312,103.75,1326.5399780273438,2419.4444274902344
320,set03,video_0006,3_6_453,0,9764,16,0,False,False,,,835.7000122070312,111.22003173828125,1310.3600463867188,6659.8560435548425
321,set03,video_0006,3_6_454,0,9772,16,0,False,False,,,825.219970703125,106.93994140625,1313.89501953125,3831.66645526886
322,set03,video_0006,3_6_458,0,11574,16,0,False,False,,,807.2999877929688,76.16998291015625,1228.9700317382812,1892.0597720220685
323,set03,video_0006,3_6_460,1,12735,16,16,True,True,12389.0,346.0,946.3800048828125,252.16998291015625,1494.3400268554688,24167.962543018162
324,set03,video_0006,3_6_462,0,16503,16,0,False,False,,,853.1099853515625,102.97998046875,927.6799926757812,4658.813310742378
325,set03,video_0006,3_6_463,0,16497,16,0,False,False,,,854.0599975585938,97.53997802734375,893.5150146484375,2386.800404712558
326,set03,video_0006,3_6_464,0,16499,16,0,False,False,,,853.239990234375,93.20001220703125,909.2099914550781,2242.3920661620796
327,set03,video_0006,3_6_465,0,16500,16,0,False,False,,,853.9099731445312,99.5699462890625,902.0050048828125,3262.9090846180916
328,set03,video_0006,3_6_466,0,16506,16,0,False,False,,,846.9199829101562,105.40997314453125,946.4849853515625,3060.054608568549
329,set03,video_0006,3_6_476,0,16698,16,0,False,False,,,804.02001953125,68.57000732421875,1281.5549926757812,1511.9636392816901
330,set03,video_0006,3_6_440,1,7196,16,16,True,True,7156.0,40.0,870.6400146484375,121.72003173828125,667.9900207519531,5075.726809326559
331,set03,video_0006,3_6_461,0,16502,16,0,False,False,,,851.9000244140625,107.6600341796875,849.3200073242188,2891.7469410151243
332,set03,video_0007,3_7_478,0,3259,16,0,False,False,,,866.5700073242188,156.96002197265625,1306.1649780273438,8923.173417113721
333,set03,video_0007,3_7_479,0,4750,16,0,False,False,,,840.5800170898438,122.30999755859375,1378.2049560546875,5258.105600610375
334,set03,video_0007,3_7_480,0,4743,16,0,False,False,,,829.7000122070312,125.760009765625,1444.1900024414062,5447.9168683588505
335,set03,video_0007,3_7_483,0,4835,16,0,False,False,,,815.8900146484375,81.02001953125,453.2449951171875,1963.113490819931
336,set03,video_0007,3_7_484,0,4839,16,0,False,False,,,814.6500244140625,89.050048828125,479.13499450683594,2563.751666687429
337,set03,video_0007,3_7_485,0,4837,16,0,False,False,,,812.5499877929688,87.47998046875,465.59999084472656,2178.2509797364473
338,set03,video_0007,3_7_487,0,5243,16,0,False,False,,,843.1400146484375,128.6300048828125,1131.875,6070.042393505573
339,set03,video_0007,3_7_489,0,5460,16,0,False,False,,,813.2000122070312,100.34002685546875,342.68499755859375,3121.5767656490207
340,set03,video_0007,3_7_491,0,7231,16,0,False,False,,,796.8800048828125,84.95001220703125,332.86500549316406,1881.6422518920153
341,set03,video_0007,3_7_502,0,11131,16,0,False,False,,,816.0,102.80999755859375,1408.7550048828125,3025.691200122237
342,set03,video_0007,3_7_503,0,11142,16,0,False,False,,,819.4199829101562,118.69000244140625,1409.9549560546875,3737.5470177978277
343,set03,video_0007,3_7_504,0,11114,16,0,False,False,,,781.5,80.5,287.72999572753906,1608.390884399414
344,set03,video_0007,3_7_481,0,4850,16,0,False,False,,,853.6400146484375,117.57000732421875,1333.9650268554688,3798.6794737055898
345,set03,video_0007,3_7_495,0,7262,16,0,False,False,,,849.8200073242188,147.4100341796875,1216.14501953125,7548.862092137337
346,set03,video_0007,3_7_494,0,7257,16,0,False,False,,,856.219970703125,164.989990234375,1134.9099731445312,7408.054589599371
347,set03,video_0007,3_7_496,0,7267,16,0,False,False,,,869.02001953125,179.030029296875,1231.6649780273438,7818.249246925116
348,set03,video_0007,3_7_497,0,7270,16,0,False,False,,,847.3599853515625,150.41998291015625,1284.97998046875,5598.627357080579
349,set03,video_0007,3_7_492,0,7222,16,0,False,False,,,790.5,77.1199951171875,374.86500549316406,1563.2214537598193
350,set03,video_0007,3_7_493,0,7224,16,0,False,False,,,790.4000244140625,80.4200439453125,361.5550079345703,1631.7233788333833
351,set03,video_0007,3_7_501,0,11136,16,0,False,False,,,820.8200073242188,112.94000244140625,1412.7449951171875,5246.057598754764
352,set03,video_0007,3_7_505,0,11214,16,0,False,False,,,788.7999877929688,73.92999267578125,341.1000061035156,1658.9892161376774
353,set03,video_0007,3_7_507,1,12004,16,16,True,True,11817.0,187.0,909.4299926757812,216.6400146484375,469.89500427246094,19603.75942124054
354,set03,video_0007,3_7_509,1,12869,16,0,False,False,12472.0,397.0,804.280029296875,90.2900390625,629.3900146484375,2912.7575418949127
355,set03,video_0007,3_7_513,1,13903,16,16,True,True,13812.0,91.0,1036.4300537109375,391.85003662109375,981.4649963378906,74471.09467651322
356,set03,video_0007,3_7_518,1,15380,16,0,False,False,15179.0,201.0,800.719970703125,89.9599609375,594.625,2953.381564259529
357,set03,video_0007,3_7_519,1,15729,16,12,False,True,15612.0,117.0,838.7999877929688,148.02996826171875,653.5999755859375,11972.664555810392
358,set03,video_0007,3_7_520,0,15746,16,0,False,False,,,872.25,181.05999755859375,633.9649963378906,8580.424885522574
359,set03,video_0007,3_7_521,0,15743,16,0,False,False,,,854.0999755859375,155.7099609375,606.1300048828125,6449.513424754143
360,set03,video_0007,3_7_523,0,16559,16,0,False,False,,,851.780029296875,154.280029296875,634.0050048828125,8582.598783105612
361,set03,video_0008,3_8_541,0,10173,16,0,False,False,,,857.97998046875,104.4599609375,1323.8499755859375,5218.815567970276
362,set03,video_0008,3_8_527,1,2307,16,16,True,True,2183.0,124.0,995.1199951171875,358.6199951171875,312.41500091552734,46710.25983612053
363,set03,video_0008,3_8_528,1,5792,16,0,False,False,6002.0,-210.0,812.8599853515625,115.6099853515625,369.38499450683594,3665.991647619754
364,set03,video_0008,3_8_528,1,6179,16,16,True,True,6002.0,177.0,1080.0,496.77001953125,1537.4299926757812,79811.08831733465
365,set03,video_0008,3_8_529,1,5777,16,0,False,False,5964.0,-187.0,811.2100219726562,100.96002197265625,445.125,3760.7608184814453
366,set03,video_0008,3_8_529,1,6063,16,16,True,True,5964.0,99.0,1080.0,482.47998046875,1526.4349975585938,133323.67180019617
367,set03,video_0008,3_8_530,1,5810,16,0,False,False,5923.0,-113.0,863.1699829101562,203.3599853515625,1556.5650024414062,11666.761366650462
368,set03,video_0008,3_8_530,1,6173,16,16,True,True,5923.0,250.0,892.6400146484375,244.96002197265625,75.52499961853027,16209.005139843794
369,set03,video_0008,3_8_532,1,6184,16,16,True,True,5866.0,318.0,928.8400268554688,265.99005126953125,157.40000534057617,27088.427876547445
370,set03,video_0008,3_8_533,1,6769,16,16,True,True,6727.0,42.0,810.7000122070312,97.3800048828125,197.1500015258789,3515.417284728959
371,set03,video_0008,3_8_534,1,7030,16,16,True,True,6992.0,38.0,835.6900024414062,146.32000732421875,116.84499740600586,9363.0169561035
372,set03,video_0008,3_8_535,1,7661,16,16,True,True,7583.0,78.0,841.0999755859375,175.0,97.89500045776367,10326.750373840332
373,set03,video_0008,3_8_540,0,10167,16,0,False,False,,,839.9000244140625,113.0400390625,1424.1499633789062,3605.9800058603287
374,set03,video_0008,3_8_542,0,10176,16,0,False,False,,,846.780029296875,108.08001708984375,578.875,3040.291408471763
375,set03,video_0008,3_8_537,0,8390,16,0,False,False,,,1004.0499877929688,346.1300048828125,401.3800048828125,60233.55021005869
376,set03,video_0008,3_8_538,0,8381,16,0,False,False,,,966.2000122070312,290.32000732421875,289.8550033569336,27664.591548754834
377,set03,video_0008,3_8_546,0,12832,16,0,False,False,,,887.97998046875,233.90997314453125,400.1199951171875,16392.414915453643
378,set03,video_0008,3_8_547,0,12819,16,0,False,False,,,821.0999755859375,201.5699462890625,248.38499450683594,9971.665488976985
379,set03,video_0008,3_8_548,0,12828,16,0,False,False,,,826.0599975585938,203.32000732421875,272.98500061035156,10806.457148315385
380,set03,video_0008,3_8_549,0,12859,16,0,False,False,,,896.5,231.219970703125,383.61000061035156,19029.4078226313
381,set03,video_0008,3_8_552,1,13844,16,16,True,True,13743.0,101.0,884.0999755859375,180.72998046875,760.3699951171875,12047.46667534113
382,set03,video_0008,3_8_554,1,15327,16,16,True,True,15165.0,162.0,985.1699829101562,386.79998779296875,55.559998512268066,29342.64657229616
383,set03,video_0008,3_8_555,1,15309,16,16,True,True,15168.0,141.0,985.0999755859375,409.91998291015625,14.25,11682.719512939453
384,set03,video_0008,3_8_557,0,16096,16,0,False,False,,,853.1400146484375,129.780029296875,1210.6649780273438,5846.580814450979
385,set03,video_0008,3_8_558,0,16215,16,0,False,False,,,815.6699829101562,100.6199951171875,468.40000915527344,2777.1124793700874
386,set03,video_0008,3_8_559,0,16213,16,0,False,False,,,820.1699829101562,100.39996337890625,520.6650085449219,3434.6849532462656
387,set03,video_0008,3_8_560,0,16921,16,0,False,False,,,835.0999755859375,113.75,742.9549865722656,5015.24055480957
388,set03,video_0008,3_8_551,0,13599,16,0,False,False,,,896.52001953125,210.6400146484375,772.6549987792969,18917.579201318324
389,set03,video_0008,3_8_550,1,13182,16,16,True,True,13044.0,138.0,972.0,302.67999267578125,426.4100036621094,33694.339001562446
390,set03,video_0008,3_8_561,0,17090,16,0,False,False,,,873.4199829101562,174.55999755859375,1290.85498046875,9721.236035913229
391,set03,video_0008,3_8_562,0,17082,16,0,False,False,,,856.97998046875,172.17999267578125,1284.4049682617188,7636.178471557796
392,set03,video_0009,3_9_563,0,751,16,0,False,False,,,827.3400268554688,116.37005615234375,1435.6199951171875,3754.099147900939
393,set03,video_0009,3_9_564,0,755,16,0,False,False,,,814.7100219726562,91.010009765625,1470.1900024414062,1836.586885303259
394,set03,video_0009,3_9_565,0,753,16,0,False,False,,,839.0,124.6500244140625,1390.635009765625,4508.581644773483
395,set03,video_0009,3_9_566,0,759,16,0,False,False,,,826.4000244140625,116.25,1454.7349853515625,3628.157958984375
396,set03,video_0009,3_9_570,0,745,16,0,False,False,,,819.3699951171875,91.6400146484375,446.92999267578125,2542.093111425638
397,set03,video_0009,3_9_571,0,737,16,0,False,False,,,817.9299926757812,92.719970703125,437.125,2563.709453612566
398,set03,video_0009,3_9_572,0,745,16,0,False,False,,,819.2100219726562,96.67999267578125,457.11000061035156,2202.3701151367277
399,set03,video_0009,3_9_575,0,855,16,0,False,False,,,854.2999877929688,134.0,1368.7749633789062,3839.103271484375
400,set03,video_0009,3_9_576,0,852,16,0,False,False,,,838.9600219726562,103.74005126953125,1437.3949584960938,3617.4150812253356
401,set03,video_0009,3_9_577,0,850,16,0,False,False,,,836.5,106.739990234375,1472.9200439453125,3445.5700119137764
402,set03,video_0009,3_9_578,0,856,16,0,False,False,,,849.02001953125,113.72003173828125,1397.7050170898438,3076.1185294166207
403,set03,video_0009,3_9_579,0,862,16,0,False,False,,,850.0599975585938,118.52996826171875,1392.5950317382812,4109.439208470285
404,set03,video_0009,3_9_580,0,863,16,0,False,False,,,859.739990234375,120.6199951171875,1348.3499755859375,5758.397388964891
405,set03,video_0009,3_9_581,0,867,16,0,False,False,,,870.0399780273438,126.219970703125,1311.4349975585938,4252.35882499814
406,set03,video_0009,3_9_582,0,874,16,0,False,False,,,866.030029296875,134.260009765625,1299.47998046875,6715.688310742378
407,set03,video_0009,3_9_583,0,832,16,0,False,False,,,806.1699829101562,77.90997314453125,431.19000244140625,2083.311921045184
408,set03,video_0009,3_9_584,0,1644,16,0,False,False,,,882.9000244140625,210.510009765625,1461.4349975585938,18139.65679243207
409,set03,video_0009,3_9_587,1,2637,16,16,True,True,2568.0,69.0,1034.800048828125,391.580078125,1110.3599853515625,65848.0715212822
410,set03,video_0009,3_9_589,0,3300,16,0,False,False,,,826.010009765625,131.92999267578125,291.7949981689453,3695.356357043609
411,set03,video_0009,3_9_590,0,3293,16,0,False,False,,,809.7999877929688,99.6199951171875,287.25,2181.6803251951933
412,set03,video_0009,3_9_591,0,3288,16,0,False,False,,,817.5999755859375,103.699951171875,311.0749969482422,2000.37294421345
413,set03,video_0009,3_9_593,0,3351,16,0,False,False,,,862.4000244140625,189.49005126953125,1428.3699951171875,12032.618255615234
414,set03,video_0009,3_9_594,0,3347,16,0,False,False,,,878.0,193.66998291015625,1357.72998046875,14513.617171436548
415,set03,video_0009,3_9_595,0,3456,16,0,False,False,,,854.4199829101562,110.7099609375,530.6449890136719,3497.3306391835213
416,set03,video_0009,3_9_597,0,3447,16,0,False,False,,,845.239990234375,102.47998046875,485.88999938964844,3736.419212207198
417,set03,video_0009,3_9_598,0,3452,16,0,False,False,,,847.1400146484375,115.04998779296875,495.1600036621094,4003.738170776516
418,set03,video_0009,3_9_599,0,3444,16,0,False,False,,,844.9199829101562,105.64996337890625,469.57000732421875,3513.9188137203455
419,set03,video_0009,3_9_600,0,3441,16,0,False,False,,,844.0999755859375,109.7099609375,433.32501220703125,4518.953558862209
420,set03,video_0009,3_9_607,0,10518,16,0,False,False,,,890.2000122070312,183.32000732421875,1433.0250244140625,8625.215295776725
421,set03,video_0009,3_9_608,0,10521,16,0,False,False,,,881.2000122070312,182.70001220703125,1475.4000244140625,7892.631606444716
422,set03,video_0009,3_9_609,0,10511,16,0,False,False,,,885.6300048828125,165.3699951171875,1469.5450439453125,8108.095705419779
423,set03,video_0009,3_9_610,0,10505,16,0,False,False,,,884.0,165.84002685546875,1490.0700073242188,10288.701500095427
424,set03,video_0009,3_9_611,0,10526,16,0,False,False,,,877.8400268554688,166.08001708984375,1442.5800170898438,10662.34926123172
425,set03,video_0009,3_9_568,0,760,16,0,False,False,,,838.22998046875,112.3399658203125,1400.0650024414062,4874.432762548327
426,set03,video_0009,3_9_606,0,10536,16,0,False,False,,,896.0800170898438,199.239990234375,1393.030029296875,14803.54100292921
427,set03,video_0009,3_9_616,1,11331,16,16,True,True,11161.0,170.0,934.2999877929688,255.22998046875,560.2699890136719,22159.068773657084
428,set03,video_0009,3_9_617,1,11299,16,16,True,True,11174.0,125.0,1032.0400390625,393.010009765625,1247.1300048828125,79427.36135351658
429,set03,video_0009,3_9_618,1,12895,16,0,False,False,12700.0,195.0,985.22998046875,328.239990234375,1446.22998046875,33880.92217558622
430,set03,video_0009,3_9_620,1,14236,16,0,False,False,14012.0,224.0,890.7100219726562,228.67999267578125,218.29000091552734,16364.343206957914
431,set03,video_0009,3_9_621,1,14213,16,0,False,False,14018.0,195.0,903.010009765625,280.45001220703125,145.4650001525879,22147.135666671675
432,set03,video_0009,3_9_622,1,14228,16,0,False,False,14037.0,191.0,904.3200073242188,262.19000244140625,192.94499969482422,21061.723376202397
433,set03,video_0009,3_9_623,1,14376,16,16,True,True,14259.0,117.0,974.7999877929688,252.20001220703125,1164.0999755859375,32281.6015625
434,set03,video_0009,3_9_624,0,15330,16,0,False,False,,,904.9099731445312,218.16998291015625,1633.9649658203125,14462.496689379215
435,set03,video_0009,3_9_625,0,15386,16,0,False,False,,,889.7000122070312,213.760009765625,1807.22998046875,10371.639848828316
436,set03,video_0009,3_9_626,0,15831,16,0,False,False,,,872.0800170898438,163.3900146484375,1242.3099975585938,8189.106736376882
437,set03,video_0009,3_9_627,0,15809,16,0,False,False,,,853.219970703125,129.3599853515625,387.3450012207031,6332.172862060368
438,set03,video_0009,3_9_628,0,15824,16,0,False,False,,,857.5,141.09002685546875,1408.5999755859375,6913.411315917969
439,set03,video_0009,3_9_588,0,2623,16,0,False,False,,,908.2000122070312,262.72003173828125,118.83499908447266,21482.61811770033
440,set03,video_0009,3_9_592,0,3068,16,0,False,False,,,875.1500244140625,175.47003173828125,1229.9099731445312,10163.23194936663
441,set03,video_0009,3_9_619,0,13543,16,0,False,False,,,886.5700073242188,209.30999755859375,1304.135009765625,17429.24758478999
442,set03,video_0009,3_9_629,0,746,16,0,False,False,,,842.3800048828125,134.6099853515625,1362.7949829101562,4785.37512011826
443,set03,video_0010,3_10_630,1,990,16,16,True,True,884.0,106.0,1008.8800048828125,309.3499755859375,1492.10498046875,42934.69519555569
444,set03,video_0010,3_10_631,1,980,16,16,True,True,883.0,97.0,1031.52001953125,205.1199951171875,1461.6349487304688,12744.106298193336
445,set03,video_0010,3_10_633,1,1624,16,0,False,False,1632.0,-8.0,832.8800048828125,134.52001953125,251.77999877929688,7447.026310741901
446,set03,video_0010,3_10_633,1,2485,16,0,False,False,1632.0,853.0,798.5999755859375,94.65997314453125,1566.530029296875,2906.056553468108
447,set03,video_0010,3_10_634,1,2238,16,16,True,True,2176.0,62.0,817.219970703125,128.29998779296875,205.48500061035156,5715.762890014797
448,set03,video_0010,3_10_635,1,2218,16,16,True,True,2157.0,61.0,805.6699829101562,120.3399658203125,175.19499969482422,5476.671183435246
449,set03,video_0010,3_10_636,1,2491,16,0,False,False,1591.0,900.0,792.72998046875,81.15997314453125,1488.0850219726562,2690.455091185868
450,set03,video_0010,3_10_637,0,3328,16,0,False,False,,,831.0700073242188,111.69000244140625,1246.0700073242188,4945.622946240008
451,set03,video_0010,3_10_638,0,3322,16,0,False,False,,,811.7999877929688,102.6099853515625,510.8999938964844,2431.857905395329
452,set03,video_0010,3_10_639,0,3649,16,0,False,False,,,795.9000244140625,68.57000732421875,477.2850036621094,1359.744417089969
453,set03,video_0010,3_10_640,0,3661,16,0,False,False,,,798.8800048828125,78.780029296875,448.1000061035156,1712.677067577839
454,set03,video_0010,3_10_643,0,3735,16,0,False,False,,,795.3800048828125,73.30999755859375,339.3300018310547,1552.7074485961348
455,set03,video_0010,3_10_644,0,3738,16,0,False,False,,,805.469970703125,71.6099853515625,363.4199981689453,1548.2097190059721
456,set03,video_0010,3_10_645,0,3728,16,0,False,False,,,798.0999755859375,78.40997314453125,370.74000549316406,1790.883499475196
457,set03,video_0010,3_10_646,0,3735,16,0,False,False,,,798.5700073242188,70.47998046875,367.0500030517578,1361.6715879887342
458,set03,video_0010,3_10_647,0,3778,16,0,False,False,,,855.0800170898438,137.80999755859375,1450.2300415039062,9114.755257226527
459,set03,video_0010,3_10_648,0,3787,16,0,False,False,,,834.1699829101562,138.3800048828125,1493.8699951171875,5147.729424804449
460,set03,video_0010,3_10_652,0,6576,16,0,False,False,,,794.5,53.780029296875,957.4550170898438,1223.4956665039062
461,set03,video_0010,3_10_661,0,15440,16,0,False,False,,,792.1199951171875,79.32000732421875,1673.6199951171875,1726.0041339844465
462,set03,video_0010,3_10_662,0,15432,16,0,False,False,,,780.5900268554688,62.96002197265625,1670.52001953125,1163.4999763667583
463,set03,video_0010,3_10_663,0,15444,16,0,False,False,,,792.97998046875,79.02996826171875,1680.9400024414062,1618.541853658855
464,set03,video_0010,3_10_664,0,15955,16,0,False,False,,,805.72998046875,96.55999755859375,583.1699829101562,3080.266279540956
465,set03,video_0010,3_10_665,0,15958,16,0,False,False,,,795.8800048828125,82.1300048828125,506.6549987792969,3690.100517846644
466,set03,video_0010,3_10_653,0,6670,16,0,False,False,,,994.1300048828125,398.08001708984375,1770.8299560546875,39123.315742090344
467,set03,video_0010,3_10_654,0,6637,16,0,False,False,,,907.47998046875,265.3299560546875,1666.5299682617188,24373.205876514316
468,set03,video_0010,3_10_655,0,6595,16,0,False,False,,,902.0,340.80999755859375,1850.7149658203125,37233.49223327637
469,set03,video_0010,3_10_656,0,6701,16,0,False,False,,,907.9600219726562,315.36004638671875,1855.8800048828125,26300.997071772814
470,set03,video_0010,3_10_669,0,6619,16,0,False,False,,,961.5999755859375,348.2099609375,1746.6699829101562,29117.3152333498
471,set03,video_0010,3_10_683,1,12803,16,16,True,True,12448.0,355.0,823.0,171.27001953125,86.01999855041504,7768.807537129149
472,set03,video_0010,3_10_685,1,12876,16,16,True,True,12445.0,431.0,820.9000244140625,166.32000732421875,66.9950008392334,7832.00917027588
473,set03,video_0010,3_10_686,1,12903,16,16,True,True,12452.0,451.0,803.5800170898438,142.27001953125,48.67499923706055,6147.487413693219
474,set03,video_0010,3_10_688,1,12371,16,0,False,False,12465.0,-94.0,837.5,169.44000244140625,1906.6749877929688,4515.580201782286
475,set03,video_0010,3_10_688,1,12804,16,16,True,True,12465.0,339.0,861.6900024414062,207.780029296875,116.6500015258789,12138.50893106684
476,set03,video_0010,3_10_684,1,12839,16,16,True,True,12440.0,399.0,811.8499755859375,156.5,63.52000045776367,6613.690334320068
477,set03,video_0010,3_10_689,1,12155,16,0,False,False,12552.0,-397.0,816.0399780273438,114.949951171875,1784.2999877929688,2836.970968991518
478,set03,video_0010,3_10_689,1,12787,16,16,True,True,12552.0,235.0,989.97998046875,344.47998046875,254.364990234375,44737.61338144541
479,set03,video_0010,3_10_690,1,12889,16,16,True,True,12481.0,408.0,873.2999877929688,211.54998779296875,156.96000289916992,17499.416862472426
480,set03,video_0010,3_10_691,1,12381,16,0,False,False,12500.0,-119.0,817.719970703125,151.28997802734375,1896.7150268554688,4891.198341138661
481,set03,video_0010,3_10_691,1,12829,16,16,True,True,12500.0,329.0,871.4600219726562,240.92999267578125,55.75,15694.179575848393
482,set03,video_0010,3_10_692,1,12961,16,16,True,True,12466.0,495.0,797.0599975585938,139.83001708984375,64.85999870300293,5649.132370384177
483,set03,video_0010,3_10_670,0,12125,16,0,False,False,,,776.02001953125,118.98004150390625,135.36000061035156,5273.196310888976
484,set03,video_0010,3_10_673,1,12161,16,0,False,False,12440.0,-279.0,781.8099975585938,117.27001953125,93.28999710083008,5089.519026596099
485,set03,video_0010,3_10_673,1,12725,16,16,True,True,12440.0,285.0,1023.4299926757812,346.239990234375,1714.1799926757812,61436.84584531188
486,set03,video_0010,3_10_675,1,12339,16,0,False,False,12500.0,-161.0,792.4299926757812,144.3599853515625,12.555000305175781,3624.879320288077
487,set03,video_0010,3_10_675,1,14181,16,0,False,False,12500.0,1681.0,807.1699829101562,66.66998291015625,1363.8099975585938,1746.7584353014827
488,set03,video_0010,3_10_674,1,12191,16,0,False,False,12561.0,-370.0,813.27001953125,152.71002197265625,65.44499969482422,7627.865131500177
489,set03,video_0010,3_10_674,1,12843,16,16,True,True,12561.0,282.0,950.5,272.04998779296875,1866.4349975585938,23594.92333703488
490,set03,video_0010,3_10_671,1,13916,16,16,True,True,13617.0,299.0,767.8499755859375,102.5999755859375,105.95000076293945,3751.055639709346
491,set03,video_0010,3_10_672,1,13937,16,16,True,True,13606.0,331.0,771.4400024414062,115.45001220703125,101.6099967956543,3516.607266128529
492,set03,video_0010,3_10_676,1,13883,16,16,True,True,13647.0,236.0,764.27001953125,117.30999755859375,108.06499862670898,4510.569943130482
493,set03,video_0010,3_10_677,1,13858,16,16,True,True,13593.0,265.0,763.9000244140625,106.4200439453125,114.16499710083008,4313.203439275734
494,set03,video_0010,3_10_682,1,13921,16,16,True,True,13739.0,182.0,780.5599975585938,83.32000732421875,125.20000076293945,1883.032038391102
495,set03,video_0010,3_10_660,1,14765,16,16,True,True,14573.0,192.0,916.739990234375,213.0,427.36000061035156,23617.434539794922
496,set03,video_0010,3_10_681,1,13926,16,16,True,True,13726.0,200.0,784.6400146484375,124.22003173828125,134.2150001525879,5151.403920098674
497,set03,video_0010,3_10_666,0,15983,16,0,False,False,,,814.2999877929688,77.7099609375,1319.5099487304688,2262.9136830568314
498,set03,video_0010,3_10_667,0,15985,16,0,False,False,,,811.5700073242188,78.69000244140625,1296.9649658203125,2378.7972368896008
499,set03,video_0010,3_10_679,1,13864,16,16,True,True,13621.0,243.0,778.4500122070312,122.83001708984375,132.61000442504883,4849.329487039242
500,set03,video_0010,3_10_687,1,12180,16,0,False,False,12486.0,-306.0,839.1500244140625,156.09002685546875,1805.655029296875,6351.294046849012
501,set03,video_0010,3_10_687,1,12774,16,16,True,True,12486.0,288.0,890.8900146484375,252.6600341796875,130.5999984741211,15290.986348034814
502,set03,video_0010,3_10_632,1,990,16,16,True,True,842.0,148.0,1001.2999877929688,314.739990234375,699.0899963378906,42785.75504086912
503,set03,video_0010,3_10_678,1,13598,16,16,True,True,13489.0,109.0,810.5800170898438,112.530029296875,434.239990234375,5381.186825171113
504,set03,video_0011,3_11_694,0,487,16,0,False,False,,,847.72998046875,102.03997802734375,1162.4200439453125,4104.044926807284
505,set03,video_0011,3_11_695,0,482,16,0,False,False,,,841.6400146484375,99.97003173828125,1126.0549926757812,3377.9790741428733
506,set03,video_0011,3_11_696,0,1051,16,0,False,False,,,822.3400268554688,92.33001708984375,1149.7250366210938,3359.890674389899
507,set03,video_0011,3_11_697,0,1048,16,0,False,False,,,815.760009765625,90.02001953125,1202.0650024414062,2224.40215498209
508,set03,video_0011,3_11_698,0,1050,16,0,False,False,,,818.6199951171875,88.40997314453125,1175.7200317382812,1957.3981004878879
509,set03,video_0011,3_11_699,0,1047,16,0,False,False,,,819.5800170898438,90.9200439453125,1169.0999755859375,2000.240966796875
510,set03,video_0011,3_11_700,0,1760,16,0,False,False,,,837.25,142.030029296875,1366.280029296875,4905.722759962082
511,set03,video_0011,3_11_702,0,4758,16,0,False,False,,,854.9000244140625,153.260009765625,1391.8550415039062,8216.266878515482
512,set03,video_0011,3_11_703,0,4722,16,0,False,False,,,837.3599853515625,117.6099853515625,373.5350036621094,4030.4964950680733
513,set03,video_0011,3_11_704,0,4725,16,0,False,False,,,826.760009765625,121.69000244140625,324.375,3892.861989721656
514,set03,video_0011,3_11_705,0,4717,16,0,False,False,,,832.9000244140625,133.010009765625,333.5800018310547,4070.107110656798
515,set03,video_0011,3_11_706,0,4855,16,0,False,False,,,885.0,137.75,1385.7899780273438,6873.728363037109
516,set03,video_0011,3_11_707,0,4862,16,0,False,False,,,873.5499877929688,131.5899658203125,1390.175048828125,5822.855987548828
517,set03,video_0011,3_11_708,1,8189,16,16,True,True,7933.0,256.0,1006.1900024414062,354.55999755859375,1529.5750122070312,58527.1997532472
518,set03,video_0011,3_11_709,1,8170,16,16,True,True,7923.0,247.0,1024.27001953125,423.489990234375,1522.9949951171875,74047.26614892483
519,set03,video_0011,3_11_710,1,14730,16,16,True,True,14528.0,202.0,793.6400146484375,127.489990234375,150.68000030517578,5887.488760601729
520,set03,video_0011,3_11_711,1,14710,16,16,True,True,14506.0,204.0,812.25,146.739990234375,209.57999420166016,7201.998989392072
521,set03,video_0011,3_11_713,1,14763,16,16,True,True,14579.0,184.0,826.4299926757812,151.1099853515625,454.2049865722656,9482.151580810547
522,set03,video_0011,3_11_714,1,14757,16,16,True,True,14534.0,223.0,825.0999755859375,153.28997802734375,266.4249954223633,11470.689336468466
523,set03,video_0011,3_11_715,1,15083,16,16,True,True,14985.0,98.0,806.1900024414062,149.55999755859375,122.84499740600586,9420.783926721197
524,set03,video_0011,3_11_716,0,17563,16,0,False,False,,,851.1199951171875,154.17999267578125,1644.5,6568.082744628191
525,set03,video_0011,3_11_717,0,17558,16,0,False,False,,,807.75,119.65997314453125,207.0999984741211,2742.6063653687015
526,set03,video_0011,3_11_718,0,15363,16,0,False,False,,,874.3200073242188,130.72998046875,972.4250183105469,5975.670279711485
527,set03,video_0011,3_11_719,0,17734,16,0,False,False,,,865.1900024414062,165.71002197265625,445.30999755859375,9965.803148828447
528,set03,video_0011,3_11_720,0,17772,16,0,False,False,,,857.3200073242188,157.25,1600.4149780273438,9109.500946044922
529,set03,video_0011,3_11_712,1,14751,16,16,True,True,14542.0,209.0,794.0,126.65997314453125,203.76499938964844,5556.572403393686
530,set03,video_0012,3_12_721,0,1074,16,0,False,False,,,844.5599975585938,130.1099853515625,1373.7849731445312,5390.463681444526
531,set03,video_0012,3_12_723,0,2498,16,0,False,False,,,857.9000244140625,152.3800048828125,1390.1400146484375,8368.697963476181
532,set03,video_0012,3_12_724,0,2531,16,0,False,False,,,813.3800048828125,90.02001953125,416.26499938964844,2444.0429808348417
533,set03,video_0012,3_12_725,0,516,16,0,False,False,,,899.2000122070312,199.83001708984375,1437.6300048828125,9499.926818311214
534,set03,video_0012,3_12_728,0,2941,16,0,False,False,,,802.9000244140625,80.71002197265625,509.40000915527344,1673.9275306034833
535,set03,video_0012,3_12_730,0,2913,16,0,False,False,,,790.6400146484375,52.52001953125,617.3300170898438,984.2246531248093
536,set03,video_0012,3_12_731,0,2948,16,0,False,False,,,816.3800048828125,74.780029296875,1297.9849853515625,1452.970857322216
537,set03,video_0012,3_12_735,0,2992,16,0,False,False,,,797.3099975585938,75.52001953125,497.125,1465.841550976038
538,set03,video_0012,3_12_752,0,8429,16,0,False,False,,,809.97998046875,106.89996337890625,1311.324951171875,2913.0240020751953
539,set03,video_0012,3_12_754,0,8509,16,0,False,False,,,806.8599853515625,89.3399658203125,527.7049865722656,1655.4667311534286
540,set03,video_0012,3_12_757,0,11333,16,0,False,False,,,819.0700073242188,110.91998291015625,420.5,2735.2837997563183
541,set03,video_0012,3_12_758,0,11317,16,0,False,False,,,804.1199951171875,81.83001708984375,450.4700012207031,1713.5207576416433
542,set03,video_0012,3_12_759,0,11328,16,0,False,False,,,829.280029296875,121.6800537109375,1401.8699951171875,5692.19647744298
543,set03,video_0012,3_12_761,0,11420,16,0,False,False,,,806.510009765625,90.67999267578125,1426.9200439453125,2401.2044349610806
544,set03,video_0012,3_12_763,0,11423,16,0,False,False,,,806.7999877929688,89.0899658203125,1412.4349975585938,1989.3750216811895
545,set03,video_0012,3_12_764,0,11441,16,0,False,False,,,843.260009765625,87.0400390625,1340.3799438476562,2296.1166554689407
546,set03,video_0012,3_12_765,0,11420,16,0,False,False,,,806.0,89.84002685546875,1425.0199584960938,2080.698092676699
547,set03,video_0012,3_12_766,0,11434,16,0,False,False,,,823.3400268554688,90.02001953125,1376.2449951171875,2573.6802703142166
548,set03,video_0012,3_12_767,0,11428,16,0,False,False,,,808.1199951171875,91.760009765625,1412.3599853515625,3055.6128056645393
549,set03,video_0012,3_12_768,0,11417,16,0,False,False,,,806.4400024414062,81.6400146484375,1435.77001953125,1608.3043022453785
550,set03,video_0012,3_12_770,0,11424,16,0,False,False,,,775.3900146484375,63.33001708984375,440.77000427246094,1419.8598335329443
551,set03,video_0012,3_12_777,0,15802,16,0,False,False,,,830.0,126.4000244140625,1399.489990234375,4873.9923476576805
552,set03,video_0012,3_12_785,0,15876,16,0,False,False,,,790.0700073242188,85.75,424.85499572753906,1997.1182327270508
553,set03,video_0012,3_12_788,0,16392,16,0,False,False,,,823.1900024414062,103.19000244140625,469.7099914550781,4109.026653002948
554,set03,video_0012,3_12_795,0,16491,16,0,False,False,,,800.4099731445312,98.00994873046875,491.93499755859375,3160.820846557617
555,set03,video_0012,3_12_796,0,16493,16,0,False,False,,,798.7100219726562,85.67999267578125,502.09999084472656,1852.3984085451812
556,set03,video_0012,3_12_799,0,17089,16,0,False,False,,,813.9000244140625,88.11004638671875,488.75999450683594,2190.4171514045447
557,set03,video_0012,3_12_800,0,17097,16,0,False,False,,,833.6099853515625,104.3900146484375,1309.9099731445312,3956.3841037601233
558,set03,video_0012,3_12_801,0,17101,16,0,False,False,,,826.5,108.71002197265625,1322.3599853515625,3270.0059539079666
559,set03,video_0012,3_12_736,0,2985,16,0,False,False,,,810.7999877929688,73.8399658203125,514.5700073242188,1783.9760980457067
560,set03,video_0012,3_12_737,0,3815,16,0,False,False,,,855.9400024414062,147.72998046875,1246.6749877929688,7949.340871632099
561,set03,video_0012,3_12_738,1,4207,16,16,True,True,3922.0,285.0,1002.739990234375,318.14996337890625,1359.4750366210938,53891.426957152784
562,set03,video_0012,3_12_740,1,5791,16,0,False,False,5416.0,375.0,848.3599853515625,217.65997314453125,247.08000946044922,13642.92884373758
563,set03,video_0012,3_12_741,1,5863,16,16,True,True,5766.0,97.0,1037.9000244140625,421.10003662109375,1665.8099975585938,78231.92573656887
564,set03,video_0012,3_12_742,1,6022,16,16,True,True,5904.0,118.0,1078.7099609375,473.91998291015625,1662.3350219726562,90836.2639509514
565,set03,video_0012,3_12_743,1,6063,16,16,True,True,5916.0,147.0,1027.6099853515625,416.5899658203125,1756.8200073242188,49374.200032278895
566,set03,video_0012,3_12_747,1,7681,16,16,True,True,7491.0,190.0,979.6400146484375,349.780029296875,486.2550048828125,39038.94394609332
567,set03,video_0012,3_12_732,0,3001,16,0,False,False,,,818.8699951171875,92.239990234375,1264.7849731445312,2712.78126552701
568,set03,video_0012,3_12_733,0,2998,16,0,False,False,,,804.3800048828125,94.97998046875,1313.2200317382812,3711.813462793827
569,set03,video_0012,3_12_734,0,3006,16,0,False,False,,,825.5499877929688,95.469970703125,1255.1849975585938,2529.0102456510067
570,set03,video_0012,3_12_744,1,6991,16,16,True,True,6862.0,129.0,1080.0,442.80999755859375,1685.3350219726562,89195.24159196764
571,set03,video_0012,3_12_745,1,7053,16,16,True,True,6949.0,104.0,1073.3699951171875,505.719970703125,1594.8949584960938,93249.7128059566
572,set03,video_0012,3_12_746,1,7877,16,0,False,False,7483.0,394.0,891.6199951171875,189.32000732421875,1012.4299926757812,12654.142818652093
573,set03,video_0012,3_12_748,1,7728,16,16,True,True,7586.0,142.0,907.9199829101562,267.45001220703125,297.8250045776367,28935.421554596163
574,set03,video_0012,3_12_749,1,7736,16,16,True,True,7537.0,199.0,977.5499877929688,363.3699951171875,378.3800048828125,63909.51651547849
575,set03,video_0012,3_12_750,1,7656,16,16,True,True,7495.0,161.0,882.5599975585938,240.469970703125,389.38999938964844,27399.141710437834
576,set03,video_0012,3_12_751,0,8426,16,0,False,False,,,813.97998046875,102.40997314453125,1282.7849731445312,3108.1401846930385
577,set03,video_0012,3_12_753,0,8500,16,0,False,False,,,815.9000244140625,95.550048828125,1318.530029296875,4274.908251464367
578,set03,video_0012,3_12_755,0,8500,16,0,False,False,,,790.7999877929688,87.40997314453125,511.885009765625,2327.7280116453767
579,set03,video_0012,3_12_756,0,10620,16,0,False,False,,,871.6199951171875,174.010009765625,1120.5399780273438,12542.633856981993
580,set03,video_0012,3_12_760,0,11334,16,0,False,False,,,830.72998046875,131.14996337890625,1389.614990234375,4725.337022826076
581,set03,video_0012,3_12_762,0,11415,16,0,False,False,,,804.6599731445312,81.8499755859375,1436.8049926757812,1449.5698618143797
582,set03,video_0012,3_12_773,0,11432,16,0,False,False,,,800.97998046875,79.04998779296875,441.9300079345703,1851.3517755735666
583,set03,video_0012,3_12_776,0,15800,16,0,False,False,,,840.6900024414062,141.19000244140625,1359.3949584960938,5877.740491040051
584,set03,video_0012,3_12_778,0,15867,16,0,False,False,,,850.8200073242188,126.22998046875,1347.6749877929688,5368.549358546734
585,set03,video_0012,3_12_779,0,15793,16,0,False,False,,,831.0999755859375,105.26995849609375,420.1999969482422,4699.24927672185
586,set03,video_0012,3_12_780,0,15784,16,0,False,False,,,823.469970703125,92.64996337890625,402.18499755859375,2685.9215335696936
587,set03,video_0012,3_12_781,0,15796,16,0,False,False,,,813.5399780273438,99.78997802734375,358.260009765625,4035.5069550536573
588,set03,video_0012,3_12_782,0,15870,16,0,False,False,,,818.780029296875,90.87005615234375,409.239990234375,2159.0734215825796
589,set03,video_0012,3_12_784,0,15879,16,0,False,False,,,838.8300170898438,123.83001708984375,596.9649963378906,5672.6527805663645
590,set03,video_0012,3_12_786,0,15871,16,0,False,False,,,828.989990234375,93.760009765625,451.3149871826172,2393.6929348632693
591,set03,video_0012,3_12_787,0,15882,16,0,False,False,,,818.0900268554688,107.99005126953125,444.77000427246094,2958.926745666191
592,set03,video_0012,3_12_783,0,15866,16,0,False,False,,,810.8599853515625,71.57000732421875,400.47499084472656,1734.1420637574047
593,set03,video_0012,3_12_794,0,16478,16,0,False,False,,,802.4000244140625,86.61004638671875,473.01499938964844,4362.550256727263
594,set03,video_0012,3_12_798,0,16574,16,0,False,False,,,825.9000244140625,102.5,1338.8099975585938,4692.440490722656
595,set03,video_0013,3_13_807,0,742,16,0,False,False,,,814.8300170898438,102.5,218.6050033569336,3063.724937438965
596,set03,video_0013,3_13_813,1,18626,16,16,True,True,18500.0,126.0,1080.0,471.8900146484375,305.5500030517578,80476.12713040784
597,set03,video_0013,3_13_814,1,18762,16,16,True,True,18602.0,160.0,1031.5799560546875,430.719970703125,236.96499633789062,67136.31973037124
598,set03,video_0014,3_14_819,0,8188,16,0,False,False,,,857.0499877929688,178.17999267578125,1418.5399780273438,9286.740348242223
599,set03,video_0014,3_14_820,0,8203,16,0,False,False,,,855.6900024414062,191.78997802734375,1497.1199951171875,16908.187606349587
600,set03,video_0014,3_14_822,0,8379,16,0,False,False,,,936.7899780273438,211.2099609375,1317.1100463867188,17027.746019482613
601,set03,video_0014,3_14_824,0,8389,16,0,False,False,,,896.02001953125,198.4000244140625,1299.2900390625,12741.243755370378
602,set03,video_0014,3_14_821,0,8391,16,0,False,False,,,903.530029296875,207.47003173828125,1251.1650390625,9902.540562719107
603,set03,video_0014,3_14_826,1,14052,16,16,True,True,13948.0,104.0,1070.2900390625,459.60003662109375,458.72999572753906,97444.39471508749
604,set03,video_0015,3_15_827,1,3389,16,16,True,True,3203.0,186.0,895.0999755859375,248.64996337890625,113.64500045776367,18243.448496047873
605,set03,video_0015,3_15_828,1,3391,16,16,True,True,3231.0,160.0,949.7000122070312,293.9000244140625,101.70000076293945,25451.741665801965
606,set03,video_0015,3_15_829,1,3342,16,16,True,True,3223.0,119.0,1025.8699951171875,394.45001220703125,211.76000595092773,81083.14655567938
607,set03,video_0015,3_15_833,1,3653,16,16,True,True,3356.0,297.0,863.5900268554688,194.09002685546875,84.81999969482422,8248.826141357422
608,set03,video_0015,3_15_834,1,3620,16,16,True,True,3328.0,292.0,859.9000244140625,181.34002685546875,46.44999885559082,9846.763319900492
609,set03,video_0015,3_15_835,1,3751,16,16,True,True,3514.0,237.0,869.8300170898438,189.32000732421875,100.45999908447266,11185.02637937013
610,set03,video_0015,3_15_836,1,4430,16,0,False,False,4015.0,415.0,807.1599731445312,82.26995849609375,1022.9850158691406,2352.1003228016198
611,set03,video_0015,3_15_837,1,4275,16,16,True,True,4061.0,214.0,854.9000244140625,125.3800048828125,1275.7149658203125,5302.325304150581
612,set03,video_0015,3_15_838,1,4271,16,16,True,True,3982.0,289.0,842.6900024414062,103.67999267578125,1134.4550170898438,3459.800849340856
613,set03,video_0015,3_15_860,0,4953,16,0,False,False,,,865.760009765625,133.97998046875,1238.0250244140625,5853.577496290207
614,set03,video_0015,3_15_866,0,6930,16,0,False,False,,,845.02001953125,105.30999755859375,1324.8350219726562,4127.105489037931
615,set03,video_0015,3_15_867,0,6920,16,0,False,False,,,851.9099731445312,117.5799560546875,1434.7849731445312,4328.110718801618
616,set03,video_0015,3_15_871,0,6904,16,0,False,False,,,852.780029296875,140.82000732421875,1630.27001953125,4300.648524463177
617,set03,video_0015,3_15_872,0,6901,16,0,False,False,,,840.02001953125,125.71002197265625,1691.2900390625,3776.333970606327
618,set03,video_0015,3_15_873,0,6895,16,0,False,False,,,844.1500244140625,133.69000244140625,1716.0050048828125,4437.163347631693
619,set03,video_0015,3_15_885,0,13065,16,0,False,False,,,834.1099853515625,99.64996337890625,1315.0399780273438,3978.030917234719
620,set03,video_0015,3_15_887,0,15932,16,0,False,False,,,970.2000122070312,363.82000732421875,345.625,44746.219147875905
621,set03,video_0015,3_15_893,0,10613,16,0,False,False,,,965.3499755859375,313.14996337890625,1454.739990234375,35329.60027514398
622,set03,video_0015,3_15_830,1,3477,16,16,True,True,3243.0,234.0,902.2899780273438,252.07000732421875,116.27999877929688,13838.641863586381
623,set03,video_0015,3_15_839,1,4253,16,16,True,True,3433.0,820.0,855.4000244140625,129.6400146484375,1197.3200073242188,6225.300210252404
624,set03,video_0015,3_15_840,1,4714,16,0,False,False,3513.0,1201.0,805.0,68.469970703125,745.5750122070312,1602.884354442358
625,set03,video_0015,3_15_841,1,4458,16,16,True,True,4171.0,287.0,1031.280029296875,411.10003662109375,1524.5999755859375,73998.00659179688
626,set03,video_0015,3_15_842,1,4434,16,16,True,True,4144.0,290.0,988.2000122070312,351.16998291015625,1537.4749755859375,36960.640701293945
627,set03,video_0015,3_15_843,1,4460,16,16,True,True,4163.0,297.0,983.1900024414062,367.8699951171875,1564.614990234375,46384.76001664996
628,set03,video_0015,3_15_854,0,5064,16,0,False,False,,,838.0599975585938,101.80999755859375,1215.0,3192.7724600583315
629,set03,video_0015,3_15_857,0,5109,16,0,False,False,,,801.7999877929688,83.94000244140625,577.7449951171875,3081.434210717678
630,set03,video_0015,3_15_858,1,5724,16,16,True,True,5473.0,251.0,1018.8900146484375,350.6500244140625,1556.5400390625,65389.209704101086
631,set03,video_0015,3_15_859,1,5787,16,16,True,True,5510.0,277.0,1012.8099975585938,356.15997314453125,1607.4449462890625,32948.362593725324
632,set03,video_0015,3_15_861,1,5440,16,0,False,False,5596.0,-156.0,791.5800170898438,108.5,300.30999755859375,3877.7889404296875
633,set03,video_0015,3_15_861,1,5746,16,16,True,True,5596.0,150.0,1036.0,407.0999755859375,1503.4850463867188,56029.17162768543
634,set03,video_0015,3_15_862,1,6015,16,0,False,False,5580.0,435.0,839.1900024414062,200.1099853515625,1834.1449584960938,13129.213207617402
635,set03,video_0015,3_15_863,0,6706,16,0,False,False,,,943.6900024414062,338.52001953125,1878.7899780273438,27318.590370118618
636,set03,video_0015,3_15_864,0,6744,16,0,False,False,,,919.0,280.5999755859375,1804.2250366210938,19324.918948486447
637,set03,video_0015,3_15_865,0,6738,16,0,False,False,,,936.5,312.510009765625,1839.6799926757812,31451.011960595846
638,set03,video_0015,3_15_868,0,6917,16,0,False,False,,,846.7899780273438,116.28997802734375,1495.5399780273438,4005.034224949777
639,set03,video_0015,3_15_869,0,6912,16,0,False,False,,,845.4299926757812,135.82000732421875,1543.2050170898438,5078.312063403428
640,set03,video_0015,3_15_870,0,6908,16,0,False,False,,,843.8499755859375,130.0999755859375,1585.5449829101562,4867.044533446431
641,set03,video_0015,3_15_890,1,7961,16,16,True,True,7764.0,197.0,873.4099731445312,196.01995849609375,257.2100067138672,13666.511745629832
642,set03,video_0015,3_15_891,1,8001,16,16,True,True,7794.0,207.0,900.7999877929688,238.51995849609375,277.0199966430664,23603.93669416476
643,set03,video_0015,3_15_892,1,7981,16,16,True,True,7816.0,165.0,946.7100219726562,327.45001220703125,260.0149917602539,41569.778050384484
644,set03,video_0015,3_15_894,0,10633,16,0,False,False,,,988.2999877929688,349.989990234375,1417.4500122070312,57293.387035399675
645,set03,video_0015,3_15_895,0,10654,16,0,False,False,,,974.7000122070312,351.989990234375,1544.0399780273438,37705.166035205126
646,set03,video_0015,3_15_886,0,13061,16,0,False,False,,,834.0499877929688,92.52996826171875,1326.72998046875,2777.7514544427395
647,set03,video_0015,3_15_832,1,2835,16,0,False,False,3259.0,-424.0,892.02001953125,323.09002685546875,1719.3550415039062,29611.20884924382
648,set03,video_0015,3_15_832,1,3461,16,16,True,True,3259.0,202.0,893.969970703125,256.55999755859375,81.42000007629395,13654.122404553229
649,set03,video_0015,3_15_831,1,3414,16,16,True,True,3185.0,229.0,875.030029296875,221.1700439453125,54.47500133514404,13758.988653199049
650,set03,video_0016,3_16_897,0,1093,16,0,False,False,,,851.72998046875,125.3800048828125,493.7100067138672,5877.819067407399
651,set03,video_0016,3_16_898,0,1098,16,0,False,False,,,835.9600219726562,110.46002197265625,1504.6300048828125,4676.887038722634
652,set03,video_0016,3_16_899,0,1295,16,0,False,False,,,846.5399780273438,113.04998779296875,1318.760009765625,3791.70100659132
653,set03,video_0016,3_16_901,0,1762,16,0,False,False,,,812.3099975585938,96.6099853515625,623.9749755859375,2391.097137451172
654,set03,video_0016,3_16_902,1,2302,16,16,True,True,2215.0,87.0,987.4000244140625,295.57000732421875,1319.9400024414062,37868.42789516598
655,set03,video_0016,3_16_905,0,8045,16,0,False,False,,,852.3599853515625,144.9599609375,1254.614990234375,9725.376519918442
656,set03,video_0016,3_16_911,0,12959,16,0,False,False,,,866.239990234375,166.94000244140625,1487.8949584960938,8659.177111499012
657,set03,video_0016,3_16_917,0,16160,16,0,False,False,,,853.9000244140625,85.4100341796875,1389.3949584960938,4430.218055859208
658,set03,video_0016,3_16_918,1,2941,16,0,False,False,2559.0,382.0,821.5900268554688,153.4000244140625,1810.2999877929688,5151.166078612208
659,set03,video_0016,3_16_919,1,3015,16,0,False,False,2567.0,448.0,820.0700073242188,153.80999755859375,1830.3800048828125,6186.233595654368
660,set03,video_0016,3_16_920,1,2959,16,0,False,False,2651.0,308.0,826.5900268554688,142.030029296875,1812.9550170898438,5586.034810692072
661,set03,video_0016,3_16_921,1,3103,16,0,False,False,2782.0,321.0,831.4400024414062,148.40997314453125,1802.85498046875,7042.045979127288
662,set03,video_0016,3_16_922,1,3134,16,0,False,False,2816.0,318.0,828.969970703125,146.0,1786.9299926757812,4742.094970703125
663,set03,video_0016,3_16_923,1,3580,16,0,False,False,3248.0,332.0,832.2999877929688,142.91998291015625,1791.2849731445312,5978.3366044685245
664,set03,video_0016,3_16_924,1,4156,16,0,False,False,3779.0,377.0,829.9299926757812,162.15997314453125,1831.0299682617188,10433.367129541934
665,set03,video_0016,3_16_925,1,4063,16,0,False,False,3828.0,235.0,836.260009765625,145.04998779296875,1756.0050048828125,6058.740823119879
666,set03,video_0016,3_16_926,0,4676,16,0,False,False,,,851.4000244140625,182.85003662109375,157.75,8674.40618371591
667,set03,video_0016,3_16_927,0,4699,16,0,False,False,,,841.1699829101562,191.51995849609375,115.05000305175781,13276.16492568329
668,set03,video_0016,3_16_946,0,12207,16,0,False,False,,,867.02001953125,138.11004638671875,1291.2200317382812,6640.32496098429
669,set03,video_0016,3_16_947,0,12211,16,0,False,False,,,875.5999755859375,147.3800048828125,1248.9149780273438,5398.530298486352
670,set03,video_0016,3_16_904,0,6032,16,0,False,False,,,901.0800170898438,200.760009765625,1224.5499877929688,8572.467121094465
671,set03,video_0016,3_16_928,1,2934,16,0,False,False,2634.0,300.0,797.8300170898438,136.11004638671875,143.16499710083008,5274.263259048108
672,set03,video_0016,3_16_929,1,3282,16,0,False,False,2805.0,477.0,789.7899780273438,141.51995849609375,124.22500228881836,5050.8487439448945
673,set03,video_0016,3_16_930,1,3271,16,0,False,False,2817.0,454.0,795.8400268554688,133.6600341796875,122.24500274658203,5545.555552331731
674,set03,video_0016,3_16_931,1,3224,16,0,False,False,2871.0,353.0,792.7000122070312,151.280029296875,137.6349983215332,5683.590654516593
675,set03,video_0016,3_16_932,1,3516,16,0,False,False,3105.0,411.0,788.9000244140625,126.5,120.3800048828125,4356.660308837891
676,set03,video_0016,3_16_933,1,3448,16,0,False,False,3066.0,382.0,806.5999755859375,136.949951171875,166.44000244140625,4749.423303589225
677,set03,video_0016,3_16_934,1,3456,16,0,False,False,3075.0,381.0,796.6099853515625,140.41998291015625,123.28000259399414,4920.316329730209
678,set03,video_0016,3_16_935,1,3458,16,0,False,False,3177.0,281.0,822.0700073242188,166.8599853515625,173.27000427246094,9687.890342138708
679,set03,video_0016,3_16_936,1,3678,16,0,False,False,3280.0,398.0,788.3699951171875,137.3599853515625,113.5,5098.8019855469465
680,set03,video_0016,3_16_937,1,3723,16,0,False,False,3391.0,332.0,796.97998046875,138.3499755859375,144.87999725341797,5130.017348052934
681,set03,video_0016,3_16_938,1,3726,16,0,False,False,3485.0,241.0,819.1900024414062,153.25,187.2300033569336,8465.530841827393
682,set03,video_0016,3_16_939,1,3989,16,0,False,False,3619.0,370.0,793.0399780273438,152.64996337890625,123.03499984741211,6162.479440872092
683,set03,video_0016,3_16_940,1,3874,16,13,False,True,3664.0,210.0,900.8200073242188,254.78997802734375,235.5999984741211,23471.255419573747
684,set03,video_0016,3_16_941,1,4010,16,0,False,False,3730.0,280.0,821.0900268554688,174.08001708984375,188.72999572753906,12115.97025195323
685,set03,video_0016,3_16_942,1,4625,16,0,False,False,4389.0,236.0,822.9000244140625,187.780029296875,118.68000030517578,10710.971610363573
686,set03,video_0016,3_16_943,1,4575,16,0,False,False,4346.0,229.0,857.75,221.8699951171875,190.07999420166016,22204.74951758422
687,set03,video_0016,3_16_945,0,4693,16,0,False,False,,,901.1699829101562,233.0999755859375,1785.5050048828125,9512.823661863804
688,set03,video_0016,3_16_903,1,5208,16,16,True,True,5088.0,120.0,911.0999755859375,274.03997802734375,224.94500732421875,25811.826199438423
689,set03,video_0016,3_16_944,0,4705,16,0,False,False,,,893.0399780273438,236.1199951171875,1776.8800048828125,13940.53373515606
690,set03,video_0016,3_16_906,1,9797,16,16,True,True,9684.0,113.0,943.2999877929688,250.45001220703125,747.3150024414062,24706.899818725884
691,set03,video_0016,3_16_907,0,12047,16,0,False,False,,,869.0499877929688,163.94000244140625,1237.1649780273438,7939.62312360853
692,set03,video_0016,3_16_908,0,12436,16,0,False,False,,,835.7999877929688,131.3900146484375,1291.7650146484375,5737.791674852371
693,set03,video_0016,3_16_909,0,12563,16,0,False,False,,,848.719970703125,131.63995361328125,1283.9849853515625,5832.974057883024
694,set03,video_0016,3_16_910,0,12968,16,0,False,False,,,879.6199951171875,208.05999755859375,1515.8399658203125,13270.07273979485
695,set03,video_0016,3_16_913,1,15130,16,0,False,False,15313.0,-183.0,830.7899780273438,144.00994873046875,227.90499877929688,6718.063229309395
696,set03,video_0016,3_16_913,1,15520,16,16,True,True,15313.0,207.0,1036.0,376.6199951171875,1650.7349853515625,55186.138918310404
697,set03,video_0016,3_16_914,1,15147,16,0,False,False,15332.0,-185.0,830.1900024414062,141.21002197265625,156.7949981689453,4599.211449902505
698,set03,video_0016,3_16_914,1,15609,16,16,True,True,15332.0,277.0,1007.5,309.3499755859375,1750.89501953125,44704.16799291968
699,set03,video_0016,3_16_916,1,15739,16,16,True,True,15557.0,182.0,920.0599975585938,294.44000244140625,217.23999786376953,33825.264425366186
700,set03,video_0016,3_16_915,1,15611,16,16,True,True,15338.0,273.0,859.3400268554688,186.11004638671875,70.79999923706055,10317.940006142948
701,set03,video_0017,3_17_950,0,2335,16,0,False,False,,,910.5800170898438,240.54998779296875,1471.5449829101562,17576.974687866867
702,set03,video_0017,3_17_951,0,2380,16,0,False,False,,,962.72998046875,309.65997314453125,1285.7900390625,28420.601407274604
703,set03,video_0017,3_17_952,0,2622,16,0,False,False,,,892.2000122070312,191.32000732421875,1222.1649780273438,12900.718369849026
704,set03,video_0017,3_17_955,0,3641,16,0,False,False,,,866.9000244140625,167.59002685546875,1215.3250122070312,7506.343391574919
705,set03,video_0017,3_17_956,0,5036,16,0,False,False,,,832.760009765625,100.6400146484375,1269.7749633789062,2555.2514461427927
706,set03,video_0017,3_17_957,0,5038,16,0,False,False,,,836.030029296875,115.9100341796875,1265.344970703125,3251.282118409872
707,set03,video_0017,3_17_959,0,5256,16,0,False,False,,,799.52001953125,95.8900146484375,488.54998779296875,2786.5635915771127
708,set03,video_0017,3_17_967,0,13117,16,0,False,False,,,818.7999877929688,99.82000732421875,416.5749969482422,3995.7947713378817
709,set03,video_0017,3_17_961,1,9753,16,5,False,True,9603.0,150.0,898.1199951171875,212.92999267578125,1222.405029296875,24552.969931811094
710,set03,video_0017,3_17_963,1,9347,16,0,False,False,9697.0,-350.0,720.9000244140625,55.75,1823.2149658203125,1072.0714111328125
711,set03,video_0017,3_17_963,1,9744,16,16,True,True,9697.0,47.0,932.280029296875,275.34002685546875,654.6900024414062,41135.806734375656
712,set03,video_0017,3_17_966,1,11200,16,16,True,True,11075.0,125.0,998.8200073242188,316.04998779296875,476.4199981689453,41086.48876800574
713,set03,video_0017,3_17_968,0,12662,16,0,False,False,,,802.510009765625,85.1600341796875,598.2250061035156,2296.768824659288
714,set03,video_0018,3_18_969,1,9915,16,16,True,True,9601.0,314.0,885.0900268554688,267.11004638671875,107.29999732971191,27490.964466084028
715,set03,video_0018,3_18_970,1,10028,16,16,True,True,9739.0,289.0,890.8200073242188,270.67999267578125,96.11500358581543,23465.25025846553
716,set03,video_0018,3_18_980,0,15455,16,0,False,False,,,810.969970703125,89.18994140625,1300.5250244140625,2139.665823340416
717,set03,video_0018,3_18_981,0,16051,16,0,False,False,,,802.6400146484375,79.010009765625,550.2850036621094,1697.929160669446
718,set03,video_0018,3_18_983,0,16044,16,0,False,False,,,800.3900146484375,77.239990234375,520.6749877929688,1825.181346386671
719,set03,video_0018,3_18_984,0,16047,16,0,False,False,,,802.3099975585938,72.83001708984375,528.9200134277344,1723.156248461455
720,set03,video_0018,3_18_985,0,16062,16,0,False,False,,,824.1400146484375,92.5400390625,1229.3550415039062,1885.0401438474655
721,set03,video_0018,3_18_987,0,17848,16,0,False,False,,,842.77001953125,99.08001708984375,1244.6500244140625,3644.165931299329
722,set03,video_0018,3_18_974,0,13395,16,0,False,False,,,811.5499877929688,134.7099609375,245.89500427246094,4778.162478893995
723,set03,video_0018,3_18_974,0,14625,16,0,False,False,,,791.6599731445312,89.25994873046875,327.8400115966797,2524.271241137758
724,set03,video_0018,3_18_975,0,14661,16,0,False,False,,,782.9600219726562,121.84002685546875,104.09499740600586,5674.090013476554
725,set03,video_0018,3_18_976,0,14630,16,0,False,False,,,788.1400146484375,93.10003662109375,291.89500427246094,1870.3793947752565
726,set03,video_0018,3_18_977,0,14709,16,0,False,False,,,819.1900024414062,78.69000244140625,845.6399841308594,2121.4841948486865
727,set03,video_0018,3_18_978,0,15103,16,0,False,False,,,831.1400146484375,99.3800048828125,1214.7100219726562,3842.034385547042
728,set03,video_0018,3_18_982,0,16053,16,0,False,False,,,798.739990234375,80.3699951171875,551.0799865722656,1453.0908852294087
729,set03,video_0018,3_18_986,0,17851,16,0,False,False,,,849.2000122070312,113.96002197265625,1227.2850341796875,3900.8493263423443
730,set03,video_0018,3_18_972,0,12592,16,0,False,False,,,823.1199951171875,100.54998779296875,1345.3300170898438,3780.6770861819386
731,set03,video_0018,3_18_973,0,12638,16,0,False,False,,,803.3499755859375,69.69000244140625,534.0350036621094,1172.8839320801198
732,set03,video_0019,3_19_988,0,1409,16,0,False,False,,,840.9500122070312,125.0400390625,1223.60498046875,7118.520876169205
733,set03,video_0019,3_19_990,0,1436,16,0,False,False,,,818.4500122070312,81.30999755859375,407.0800018310547,2161.2186432983726
734,set03,video_0019,3_19_991,0,1429,16,0,False,False,,,815.6599731445312,76.5899658203125,408.63999938964844,1418.445325549692
735,set03,video_0019,3_19_992,0,1434,16,0,False,False,,,815.9000244140625,73.72003173828125,398.67999267578125,1303.3696211911738
736,set03,video_0019,3_19_994,0,7973,16,0,False,False,,,997.530029296875,440.83001708984375,213.4449920654297,54676.14648153074
737,set03,video_0019,3_19_996,1,8085,16,16,True,True,7968.0,117.0,849.47998046875,195.449951171875,313.1650085449219,13691.266693726182
738,set03,video_0019,3_19_995,1,7579,16,0,False,False,7459.0,120.0,853.5399780273438,191.0799560546875,1549.3399658203125,10184.570987790823
739,set03,video_0019,3_19_1000,0,11007,16,0,False,False,,,845.22998046875,131.010009765625,937.9349975585938,5021.6079170405865
740,set03,video_0019,3_19_1001,0,11010,16,0,False,False,,,845.02001953125,145.35003662109375,972.760009765625,6779.12783715874
741,set04,video_0001,4_1_1004,0,3471,16,0,False,False,,,786.7999877929688,76.57000732421875,1266.0650024414062,1518.3798803463578
742,set04,video_0001,4_1_1005,0,3884,16,0,False,False,,,790.9600219726562,87.1400146484375,1312.3500366210938,1772.4249195307493
743,set04,video_0001,4_1_1007,0,3885,16,0,False,False,,,800.02001953125,82.0400390625,1271.7849731445312,2411.1579498052597
744,set04,video_0001,4_1_1010,0,5470,16,0,False,False,,,829.3599853515625,106.77996826171875,1370.2649536132812,3005.8587135002017
745,set04,video_0001,4_1_1011,0,7240,16,0,False,False,,,831.7999877929688,152.64996337890625,1540.6000366210938,7998.861807860434
746,set04,video_0001,4_1_1012,0,7245,16,0,False,False,,,835.1199951171875,157.45001220703125,1537.7850341796875,8179.520446166396
747,set04,video_0001,4_1_1018,0,9502,16,0,False,False,,,820.260009765625,98.4100341796875,1340.125,3242.605821043253
748,set04,video_0001,4_1_1019,0,9504,16,0,False,False,,,819.7999877929688,105.41998291015625,1330.1599731445312,3550.550686620176
749,set04,video_0001,4_1_1024,0,10316,16,0,False,False,,,796.02001953125,85.92999267578125,809.8349914550781,2327.845809277147
750,set04,video_0001,4_1_1028,1,14284,16,16,True,True,14060.0,224.0,949.6400146484375,303.67999267578125,326.63499450683594,42785.46934895031
751,set04,video_0001,4_1_1029,0,14845,16,0,False,False,,,864.9000244140625,159.59002685546875,1396.125,13780.614403933287
752,set04,video_0001,4_1_1030,0,14828,16,0,False,False,,,853.6799926757812,153.3699951171875,1367.9749755859375,11620.847525537014
753,set04,video_0001,4_1_1044,0,14812,16,0,False,False,,,753.469970703125,115.25,53.44500160217285,3274.2524824142456
754,set04,video_0001,4_1_1006,0,3882,16,0,False,False,,,793.4199829101562,79.489990234375,1285.0750122070312,1759.1138720214367
755,set04,video_0001,4_1_1008,0,3889,16,0,False,False,,,799.760009765625,87.95001220703125,1283.2750244140625,2171.480648070574
756,set04,video_0001,4_1_1009,0,5475,16,0,False,False,,,834.2000122070312,109.04998779296875,1314.9949951171875,3412.1783778071404
757,set04,video_0001,4_1_1013,0,7267,16,0,False,False,,,830.239990234375,138.969970703125,1530.0549926757812,6093.829822510481
758,set04,video_0001,4_1_1014,0,7386,16,0,False,False,,,849.8200073242188,119.84002685546875,1391.8899536132812,4810.380433447659
759,set04,video_0001,4_1_1015,0,7388,16,0,False,False,,,843.2999877929688,92.76995849609375,1402.0999755859375,2690.3287963867188
760,set04,video_0001,4_1_1016,0,7374,16,0,False,False,,,839.1799926757812,137.010009765625,1556.0399780273438,7590.3578859865665
761,set04,video_0001,4_1_1017,0,9495,16,0,False,False,,,822.4099731445312,97.02996826171875,1403.6649780273438,4578.850361399353
762,set04,video_0001,4_1_1020,0,10093,16,0,False,False,,,790.780029296875,72.9200439453125,1285.0899658203125,1588.2006934583187
763,set04,video_0001,4_1_1021,0,10130,16,0,False,False,,,785.4000244140625,70.11004638671875,1295.89501953125,1616.039992555976
764,set04,video_0001,4_1_1023,0,10307,16,0,False,False,,,800.7000122070312,91.97003173828125,821.5500183105469,2786.6908389888704
765,set04,video_0001,4_1_1031,0,5468,16,0,False,False,,,830.0,121.3699951171875,1376.8350219726562,3773.3889998048544
766,set04,video_0001,4_1_1027,1,14209,16,16,True,True,13826.0,383.0,871.989990234375,214.6400146484375,103.77000045776367,14586.93519899901
767,set04,video_0001,4_1_1032,0,15026,16,0,False,False,,,957.47998046875,285.239990234375,1772.0900268554688,32979.44627812505
768,set04,video_0001,4_1_1034,0,14992,16,0,False,False,,,925.3099975585938,280.15997314453125,1840.4199829101562,20535.705511964858
769,set04,video_0001,4_1_1026,1,13906,16,16,True,True,13492.0,414.0,831.1599731445312,172.54998779296875,105.46999740600586,10173.547122299206
770,set04,video_0001,4_1_1033,0,15071,16,0,False,False,,,958.9600219726562,334.6500244140625,1726.2999877929688,29663.383066162467
771,set04,video_0001,4_1_1036,0,14986,16,0,False,False,,,887.2000122070312,243.05999755859375,1867.375,14338.106882348657
772,set04,video_0001,4_1_1037,0,15122,16,0,False,False,,,1016.9000244140625,398.530029296875,1718.8500366210938,44196.98997876048
773,set04,video_0001,4_1_1038,0,15046,16,0,False,False,,,973.5,249.84002685546875,1764.7550048828125,18485.66114719212
774,set04,video_0001,4_1_1022,0,10145,16,0,False,False,,,801.4199829101562,84.41998291015625,770.6300048828125,4080.8590884283185
775,set04,video_0002,4_2_1051,0,1497,16,0,False,False,,,824.0599975585938,126.469970703125,1315.6600341796875,5665.860862791538
776,set04,video_0002,4_2_1059,1,2818,16,15,False,True,2528.0,290.0,930.4000244140625,300.94000244140625,353.1800079345703,30346.788744116202
777,set04,video_0002,4_2_1060,1,2850,16,16,True,True,2626.0,224.0,960.0999755859375,291.5,738.489990234375,28666.100036621094
778,set04,video_0002,4_2_1062,1,2809,16,16,True,True,2567.0,242.0,953.280029296875,317.760009765625,291.1000061035156,35849.686629101634
779,set04,video_0002,4_2_1070,0,3995,16,0,False,False,,,817.5,124.77001953125,531.7350158691406,4732.525926977396
780,set04,video_0002,4_2_1078,0,9820,16,0,False,False,,,891.5800170898438,192.75,1374.875,10765.106323242188
781,set04,video_0002,4_2_1079,0,9831,16,0,False,False,,,892.4400024414062,173.489990234375,621.8900146484375,10024.256718456745
782,set04,video_0002,4_2_1080,0,9824,16,0,False,False,,,871.5,167.66998291015625,521.8500061035156,9942.827939819545
783,set04,video_0002,4_2_1081,1,10969,16,16,True,True,10788.0,181.0,954.6300048828125,322.58001708984375,103.31999588012695,41593.465730023105
784,set04,video_0002,4_2_1084,1,11984,16,0,False,False,11715.0,269.0,815.5599975585938,232.5999755859375,1803.14501953125,19359.291425049305
785,set04,video_0002,4_2_1086,1,12140,16,0,False,False,11821.0,319.0,840.6199951171875,254.760009765625,1776.699951171875,21460.98073476553
786,set04,video_0002,4_2_1087,1,12183,16,16,True,True,12102.0,81.0,985.1799926757812,305.3399658203125,547.5749969482422,45327.712335083634
787,set04,video_0002,4_2_1088,1,12216,16,0,False,False,12386.0,-170.0,871.6599731445312,248.17999267578125,1684.655029296875,16948.221394360065
788,set04,video_0002,4_2_1088,1,12481,16,16,True,True,12386.0,95.0,983.8699951171875,299.3599853515625,881.4150085449219,33848.63573627919
789,set04,video_0002,4_2_1089,1,12203,16,0,False,False,12366.0,-163.0,829.0999755859375,225.2099609375,1742.7149658203125,16208.3542907238
790,set04,video_0002,4_2_1089,1,12484,16,16,True,True,12366.0,118.0,966.6199951171875,274.82000732421875,916.5549926757812,32244.619382299483
791,set04,video_0002,4_2_1090,0,12665,16,0,False,False,,,796.3800048828125,114.42999267578125,651.0399780273438,5579.607560351491
792,set04,video_0002,4_2_1091,0,12733,16,0,False,False,,,830.0999755859375,130.6300048828125,1214.3099975585938,8603.29020805657
793,set04,video_0002,4_2_1093,1,12965,16,16,True,True,12799.0,166.0,925.1599731445312,223.62994384765625,1017.2550048828125,21372.3290207237
794,set04,video_0002,4_2_1094,1,12967,16,16,True,True,12825.0,142.0,940.3499755859375,245.2099609375,1123.3500366210938,21549.052564501762
795,set04,video_0002,4_2_1097,1,13338,16,16,True,True,13243.0,95.0,910.2999877929688,228.5999755859375,706.5650024414062,21184.369783446193
796,set04,video_0002,4_2_1098,1,13342,16,16,True,True,13257.0,85.0,906.8599853515625,224.64996337890625,754.3200073242188,17495.740244872868
797,set04,video_0002,4_2_1099,1,13477,16,16,True,True,13298.0,179.0,859.5,156.42999267578125,694.6950073242188,12672.395234301686
798,set04,video_0002,4_2_1100,1,13481,16,16,True,True,13329.0,152.0,865.0599975585938,169.33001708984375,741.2749938964844,14069.6356674321
799,set04,video_0002,4_2_1101,1,13473,16,16,True,True,13408.0,65.0,907.1199951171875,221.22998046875,1031.3800354003906,25016.68997219205
800,set04,video_0002,4_2_1102,1,13650,16,16,True,True,13524.0,126.0,868.2999877929688,197.28997802734375,667.9650268554688,15362.969625659287
801,set04,video_0002,4_2_1103,1,13659,16,16,True,True,13555.0,104.0,883.0599975585938,198.1099853515625,693.9249877929688,19713.92657700181
802,set04,video_0002,4_2_1120,1,15486,16,16,True,True,15387.0,99.0,981.5999755859375,352.8800048828125,523.4199829101562,64435.88027636707
803,set04,video_0002,4_2_1121,1,15490,16,16,True,True,15376.0,114.0,951.3599853515625,289.65997314453125,509.37001037597656,31764.1137157958
804,set04,video_0002,4_2_1061,1,2857,16,16,True,True,2639.0,218.0,963.760009765625,274.1600341796875,773.97998046875,35607.906577929854
805,set04,video_0002,4_2_1067,1,3697,16,16,True,True,3527.0,170.0,1055.260009765625,404.1500244140625,446.87998962402344,61608.61837469414
806,set04,video_0002,4_2_1082,1,10995,16,5,False,True,10790.0,205.0,907.5499877929688,246.72998046875,88.39499855041504,19237.535937132314
807,set04,video_0002,4_2_1083,1,11356,16,16,True,True,11202.0,154.0,905.4600219726562,265.4200439453125,145.35499954223633,25398.042628130876
808,set04,video_0002,4_2_1092,1,13006,16,0,False,False,12763.0,243.0,881.4600219726562,223.4000244140625,1803.5449829101562,15734.07571850717
809,set04,video_0002,4_2_1096,1,12972,16,16,True,True,12849.0,123.0,935.52001953125,244.6400146484375,1172.9949951171875,23135.622908741236
810,set04,video_0003,4_3_1122,0,463,16,0,False,False,,,862.0800170898438,162.9100341796875,681.375,7286.962647020817
811,set04,video_0003,4_3_1123,1,1107,16,13,False,True,937.0,170.0,933.5,274.55999755859375,451.22499084472656,41324.019534887746
812,set04,video_0003,4_3_1126,0,1549,16,0,False,False,,,910.02001953125,216.8900146484375,671.8899841308594,14327.753838159144
813,set04,video_0003,4_3_1147,0,12678,16,0,False,False,,,828.8800048828125,119.1600341796875,504.5199890136719,5753.042668260634
814,set04,video_0003,4_3_1128,0,1973,16,0,False,False,,,940.2999877929688,287.2099609375,1419.4500122070312,31851.591679930687
815,set04,video_0003,4_3_1141,0,5855,16,0,False,False,,,937.1099853515625,395.219970703125,147.05999755859375,53378.408278271556
816,set04,video_0003,4_3_1142,0,5861,16,0,False,False,,,929.5999755859375,372.0999755859375,219.08499908447266,45630.61614520289
817,set04,video_0003,4_3_1149,0,12687,16,0,False,False,,,848.7999877929688,156.5899658203125,551.8949890136719,8426.105678491294
818,set04,video_0003,4_3_1151,0,13028,16,0,False,False,,,832.260009765625,149.95001220703125,1241.2449951171875,7070.128432005644
819,set04,video_0003,4_3_1152,0,13451,16,0,False,False,,,902.4000244140625,209.07000732421875,1216.9650268554688,11990.15981579572
820,set04,video_0003,4_3_1154,1,14437,16,0,False,False,14122.0,315.0,868.7000122070312,160.96002197265625,1274.8350219726562,8181.590843431652
821,set04,video_0003,4_3_1158,0,14606,16,0,False,False,,,870.0399780273438,200.19000244140625,652.9199829101562,14541.804709814489
822,set04,video_0003,4_3_1160,0,15022,16,0,False,False,,,966.7000122070312,299.20001220703125,1475.155029296875,25973.570590943098
823,set04,video_0003,4_3_1161,0,15045,16,0,False,False,,,892.6599731445312,277.1099853515625,505.4750061035156,23191.335350610316
824,set04,video_0003,4_3_1166,0,15910,16,0,False,False,,,872.7000122070312,253.23004150390625,1401.5449829101562,19769.65573898703
825,set04,video_0004,4_4_1200,0,13520,16,0,False,False,,,815.0399780273438,97.50994873046875,1115.5050048828125,2506.9769728779793
826,set04,video_0004,4_4_1202,0,15603,16,0,False,False,,,875.1799926757812,188.02996826171875,1428.8099975585938,11420.961388863623
827,set04,video_0004,4_4_1169,1,652,16,16,True,True,549.0,103.0,989.7999877929688,348.44000244140625,1631.239990234375,38509.59587529302
828,set04,video_0004,4_4_1167,1,616,16,16,True,True,531.0,85.0,1050.5799560546875,405.7999267578125,1367.5250244140625,68884.53756713867
829,set04,video_0004,4_4_1168,1,624,16,16,True,True,535.0,89.0,1029.72998046875,370.489990234375,1448.8250122070312,55177.09414497018
830,set04,video_0004,4_4_1170,0,717,16,0,False,False,,,920.5999755859375,225.9599609375,1004.64501953125,17514.15877890587
831,set04,video_0004,4_4_1173,0,1740,16,0,False,False,,,869.5599975585938,177.95001220703125,1281.3800048828125,12442.250951170921
832,set04,video_0004,4_4_1174,0,2187,16,0,False,False,,,872.8599853515625,205.3800048828125,408.9700012207031,14060.319647021592
833,set04,video_0004,4_4_1176,0,2189,16,0,False,False,,,904.780029296875,210.85003662109375,1357.1700439453125,16281.833650633693
834,set04,video_0004,4_4_1179,1,4163,16,16,True,True,3998.0,165.0,1044.7900390625,420.35003662109375,381.36000061035156,56764.07253717072
835,set04,video_0004,4_4_1180,1,4153,16,16,True,True,3998.0,155.0,1007.8800048828125,287.82000732421875,472.83001708984375,30693.129797168076
836,set04,video_0004,4_4_1187,0,4585,16,0,False,False,,,894.9000244140625,203.6199951171875,589.7650146484375,20213.360892236233
837,set04,video_0004,4_4_1188,0,5036,16,0,False,False,,,940.260009765625,245.6099853515625,1342.2999877929688,20149.822810694575
838,set04,video_0004,4_4_1195,0,13039,16,0,False,False,,,792.3400268554688,68.6400146484375,1339.9000244140625,1268.466130077839
839,set04,video_0004,4_4_1196,0,13038,16,0,False,False,,,791.3400268554688,66.5400390625,1345.7650146484375,1137.1751158237457
840,set04,video_0004,4_4_1197,0,13036,16,0,False,False,,,781.9600219726562,65.55999755859375,1385.3250122070312,1412.8131456300616
841,set04,video_0004,4_4_1198,0,13037,16,0,False,False,,,783.7999877929688,63.70001220703125,1377.2550048828125,1121.7640577405691
842,set04,video_0004,4_4_1199,0,13516,16,0,False,False,,,815.52001953125,93.84002685546875,1118.6000366210938,2875.259797461331
843,set04,video_0004,4_4_1201,0,15613,16,0,False,False,,,890.510009765625,217.44000244140625,1372.14501953125,12174.463613256812
844,set04,video_0004,4_4_1204,0,15821,16,0,False,False,,,809.6199951171875,77.67999267578125,548.77001953125,2679.959747314453
845,set04,video_0005,4_5_1205,0,4395,16,0,False,False,,,817.0,122.58001708984375,1335.5400390625,4903.20068359375
846,set04,video_0005,4_5_1206,0,4392,16,0,False,False,,,815.3400268554688,84.1300048828125,1344.6849975585938,2045.1950784176588
847,set04,video_0005,4_5_1207,0,4399,16,0,False,False,,,799.5499877929688,104.29998779296875,1375.5499877929688,3316.731972657144
848,set04,video_0005,4_5_1209,0,9515,16,0,False,False,,,841.030029296875,99.4300537109375,1283.2849731445312,3321.961492970586
849,set04,video_0005,4_5_1210,0,9519,16,0,False,False,,,840.239990234375,94.260009765625,1241.0700073242188,2577.06544521451
850,set04,video_0005,4_5_1211,1,11299,16,16,True,True,11065.0,234.0,857.780029296875,168.62005615234375,69.35500144958496,7340.031481710961
851,set04,video_0005,4_5_1214,1,11187,16,16,True,True,11103.0,84.0,1004.3800048828125,429.4100341796875,470.85499572753906,85611.46331312135
852,set04,video_0005,4_5_1215,1,11815,16,0,False,False,11139.0,676.0,740.6900024414062,81.45001220703125,87.33499908447266,2167.384874542244
853,set04,video_0005,4_5_1219,1,11612,16,16,True,True,11399.0,213.0,838.739990234375,177.4599609375,85.91499900817871,10486.109118875116
854,set04,video_0005,4_5_1217,1,11522,16,0,False,False,11121.0,401.0,820.5999755859375,201.1099853515625,1794.864990234375,11758.894951611757
855,set04,video_0005,4_5_1218,1,11541,16,0,False,False,11119.0,422.0,815.8599853515625,182.89996337890625,1792.4249877929688,10759.996807985008
856,set04,video_0005,4_5_1221,1,13760,16,0,False,False,13535.0,225.0,942.239990234375,281.89996337890625,1594.5800170898438,34628.58186621219
857,set04,video_0005,4_5_1222,1,13749,16,0,False,False,13540.0,209.0,929.2899780273438,169.8599853515625,1601.60498046875,11688.075544774532
858,set04,video_0005,4_5_1225,1,15226,16,6,False,True,15024.0,202.0,968.5,344.3599853515625,350.11500549316406,39391.3332596682
859,set04,video_0005,4_5_1226,1,15240,16,0,False,False,14965.0,275.0,871.75,236.4000244140625,329.8800048828125,17290.301248535514
860,set04,video_0005,4_5_1228,1,15173,16,0,False,False,14981.0,192.0,841.8200073242188,211.760009765625,365.5500030517578,19147.342926464975
861,set04,video_0005,4_5_1213,1,11330,16,16,True,True,11060.0,270.0,820.989990234375,147.69000244140625,81.51000022888184,6622.419732008362
862,set04,video_0005,4_5_1216,1,11813,16,0,False,False,11158.0,655.0,742.25,66.739990234375,162.375,1618.4447631835938
863,set04,video_0006,4_6_1255,0,9465,16,0,False,False,,,841.3599853515625,168.8599853515625,1529.25,10492.941350489855
864,set04,video_0006,4_6_1256,0,9434,16,0,False,False,,,822.260009765625,145.41998291015625,1458.4500122070312,6657.313326515257
865,set04,video_0006,4_6_1257,0,9460,16,0,False,False,,,828.239990234375,153.3900146484375,1542.155029296875,6450.057605713606
866,set04,video_0006,4_6_1258,0,9440,16,0,False,False,,,824.0,140.66998291015625,1478.14501953125,6430.019423902035
867,set04,video_0006,4_6_1260,0,9449,16,0,False,False,,,817.0999755859375,97.02996826171875,1525.6300048828125,5641.311931595206
868,set04,video_0006,4_6_1265,0,13441,16,0,False,False,,,793.8599853515625,79.1300048828125,1264.010009765625,1742.4442530274391
869,set04,video_0006,4_6_1277,0,17745,16,0,False,False,,,819.5999755859375,92.25994873046875,1356.780029296875,2583.278564453125
870,set04,video_0006,4_6_1234,1,3160,16,16,True,True,3089.0,71.0,1041.0,412.27001953125,939.219970703125,94805.59758710861
871,set04,video_0006,4_6_1235,1,3171,16,16,True,True,3098.0,73.0,905.1699829101562,223.510009765625,789.3599853515625,19507.960200488567
872,set04,video_0006,4_6_1236,0,3723,16,0,False,False,,,857.780029296875,137.86004638671875,685.6549987792969,5940.393101099879
873,set04,video_0006,4_6_1237,0,3720,16,0,False,False,,,848.4000244140625,129.74005126953125,639.260009765625,5744.893271192908
874,set04,video_0006,4_6_1238,1,5731,16,16,True,True,5664.0,67.0,1026.530029296875,401.4100341796875,783.7550048828125,87407.03494262695
875,set04,video_0006,4_6_1239,1,5737,16,16,True,True,5675.0,62.0,1009.5999755859375,361.77996826171875,720.0749816894531,79392.61845129356
876,set04,video_0006,4_6_1240,1,6494,16,0,False,False,6135.0,359.0,817.7000122070312,175.57000732421875,1831.4549560546875,8211.412671655416
877,set04,video_0006,4_6_1241,1,6404,16,16,True,True,6171.0,233.0,1080.0,515.02001953125,1496.864990234375,114205.68933105469
878,set04,video_0006,4_6_1242,1,6404,16,15,False,True,6139.0,265.0,1075.72998046875,516.1300048828125,1513.9749755859375,78725.32476577163
879,set04,video_0006,4_6_1243,1,6418,16,0,False,False,6120.0,298.0,855.030029296875,193.27001953125,1667.3099975585938,13188.767837941647
880,set04,video_0006,4_6_1244,1,6472,16,0,False,False,6113.0,359.0,810.6300048828125,171.04998779296875,1842.0549926757812,8660.261717163026
881,set04,video_0006,4_6_1245,1,6547,16,0,False,False,6133.0,414.0,845.2000122070312,201.35003662109375,1708.489990234375,15507.983753174543
882,set04,video_0006,4_6_1246,1,6356,16,16,True,True,6180.0,176.0,999.5999755859375,446.6199951171875,309.16500091552734,69614.66327303462
883,set04,video_0006,4_6_1247,1,6343,16,16,True,True,6155.0,188.0,965.1699829101562,338.78997802734375,324.2449951171875,41762.64720842242
884,set04,video_0006,4_6_1248,1,6312,16,16,True,True,6129.0,183.0,949.239990234375,342.90997314453125,252.3600082397461,38680.246017181315
885,set04,video_0006,4_6_1249,1,6355,16,16,True,True,6147.0,208.0,937.1099853515625,315.80999755859375,273.61000061035156,43240.70910633542
886,set04,video_0006,4_6_1250,1,6506,16,16,True,True,6305.0,201.0,874.280029296875,271.280029296875,146.20999908447266,22510.81567202136
887,set04,video_0006,4_6_1251,0,7160,16,0,False,False,,,859.7999877929688,147.66998291015625,1095.780029296875,7017.280472069979
888,set04,video_0006,4_6_1252,0,7156,16,0,False,False,,,854.280029296875,133.5,1044.5899963378906,5540.241851806641
889,set04,video_0006,4_6_1253,1,7631,16,16,True,True,7562.0,69.0,919.3200073242188,226.280029296875,1150.6549682617188,23390.565523535013
890,set04,video_0006,4_6_1254,1,8283,16,16,True,True,8158.0,125.0,906.6400146484375,207.6600341796875,1314.8800048828125,16936.76455527544
891,set04,video_0006,4_6_1259,0,9452,16,0,False,False,,,815.8099975585938,145.25,1532.625,7275.585266113281
892,set04,video_0006,4_6_1261,0,9432,16,0,False,False,,,808.9000244140625,130.60003662109375,1462.7950439453125,6755.937343627214
893,set04,video_0006,4_6_1263,0,11922,16,0,False,False,,,814.530029296875,152.25,151.88500213623047,5783.9783363342285
894,set04,video_0006,4_6_1264,0,12096,16,0,False,False,,,836.8800048828125,119.510009765625,901.2850036621094,5290.7031721919775
895,set04,video_0006,4_6_1262,0,11907,16,0,False,False,,,813.6300048828125,178.030029296875,152.33499908447266,8280.175684649497
896,set04,video_0006,4_6_1275,0,17738,16,0,False,False,,,814.1799926757812,93.75,1397.3350219726562,2123.4397888183594
897,set04,video_0006,4_6_1276,0,17743,16,0,False,False,,,801.0399780273438,86.739990234375,1442.4600219726562,2848.538314551115
898,set04,video_0006,4_6_1279,0,17760,16,0,False,False,,,847.7000122070312,116.44000244140625,1295.8900146484375,4683.213486865163
899,set04,video_0006,4_6_1280,0,17763,16,0,False,False,,,841.9000244140625,117.20001220703125,1286.0599975585938,3642.57122900337
900,set04,video_0006,4_6_1281,0,17761,16,0,False,False,,,851.4199829101562,115.989990234375,1244.2650146484375,3411.2554183602333
901,set04,video_0006,4_6_1282,0,17769,16,0,False,False,,,839.7899780273438,115.39996337890625,1295.0,3702.0398408174515
902,set04,video_0006,4_6_1283,0,17771,16,0,False,False,,,846.219970703125,128.01995849609375,1225.6649780273438,5518.938535474241
903,set04,video_0006,4_6_1284,0,17774,16,0,False,False,,,849.0399780273438,128.219970703125,1211.6349487304688,5207.011132031679
904,set04,video_0006,4_6_1232,1,2658,16,0,False,False,3038.0,-380.0,813.6199951171875,141.94000244140625,150.63499450683594,6099.162078173831
905,set04,video_0006,4_6_1232,1,3156,16,0,False,False,3038.0,118.0,912.3599853515625,271.20001220703125,1608.0450439453125,29156.71596081555
906,set04,video_0006,4_6_1233,1,2649,16,0,False,False,3039.0,-390.0,816.0599975585938,138.45001220703125,138.2599983215332,5391.242757064756
907,set04,video_0006,4_6_1233,1,3158,16,0,False,False,3039.0,119.0,905.4400024414062,248.71002197265625,1580.699951171875,20831.953869238496
908,set04,video_0007,4_7_1321,0,6747,16,0,False,False,,,855.6599731445312,225.69000244140625,1737.6950073242188,15358.18813610822
909,set04,video_0007,4_7_1322,0,6828,16,0,False,False,,,831.7000122070312,134.739990234375,978.0650024414062,7775.839573144913
910,set04,video_0007,4_7_1323,0,6826,16,0,False,False,,,834.5999755859375,99.39996337890625,980.1099853515625,3059.5337849110365
911,set04,video_0007,4_7_1324,0,6824,16,0,False,False,,,837.280029296875,136.08001708984375,967.25,5679.978584423661
912,set04,video_0007,4_7_1351,0,13154,16,0,False,False,,,789.5599975585938,94.09002685546875,390.2250061035156,3122.8482210449874
913,set04,video_0007,4_7_1287,1,1267,16,0,False,False,1143.0,124.0,886.1599731445312,222.00994873046875,1284.2000122070312,22298.693342916667
914,set04,video_0007,4_7_1288,1,1269,16,0,False,False,1160.0,109.0,873.719970703125,186.39996337890625,1305.77001953125,13103.926527097821
915,set04,video_0007,4_7_1289,1,1241,16,16,True,True,1103.0,138.0,905.7000122070312,234.94000244140625,416.5399932861328,21830.628181567416
916,set04,video_0007,4_7_1294,1,2463,16,16,True,True,2362.0,101.0,890.9600219726562,217.10003662109375,462.8249969482422,21282.316324951127
917,set04,video_0007,4_7_1295,1,2650,16,16,True,True,2580.0,70.0,859.52001953125,183.280029296875,783.9949951171875,19950.026714354753
918,set04,video_0007,4_7_1299,0,3685,16,0,False,False,,,866.0599975585938,236.45001220703125,258.43499755859375,18738.663467407227
919,set04,video_0007,4_7_1300,1,3878,16,0,False,False,3717.0,161.0,866.6400146484375,169.0,520.2699890136719,9616.093811035156
920,set04,video_0007,4_7_1301,1,3911,16,16,True,True,3818.0,93.0,885.1799926757812,169.3499755859375,729.7650146484375,10396.397481933236
921,set04,video_0007,4_7_1303,0,6232,16,0,False,False,,,970.1099853515625,364.8900146484375,395.0399932861328,36846.59768800065
922,set04,video_0007,4_7_1304,0,6228,16,0,False,False,,,1008.219970703125,469.78997802734375,368.4750061035156,72258.39537343755
923,set04,video_0007,4_7_1305,1,4788,16,16,True,True,4637.0,151.0,934.3800048828125,244.1600341796875,1711.1649780273438,21825.469031885266
924,set04,video_0007,4_7_1308,1,4788,16,16,True,True,4621.0,167.0,935.469970703125,261.93994140625,1689.3300170898438,24088.018754780293
925,set04,video_0007,4_7_1311,0,6247,16,0,False,False,,,967.6199951171875,355.219970703125,486.760009765625,38981.83611601591
926,set04,video_0007,4_7_1312,0,6239,16,0,False,False,,,974.4000244140625,376.95001220703125,447.25999450683594,35629.31101251207
927,set04,video_0007,4_7_1320,1,5724,16,0,False,False,5461.0,263.0,1080.0,612.5400085449219,140.60000610351562,172246.25788012706
928,set04,video_0007,4_7_1309,1,5125,16,16,True,True,4981.0,144.0,907.7999877929688,223.76995849609375,1596.7950439453125,20311.60350319743
929,set04,video_0007,4_7_1310,1,5118,16,16,True,True,4987.0,131.0,924.7000122070312,240.9100341796875,1573.3099975585938,15991.609245166183
930,set04,video_0007,4_7_1315,1,5980,16,16,True,True,5917.0,63.0,1080.0,447.3499755859375,1570.9700317382812,76890.51598803699
931,set04,video_0007,4_7_1317,0,6209,16,0,False,False,,,876.4000244140625,207.36004638671875,1866.25,10807.629917681217
932,set04,video_0007,4_7_1318,0,6205,16,0,False,False,,,885.7999877929688,232.72998046875,1893.614990234375,11536.441041111946
933,set04,video_0007,4_7_1325,0,6822,16,0,False,False,,,838.0999755859375,136.44000244140625,948.2250061035156,6214.840445678681
934,set04,video_0007,4_7_1326,0,6819,16,0,False,False,,,829.5,140.79998779296875,892.864990234375,5934.722922973335
935,set04,video_0007,4_7_1327,0,6817,16,0,False,False,,,831.260009765625,126.5,866.3600158691406,4923.377838134766
936,set04,video_0007,4_7_1328,1,8240,16,16,True,True,8126.0,114.0,896.780029296875,200.780029296875,557.7049865722656,17224.91430170834
937,set04,video_0007,4_7_1330,1,10744,16,16,True,True,10617.0,127.0,1080.0,546.0800170898438,382.51499938964844,148790.4229230713
938,set04,video_0007,4_7_1331,1,10817,16,16,True,True,10586.0,231.0,929.0999755859375,323.26995849609375,183.78499603271484,27319.542416729964
939,set04,video_0007,4_7_1332,1,10794,16,16,True,True,10643.0,151.0,1080.0,552.5399780273438,375.68499755859375,122326.83382932097
940,set04,video_0007,4_7_1335,1,11928,16,0,False,False,10919.0,1009.0,784.1799926757812,67.8800048828125,653.8500061035156,1668.4916800782084
941,set04,video_0007,4_7_1336,1,12133,16,16,True,True,11587.0,546.0,805.0,170.41998291015625,105.3849983215332,9923.556176946964
942,set04,video_0007,4_7_1337,1,11439,16,16,True,True,11123.0,316.0,837.0999755859375,214.50994873046875,69.66000175476074,14217.719958293019
943,set04,video_0007,4_7_1338,1,12091,16,11,False,True,11624.0,467.0,783.8599853515625,70.65997314453125,629.3399963378906,1835.749034959823
944,set04,video_0007,4_7_1339,1,11833,16,16,True,True,11614.0,219.0,900.0,282.1500244140625,155.80499649047852,21779.158920730464
945,set04,video_0007,4_7_1340,1,11320,16,16,True,True,11150.0,170.0,935.6400146484375,313.739990234375,209.72000122070312,37906.06791801751
946,set04,video_0007,4_7_1341,1,12755,16,0,False,False,11679.0,1076.0,785.9000244140625,96.02001953125,383.4600067138672,3003.506093725562
947,set04,video_0007,4_7_1342,1,12149,16,16,True,True,11863.0,286.0,852.7999877929688,221.719970703125,118.65500259399414,17048.050103625283
948,set04,video_0007,4_7_1343,1,12198,16,16,True,True,11930.0,268.0,873.7899780273438,245.989990234375,181.5749969482422,17512.028005346656
949,set04,video_0007,4_7_1344,1,12374,16,16,True,True,12033.0,341.0,849.8200073242188,214.030029296875,90.64999961853027,14241.55752890464
950,set04,video_0007,4_7_1345,1,12393,16,16,True,True,12213.0,180.0,909.2000122070312,305.0400390625,171.2750015258789,23686.361825928092
951,set04,video_0007,4_7_1346,0,12684,16,0,False,False,,,814.5800170898438,116.96002197265625,392.0550079345703,3996.5255213137716
952,set04,video_0007,4_7_1347,0,12897,16,0,False,False,,,831.02001953125,108.59002685546875,1172.9149780273438,3052.464064233005
953,set04,video_0007,4_7_1350,0,13170,16,0,False,False,,,795.1799926757812,83.54998779296875,344.5249938964844,3097.1986594237387
954,set04,video_0007,4_7_1352,0,13191,16,0,False,False,,,867.4600219726562,185.67999267578125,1249.9450073242188,9906.023076049984
955,set04,video_0007,4_7_1353,0,13205,16,0,False,False,,,872.280029296875,191.74005126953125,1293.0700073242188,15228.003297902644
956,set04,video_0007,4_7_1354,1,13301,16,16,True,True,13255.0,46.0,930.7999877929688,251.1400146484375,1226.9700317382812,29549.142707422376
957,set04,video_0007,4_7_1369,0,14773,16,0,False,False,,,871.3099975585938,136.5,1340.4849853515625,6547.9010009765625
958,set04,video_0007,4_7_1370,0,14779,16,0,False,False,,,863.1400146484375,137.08001708984375,1348.3049926757812,7856.047078050673
959,set04,video_0007,4_7_1368,0,14769,16,0,False,False,,,875.1900024414062,140.52001953125,1278.675048828125,8289.274579882622
960,set04,video_0007,4_7_1355,0,14665,16,0,False,False,,,831.8800048828125,131.3900146484375,1373.4850463867188,5038.803854003549
961,set04,video_0007,4_7_1356,0,14638,16,0,False,False,,,797.02001953125,89.55999755859375,280.87998962402344,2622.316619189456
962,set04,video_0007,4_7_1357,0,14633,16,0,False,False,,,790.3800048828125,60.1099853515625,265.9750061035156,1048.9199781492352
963,set04,video_0007,4_7_1358,0,14666,16,0,False,False,,,836.02001953125,160.6500244140625,1408.2300415039062,7364.191628172994
964,set04,video_0007,4_7_1360,0,14638,16,0,False,False,,,805.4199829101562,104.82000732421875,353.0950012207031,3585.8947537355125
965,set04,video_0007,4_7_1359,0,14768,16,0,False,False,,,818.5,100.96002197265625,470.13999938964844,3242.8384938482195
966,set04,video_0007,4_7_1363,1,16931,16,0,False,False,16739.0,192.0,897.0800170898438,324.25,100.74000358581543,29973.672028541565
967,set04,video_0007,4_7_1365,1,17441,16,16,True,True,17350.0,91.0,1054.260009765625,384.72998046875,1532.135009765625,65992.74482119083
968,set04,video_0007,4_7_1366,1,17498,16,16,True,True,17435.0,63.0,1075.800048828125,410.96002197265625,1047.2350158691406,79664.6153092049
969,set04,video_0007,4_7_1367,0,17996,16,0,False,False,,,790.7999877929688,87.6099853515625,823.2749938964844,2142.065211303532
970,set04,video_0007,4_7_1302,0,3923,16,0,False,False,,,876.2000122070312,192.010009765625,1496.050048828125,11232.585571289062
971,set04,video_0008,4_8_1373,0,4432,16,0,False,False,,,810.4400024414062,93.07000732421875,1250.5599975585938,2416.105115674436
972,set04,video_0008,4_8_1388,0,9608,16,0,False,False,,,814.5,120.32000732421875,1486.0750122070312,3695.037412427366
973,set04,video_0008,4_8_1390,0,8389,16,0,False,False,,,865.9199829101562,205.42999267578125,1442.9150390625,10429.684740453959
974,set04,video_0008,4_8_1385,0,9605,16,0,False,False,,,814.25,105.03997802734375,364.4300079345703,3180.6104064453393
975,set04,video_0008,4_8_1374,0,4426,16,0,False,False,,,795.7899780273438,81.2099609375,1268.6950073242188,2321.7900074720383
976,set04,video_0008,4_8_1375,0,4424,16,0,False,False,,,795.280029296875,83.10003662109375,1288.0700073242188,2569.456784181297
977,set04,video_0008,4_8_1372,0,4438,16,0,False,False,,,813.9299926757812,89.8900146484375,1224.2550048828125,2553.7674156725407
978,set04,video_0008,4_8_1379,0,6065,16,0,False,False,,,808.2000122070312,122.54998779296875,1513.8200073242188,4762.290730468929
979,set04,video_0008,4_8_1380,0,6069,16,0,False,False,,,808.6199951171875,111.1300048828125,1484.0650024414062,4159.6020516604185
980,set04,video_0008,4_8_1383,0,6180,16,0,False,False,,,824.2000122070312,103.58001708984375,1301.9550170898438,3373.595593236387
981,set04,video_0008,4_8_1384,0,6190,16,0,False,False,,,840.0599975585938,107.21002197265625,1273.3599853515625,3031.9025623053312
982,set04,video_0008,4_8_1386,0,9614,16,0,False,False,,,845.9400024414062,146.53997802734375,1388.6000366210938,6799.458558104932
983,set04,video_0008,4_8_1387,0,9600,16,0,False,False,,,818.6599731445312,121.15997314453125,1446.6199951171875,5781.750368848443
984,set04,video_0008,4_8_1394,1,10452,16,16,True,True,10201.0,251.0,876.469970703125,221.5699462890625,116.5250015258789,14191.555735992268
985,set04,video_0008,4_8_1391,0,8373,16,0,False,False,,,817.9500122070312,148.010009765625,1448.5599975585938,7604.755024462938
986,set04,video_0008,4_8_1392,1,8691,16,16,True,True,8468.0,223.0,1004.3200073242188,385.4100341796875,1345.260009765625,49810.38905361295
987,set04,video_0008,4_8_1395,1,10434,16,16,True,True,10253.0,181.0,914.3599853515625,269.22998046875,217.1449966430664,36364.89132568985
988,set04,video_0008,4_8_1396,1,10490,16,16,True,True,10370.0,120.0,1004.5800170898438,394.92999267578125,144.83999633789062,45748.68890528567
989,set04,video_0008,4_8_1400,0,11175,16,0,False,False,,,842.760009765625,123.16998291015625,1168.2850341796875,5364.0587698966265
990,set04,video_0008,4_8_1401,0,12454,16,0,False,False,,,860.4000244140625,172.55999755859375,1467.14501953125,8232.830742895603
991,set04,video_0008,4_8_1402,0,12434,16,0,False,False,,,875.7000122070312,165.8599853515625,1310.614990234375,10046.150650829077
992,set04,video_0008,4_8_1403,0,12440,16,0,False,False,,,880.9199829101562,168.8399658203125,1316.1300048828125,10275.618456929922
993,set04,video_0008,4_8_1404,1,15222,16,16,True,True,14976.0,246.0,965.3800048828125,304.030029296875,1757.9750366210938,36681.230457276106
994,set04,video_0008,4_8_1406,0,15951,16,0,False,False,,,829.969970703125,143.27996826171875,433.614990234375,6537.865651391447
995,set04,video_0008,4_8_1408,0,15926,16,0,False,False,,,819.8200073242188,109.1300048828125,1645.3099975585938,3996.340245947242
996,set04,video_0008,4_8_1409,0,15921,16,0,False,False,,,822.760009765625,102.97003173828125,1656.5150146484375,2913.0262201428413
997,set04,video_0008,4_8_1410,0,15949,16,0,False,False,,,840.739990234375,112.0899658203125,1648.1599731445312,4106.977989599109
998,set04,video_0008,4_8_1411,0,15933,16,0,False,False,,,831.4000244140625,123.4100341796875,1600.7850341796875,5680.567488819361
999,set04,video_0008,4_8_1378,0,6061,16,0,False,False,,,807.2999877929688,120.8699951171875,1526.77001953125,4527.7852956056595
1000,set04,video_0008,4_8_1393,0,8778,16,0,False,False,,,815.9000244140625,97.4300537109375,974.3949890136719,4061.8591770753264
1001,set04,video_0008,4_8_1405,1,15243,16,16,True,True,14983.0,260.0,934.5599975585938,249.6300048828125,1802.9599609375,18961.88541972637
1002,set04,video_0008,4_8_1407,0,15955,16,0,False,False,,,823.8300170898438,137.59002685546875,434.7300109863281,5418.295929394662
1003,set04,video_0009,4_9_1412,0,4635,16,0,False,False,,,851.8499755859375,141.6099853515625,1409.8500366210938,7978.301734521985
1004,set04,video_0009,4_9_1413,1,5142,16,16,True,True,4952.0,190.0,975.3400268554688,334.75,395.0850067138672,59361.21300506592
1005,set04,video_0009,4_9_1417,1,5239,16,16,True,True,4914.0,325.0,850.3400268554688,171.050048828125,1856.635009765625,8123.165148437023
1006,set04,video_0009,4_9_1421,1,4182,16,16,True,True,4011.0,171.0,1010.4500122070312,330.0400390625,819.6950073242188,45086.76490175724
1007,set04,video_0009,4_9_1443,0,9279,16,0,False,False,,,824.8599853515625,111.95001220703125,598.8899841308594,2975.633237671107
1008,set04,video_0009,4_9_1445,0,9280,16,0,False,False,,,814.2999877929688,114.66998291015625,559.7900085449219,3121.3205742426217
1009,set04,video_0009,4_9_1447,0,9372,16,0,False,False,,,826.4000244140625,136.19000244140625,633.8500061035156,6441.7854530029
1010,set04,video_0009,4_9_1449,0,9365,16,0,False,False,,,812.3099975585938,121.69000244140625,567.5400085449219,4339.462219018489
1011,set04,video_0009,4_9_1420,1,5995,16,16,True,True,5613.0,382.0,835.7899780273438,158.22998046875,1824.9200439453125,8500.109915137291
1012,set04,video_0009,4_9_1427,1,6487,16,0,False,False,6641.0,-154.0,793.6199951171875,150.07000732421875,107.6500015258789,6122.856756805442
1013,set04,video_0009,4_9_1427,1,6694,16,16,True,True,6641.0,53.0,912.0999755859375,228.3599853515625,787.010009765625,27033.25618095696
1014,set04,video_0009,4_9_1422,1,6080,16,16,True,True,5696.0,384.0,852.8800048828125,194.52001953125,1850.655029296875,11035.116908788681
1015,set04,video_0009,4_9_1423,1,6129,16,16,True,True,5686.0,443.0,838.2000122070312,176.25,1881.364990234375,7224.485778808594
1016,set04,video_0009,4_9_1426,1,6490,16,0,False,False,6632.0,-142.0,806.260009765625,155.80999755859375,112.14500427246094,5941.035967700183
1017,set04,video_0009,4_9_1426,1,6690,16,16,True,True,6632.0,58.0,934.9000244140625,240.09002685546875,700.7900085449219,21199.94644055143
1018,set04,video_0009,4_9_1429,0,6931,16,0,False,False,,,823.6599731445312,106.97998046875,717.3250122070312,3199.7748723626137
1019,set04,video_0009,4_9_1431,0,7080,16,0,False,False,,,837.2999877929688,125.469970703125,645.4200134277344,4682.540225610137
1020,set04,video_0009,4_9_1432,0,7086,16,0,False,False,,,853.5999755859375,140.51995849609375,665.239990234375,6143.52846865356
1021,set04,video_0009,4_9_1433,0,7081,16,0,False,False,,,846.4199829101562,134.29998779296875,1321.5800170898438,8299.729409180582
1022,set04,video_0009,4_9_1434,0,8626,16,0,False,False,,,824.4199829101562,104.969970703125,1446.3499755859375,3230.978773534298
1023,set04,video_0009,4_9_1435,0,8632,16,0,False,False,,,819.7999877929688,108.07000732421875,1510.614990234375,3299.3804897218943
1024,set04,video_0009,4_9_1436,0,8713,16,0,False,False,,,817.8599853515625,97.15997314453125,1450.7000122070312,2736.0281646475196
1025,set04,video_0009,4_9_1437,0,8701,16,0,False,False,,,809.9600219726562,99.70001220703125,1505.0349731445312,2776.642905883491
1026,set04,video_0009,4_9_1438,0,8703,16,0,False,False,,,811.0399780273438,84.0,1482.625,2465.408203125
1027,set04,video_0009,4_9_1439,0,9276,16,0,False,False,,,835.3699951171875,99.1099853515625,1439.625,3269.637448877096
1028,set04,video_0009,4_9_1440,0,8853,16,0,False,False,,,821.47998046875,101.27996826171875,1396.4100341796875,4583.932352587581
1029,set04,video_0009,4_9_1442,0,9284,16,0,False,False,,,826.4600219726562,111.17999267578125,595.3699951171875,3866.84340249002
1030,set04,video_0009,4_9_1448,0,9360,16,0,False,False,,,820.5800170898438,124.33001708984375,565.75,5097.530700683594
1031,set04,video_0009,4_9_1451,0,9861,16,0,False,False,,,784.2000122070312,95.25,467.625,2563.1749420166016
1032,set04,video_0009,4_9_1456,0,9891,16,0,False,False,,,821.9199829101562,126.1199951171875,1504.3699951171875,3927.3630999028683
1033,set04,video_0009,4_9_1441,0,9273,16,0,False,False,,,833.2899780273438,108.199951171875,1443.3399658203125,2704.998779296875
1034,set04,video_0009,4_9_1453,1,10414,16,16,True,True,10290.0,124.0,1050.219970703125,416.7099609375,1301.9049682617188,79220.7245696783
1035,set04,video_0009,4_9_1454,1,10409,16,16,True,True,10302.0,107.0,1019.52001953125,333.23004150390625,1341.9599609375,43306.56317704916
1036,set04,video_0009,4_9_1457,0,10784,16,0,False,False,,,838.8300170898438,154.4100341796875,627.7550048828125,7759.104217529297
1037,set04,video_0009,4_9_1458,0,10789,16,0,False,False,,,833.3200073242188,144.09002685546875,636.3050231933594,5952.358657617122
1038,set04,video_0009,4_9_1460,1,11217,16,16,True,True,11109.0,108.0,1006.3800048828125,367.09002685546875,526.7749938964844,58238.81931738183
1039,set04,video_0009,4_9_1462,0,12396,16,0,False,False,,,841.3800048828125,127.280029296875,1467.39501953125,5403.031028807163
1040,set04,video_0009,4_9_1463,0,12390,16,0,False,False,,,819.8800048828125,132.30999755859375,415.6649932861328,4931.192155407742
1041,set04,video_0009,4_9_1464,1,14758,16,16,True,True,14639.0,119.0,847.47998046875,210.69000244140625,390.5,16914.19956855476
1042,set04,video_0009,4_9_1465,1,14765,16,16,True,True,14629.0,136.0,883.6599731445312,237.78997802734375,500.65501403808594,22944.359914464876
1043,set04,video_0009,4_9_1466,1,14724,16,16,True,True,14613.0,111.0,797.02001953125,157.33001708984375,271.97000885009766,12501.444214251824
1044,set04,video_0009,4_9_1467,1,14794,16,16,True,True,14700.0,94.0,882.4199829101562,228.65997314453125,392.9099884033203,18013.832405200228
1045,set04,video_0009,4_9_1471,1,16091,16,0,False,False,15823.0,268.0,839.4199829101562,176.5,1853.9099731445312,8899.137756347656
1046,set04,video_0009,4_9_1468,1,16944,16,0,False,False,15488.0,1456.0,836.530029296875,132.9000244140625,1588.0050048828125,7111.481604248285
1047,set04,video_0009,4_9_1472,1,16819,16,16,True,True,16639.0,180.0,788.2000122070312,144.239990234375,151.37999725341797,5564.779087353498
1048,set04,video_0009,4_9_1469,1,16942,16,0,False,False,15492.0,1450.0,831.25,123.780029296875,1629.1799926757812,5978.566349118948
1049,set04,video_0009,4_9_1470,1,15771,16,0,False,False,15532.0,239.0,870.72998046875,219.6300048828125,1836.9099731445312,12971.334147021174
1050,set04,video_0009,4_9_1473,1,16827,16,16,True,True,16631.0,196.0,781.6599731445312,142.50994873046875,153.25999450683594,5589.240363171324
1051,set04,video_0010,4_10_1475,0,526,16,0,False,False,,,848.4199829101562,183.0999755859375,1473.9849853515625,13316.857648193836
1052,set04,video_0010,4_10_1476,0,516,16,0,False,False,,,828.7000122070312,139.8800048828125,1468.864990234375,5884.761367529631
1053,set04,video_0010,4_10_1500,0,7301,16,0,False,False,,,858.7999877929688,215.3699951171875,1679.6699829101562,10221.477845653892
1054,set04,video_0010,4_10_1502,0,7354,16,0,False,False,,,799.4400024414062,69.94000244140625,877.6099853515625,1895.3723586425185
1055,set04,video_0010,4_10_1504,0,7350,16,0,False,False,,,813.0599975585938,98.8800048828125,863.5650024414062,3107.803864404559
1056,set04,video_0010,4_10_1505,0,7354,16,0,False,False,,,805.7999877929688,96.4599609375,820.5350036621094,3178.3568903803825
1057,set04,video_0010,4_10_1508,0,10503,16,0,False,False,,,851.2999877929688,186.70001220703125,1420.364990234375,10602.700986206532
1058,set04,video_0010,4_10_1514,0,13765,16,0,False,False,,,841.010009765625,138.3599853515625,1311.22998046875,4286.389643847942
1059,set04,video_0010,4_10_1516,0,13755,16,0,False,False,,,802.8200073242188,105.21002197265625,506.1800079345703,2649.190793445334
1060,set04,video_0010,4_10_1501,0,7356,16,0,False,False,,,815.7000122070312,100.25,932.2850036621094,4594.459213256836
1061,set04,video_0010,4_10_1477,0,810,16,0,False,False,,,842.9000244140625,145.83001708984375,1480.5050048828125,7435.871147289872
1062,set04,video_0010,4_10_1478,1,1017,16,16,True,True,894.0,123.0,1055.52001953125,437.71002197265625,1328.4849853515625,67297.9158782959
1063,set04,video_0010,4_10_1479,1,1014,16,16,True,True,910.0,104.0,1025.52001953125,370.96002197265625,1390.0599975585938,40627.503568552434
1064,set04,video_0010,4_10_1480,0,1109,16,0,False,False,,,879.8400268554688,169.6700439453125,838.6000061035156,11815.813989914954
1065,set04,video_0010,4_10_1481,0,1106,16,0,False,False,,,876.530029296875,159.62005615234375,773.0899963378906,8306.624214891344
1066,set04,video_0010,4_10_1484,1,2863,16,16,True,True,2737.0,126.0,906.260009765625,231.17999267578125,1062.0349731445312,24350.178469263017
1067,set04,video_0010,4_10_1485,0,3142,16,0,False,False,,,897.3699951171875,211.20001220703125,1646.9750366210938,12496.714003540576
1068,set04,video_0010,4_10_1486,1,5415,16,0,False,False,5510.0,-95.0,770.9000244140625,106.95001220703125,143.50499725341797,2428.8354952698573
1069,set04,video_0010,4_10_1486,1,5757,16,16,True,True,5510.0,247.0,934.1599731445312,272.5899658203125,1447.4300537109375,37819.12919589877
1070,set04,video_0010,4_10_1487,1,5400,16,0,False,False,5530.0,-130.0,782.6799926757812,109.219970703125,180.69499969482422,3262.4016581662
1071,set04,video_0010,4_10_1487,1,5751,16,16,True,True,5530.0,221.0,966.5399780273438,316.3699951171875,1478.0249633789062,44238.00251425803
1072,set04,video_0010,4_10_1489,1,5410,16,0,False,False,5547.0,-137.0,772.4199829101562,98.90997314453125,168.52999877929688,2470.7722158078104
1073,set04,video_0010,4_10_1489,1,5771,16,16,True,True,5547.0,224.0,972.219970703125,318.12994384765625,1301.1599731445312,54858.34771088511
1074,set04,video_0010,4_10_1490,1,5697,16,16,True,True,5525.0,172.0,957.219970703125,389.1199951171875,115.42500114440918,51157.607717431616
1075,set04,video_0010,4_10_1491,1,5713,16,16,True,True,5500.0,213.0,910.8400268554688,287.62005615234375,151.3300018310547,28917.32290324755
1076,set04,video_0010,4_10_1492,1,5738,16,16,True,True,5491.0,247.0,838.9000244140625,198.82000732421875,176.2949981689453,11557.407996557653
1077,set04,video_0010,4_10_1493,1,5721,16,16,True,True,5490.0,231.0,865.5399780273438,239.489990234375,176.47999572753906,21994.75982608646
1078,set04,video_0010,4_10_1499,0,7304,16,0,False,False,,,880.5,233.29998779296875,1646.364990234375,15927.394723266363
1079,set04,video_0010,4_10_1503,0,7352,16,0,False,False,,,811.4000244140625,101.280029296875,875.0,3018.1498183608055
1080,set04,video_0010,4_10_1506,0,7348,16,0,False,False,,,810.9400024414062,90.8499755859375,847.375,2922.647707030177
1081,set04,video_0010,4_10_1509,0,12849,16,0,False,False,,,807.0,93.70001220703125,1385.2100219726562,2887.8293435052037
1082,set04,video_0010,4_10_1510,0,12850,16,0,False,False,,,804.5,100.08001708984375,1397.6050415039062,2941.353168286383
1083,set04,video_0010,4_10_1511,0,12853,16,0,False,False,,,819.7100219726562,113.1300048828125,1328.4249877929688,5467.56816445291
1084,set04,video_0010,4_10_1512,0,13486,16,0,False,False,,,818.27001953125,109.3699951171875,904.2000122070312,4403.237071484327
1085,set04,video_0010,4_10_1513,0,13773,16,0,False,False,,,826.4000244140625,133.20001220703125,1413.9249877929688,5081.583717651665
1086,set04,video_0010,4_10_1515,0,13759,16,0,False,False,,,810.0999755859375,111.92999267578125,491.625,3240.3746542967856
1087,set04,video_0010,4_10_1519,1,14633,16,16,True,True,14372.0,261.0,1073.8299560546875,517.9599609375,1619.4600219726562,111257.76167285442
1088,set04,video_0010,4_10_1520,1,14605,16,16,True,True,14452.0,153.0,963.2899780273438,325.489990234375,1531.9849853515625,32142.13653564453
1089,set04,video_0010,4_10_1521,1,14668,16,16,True,True,14481.0,187.0,1010.9000244140625,373.6400146484375,1411.2000122070312,51532.447240039706
1090,set04,video_0010,4_10_1522,1,14700,16,16,True,True,14546.0,154.0,968.4400024414062,317.08001708984375,1523.9150390625,40976.244415551424
1091,set04,video_0011,4_11_1523,0,584,16,0,False,False,,,833.5399780273438,116.63995361328125,1191.75,4224.695702686906
1092,set04,video_0011,4_11_1524,0,586,16,0,False,False,,,829.2000122070312,106.73004150390625,1176.4500122070312,4173.1420170888305
1093,set04,video_0011,4_11_1525,0,590,16,0,False,False,,,833.1699829101562,110.67999267578125,1175.02001953125,4504.6702976077795
1094,set04,video_0011,4_11_1534,0,13836,16,0,False,False,,,831.1199951171875,113.94000244140625,1155.0050048828125,4492.646507397294
1095,set04,video_0011,4_11_1540,0,13848,16,0,False,False,,,827.5399780273438,106.88995361328125,1164.844970703125,4120.6129310280085
1096,set04,video_0011,4_11_1526,0,719,16,0,False,False,,,806.6400146484375,113.3699951171875,463.385009765625,4619.827301025391
1097,set04,video_0011,4_11_1527,1,911,16,16,True,True,671.0,240.0,912.4000244140625,219.19000244140625,1173.7750244140625,24121.870471313596
1098,set04,video_0011,4_11_1528,1,916,16,16,True,True,690.0,226.0,909.2999877929688,236.8800048828125,1336.8400268554688,20390.62041054666
1099,set04,video_0011,4_11_1531,0,3511,16,0,False,False,,,995.5399780273438,394.25994873046875,447.52500915527344,50855.59896840714
1100,set04,video_0011,4_11_1532,1,11183,16,0,False,False,4682.0,6501.0,795.7999877929688,132.1300048828125,206.7249984741211,5151.749616192654
1101,set04,video_0011,4_11_1533,0,13672,16,0,False,False,,,778.4299926757812,80.78997802734375,236.97999572753906,2213.6449048463255
1102,set04,video_0011,4_11_1533,0,13824,16,0,False,False,,,771.4000244140625,139.300048828125,94.79500198364258,6715.655226470903
1103,set04,video_0011,4_11_1536,0,13876,16,0,False,False,,,836.22998046875,119.239990234375,1130.2799682617188,4543.040716797113
1104,set04,video_0011,4_11_1537,0,13860,16,0,False,False,,,837.2999877929688,134.0999755859375,1139.364990234375,8672.234944581985
1105,set04,video_0011,4_11_1538,0,13853,16,0,False,False,,,849.5999755859375,132.90997314453125,1107.14501953125,7898.830618336797
1106,set04,video_0011,4_11_1539,0,13850,16,0,False,False,,,842.7999877929688,134.40997314453125,1123.5499877929688,5919.404060207307
1107,set04,video_0012,4_12_1634,0,20804,16,0,False,False,,,815.6599731445312,112.8299560546875,1123.9400024414062,3551.8985860794783
1108,set04,video_0012,4_12_1546,0,1127,16,0,False,False,,,841.2999877929688,156.40997314453125,1367.4100341796875,8286.597322314978
1109,set04,video_0012,4_12_1547,0,1131,16,0,False,False,,,833.1799926757812,145.89996337890625,1366.635009765625,6426.90051086247
1110,set04,video_0012,4_12_1548,0,1469,16,0,False,False,,,904.02001953125,204.73004150390625,1247.8200073242188,12275.630282767117
1111,set04,video_0012,4_12_1557,1,4232,16,16,True,True,4070.0,162.0,972.6799926757812,329.70001220703125,360.9600067138672,37493.48579064943
1112,set04,video_0012,4_12_1562,0,4583,16,0,False,False,,,934.52001953125,246.42999267578125,1292.0199584960938,23696.716518603265
1113,set04,video_0012,4_12_1568,0,4682,16,0,False,False,,,906.9000244140625,235.010009765625,1374.5199584960938,16958.330337256193
1114,set04,video_0012,4_12_1569,0,4677,16,0,False,False,,,901.780029296875,237.20001220703125,1384.7150268554688,18171.88946057111
1115,set04,video_0012,4_12_1574,1,5603,16,16,True,True,5438.0,165.0,1006.02001953125,377.42999267578125,420.48500061035156,38463.89193577878
1116,set04,video_0012,4_12_1575,1,5606,16,16,True,True,5484.0,122.0,1052.9000244140625,423.1500244140625,427.7149963378906,59905.35205554217
1117,set04,video_0012,4_12_1576,1,5643,16,16,True,True,5504.0,139.0,1074.0,466.53997802734375,326.9800033569336,73470.71374647226
1118,set04,video_0012,4_12_1578,0,6023,16,0,False,False,,,859.97998046875,184.90997314453125,1215.2150268554688,10149.711134545505
1119,set04,video_0012,4_12_1579,0,6027,16,0,False,False,,,855.1300048828125,167.3900146484375,1216.1749877929688,8300.865105077624
1120,set04,video_0012,4_12_1581,1,6543,16,16,True,True,6494.0,49.0,955.47998046875,322.01995849609375,931.4499816894531,40748.39847246185
1121,set04,video_0012,4_12_1590,0,12848,16,0,False,False,,,990.7000122070312,264.55999755859375,1579.2750244140625,26109.41065749526
1122,set04,video_0012,4_12_1591,0,12831,16,0,False,False,,,966.1199951171875,293.9000244140625,1623.2699584960938,18251.184340819716
1123,set04,video_0012,4_12_1599,1,13122,16,16,True,True,13051.0,71.0,937.0,262.260009765625,1122.2449951171875,42147.79592490196
1124,set04,video_0012,4_12_1558,0,4438,16,0,False,False,,,922.5999755859375,300.05999755859375,190.33499908447266,27632.528654870577
1125,set04,video_0012,4_12_1559,0,4464,16,0,False,False,,,960.6199951171875,309.19000244140625,255.36499786376953,32560.79368438106
1126,set04,video_0012,4_12_1600,0,15001,16,0,False,False,,,873.6799926757812,212.0,287.18499755859375,12158.19482421875
1127,set04,video_0012,4_12_1601,0,14991,16,0,False,False,,,877.5599975585938,218.52001953125,303.8199920654297,11494.154361084104
1128,set04,video_0012,4_12_1603,1,15313,16,16,True,True,15166.0,147.0,946.6799926757812,281.6099853515625,645.5900268554688,41255.862854003906
1129,set04,video_0012,4_12_1611,0,17684,16,0,False,False,,,910.6799926757812,251.94000244140625,1272.35498046875,20611.226361840963
1130,set04,video_0012,4_12_1614,1,17970,16,16,True,True,17896.0,74.0,1017.9199829101562,360.64996337890625,401.3299865722656,50469.356755737215
1131,set04,video_0012,4_12_1615,0,17688,16,0,False,False,,,902.5,238.3499755859375,1349.4000244140625,15540.406770020723
1132,set04,video_0012,4_12_1624,0,18855,16,0,False,False,,,873.5700073242188,198.58001708984375,1288.7850341796875,23541.670722290874
1133,set04,video_0012,4_12_1627,0,19925,16,0,False,False,,,955.8200073242188,344.6199951171875,1726.2850341796875,37298.21534067392
1134,set04,video_0012,4_12_1633,0,20810,16,0,False,False,,,813.739990234375,110.05999755859375,1131.9450073242188,4423.318288110197
1135,set04,video_0012,4_12_1602,0,15043,16,0,False,False,,,863.4000244140625,206.510009765625,211.0999984741211,15570.856626983732
1136,set04,video_0012,4_12_1587,0,12557,16,0,False,False,,,928.6400146484375,319.20001220703125,63.86999988555908,27649.105325256358
1137,set04,video_0012,4_12_1589,1,12778,16,0,False,False,12593.0,185.0,884.739990234375,195.0,1574.5449829101562,20254.649047851562
1138,set04,video_0013,4_13_1641,0,6381,16,0,False,False,,,824.2899780273438,104.3299560546875,1233.1300048828125,3209.1904670894146
1139,set04,video_0013,4_13_1646,0,8008,16,0,False,False,,,767.8699951171875,76.969970703125,426.5449981689453,1387.76847781986
1140,set04,video_0013,4_13_1647,0,8007,16,0,False,False,,,771.2100219726562,75.4000244140625,439.4550018310547,1317.2385185547173
1141,set04,video_0013,4_13_1648,0,12528,16,0,False,False,,,801.2100219726562,97.33001708984375,414.6800079345703,3579.797909753397
1142,set04,video_0013,4_13_1649,0,12547,16,0,False,False,,,811.0,103.34002685546875,1355.989990234375,3381.282651171088
1143,set04,video_0013,4_13_1639,0,2464,16,0,False,False,,,830.1400146484375,126.1400146484375,1163.8699951171875,5948.7520042955875
1144,set04,video_0013,4_13_1640,0,2466,16,0,False,False,,,828.4099731445312,113.12994384765625,1156.5549926757812,4030.820451684296
1145,set04,video_0013,4_13_1642,0,6376,16,0,False,False,,,819.8400268554688,92.34002685546875,1275.5299682617188,2299.268923096359
1146,set04,video_0013,4_13_1650,0,12554,16,0,False,False,,,822.97998046875,112.3299560546875,1291.5650024414062,4658.333698824048
1147,set04,video_0013,4_13_1651,0,12552,16,0,False,False,,,818.0499877929688,109.39996337890625,1311.5150146484375,3447.1939144283533
1148,set04,video_0013,4_13_1652,0,12541,16,0,False,False,,,814.5800170898438,108.9000244140625,1385.0399780273438,3711.308046385646
1149,set04,video_0014,4_14_1659,0,3622,16,0,False,False,,,801.1099853515625,82.0899658203125,606.1199951171875,2585.8339233398438
1150,set04,video_0014,4_14_1664,0,12157,16,0,False,False,,,848.9000244140625,107.36004638671875,1248.3800048828125,3454.8389536589384
1151,set04,video_0014,4_14_1667,0,16604,16,0,False,False,,,793.1599731445312,85.8699951171875,435.1449890136719,2549.4803646728396
1152,set04,video_0014,4_14_1668,0,16602,16,0,False,False,,,786.5,81.08001708984375,430.64500427246094,1792.6804645266384
1153,set04,video_0014,4_14_1669,0,16608,16,0,False,False,,,794.0999755859375,83.69000244140625,419.9599914550781,2567.6086619384587
1154,set04,video_0014,4_14_1660,0,4051,16,0,False,False,,,817.25,94.71002197265625,1243.9749755859375,4092.4163498282433
1155,set04,video_0014,4_14_1661,0,8349,16,0,False,False,,,773.6699829101562,72.3399658203125,418.05999755859375,1562.5414956063032
1156,set04,video_0014,4_14_1662,0,8353,16,0,False,False,,,769.7999877929688,70.52996826171875,376.7550048828125,1304.0984243899584
1157,set04,video_0014,4_14_1665,0,12590,16,0,False,False,,,790.0700073242188,65.34002685546875,487.8300018310547,1182.6548848878592
1158,set04,video_0014,4_14_1666,0,15436,16,0,False,False,,,824.1199951171875,142.30999755859375,1632.5050048828125,4911.11940549314
1159,set04,video_0014,4_14_1670,0,16759,16,0,False,False,,,838.3200073242188,132.4100341796875,1031.8800048828125,6318.602951854467
1160,set04,video_0014,4_14_1671,0,16755,16,0,False,False,,,839.2999877929688,122.08001708984375,973.7200012207031,6025.875306446105
1161,set04,video_0015,4_15_1672,0,855,16,0,False,False,,,841.0499877929688,150.64996337890625,373.23500061035156,6663.249535338953
1162,set04,video_0015,4_15_1673,0,852,16,0,False,False,,,834.739990234375,141.19000244140625,1491.4000244140625,4806.113198339939
1163,set04,video_0015,4_15_1674,0,1026,16,0,False,False,,,856.5900268554688,169.22003173828125,1334.4700317382812,13520.684667237103
1164,set04,video_0015,4_15_1675,0,1009,16,0,False,False,,,848.4600219726562,164.1400146484375,1393.574951171875,6731.383603662252
1165,set04,video_0015,4_15_1676,0,1013,16,0,False,False,,,842.510009765625,169.989990234375,1387.824951171875,7947.032043457031
1166,set04,video_0015,4_15_1677,0,998,16,0,False,False,,,876.4299926757812,151.27001953125,1486.0750122070312,7156.575021922588
1167,set04,video_0015,4_15_1678,1,2749,16,16,True,True,2602.0,147.0,936.8599853515625,258.3900146484375,1132.9100341796875,26753.712210059166
1168,set04,video_0015,4_15_1679,1,3798,16,16,True,True,3632.0,166.0,1038.56005859375,407.61004638671875,344.614990234375,51998.816602978855
1169,set04,video_0015,4_15_1680,1,3816,16,16,True,True,3675.0,141.0,1015.9000244140625,383.4200439453125,1592.9099731445312,60802.733719334006
1170,set04,video_0015,4_15_1681,1,3829,16,16,True,True,3724.0,105.0,1023.260009765625,373.83001708984375,647.3949890136719,47031.5535374023
1171,set04,video_0015,4_15_1682,0,4473,16,0,False,False,,,921.1500244140625,252.3800048828125,1397.510009765625,23920.584256738424
1172,set04,video_0015,4_15_1683,0,4467,16,0,False,False,,,908.7999877929688,235.739990234375,1428.8999633789062,15936.017584472895
1173,set04,video_0015,4_15_1689,1,6564,16,16,True,True,6418.0,146.0,974.0,346.489990234375,459.34999084472656,61294.07715765387
1174,set04,video_0015,4_15_1690,1,6352,16,0,False,False,6454.0,-102.0,928.72998046875,272.760009765625,340.0449981689453,26776.853821240366
1175,set04,video_0015,4_15_1690,1,6871,16,0,False,False,6454.0,417.0,952.719970703125,363.88995361328125,1728.8450317382812,41159.587322779
1176,set04,video_0015,4_15_1691,1,6809,16,16,True,True,6498.0,311.0,1020.7000122070312,428.260009765625,1475.2250366210938,61305.43085351586
1177,set04,video_0015,4_15_1692,1,7353,16,16,True,True,7275.0,78.0,913.9000244140625,218.99005126953125,744.864990234375,21020.852882787585
1178,set04,video_0015,4_15_1693,1,7589,16,16,True,True,7519.0,70.0,897.3800048828125,213.8699951171875,830.3849792480469,20623.482062719762
1179,set04,video_0015,4_15_1694,0,9378,16,0,False,False,,,974.5800170898438,335.59002685546875,138.36499786376953,39341.21741447132
1180,set04,video_0015,4_15_1697,1,9809,16,0,False,False,9553.0,256.0,838.9199829101562,218.760009765625,138.83500289916992,13994.079760754481
1181,set04,video_0015,4_15_1698,1,9866,16,0,False,False,9573.0,293.0,833.1900024414062,237.90997314453125,64.37499809265137,14005.759864903288
1182,set04,video_0015,4_15_1699,1,9829,16,0,False,False,9545.0,284.0,827.5,232.45001220703125,110.94000244140625,14253.836451049894
1183,set04,video_0015,4_15_1700,1,9839,16,0,False,False,9585.0,254.0,854.0,245.29998779296875,109.38500213623047,18179.182245056145
1184,set04,video_0015,4_15_1701,1,9903,16,0,False,False,9713.0,190.0,860.5599975585938,230.21002197265625,89.18000030517578,15262.925159332342
1185,set04,video_0015,4_15_1696,0,11599,16,0,False,False,,,876.5,209.02001953125,547.3600158691406,11797.090412646532
1186,set04,video_0016,4_16_1723,0,11971,16,0,False,False,,,812.0700073242188,91.0,1116.5800170898438,2675.4022216796875
1187,set04,video_0016,4_16_1724,0,11969,16,0,False,False,,,809.3599853515625,66.219970703125,1134.2099609375,2215.717633008957
1188,set04,video_0016,4_16_1713,0,824,16,0,False,False,,,797.3200073242188,83.02001953125,1261.9150390625,2260.633510351181
1189,set04,video_0016,4_16_1714,0,2466,16,0,False,False,,,968.0,375.8699951171875,1669.72998046875,43149.89379248023
1190,set04,video_0016,4_16_1715,0,3159,16,0,False,False,,,842.5900268554688,161.37005615234375,1181.0050048828125,9980.753731817007
1191,set04,video_0016,4_16_1716,1,4648,16,0,False,False,4788.0,-140.0,828.7000122070312,146.23004150390625,1606.9750366210938,6418.038663648069
1192,set04,video_0016,4_16_1716,1,4955,16,16,True,True,4788.0,167.0,994.3200073242188,352.47998046875,346.86000061035156,54183.223027929664
1193,set04,video_0016,4_16_1718,0,8713,16,0,False,False,,,883.260009765625,217.1600341796875,1269.989990234375,16517.204923927784
1194,set04,video_0016,4_16_1720,0,11910,16,0,False,False,,,802.7999877929688,76.219970703125,1168.10498046875,1601.3823288083076
1195,set04,video_0016,4_16_1721,0,11908,16,0,False,False,,,797.5999755859375,83.42999267578125,1176.4749755859375,2006.4953975826502
1196,set04,video_0016,4_16_1725,0,11968,16,0,False,False,,,802.5999755859375,70.5699462890625,1151.780029296875,1442.4455671906471
1197,set04,video_0016,4_16_1726,0,11966,16,0,False,False,,,807.5999755859375,76.01995849609375,1160.3400268554688,2274.5204989239573
1198,set04,video_0016,4_16_1727,0,11965,16,0,False,False,,,811.3699951171875,54.4000244140625,1161.9849853515625,953.6340217292309
1199,set04,video_0016,4_16_1728,0,13008,16,0,False,False,,,772.4000244140625,54.1199951171875,571.0399780273438,1515.35986328125
1200,set04,video_0016,4_16_1729,0,13002,16,0,False,False,,,768.2999877929688,56.739990234375,556.1199951171875,1064.4427708983421
1201,set04,video_0016,4_16_1730,0,13001,16,0,False,False,,,766.6599731445312,30.25,553.39501953125,366.9326477050781
1202,set04,video_0016,4_16_1717,1,17182,16,16,True,True,17020.0,162.0,915.8200073242188,239.5,357.1600036621094,25415.738830566406
1203,set05,video_0001,5_1_1733,0,1761,16,0,False,False,,,846.8499755859375,132.52996826171875,1275.6900024414062,6562.870438821614
1204,set05,video_0001,5_1_1732,0,1752,16,0,False,False,,,849.5,147.8900146484375,1277.7349853515625,7620.776787549257
1205,set05,video_0001,5_1_1739,1,2637,16,16,True,True,2324.0,313.0,793.3200073242188,102.1300048828125,347.2850036621094,3767.5773761719465
1206,set05,video_0001,5_1_1740,1,3576,16,0,False,False,2974.0,602.0,792.219970703125,122.449951171875,259.50000762939453,5368.2072793878615
1207,set05,video_0001,5_1_1741,0,3536,16,0,False,False,,,805.7000122070312,121.47003173828125,242.20999908447266,4686.314046881162
1208,set05,video_0001,5_1_1742,1,3842,16,16,True,True,3658.0,184.0,812.6199951171875,167.9000244140625,190.02499389648438,9864.126434326172
1209,set05,video_0001,5_1_1746,0,7395,16,0,False,False,,,812.6099853515625,93.989990234375,630.5050048828125,2454.0772682130337
1210,set05,video_0001,5_1_1744,0,10384,16,0,False,False,,,841.2999877929688,137.0,1545.5249633789062,9295.446655273438
1211,set05,video_0001,5_1_1745,0,10379,16,0,False,False,,,842.1099853515625,127.70001220703125,1573.9600219726562,6972.417548827827
1212,set05,video_0001,5_1_1749,0,15764,16,0,False,False,,,827.4099731445312,136.67999267578125,1185.9849853515625,6026.232889965177
1213,set05,video_0001,5_1_1731,1,804,16,16,True,True,603.0,201.0,932.1199951171875,255.1500244140625,751.0149841308594,27130.106456421316
1214,set05,video_0002,5_2_1752,1,1550,16,16,True,True,1405.0,145.0,976.3499755859375,314.9599609375,580.6050109863281,34277.097931444645
1215,set05,video_0002,5_2_1751,0,6772,16,0,False,False,,,811.7999877929688,117.5999755859375,1434.4500122070312,5562.470231935382
1216,set06,video_0001,6_1_1754,1,14103,16,8,False,True,13961.0,142.0,931.7000122070312,215.25,707.6000061035156,16970.31578063965
1217,set06,video_0001,6_1_1757,1,14366,16,16,True,True,14288.0,78.0,949.7999877929688,263.54998779296875,633.2099914550781,26376.087282348424
1218,set06,video_0001,6_1_1758,1,14357,16,16,True,True,14252.0,105.0,925.3800048828125,243.1400146484375,499.5400085449219,23419.247991748154
1219,set06,video_0002,6_2_1765,0,2903,16,0,False,False,,,908.239990234375,193.02001953125,1214.489990234375,14059.595187306404
1220,set06,video_0002,6_2_1796,0,14025,16,0,False,False,,,870.760009765625,170.32000732421875,1381.9450073242188,6947.33896086365
1221,set06,video_0002,6_2_1803,1,494,16,0,False,False,128.0,366.0,873.469970703125,138.75,1334.6700439453125,8916.076354980469
1222,set06,video_0002,6_2_1804,1,477,16,0,False,False,133.0,344.0,862.3599853515625,123.8299560546875,1437.5150146484375,5633.02349165082
1223,set06,video_0002,6_2_1805,1,496,16,0,False,False,219.0,277.0,807.5999755859375,95.8800048828125,352.22999572753906,4538.959080029279
1224,set06,video_0002,6_2_1806,1,521,16,16,True,True,338.0,183.0,848.7000122070312,116.42999267578125,570.4949951171875,4704.939983569086
1225,set06,video_0002,6_2_1763,0,972,16,0,False,False,,,810.780029296875,82.1300048828125,632.6399841308594,2798.9919699952006
1226,set06,video_0002,6_2_1764,0,970,16,0,False,False,,,807.0999755859375,80.3800048828125,604.8550109863281,1962.0737605467439
1227,set06,video_0002,6_2_1769,1,5184,16,0,False,False,5310.0,-126.0,777.4199829101562,114.15997314453125,57.71999931335449,4059.5288017943967
1228,set06,video_0002,6_2_1769,1,5487,16,16,True,True,5310.0,177.0,963.7000122070312,300.54998779296875,1667.135009765625,28194.611965209246
1229,set06,video_0002,6_2_1770,1,6667,16,16,True,True,6581.0,86.0,947.47998046875,234.4599609375,1167.0599975585938,27187.996532320976
1230,set06,video_0002,6_2_1773,1,7248,16,16,True,True,7046.0,202.0,1065.760009765625,428.91998291015625,1347.8049926757812,74044.45874411613
1231,set06,video_0002,6_2_1775,1,7892,16,16,True,True,7699.0,193.0,973.1400146484375,298.510009765625,1645.6000366210938,31379.370768994093
1232,set06,video_0002,6_2_1776,0,7798,16,0,False,False,,,816.0399780273438,149.2099609375,367.4300079345703,7743.996061950922
1233,set06,video_0002,6_2_1777,0,7874,16,0,False,False,,,822.1799926757812,151.8499755859375,409.2449951171875,8295.564907714725
1234,set06,video_0002,6_2_1778,1,8288,16,16,True,True,8194.0,94.0,897.719970703125,230.15997314453125,621.4249877929688,24311.79908708483
1235,set06,video_0002,6_2_1779,1,8467,16,16,True,True,8306.0,161.0,1035.800048828125,397.580078125,1530.219970703125,53657.3918132782
1236,set06,video_0002,6_2_1780,1,8471,16,16,True,True,8330.0,141.0,985.4000244140625,397.6600341796875,1586.050048828125,52992.18003818393
1237,set06,video_0002,6_2_1781,1,8455,16,16,True,True,8308.0,147.0,947.7000122070312,280.780029296875,1667.0050048828125,24166.756315529346
1238,set06,video_0002,6_2_1782,1,8650,16,16,True,True,8396.0,254.0,1080.0,435.030029296875,1417.739990234375,68003.92391806841
1239,set06,video_0002,6_2_1784,1,8641,16,16,True,True,8436.0,205.0,1033.219970703125,400.8299560546875,1581.4099731445312,74594.44503588974
1240,set06,video_0002,6_2_1790,0,8744,16,0,False,False,,,845.3699951171875,144.28997802734375,870.1199951171875,7249.127087011933
1241,set06,video_0002,6_2_1785,1,9589,16,2,False,True,9262.0,327.0,862.9400024414062,141.45001220703125,917.5400085449219,7819.352185424417
1242,set06,video_0002,6_2_1786,0,11534,16,0,False,False,,,1065.4000244140625,425.70001220703125,1542.6849975585938,64446.73108386248
1243,set06,video_0002,6_2_1801,0,12719,16,0,False,False,,,1011.780029296875,384.06005859375,1630.9000244140625,53399.72554922104
1244,set06,video_0002,6_2_1797,0,14042,16,0,False,False,,,882.5999755859375,168.30999755859375,1573.5150146484375,8545.101863354445
1245,set06,video_0002,6_2_1789,1,13417,16,0,False,False,13612.0,-195.0,923.1900024414062,228.6500244140625,1719.6549682617188,15353.854721680284
1246,set06,video_0002,6_2_1789,1,13744,16,16,True,True,13612.0,132.0,937.0499877929688,225.42999267578125,876.1000061035156,15311.201249975711
1247,set06,video_0002,6_2_1791,1,13403,16,0,False,False,13637.0,-234.0,913.969970703125,224.17999267578125,1738.5750122070312,13681.68415505439
1248,set06,video_0002,6_2_1791,1,13746,16,16,True,True,13637.0,109.0,930.280029296875,215.47003173828125,921.1199951171875,17780.591227442026
1249,set06,video_0002,6_2_1792,1,13426,16,0,False,False,13591.0,-165.0,957.719970703125,291.40997314453125,1748.2250366210938,32250.35453400761
1250,set06,video_0002,6_2_1792,1,13740,16,16,True,True,13591.0,149.0,962.0999755859375,265.50994873046875,861.739990234375,30831.013950146735
1251,set06,video_0002,6_2_1794,1,13394,16,0,False,False,13610.0,-216.0,946.2000122070312,326.010009765625,1809.0250244140625,27525.002838671207
1252,set06,video_0002,6_2_1794,1,13736,16,16,True,True,13610.0,126.0,976.75,323.22998046875,808.4849853515625,38377.08926796913
1253,set06,video_0002,6_2_1802,1,1815,16,7,True,True,1809.0,6.0,780.5,147.02001953125,195.8949966430664,6352.7360310181975
1254,set06,video_0002,6_2_1802,1,2268,16,0,False,False,1809.0,459.0,878.969970703125,177.25,1386.2250366210938,11094.07144165039
1255,set06,video_0003,6_3_1810,0,356,16,0,False,False,,,817.5399780273438,111.8499755859375,559.8550109863281,3727.961597777903
1256,set06,video_0003,6_3_1811,0,449,16,0,False,False,,,859.239990234375,124.05999755859375,1218.0799560546875,4029.4662976562977
1257,set06,video_0003,6_3_1812,1,3590,16,16,True,True,3359.0,231.0,1079.550048828125,454.76007080078125,1541.72998046875,85613.1353699714
1258,set06,video_0003,6_3_1813,1,3672,16,16,True,True,3519.0,153.0,949.0999755859375,289.739990234375,392.8000030517578,34942.64459069818
1259,set06,video_0003,6_3_1814,0,4359,16,0,False,False,,,868.3200073242188,140.28997802734375,1159.77001953125,5777.131705030799
1260,set06,video_0003,6_3_1815,1,11020,16,16,True,True,10967.0,53.0,985.8699951171875,289.6199951171875,687.4650268554688,44563.82723452151
1261,set06,video_0003,6_3_1816,1,11354,16,0,False,False,11202.0,152.0,857.5999755859375,124.80999755859375,1282.5099487304688,5227.043307177722
1262,set06,video_0003,6_3_1817,0,12536,16,0,False,False,,,828.0,99.489990234375,1299.1849975585938,3664.21196821332
1263,set06,video_0003,6_3_1818,1,13417,16,16,True,True,13315.0,102.0,1050.1099853515625,444.8499755859375,462.55999755859375,86291.98957568407
1264,set06,video_0003,6_3_1819,0,14298,16,0,False,False,,,858.5,137.41998291015625,699.5700073242188,4773.9688643068075
1265,set06,video_0003,6_3_1820,1,17603,16,16,True,True,17441.0,162.0,1024.0,390.780029296875,1591.8400268554688,70965.64377978444
1266,set06,video_0004,6_4_1822,1,447,16,16,True,True,366.0,81.0,959.5900268554688,289.02001953125,1536.75,28774.85007929802
1267,set06,video_0004,6_4_1823,1,448,16,16,True,True,374.0,74.0,937.5999755859375,300.239990234375,1634.9800415039062,38682.910079687834
1268,set06,video_0004,6_4_1826,0,6720,16,0,False,False,,,862.739990234375,134.27001953125,1119.5650024414062,5509.086444675922
1269,set06,video_0004,6_4_1833,0,16083,16,0,False,False,,,851.9400024414062,120.65997314453125,1154.0799560546875,4252.056275293231
1270,set06,video_0004,6_4_1836,0,16077,16,0,False,False,,,816.5,90.46002197265625,423.260009765625,3245.7060300782323
1271,set06,video_0004,6_4_1837,0,16072,16,0,False,False,,,813.2999877929688,71.89996337890625,403.80999755859375,3593.5587653815746
1272,set06,video_0004,6_4_1841,0,6803,16,0,False,False,,,827.7999877929688,92.97998046875,1118.2550048828125,2927.9386769533157
1273,set06,video_0004,6_4_1845,0,9978,16,0,False,False,,,927.5999755859375,226.02996826171875,1703.4900512695312,12345.755762793124
1274,set06,video_0004,6_4_1846,0,10135,16,0,False,False,,,898.2000122070312,192.23004150390625,1482.5349731445312,13911.687165014446
1275,set06,video_0004,6_4_1847,0,10145,16,0,False,False,,,869.7899780273438,165.94000244140625,1509.7149658203125,7843.987156420946
1276,set06,video_0004,6_4_1850,0,10100,16,0,False,False,,,818.3099975585938,108.1099853515625,299.81500244140625,3242.2174049317837
1277,set06,video_0004,6_4_1851,0,10105,16,0,False,False,,,817.5,122.92999267578125,292.2749938964844,4825.002212524414
1278,set06,video_0004,6_4_1830,1,7992,16,0,False,False,8143.0,-151.0,812.219970703125,132.3699951171875,258.8550033569336,7715.846126666293
1279,set06,video_0004,6_4_1830,1,8348,16,16,True,True,8143.0,205.0,1014.9000244140625,339.34002685546875,1650.8900146484375,62173.869778856635
1280,set06,video_0004,6_4_1831,1,8445,16,16,True,True,8197.0,248.0,1018.3900146484375,347.09002685546875,1659.7699584960938,43164.11065541953
1281,set06,video_0004,6_4_1842,1,9056,16,0,False,False,8122.0,934.0,828.1300048828125,104.07000732421875,1399.614990234375,3970.2606163322926
1282,set06,video_0004,6_4_1843,1,8998,16,0,False,False,8153.0,845.0,837.4400024414062,100.010009765625,1388.5399780273438,5230.5161857903
1283,set06,video_0004,6_4_1844,1,8903,16,0,False,False,8199.0,704.0,797.7899780273438,84.44000244140625,1738.4149780273438,2081.448121704161
1284,set06,video_0004,6_4_1832,0,12931,16,0,False,False,,,851.2000122070312,157.780029296875,455.60499572753906,7982.091104321182
1285,set06,video_0004,6_4_1834,0,16090,16,0,False,False,,,844.3800048828125,107.16998291015625,1160.3049926757812,4174.278683714569
1286,set06,video_0004,6_4_1835,0,16062,16,0,False,False,,,806.260009765625,81.94000244140625,365.0050048828125,1746.141251977533
1287,set06,video_0005,6_5_1870,0,13416,16,0,False,False,,,832.3599853515625,104.8499755859375,570.6799926757812,3522.956619873643
1288,set06,video_0005,6_5_1856,0,701,16,0,False,False,,,829.7000122070312,87.510009765625,1210.8550415039062,2370.6431734859943
1289,set06,video_0005,6_5_1858,0,753,16,0,False,False,,,827.5900268554688,77.95001220703125,1228.8350219726562,1742.1808697506785
1290,set06,video_0005,6_5_1860,0,755,16,0,False,False,,,824.9000244140625,81.11004638671875,1217.2849731445312,1817.6789118424058
1291,set06,video_0005,6_5_1862,1,1920,16,0,False,False,2426.0,-506.0,831.3900146484375,117.489990234375,210.26499938964844,4538.638896435499
1292,set06,video_0005,6_5_1862,1,2604,16,16,True,True,2426.0,178.0,1011.8200073242188,420.1500244140625,1505.010009765625,68913.0152104497
1293,set06,video_0005,6_5_1863,1,2488,16,16,True,True,2324.0,164.0,902.5999755859375,219.8699951171875,209.33999633789062,14229.986352380365
1294,set06,video_0005,6_5_1864,1,1941,16,0,False,False,2455.0,-514.0,831.5,120.55999755859375,133.27000045776367,5172.024079223629
1295,set06,video_0005,6_5_1864,1,2686,16,16,True,True,2455.0,231.0,935.2000122070312,291.1600341796875,1439.4150390625,24314.777297705412
1296,set06,video_0005,6_5_1867,0,5795,16,0,False,False,,,830.3400268554688,144.80999755859375,569.5199890136719,7935.586098510772
1297,set06,video_0005,6_5_1871,0,13722,16,0,False,False,,,910.219970703125,191.66998291015625,1349.8350219726562,10953.944202758372
1298,set06,video_0005,6_5_1874,0,16115,16,0,False,False,,,867.9600219726562,146.1199951171875,1396.3599853515625,7387.835514843464
1299,set06,video_0005,6_5_1861,1,2523,16,16,True,True,2351.0,172.0,919.9000244140625,240.10003662109375,167.53500366210938,17894.655436279252
1300,set06,video_0006,6_6_1884,0,7094,16,0,False,False,,,839.25,107.9000244140625,1225.6900024414062,3694.508953616023
1301,set06,video_0006,6_6_1888,0,16653,16,0,False,False,,,828.8800048828125,83.05999755859375,1218.0899658203125,2493.4627489745617
1302,set06,video_0006,6_6_1890,0,16658,16,0,False,False,,,821.4600219726562,80.46002197265625,1217.5900268554688,1979.3145761713386
1303,set06,video_0006,6_6_1882,0,4328,16,0,False,False,,,808.4000244140625,69.9200439453125,535.9299926757812,1423.5710705071688
1304,set06,video_0006,6_6_1885,0,16259,16,0,False,False,,,814.2000122070312,69.3800048828125,532.6499938964844,1563.8237855955958
1305,set06,video_0006,6_6_1887,0,16238,16,0,False,False,,,820.9400024414062,79.55999755859375,1283.469970703125,1931.7190715819597
1306,set06,video_0006,6_6_1889,0,16653,16,0,False,False,,,823.8099975585938,76.32000732421875,1233.9600219726562,1764.5181966796517
1307,set06,video_0006,6_6_1891,0,16977,16,0,False,False,,,825.219970703125,97.51995849609375,1200.5750122070312,5368.466572634876
1308,set06,video_0006,6_6_1892,0,268,16,0,False,False,,,869.0999755859375,190.65997314453125,1557.7000122070312,10600.689852051437
1309,set06,video_0006,6_6_1893,0,265,16,0,False,False,,,826.1400146484375,146.94000244140625,328.6549987792969,6120.054689086974
1310,set06,video_0006,6_6_1894,0,260,16,0,False,False,,,799.4000244140625,119.1700439453125,310.77000427246094,4464.108827892691
1311,set06,video_0007,6_7_1895,1,3601,16,0,False,False,2541.0,1060.0,885.8200073242188,130.45001220703125,714.2599792480469,5651.095484253019
1312,set06,video_0007,6_7_1897,0,12520,16,0,False,False,,,790.780029296875,58.56005859375,552.1900024414062,898.3092972636223
1313,set06,video_0007,6_7_1898,0,12518,16,0,False,False,,,789.739990234375,55.969970703125,569.8099975585938,887.6829154789448
1314,set06,video_0007,6_7_1900,0,12902,16,0,False,False,,,821.6500244140625,72.10003662109375,1253.0950317382812,1305.7306070551276
1315,set06,video_0007,6_7_1901,0,12904,16,0,False,False,,,819.3400268554688,74.2900390625,1257.010009765625,1410.0234904289246
1316,set06,video_0007,6_7_1903,0,13431,16,0,False,False,,,789.6699829101562,51.07000732421875,517.635009765625,816.6089183837175
1317,set06,video_0007,6_7_1905,0,13712,16,0,False,False,,,817.5399780273438,86.949951171875,1276.1199951171875,2104.1845727562904
1318,set06,video_0007,6_7_1896,0,12119,16,0,False,False,,,836.3499755859375,117.0,1604.1950073242188,4498.6585693359375
1319,set06,video_0007,6_7_1899,0,12759,16,0,False,False,,,818.2000122070312,78.7900390625,634.3399963378906,1916.1743270754814
1320,set06,video_0007,6_7_1906,0,13708,16,0,False,False,,,817.75,74.45001220703125,1286.6799926757812,1634.9284479990602
1321,set06,video_0007,6_7_1908,0,15437,16,0,False,False,,,842.5,109.0999755859375,1317.8300170898438,5710.288993164897
1322,set06,video_0007,6_7_1909,1,15900,16,0,False,False,16162.0,-262.0,801.219970703125,92.89996337890625,364.57000732421875,2350.367939453572
1323,set06,video_0007,6_7_1909,1,16336,16,16,True,True,16162.0,174.0,1079.550048828125,460.86004638671875,1608.344970703125,91162.75277927518
1324,set06,video_0007,6_7_1910,1,15895,16,0,False,False,16141.0,-246.0,807.25,86.05999755859375,404.39500427246094,2116.2150248046964
1325,set06,video_0007,6_7_1910,1,16313,16,16,True,True,16141.0,172.0,1079.1099853515625,426.3399658203125,1659.7899780273438,62518.49883310497
1326,set06,video_0007,6_7_1911,1,15910,16,0,False,False,16064.0,-154.0,806.97998046875,97.3800048828125,349.3000030517578,2605.886909838766
1327,set06,video_0007,6_7_1911,1,16253,16,16,True,True,16064.0,189.0,1038.199951171875,366.12994384765625,1599.324951171875,60041.645916089416
1328,set06,video_0007,6_7_1912,1,16448,16,16,True,True,16280.0,168.0,1011.4600219726562,362.050048828125,285.01000213623047,38370.06262796
1329,set06,video_0007,6_7_1914,0,17380,16,0,False,False,,,807.5599975585938,58.77001953125,663.1299743652344,1113.104313403368
1330,set06,video_0007,6_7_1917,0,18984,16,0,False,False,,,820.5,84.07000732421875,1282.7449951171875,2346.386515453458
1331,set06,video_0007,6_7_1918,0,19055,16,0,False,False,,,832.9099731445312,80.16998291015625,1229.8250122070312,1977.7970014885068
1332,set06,video_0008,6_8_1919,0,1204,16,0,False,False,,,882.260009765625,177.96002197265625,1278.5799560546875,10859.124016553164
1333,set06,video_0008,6_8_1922,0,3911,16,0,False,False,,,819.2999877929688,85.3399658203125,1324.4299926757812,3766.9073414057493
1334,set06,video_0008,6_8_1923,0,11817,16,0,False,False,,,821.7999877929688,81.8800048828125,1183.344970703125,2023.2517222166061
1335,set06,video_0008,6_8_1932,0,14928,16,0,False,False,,,816.75,82.90997314453125,477.98500061035156,1889.5189964231104
1336,set06,video_0008,6_8_1920,0,2508,16,0,False,False,,,816.5,70.780029296875,1175.010009765625,1860.1012435555458
1337,set06,video_0008,6_8_1921,0,3902,16,0,False,False,,,803.3599853515625,75.78997802734375,407.32000732421875,1567.3361905030906
1338,set06,video_0008,6_8_1924,1,12448,16,16,True,True,12241.0,207.0,920.4000244140625,283.760009765625,183.7699966430664,27121.782252978534
1339,set06,video_0008,6_8_1925,1,12407,16,16,True,True,12197.0,210.0,930.0800170898438,280.08001708984375,237.15999603271484,25532.09110991191
1340,set06,video_0008,6_8_1926,1,12517,16,16,True,True,12286.0,231.0,928.9000244140625,263.70001220703125,159.8800048828125,24170.74408459477
1341,set06,video_0008,6_8_1927,1,12532,16,16,True,True,12290.0,242.0,902.510009765625,206.3599853515625,136.75500106811523,14451.391096667387
1342,set06,video_0008,6_8_1928,1,12063,16,0,False,False,12345.0,-282.0,824.0999755859375,97.80999755859375,421.5,3658.0962966307998
1343,set06,video_0008,6_8_1928,1,12548,16,0,False,False,12345.0,203.0,850.4000244140625,194.55999755859375,1816.0350341796875,13566.66482976079
1344,set06,video_0008,6_8_1931,0,13701,16,0,False,False,,,829.3800048828125,84.97003173828125,1120.0499877929688,2408.047795213759
1345,set06,video_0008,6_8_1934,0,16230,16,0,False,False,,,819.4400024414062,88.30999755859375,1218.9199829101562,2589.2443852052093
1346,set06,video_0008,6_8_1935,0,16285,16,0,False,False,,,806.469970703125,79.43994140625,1231.0699462890625,1927.2137542963028
1347,set06,video_0008,6_8_1936,0,16271,16,0,False,False,,,814.4199829101562,67.15997314453125,585.2649841308594,2438.5784609131515
1348,set06,video_0008,6_8_1938,0,17431,16,0,False,False,,,859.3099975585938,107.02996826171875,1181.9150390625,4624.760747730732
1349,set06,video_0009,6_9_1939,0,1775,16,0,False,False,,,809.0599975585938,92.79998779296875,299.10499572753906,2423.0091539304703
1350,set06,video_0009,6_9_1940,0,1799,16,0,False,False,,,874.9600219726562,160.47003173828125,1399.7200317382812,8087.693517334759
1351,set06,video_0009,6_9_1941,0,1806,16,0,False,False,,,877.2100219726562,141.0400390625,1347.0900268554688,6820.694223046303
1352,set06,video_0009,6_9_1943,0,2679,16,0,False,False,,,847.5999755859375,128.67999267578125,1284.1900024414062,4519.240714453161
1353,set06,video_0009,6_9_1944,0,2675,16,0,False,False,,,811.4299926757812,88.8699951171875,423.68499755859375,2336.3902189210057
1354,set06,video_0009,6_9_1945,0,2680,16,0,False,False,,,813.9500122070312,95.1400146484375,442.01499938964844,3051.13806315884
1355,set06,video_0009,6_9_1946,0,2608,16,0,False,False,,,834.9500122070312,119.73004150390625,1248.0900268554688,4243.2402709499
1356,set06,video_0009,6_9_1947,0,2600,16,0,False,False,,,811.0499877929688,76.76995849609375,468.0950012207031,1551.522548045963
1357,set06,video_0009,6_9_1948,0,2613,16,0,False,False,,,816.3400268554688,84.60003662109375,435.9149932861328,2462.708408569917
1358,set06,video_0009,6_9_1950,0,3554,16,0,False,False,,,838.0999755859375,121.14996337890625,1323.5650024414062,5581.3723057881
1359,set06,video_0009,6_9_1956,0,4826,16,0,False,False,,,844.2999877929688,119.6300048828125,1481.4000244140625,4608.15012460947
1360,set06,video_0009,6_9_1960,0,8058,16,0,False,False,,,858.1099853515625,122.14996337890625,1314.0299682617188,6214.990733154118
1361,set06,video_0009,6_9_1962,0,8561,16,0,False,False,,,814.4000244140625,95.35003662109375,356.19500732421875,2859.5466671139
1362,set06,video_0009,6_9_1964,0,8583,16,0,False,False,,,854.2999877929688,113.41998291015625,1387.9450073242188,4231.692362867296
1363,set06,video_0009,6_9_1970,0,9563,16,0,False,False,,,787.8300170898438,83.1600341796875,351.01499938964844,2357.5874765627086
1364,set06,video_0009,6_9_1971,0,12285,16,0,False,False,,,814.8599853515625,78.70001220703125,1207.2699584960938,1819.5438979491591
1365,set06,video_0009,6_9_1977,0,11814,16,0,False,False,,,841.0900268554688,88.97003173828125,1267.094970703125,2406.643702760339
1366,set06,video_0009,6_9_1978,0,11817,16,0,False,False,,,840.4199829101562,89.1099853515625,1250.2699584960938,2352.5057888180017
1367,set06,video_0009,6_9_1984,0,13122,16,0,False,False,,,817.2999877929688,95.3599853515625,1350.7050170898438,2802.6313663572073
1368,set06,video_0009,6_9_1986,0,13220,16,0,False,False,,,847.4000244140625,92.08001708984375,1244.1749877929688,2711.763247437775
1369,set06,video_0009,6_9_1987,0,13116,16,0,False,False,,,806.760009765625,76.780029296875,470.36000061035156,1922.572589673102
1370,set06,video_0009,6_9_1953,0,4935,16,0,False,False,,,887.2999877929688,143.5899658203125,1296.1300048828125,6366.791704684496
1371,set06,video_0009,6_9_1954,0,4912,16,0,False,False,,,802.530029296875,113.85003662109375,387.23500061035156,3368.8221666868776
1372,set06,video_0009,6_9_1955,0,4817,16,0,False,False,,,854.8400268554688,141.25,1462.4449462890625,5897.1875
1373,set06,video_0009,6_9_1959,0,7713,16,0,False,False,,,810.0499877929688,105.8399658203125,537.375,3095.8190002441406
1374,set06,video_0009,6_9_1965,0,8579,16,0,False,False,,,857.0499877929688,125.69000244140625,1350.5650024414062,4138.978531323373
1375,set06,video_0009,6_9_1966,0,8687,16,0,False,False,,,836.489990234375,91.3699951171875,1373.6300048828125,3091.968665331602
1376,set06,video_0009,6_9_1967,0,8691,16,0,False,False,,,830.010009765625,92.34002685546875,1349.010009765625,2973.34435595572
1377,set06,video_0009,6_9_1968,0,8697,16,0,False,False,,,833.5,106.92999267578125,1309.9100341796875,3958.5504173338413
1378,set06,video_0009,6_9_1969,0,9566,16,0,False,False,,,791.1400146484375,76.6700439453125,368.5399932861328,2499.4439005739987
1379,set06,video_0009,6_9_1983,0,11790,16,0,False,False,,,803.4400024414062,78.1500244140625,443.3400115966797,1936.5575095824897
1380,set06,video_0009,6_9_1988,0,11804,16,0,False,False,,,811.5,88.52001953125,394.0950012207031,2137.760632812977
1381,set06,video_0009,6_9_1981,0,11679,16,0,False,False,,,795.1300048828125,127.57000732421875,89.67000198364258,4459.847339260858
1382,set06,video_0009,6_9_1979,0,11657,16,0,False,False,,,802.219970703125,127.739990234375,85.7599983215332,4235.857569390908
1383,set06,video_0009,6_9_1980,0,11688,16,0,False,False,,,793.4000244140625,109.32000732421875,98.5,3085.0107401367277
1384,set06,video_0009,6_9_1982,0,11795,16,0,False,False,,,815.02001953125,76.94000244140625,466.8000030517578,2011.210442846641
1385,set06,video_0009,6_9_1989,0,11785,16,0,False,False,,,811.8200073242188,73.19000244140625,449.44000244140625,1800.4722731932998
1386,set06,video_0009,6_9_1975,0,11692,16,0,False,False,,,874.4500122070312,191.1199951171875,1718.3900146484375,9880.894415527582
1387,set06,video_0009,6_9_1976,0,11815,16,0,False,False,,,833.0599975585938,96.0999755859375,1304.6300048828125,3123.2492065429688
1388,set06,video_0009,6_9_1985,0,13119,16,0,False,False,,,815.02001953125,78.92999267578125,1310.760009765625,2118.4879406243563
