idx,set_id,video_id,ped_id,label,anchor_frame,n_frames_annotated_in_window,n_crossing_in_window,anchor_is_crossing,window_has_leakage,crossing_onset_frame,anchor_minus_onset,bbox_bottom_y,bbox_height,bbox_xcenter,bbox_area
0,set01,video_0001,1_1_1,0,1073,16,0,False,False,,,902.1900024414062,92.27001953125,1194.2100219726562,2251.3907292485237
1,set01,video_0001,1_1_1,0,1081,16,0,False,False,,,911.6400146484375,102.6700439453125,1238.3299560546875,3336.7764282226562
2,set01,video_0001,1_1_1,0,1089,16,0,False,False,,,921.0999755859375,115.8699951171875,1285.280029296875,3851.5175061523914
3,set01,video_0001,1_1_1,0,1097,16,0,False,False,,,928.1599731445312,133.62994384765625,1331.8150024414062,5493.525034107268
4,set01,video_0001,1_1_2,0,1079,16,0,False,False,,,895.239990234375,87.3499755859375,1227.6099853515625,2639.7137031257153
5,set01,video_0001,1_1_2,0,1087,16,0,False,False,,,909.4000244140625,98.73004150390625,1270.39501953125,3138.631876051426
6,set01,video_0001,1_1_2,0,1095,16,0,False,False,,,913.6799926757812,115.95001220703125,1311.4150390625,4321.459219604731
7,set01,video_0001,1_1_2,0,1103,16,0,False,False,,,912.3200073242188,131.5,1364.2599487304688,4981.220642089844
8,set01,video_0001,1_1_3,0,1403,16,0,False,False,,,861.3599853515625,68.72998046875,1218.5399780273438,1178.0328720211983
9,set01,video_0001,1_1_3,0,1411,16,0,False,False,,,869.1699829101562,81.969970703125,1245.4600219726562,1795.1443596184254
10,set01,video_0001,1_1_3,0,1419,16,0,False,False,,,875.8599853515625,91.94000244140625,1278.260009765625,2098.077140673995
11,set01,video_0001,1_1_3,0,1427,16,0,False,False,,,875.5499877929688,102.04998779296875,1319.9750366210938,2564.5166915282607
12,set01,video_0001,1_1_4,0,1397,16,0,False,False,,,867.719970703125,83.7099609375,1225.0599975585938,2142.972956299782
13,set01,video_0001,1_1_4,0,1405,16,0,False,False,,,873.760009765625,95.1300048828125,1250.4749755859375,2714.0618263185024
14,set01,video_0001,1_1_4,0,1413,16,0,False,False,,,877.6699829101562,107.79998779296875,1283.905029296875,3017.3206055909395
15,set01,video_0001,1_1_4,0,1421,16,0,False,False,,,887.1500244140625,126.050048828125,1329.2099609375,4031.0780996084213
16,set01,video_0001,1_1_5,0,1458,16,0,False,False,,,873.8300170898438,70.3900146484375,799.1749877929688,2034.977729395032
17,set01,video_0001,1_1_5,0,1466,16,0,False,False,,,884.0,77.21002197265625,775.2999877929688,2192.7665090337396
18,set01,video_0001,1_1_5,0,1474,16,0,False,False,,,887.75,88.58001708984375,740.1300048828125,3723.907378613949
19,set01,video_0001,1_1_5,0,1482,16,0,False,False,,,905.5,103.44000244140625,691.6400146484375,4398.270924121141
20,set01,video_0001,1_1_6,0,1456,16,0,False,False,,,875.6799926757812,40.739990234375,794.8099975585938,502.73008701205254
21,set01,video_0001,1_1_6,0,1464,16,0,False,False,,,879.7000122070312,45.25,769.2749938964844,671.9641571044922
22,set01,video_0001,1_1_6,0,1472,16,0,False,False,,,885.8800048828125,52.0999755859375,732.760009765625,886.7426020503044
23,set01,video_0001,1_1_6,0,1480,16,0,False,False,,,902.4000244140625,56.4300537109375,682.9400024414062,1361.0926199704409
24,set01,video_0001,1_1_7,0,1579,16,0,False,False,,,902.010009765625,110.8599853515625,1331.5800170898438,5813.504668846726
25,set01,video_0001,1_1_9,0,15238,16,0,False,False,,,855.530029296875,62.1500244140625,606.989990234375,1080.1677277833223
26,set01,video_0001,1_1_9,0,15246,16,0,False,False,,,855.5,64.82000732421875,566.3400268554688,1126.572043798864
27,set01,video_0001,1_1_9,0,15254,16,0,False,False,,,855.260009765625,69.3599853515625,517.6999969482422,1556.4361239261925
28,set01,video_0001,1_1_9,0,15262,16,0,False,False,,,857.9099731445312,80.03997802734375,460.9550018310547,1870.5363383051008
29,set01,video_0001,1_1_20,0,16493,16,0,False,False,,,855.1799926757812,78.41998291015625,449.80999755859375,1839.7345221675932
30,set01,video_0001,1_1_20,0,16501,16,0,False,False,,,854.0700073242188,83.030029296875,410.62998962402344,2047.5208265259862
31,set01,video_0001,1_1_20,0,16509,16,0,False,False,,,853.2999877929688,88.51995849609375,364.5550079345703,2376.761425903067
32,set01,video_0001,1_1_20,0,16517,16,0,False,False,,,853.0800170898438,95.52001953125,316.4600067138672,2878.9718728512526
33,set01,video_0001,1_1_21,0,16509,16,0,False,False,,,868.2999877929688,91.969970703125,1337.469970703125,2643.2160598635674
34,set01,video_0001,1_1_21,0,16517,16,0,False,False,,,874.0,102.69000244140625,1374.5350341796875,3387.742177709937
35,set01,video_0001,1_1_21,0,16525,16,0,False,False,,,881.97998046875,112.1199951171875,1420.9450073242188,4003.814332470298
36,set01,video_0001,1_1_21,0,16533,16,0,False,False,,,884.969970703125,124.8699951171875,1474.1099853515625,5306.974792480469
37,set01,video_0001,1_1_8,0,10051,16,0,False,False,,,852.5999755859375,54.6199951171875,1188.6749877929688,931.2669162601233
38,set01,video_0001,1_1_8,0,10059,16,0,False,False,,,854.280029296875,60.260009765625,1211.1749877929688,1237.1324099600315
39,set01,video_0001,1_1_8,0,10067,16,0,False,False,,,856.5,69.32000732421875,1240.4149780273438,1633.868849389255
40,set01,video_0001,1_1_8,0,10075,16,0,False,False,,,864.25,81.0999755859375,1278.1300048828125,1925.3126284182072
41,set01,video_0001,1_1_18,0,14005,16,0,False,False,,,854.1799926757812,58.989990234375,645.1799926757812,1031.1438771486282
42,set01,video_0001,1_1_18,0,14013,16,0,False,False,,,859.6300048828125,65.55999755859375,608.3999938964844,1269.244593847543
43,set01,video_0001,1_1_18,0,14021,16,0,False,False,,,860.4400024414062,72.9000244140625,565.5299987792969,1600.8861379399896
44,set01,video_0001,1_1_18,0,14029,16,0,False,False,,,863.7000122070312,82.09002685546875,508.18499755859375,2103.9677891358733
45,set01,video_0001,1_1_19,0,13999,16,0,False,False,,,854.6900024414062,61.739990234375,643.8550109863281,1044.0215768069029
46,set01,video_0001,1_1_19,0,14007,16,0,False,False,,,856.9000244140625,67.8800048828125,605.1649780273438,1416.6553704589605
47,set01,video_0001,1_1_19,0,14015,16,0,False,False,,,863.0399780273438,75.1199951171875,560.1750183105469,1665.4090079590678
48,set01,video_0001,1_1_19,0,14023,16,0,False,False,,,862.5999755859375,84.8800048828125,504.5699920654297,2045.6086357422173
49,set01,video_0001,1_1_17,0,13950,16,0,False,False,,,850.8099975585938,64.21002197265625,1219.9099731445312,1641.2040857896209
50,set01,video_0001,1_1_17,0,13958,16,0,False,False,,,857.6799926757812,72.8699951171875,1247.2750244140625,2023.601187646389
51,set01,video_0001,1_1_17,0,13966,16,0,False,False,,,860.0999755859375,84.25,1280.5700073242188,2701.0496520996094
52,set01,video_0001,1_1_17,0,13974,16,0,False,False,,,866.6099853515625,97.3599853515625,1322.77001953125,3545.8430602550507
53,set01,video_0001,1_1_10,0,16379,16,0,False,False,,,848.5800170898438,74.04998779296875,1351.844970703125,1019.6697781980038
54,set01,video_0001,1_1_10,0,16387,16,0,False,False,,,852.8200073242188,78.46002197265625,1393.1500244140625,1173.7588638663292
55,set01,video_0001,1_1_10,0,16395,16,0,False,False,,,857.719970703125,96.1099853515625,1444.6199951171875,1897.210172265768
56,set01,video_0001,1_1_10,0,16403,16,0,False,False,,,862.6099853515625,113.760009765625,1496.0899658203125,2787.1202392578125
57,set01,video_0001,1_1_11,0,16501,16,0,False,False,,,865.0800170898438,102.780029296875,1362.760009765625,3210.8471115231514
58,set01,video_0001,1_1_11,0,16509,16,0,False,False,,,868.2000122070312,114.80999755859375,1399.4849853515625,4014.902251049876
59,set01,video_0001,1_1_11,0,16517,16,0,False,False,,,871.8800048828125,126.4100341796875,1445.6900024414062,4836.433711275458
60,set01,video_0001,1_1_11,0,16525,16,0,False,False,,,881.6599731445312,142.1099853515625,1500.4099731445312,6687.686889991164
61,set01,video_0002,1_2_53,0,4648,16,0,False,False,,,869.4000244140625,68.52001953125,1274.5250244140625,1915.1312001943588
62,set01,video_0002,1_2_53,0,4656,16,0,False,False,,,872.3599853515625,74.9599609375,1292.93505859375,2417.458740234375
63,set01,video_0002,1_2_53,0,4664,16,0,False,False,,,880.0700073242188,83.53997802734375,1311.989990234375,2990.735292479396
64,set01,video_0002,1_2_53,0,4672,16,0,False,False,,,887.2999877929688,95.82000732421875,1344.9249877929688,3764.760133959353
65,set01,video_0002,1_2_23,1,5132,16,0,False,False,5192.0,-60.0,858.9199829101562,122.22998046875,316.010009765625,4202.2673253417015
66,set01,video_0002,1_2_23,1,5140,16,0,False,False,5192.0,-52.0,859.6599731445312,127.3599853515625,293.37001037597656,6235.543794531375
67,set01,video_0002,1_2_23,1,5148,16,0,False,False,5192.0,-44.0,858.22998046875,130.72998046875,266.62499237060547,6966.599781475961
68,set01,video_0002,1_2_23,1,5156,16,0,False,False,5192.0,-36.0,857.25,134.739990234375,247.8000030517578,5446.192214526236
69,set01,video_0002,1_2_32,1,7704,16,0,False,False,7764.0,-60.0,884.9600219726562,114.760009765625,1275.969970703125,5129.766833007336
70,set01,video_0002,1_2_32,1,7712,16,0,False,False,7764.0,-52.0,889.9000244140625,125.69000244140625,1284.7449951171875,4991.145087182522
71,set01,video_0002,1_2_32,1,7720,16,0,False,False,7764.0,-44.0,894.02001953125,131.2900390625,1299.614990234375,8246.335046291351
72,set01,video_0002,1_2_32,1,7728,16,0,False,False,7764.0,-36.0,907.5399780273438,155.2099609375,1306.9349975585938,10059.147716164589
73,set01,video_0002,1_2_33,1,7698,16,0,False,False,7758.0,-60.0,890.3200073242188,116.02001953125,1217.2000122070312,5267.311719238758
74,set01,video_0002,1_2_33,1,7706,16,0,False,False,7758.0,-52.0,896.5399780273438,127.32000732421875,1237.385009765625,5992.961448267102
75,set01,video_0002,1_2_33,1,7714,16,0,False,False,7758.0,-44.0,903.9000244140625,141.20001220703125,1262.72998046875,6814.313968017697
76,set01,video_0002,1_2_33,1,7722,16,0,False,False,7758.0,-36.0,909.02001953125,154.6300048828125,1289.1700439453125,8192.294638574123
77,set01,video_0002,1_2_34,1,8074,16,0,False,False,8134.0,-60.0,949.4000244140625,218.5,1338.3299560546875,14914.812133789062
78,set01,video_0002,1_2_34,1,8082,16,0,False,False,8134.0,-52.0,950.9600219726562,220.60003662109375,1342.10498046875,15430.961790159345
79,set01,video_0002,1_2_34,1,8090,16,0,False,False,8134.0,-44.0,952.0,222.42999267578125,1345.1199951171875,15739.148453906178
80,set01,video_0002,1_2_34,1,8098,16,0,False,False,8134.0,-36.0,952.7999877929688,223.91998291015625,1347.6500244140625,16001.313231885433
81,set01,video_0002,1_2_35,1,8077,16,0,False,False,8137.0,-60.0,962.1199951171875,248.510009765625,1387.4549560546875,17273.933205664158
82,set01,video_0002,1_2_35,1,8085,16,0,False,False,8137.0,-52.0,963.219970703125,250.41998291015625,1389.614990234375,18132.888952955604
83,set01,video_0002,1_2_35,1,8093,16,0,False,False,8137.0,-44.0,964.3099975585938,252.30999755859375,1391.7849731445312,19001.449900366366
84,set01,video_0002,1_2_35,1,8101,16,0,False,False,8137.0,-36.0,965.4000244140625,254.20001220703125,1394.6400146484375,19527.6623146981
85,set01,video_0002,1_2_36,0,8693,16,0,False,False,,,967.719970703125,348.05999755859375,1778.5899658203125,27594.206803515553
86,set01,video_0002,1_2_36,0,8701,16,0,False,False,,,966.0,357.45001220703125,1805.3400268554688,30233.106324218214
87,set01,video_0002,1_2_36,0,8709,16,0,False,False,,,970.239990234375,373.1099853515625,1828.1849975585938,31553.891421094537
88,set01,video_0002,1_2_36,0,8717,16,0,False,False,,,982.719970703125,395.40997314453125,1849.9599609375,35001.698545604944
89,set01,video_0002,1_2_42,1,12246,16,0,False,False,12306.0,-60.0,873.0999755859375,72.64996337890625,817.1500244140625,2433.7737731933594
90,set01,video_0002,1_2_42,1,12254,16,0,False,False,12306.0,-52.0,873.0999755859375,72.77996826171875,817.1500244140625,2438.128936767578
91,set01,video_0002,1_2_42,1,12262,16,0,False,False,12306.0,-44.0,873.0999755859375,72.79998779296875,817.1500244140625,2438.799591064453
92,set01,video_0002,1_2_42,1,12270,16,0,False,False,12306.0,-36.0,873.0999755859375,72.79998779296875,817.1500244140625,2438.799591064453
93,set01,video_0002,1_2_44,1,12236,16,0,False,False,12296.0,-60.0,866.4000244140625,65.9000244140625,777.3600158691406,1560.5120954588056
94,set01,video_0002,1_2_44,1,12244,16,0,False,False,12296.0,-52.0,866.4000244140625,65.9000244140625,777.3600158691406,1560.5120954588056
95,set01,video_0002,1_2_44,1,12252,16,0,False,False,12296.0,-44.0,866.4000244140625,65.9000244140625,777.3600158691406,1560.5120954588056
96,set01,video_0002,1_2_44,1,12260,16,0,False,False,12296.0,-36.0,866.4000244140625,65.9000244140625,777.3600158691406,1560.5120954588056
97,set01,video_0002,1_2_45,1,12259,16,0,False,False,12319.0,-60.0,867.27001953125,67.050048828125,754.85498046875,1625.9636840820312
98,set01,video_0002,1_2_45,1,12267,16,0,False,False,12319.0,-52.0,867.27001953125,67.050048828125,754.7899780273438,1634.680517822504
99,set01,video_0002,1_2_45,1,12275,16,0,False,False,12319.0,-44.0,867.27001953125,67.050048828125,754.7249755859375,1643.3973515629768
100,set01,video_0002,1_2_45,1,12283,16,0,False,False,12319.0,-36.0,867.2999877929688,67.1099853515625,754.0800170898438,1594.5339073240757
101,set01,video_0002,1_2_39,1,12214,16,0,False,False,12274.0,-60.0,895.3800048828125,162.91998291015625,309.9449920654297,7681.676199829206
102,set01,video_0002,1_2_39,1,12222,16,0,False,False,12274.0,-52.0,895.219970703125,162.75994873046875,311.8349914550781,7892.228324487805
103,set01,video_0002,1_2_39,1,12230,16,0,False,False,12274.0,-44.0,895.0599975585938,162.719970703125,313.9949951171875,7808.929804980755
104,set01,video_0002,1_2_39,1,12238,16,0,False,False,12274.0,-36.0,894.9000244140625,162.69000244140625,316.1949920654297,7680.593625085428
105,set01,video_0002,1_2_40,1,12241,16,0,False,False,12301.0,-60.0,910.8900146484375,191.29998779296875,337.9750061035156,13848.208918578923
106,set01,video_0002,1_2_40,1,12249,16,0,False,False,12301.0,-52.0,911.25,188.719970703125,342.07501220703125,13729.377868652344
107,set01,video_0002,1_2_40,1,12257,16,0,False,False,12301.0,-44.0,911.6099853515625,186.1400146484375,346.1750030517578,13608.699424829334
108,set01,video_0002,1_2_40,1,12265,16,0,False,False,12301.0,-36.0,911.8800048828125,183.84002685546875,354.0350036621094,12797.101576440036
109,set01,video_0002,1_2_57,0,12267,16,0,False,False,,,819.4099731445312,149.1099853515625,58.65999984741211,5839.146434805356
110,set01,video_0002,1_2_57,0,12275,16,0,False,False,,,819.4099731445312,149.1099853515625,58.65999984741211,5839.146434805356
111,set01,video_0002,1_2_57,0,12283,16,0,False,False,,,820.010009765625,149.1099853515625,59.08999824523926,5839.147003614809
112,set01,video_0002,1_2_57,0,12291,16,0,False,False,,,820.97998046875,149.1099853515625,59.78000068664551,5839.147003614809
113,set01,video_0002,1_2_58,0,12298,16,0,False,False,,,837.5399780273438,154.3399658203125,96.37999725341797,6195.2061338257045
114,set01,video_0002,1_2_58,0,12306,16,0,False,False,,,838.489990234375,154.3399658203125,95.43000030517578,6195.2061338257045
115,set01,video_0002,1_2_58,0,12314,16,0,False,False,,,840.3900146484375,154.34002685546875,93.52999877929688,6195.208583776839
116,set01,video_0002,1_2_58,0,12322,16,0,False,False,,,842.2999877929688,154.3399658203125,91.62000274658203,6195.2061338257045
117,set01,video_0002,1_2_22,1,5121,16,0,False,False,5181.0,-60.0,872.219970703125,126.28997802734375,388.4599914550781,5657.789473999292
118,set01,video_0002,1_2_22,1,5129,16,0,False,False,5181.0,-52.0,868.4600219726562,126.2900390625,369.0400085449219,5657.792208373547
119,set01,video_0002,1_2_22,1,5137,16,0,False,False,5181.0,-44.0,864.7000122070312,126.2900390625,349.6199951171875,5657.792208373547
120,set01,video_0002,1_2_22,1,5145,16,0,False,False,5181.0,-36.0,873.4500122070312,136.3800048828125,327.7150115966797,7035.843952465802
121,set01,video_0002,1_2_50,1,15730,16,0,False,False,15790.0,-60.0,874.2999877929688,215.3800048828125,122.96500396728516,14919.37385843508
122,set01,video_0002,1_2_50,1,15738,16,0,False,False,15790.0,-52.0,892.2899780273438,230.15997314453125,140.96999740600586,17533.58682438964
123,set01,video_0002,1_2_50,1,15746,16,0,False,False,15790.0,-44.0,900.8800048828125,236.5999755859375,155.46999740600586,16367.986383239739
124,set01,video_0002,1_2_50,1,15754,16,0,False,False,15790.0,-36.0,923.280029296875,250.24005126953125,178.19499588012695,25752.20268337382
125,set01,video_0002,1_2_51,1,15834,16,0,False,False,15894.0,-60.0,874.6400146484375,222.94000244140625,81.10000228881836,16809.67652426148
126,set01,video_0002,1_2_51,1,15842,16,0,False,False,15894.0,-52.0,890.6900024414062,227.42999267578125,94.33500099182129,16208.935682112118
127,set01,video_0002,1_2_51,1,15850,16,0,False,False,15894.0,-44.0,897.1300048828125,236.58001708984375,118.22000122070312,14270.508363623172
128,set01,video_0002,1_2_51,1,15858,16,0,False,False,15894.0,-36.0,926.9400024414062,255.780029296875,141.27999877929688,19326.738389208913
129,set01,video_0002,1_2_52,1,16044,16,0,False,False,16089.0,-45.0,892.0,281.0999755859375,1886.2249755859375,18988.317076414824
130,set01,video_0002,1_2_52,1,16052,16,0,False,False,16089.0,-37.0,903.8599853515625,291.8800048828125,1866.7699584960938,20110.539462402463
131,set01,video_0002,1_2_56,1,11496,16,0,False,False,11556.0,-60.0,905.2999877929688,250.47998046875,134.77999877929688,17829.163175195456
132,set01,video_0002,1_2_56,1,11504,16,0,False,False,11556.0,-52.0,915.8599853515625,259.3800048828125,148.31499862670898,21370.31646506954
133,set01,video_0002,1_2_56,1,11512,16,0,False,False,11556.0,-44.0,939.3200073242188,276.47998046875,164.51499557495117,24067.581034179777
134,set01,video_0002,1_2_56,1,11520,16,0,False,False,11556.0,-36.0,953.0399780273438,287.47998046875,188.63999938964844,27506.082425683737
135,set01,video_0002,1_2_41,1,12222,16,0,False,False,12282.0,-60.0,883.9000244140625,195.33001708984375,200.48500061035156,9526.24278751202
136,set01,video_0002,1_2_41,1,12230,16,0,False,False,12282.0,-52.0,883.9000244140625,193.7900390625,206.8550033569336,11920.024238213897
137,set01,video_0002,1_2_41,1,12238,16,0,False,False,12282.0,-44.0,885.0,194.3800048828125,209.5500030517578,12148.750305175781
138,set01,video_0002,1_2_41,1,12246,16,0,False,False,12282.0,-36.0,884.5700073242188,194.19000244140625,210.28500366210938,11851.41561195068
139,set01,video_0002,1_2_43,1,12196,16,0,False,False,12256.0,-60.0,874.9099731445312,70.13995361328125,859.3450012207031,2054.3977001719177
140,set01,video_0002,1_2_43,1,12204,16,0,False,False,12256.0,-52.0,874.9099731445312,70.13995361328125,859.3450012207031,2054.3977001719177
141,set01,video_0002,1_2_43,1,12212,16,0,False,False,12256.0,-44.0,874.9099731445312,70.13995361328125,859.3450012207031,2054.3977001719177
142,set01,video_0002,1_2_43,1,12220,16,0,False,False,12256.0,-36.0,874.9099731445312,70.13995361328125,859.3450012207031,2054.3977001719177
143,set01,video_0002,1_2_38,1,10410,16,0,False,False,10443.0,-33.0,887.9000244140625,236.9000244140625,1889.4500122070312,14474.585708007216
144,set01,video_0003,1_3_59,0,341,16,0,False,False,,,881.1799926757812,137.25,1420.385009765625,5395.3055419921875
145,set01,video_0003,1_3_59,0,349,16,0,False,False,,,889.97998046875,143.92999267578125,1449.64501953125,6469.646142944694
146,set01,video_0003,1_3_59,0,357,16,0,False,False,,,896.760009765625,152.45001220703125,1484.0750122070312,7325.211920775473
147,set01,video_0003,1_3_59,0,365,16,0,False,False,,,902.2999877929688,166.42999267578125,1527.7349853515625,8742.57239113748
148,set01,video_0003,1_3_60,0,326,16,0,False,False,,,877.3400268554688,157.02001953125,1464.9500122070312,9455.760143458843
149,set01,video_0003,1_3_60,0,334,16,0,False,False,,,881.260009765625,164.05999755859375,1495.9450073242188,10970.691235668957
150,set01,video_0003,1_3_60,0,342,16,0,False,False,,,885.4199829101562,172.89996337890625,1528.0549926757812,11980.224110476673
151,set01,video_0003,1_3_60,0,350,16,0,False,False,,,891.6599731445312,185.75994873046875,1566.2849731445312,13454.603063888848
152,set01,video_0003,1_3_61,0,661,16,0,False,False,,,842.7000122070312,56.07000732421875,1269.1099853515625,1377.0826652348042
153,set01,video_0003,1_3_61,0,669,16,0,False,False,,,845.260009765625,61.97998046875,1297.7950439453125,1473.265346288681
154,set01,video_0003,1_3_61,0,677,16,0,False,False,,,854.4199829101562,71.29998779296875,1330.5400390625,2210.2996215820312
155,set01,video_0003,1_3_61,0,685,16,0,False,False,,,854.5999755859375,81.65997314453125,1365.4800415039062,3090.010592676699
156,set01,video_0003,1_3_62,1,2855,16,0,False,False,2915.0,-60.0,866.2000122070312,258.04998779296875,72.18500137329102,17090.651557784993
157,set01,video_0003,1_3_62,1,2863,16,0,False,False,2915.0,-52.0,865.1199951171875,251.469970703125,77.8700008392334,16974.223981742747
158,set01,video_0003,1_3_62,1,2871,16,0,False,False,2915.0,-44.0,864.7999877929688,249.9599609375,76.5049991607666,15744.97835900262
159,set01,video_0003,1_3_62,1,2879,16,0,False,False,2915.0,-36.0,868.4000244140625,253.55999755859375,81.86499977111816,18689.908155157464
160,set01,video_0003,1_3_72,1,9838,16,0,False,False,9898.0,-60.0,970.6900024414062,268.6400146484375,1446.8699951171875,17053.262883007526
161,set01,video_0003,1_3_72,1,9846,16,0,False,False,9898.0,-52.0,971.3699951171875,270.70001220703125,1448.2250366210938,17359.993104614317
162,set01,video_0003,1_3_72,1,9854,16,0,False,False,9898.0,-44.0,972.0599975585938,272.469970703125,1452.0,17819.5094755888
163,set01,video_0003,1_3_72,1,9862,16,0,False,False,9898.0,-36.0,974.260009765625,276.989990234375,1458.0150146484375,18400.426116406918
164,set01,video_0003,1_3_100,0,353,16,0,False,False,,,874.9299926757812,109.8800048828125,1425.0099487304688,6003.845076367259
165,set01,video_0003,1_3_100,0,361,16,0,False,False,,,881.5399780273438,118.9599609375,1454.9750366210938,6919.906155467033
166,set01,video_0003,1_3_100,0,369,16,0,False,False,,,884.0700073242188,128.44000244140625,1490.9700317382812,7919.614940576255
167,set01,video_0003,1_3_100,0,377,16,0,False,False,,,879.0399780273438,140.69000244140625,1539.75,9119.535575732589
168,set01,video_0003,1_3_73,1,9842,16,0,False,False,9902.0,-60.0,995.2999877929688,332.47998046875,1505.75,33347.75827538967
169,set01,video_0003,1_3_73,1,9850,16,0,False,False,9902.0,-52.0,995.2999877929688,332.47998046875,1505.75,33347.75827538967
170,set01,video_0003,1_3_73,1,9858,16,0,False,False,9902.0,-44.0,993.7999877929688,332.94000244140625,1511.7200317382812,34246.20377407223
171,set01,video_0003,1_3_73,1,9866,16,0,False,False,9902.0,-36.0,994.25,336.70001220703125,1522.260009765625,35885.513605713844
172,set01,video_0003,1_3_74,1,9862,16,0,False,False,9922.0,-60.0,953.0,244.5999755859375,119.95000076293945,18271.61929595936
173,set01,video_0003,1_3_74,1,9870,16,0,False,False,9922.0,-52.0,953.219970703125,247.03997802734375,107.9000015258789,18453.885604736395
174,set01,video_0003,1_3_74,1,9878,16,0,False,False,9922.0,-44.0,952.530029296875,251.49005126953125,100.29999923706055,18142.490226369817
175,set01,video_0003,1_3_74,1,9886,16,0,False,False,9922.0,-36.0,951.6400146484375,250.280029296875,97.3700008392334,18055.2021154603
176,set01,video_0003,1_3_76,1,9877,16,0,False,False,9937.0,-60.0,974.4000244140625,298.08001708984375,49.420000076293945,22403.694038989255
177,set01,video_0003,1_3_76,1,9885,16,0,False,False,9937.0,-52.0,974.4000244140625,298.08001708984375,49.420000076293945,22403.694038989255
178,set01,video_0003,1_3_76,1,9893,16,0,False,False,9937.0,-44.0,974.4000244140625,298.08001708984375,49.420000076293945,22403.694038989255
179,set01,video_0003,1_3_76,1,9901,16,0,False,False,9937.0,-36.0,974.4000244140625,298.08001708984375,49.420000076293945,22403.694038989255
180,set01,video_0003,1_3_77,1,9814,16,0,False,False,9874.0,-60.0,970.5,247.22998046875,247.4499969482422,15105.753315612674
181,set01,video_0003,1_3_77,1,9822,16,0,False,False,9874.0,-52.0,970.5,247.22998046875,247.33999633789062,15081.02880859375
182,set01,video_0003,1_3_77,1,9830,16,0,False,False,9874.0,-44.0,970.5,247.22998046875,246.4600067138672,14903.02292086184
183,set01,video_0003,1_3_77,1,9838,16,0,False,False,9874.0,-36.0,970.5,247.22998046875,245.5800018310547,14720.075149670243
184,set01,video_0003,1_3_80,1,11600,16,0,False,False,11660.0,-60.0,924.7000122070312,150.5400390625,1047.3999633789062,7617.322301268578
185,set01,video_0003,1_3_80,1,11608,16,0,False,False,11660.0,-52.0,930.3599853515625,158.8699951171875,1051.239990234375,7543.14426523447
186,set01,video_0003,1_3_80,1,11616,16,0,False,False,11660.0,-44.0,934.0399780273438,161.5,1058.3400268554688,7448.379211425781
187,set01,video_0003,1_3_80,1,11624,16,0,False,False,11660.0,-36.0,937.6400146484375,167.1400146484375,1067.9500122070312,8079.542595311999
188,set01,video_0003,1_3_71,1,9488,16,0,False,False,9548.0,-60.0,864.4500122070312,217.1099853515625,1729.7999877929688,19982.785029932857
189,set01,video_0003,1_3_71,1,9496,16,0,False,False,9548.0,-52.0,874.1199951171875,222.1199951171875,1694.1649780273438,18353.77628110349
190,set01,video_0003,1_3_71,1,9504,16,0,False,False,9548.0,-44.0,889.9600219726562,224.58001708984375,1661.7449951171875,20937.590606957674
191,set01,video_0003,1_3_71,1,9512,16,0,False,False,9548.0,-36.0,897.7999877929688,227.3900146484375,1622.2650146484375,21281.451456397772
192,set01,video_0003,1_3_86,1,13717,16,0,False,False,13777.0,-60.0,846.7000122070312,35.70001220703125,981.5549926757812,405.1942669674754
193,set01,video_0003,1_3_86,1,13725,16,0,False,False,13777.0,-52.0,848.7000122070312,35.70001220703125,989.6549987792969,405.1964459232986
194,set01,video_0003,1_3_86,1,13733,16,0,False,False,13777.0,-44.0,848.7999877929688,36.29998779296875,1000.5050048828125,412.0039752200246
195,set01,video_0003,1_3_86,1,13741,16,0,False,False,13777.0,-36.0,844.2000122070312,38.79998779296875,1013.0499877929688,439.99053540080786
196,set01,video_0003,1_3_104,1,13190,16,0,False,False,13225.0,-35.0,850.2999877929688,48.95001220703125,930.7699890136719,756.7682642824948
197,set01,video_0003,1_3_89,1,15726,16,0,False,False,15781.0,-55.0,870.9000244140625,75.300048828125,820.6500244140625,1740.9367612302303
198,set01,video_0003,1_3_89,1,15734,16,0,False,False,15781.0,-47.0,877.6400146484375,83.98004150390625,811.7749938964844,2127.2158864997327
199,set01,video_0003,1_3_89,1,15742,16,0,False,False,15781.0,-39.0,882.5900268554688,89.35003662109375,805.5249938964844,2600.983710695058
200,set01,video_0003,1_3_89,1,15750,16,0,False,False,15781.0,-31.0,885.280029296875,94.52001953125,799.4100036621094,3075.679358690977
201,set01,video_0003,1_3_90,1,15726,16,0,False,False,15768.0,-42.0,870.0999755859375,70.89996337890625,835.6399841308594,2716.8871159665287
202,set01,video_0003,1_3_90,1,15734,16,0,False,False,15768.0,-34.0,873.8099975585938,78.44000244140625,837.2049865722656,1953.9383542723954
203,set01,video_0003,1_3_93,1,16370,16,0,False,False,16420.0,-50.0,879.3699951171875,91.469970703125,614.5350036621094,3560.9252895265818
204,set01,video_0003,1_3_93,1,16378,16,0,False,False,16420.0,-42.0,883.8400268554688,91.260009765625,624.5849914550781,2678.484628662467
205,set01,video_0003,1_3_93,1,16386,16,0,False,False,16420.0,-34.0,885.1199951171875,88.07000732421875,639.2999877929688,3492.859500683844
206,set01,video_0003,1_3_94,1,16385,16,0,False,False,16445.0,-60.0,877.3599853515625,81.6099853515625,756.9500122070312,2959.1788658201694
207,set01,video_0003,1_3_94,1,16393,16,0,False,False,16445.0,-52.0,878.0800170898438,81.530029296875,751.7349853515625,2743.4874763190746
208,set01,video_0003,1_3_94,1,16401,16,0,False,False,16445.0,-44.0,877.760009765625,84.44000244140625,748.5,3185.074418261647
209,set01,video_0003,1_3_94,1,16409,16,0,False,False,16445.0,-36.0,879.3400268554688,86.9100341796875,743.4200134277344,3111.3781627193093
210,set01,video_0003,1_3_98,0,17755,16,0,False,False,,,968.1799926757812,243.82000732421875,1344.9649658203125,19439.764421850443
211,set01,video_0003,1_3_98,0,17763,16,0,False,False,,,982.4000244140625,258.24005126953125,1357.6600341796875,21945.234513133764
212,set01,video_0003,1_3_98,0,17771,16,0,False,False,,,997.260009765625,277.10003662109375,1371.9749755859375,21810.53305822611
213,set01,video_0003,1_3_98,0,17779,16,0,False,False,,,1004.9199829101562,304.5,1431.1699829101562,25060.327697753906
214,set01,video_0003,1_3_99,0,17759,16,0,False,False,,,963.6799926757812,204.46002197265625,1408.8399658203125,15432.63846513629
215,set01,video_0003,1_3_99,0,17767,16,0,False,False,,,975.260009765625,216.20001220703125,1425.5800170898438,19094.773465819657
216,set01,video_0003,1_3_99,0,17775,16,0,False,False,,,982.8699951171875,226.33001708984375,1473.155029296875,21544.341065257788
217,set01,video_0003,1_3_99,0,17783,16,0,False,False,,,981.8099975585938,245.21002197265625,1526.1500244140625,20278.856843993068
218,set01,video_0003,1_3_97,1,17601,16,0,False,False,17661.0,-60.0,946.52001953125,301.10003662109375,37.474998474121094,22567.446825866587
219,set01,video_0003,1_3_97,1,17609,16,0,False,False,17661.0,-52.0,959.6199951171875,320.4000244140625,44.01500177383423,26846.319255661103
220,set01,video_0003,1_3_97,1,17617,16,0,False,False,17661.0,-44.0,966.9000244140625,328.84002685546875,53.84000074863434,32923.46399994778
221,set01,video_0003,1_3_97,1,17625,16,0,False,False,17661.0,-36.0,969.6400146484375,335.23004150390625,57.864999771118164,32487.14327099151
222,set01,video_0003,1_3_79,1,11382,16,0,False,False,11442.0,-60.0,902.4000244140625,125.3800048828125,1177.1749877929688,5447.7703952640295
223,set01,video_0003,1_3_79,1,11390,16,0,False,False,11442.0,-52.0,902.280029296875,127.59002685546875,1174.9649658203125,6630.849957689643
224,set01,video_0003,1_3_79,1,11398,16,0,False,False,11442.0,-44.0,905.8800048828125,135.71002197265625,1173.739990234375,6628.089400783181
225,set01,video_0003,1_3_79,1,11406,16,0,False,False,11442.0,-36.0,908.739990234375,141.6300048828125,1175.9599609375,7398.750071972609
226,set01,video_0003,1_3_75,1,9844,16,0,False,False,9904.0,-60.0,987.0,271.5,160.10000228881836,20742.600414276123
227,set01,video_0003,1_3_75,1,9852,16,0,False,False,9904.0,-52.0,996.4400024414062,276.6199951171875,179.01499938964844,28085.227766577154
228,set01,video_0003,1_3_75,1,9860,16,0,False,False,9904.0,-44.0,1003.7999877929688,281.76995849609375,188.7800064086914,26463.83398601692
229,set01,video_0003,1_3_75,1,9868,16,0,False,False,9904.0,-36.0,1005.5599975585938,285.28997802734375,197.93000030517578,29196.579659734853
230,set01,video_0004,1_4_105,0,437,16,0,False,False,,,941.5800170898438,164.9100341796875,1370.9249877929688,10255.765493556857
231,set01,video_0004,1_4_105,0,445,16,0,False,False,,,956.780029296875,186.1300048828125,1364.4750366210938,13231.97568525374
232,set01,video_0004,1_4_105,0,453,16,0,False,False,,,977.4600219726562,214.4100341796875,1364.9600219726562,16338.060308352113
233,set01,video_0004,1_4_105,0,461,16,0,False,False,,,1000.5,245.19000244140625,1383.760009765625,20419.430586621165
234,set01,video_0004,1_4_107,0,1877,16,0,False,False,,,915.0499877929688,110.969970703125,903.7550048828125,5660.579289257526
235,set01,video_0004,1_4_107,0,1885,16,0,False,False,,,918.280029296875,112.46002197265625,872.6849975585938,5889.530801586807
236,set01,video_0004,1_4_107,0,1893,16,0,False,False,,,922.0499877929688,114.2099609375,804.8599853515625,6053.1279296875
237,set01,video_0004,1_4_107,0,1901,16,0,False,False,,,923.1400146484375,119.79998779296875,706.2200012207031,6517.114948730916
238,set01,video_0004,1_4_108,0,3471,16,0,False,False,,,871.6599731445312,71.1199951171875,1273.7449951171875,1327.804752588272
239,set01,video_0004,1_4_108,0,3479,16,0,False,False,,,881.0999755859375,75.28997802734375,1301.5849609375,1447.824806958437
240,set01,video_0004,1_4_108,0,3487,16,0,False,False,,,869.7000122070312,85.2900390625,1335.8150024414062,2129.7001880407333
241,set01,video_0004,1_4_108,0,3495,16,0,False,False,,,880.27001953125,91.9000244140625,1381.385009765625,2864.516581296921
242,set01,video_0004,1_4_109,0,3461,16,0,False,False,,,863.719970703125,66.02996826171875,1339.260009765625,1539.823373630643
243,set01,video_0004,1_4_109,0,3469,16,0,False,False,,,863.4000244140625,69.99005126953125,1367.8200073242188,1602.7738828137517
244,set01,video_0004,1_4_109,0,3477,16,0,False,False,,,873.4000244140625,75.30999755859375,1401.8150024414062,1793.1262614503503
245,set01,video_0004,1_4_109,0,3485,16,0,False,False,,,866.7000122070312,83.94000244140625,1446.1349487304688,2213.4974545165896
246,set01,video_0004,1_4_110,1,7176,16,0,False,False,7236.0,-60.0,882.4000244140625,122.2900390625,931.3049926757812,5208.3285838365555
247,set01,video_0004,1_4_110,1,7184,16,0,False,False,7236.0,-52.0,886.3800048828125,133.47003173828125,868.5099792480469,6847.01099890098
248,set01,video_0004,1_4_110,1,7192,16,0,False,False,7236.0,-44.0,892.280029296875,143.3800048828125,786.9249877929688,9983.550440087914
249,set01,video_0004,1_4_110,1,7200,16,0,False,False,7236.0,-36.0,892.280029296875,149.300048828125,711.125,7971.131793946028
250,set01,video_0004,1_4_106,1,1465,16,0,False,False,1525.0,-60.0,904.0,240.32000732421875,1673.3450317382812,23337.472390942276
251,set01,video_0004,1_4_106,1,1473,16,0,False,False,1525.0,-52.0,923.4000244140625,258.86004638671875,1687.4949951171875,23807.350882396102
252,set01,video_0004,1_4_106,1,1481,16,0,False,False,1525.0,-44.0,942.4600219726562,282.6500244140625,1693.6900024414062,32951.327425047755
253,set01,video_0004,1_4_106,1,1489,16,0,False,False,1525.0,-36.0,953.5,303.32000732421875,1690.0050048828125,29782.97374650836
254,set01,video_0004,1_4_112,1,254,16,0,False,False,314.0,-60.0,854.8200073242188,75.33001708984375,1322.8250122070312,1984.9441112056375
255,set01,video_0004,1_4_112,1,262,16,0,False,False,314.0,-52.0,860.5800170898438,78.46002197265625,1284.239990234375,2083.9027808606625
256,set01,video_0004,1_4_112,1,270,16,0,False,False,314.0,-44.0,864.0999755859375,79.40997314453125,1253.27001953125,2240.947115674615
257,set01,video_0004,1_4_112,1,278,16,0,False,False,314.0,-36.0,866.52001953125,79.3800048828125,1230.4599609375,2438.5514244139194
258,set02,video_0001,2_1_114,1,3195,16,0,False,False,3234.0,-39.0,828.489990234375,62.45001220703125,1187.4149780273438,1428.2314742431045
259,set02,video_0001,2_1_114,1,3203,16,0,False,False,3234.0,-31.0,831.5,64.90997314453125,1191.0399780273438,1435.808289013803
260,set02,video_0001,2_1_117,1,7222,16,0,False,False,7282.0,-60.0,863.1599731445312,224.719970703125,1790.4099731445312,13847.24349746108
261,set02,video_0001,2_1_117,1,7230,16,0,False,False,7282.0,-52.0,857.2000122070312,232.72003173828125,1822.3200073242188,14698.605158887804
262,set02,video_0001,2_1_117,1,7238,16,0,False,False,7282.0,-44.0,854.0,242.1500244140625,1854.4750366210938,15219.123122557998
263,set02,video_0001,2_1_117,1,7246,16,0,False,False,7282.0,-36.0,850.4299926757812,249.52996826171875,1882.7550048828125,15682.982873409986
264,set02,video_0001,2_1_119,1,7294,16,0,False,False,7354.0,-60.0,859.97998046875,73.88995361328125,919.8050231933594,2313.4942672364414
265,set02,video_0001,2_1_119,1,7302,16,0,False,False,7354.0,-52.0,860.22998046875,72.15997314453125,934.4250183105469,3431.2058421634138
266,set02,video_0001,2_1_119,1,7310,16,0,False,False,7354.0,-44.0,861.4500122070312,74.989990234375,944.9599914550781,1850.7524097412825
267,set02,video_0001,2_1_119,1,7318,16,0,False,False,7354.0,-36.0,863.47998046875,74.8399658203125,960.125,2870.1108620613813
268,set02,video_0001,2_1_123,0,10457,16,0,False,False,,,841.7899780273438,93.88995361328125,426.7449951171875,3292.721360888332
269,set02,video_0001,2_1_123,0,10465,16,0,False,False,,,842.3300170898438,101.4000244140625,394.3399963378906,3569.282097168267
270,set02,video_0001,2_1_123,0,10473,16,0,False,False,,,843.3099975585938,109.6500244140625,353.7749938964844,4270.869789429009
271,set02,video_0001,2_1_123,0,10481,16,0,False,False,,,841.2000122070312,113.77001953125,313.3050079345703,4149.192751184106
272,set02,video_0001,2_1_124,0,11225,16,0,False,False,,,831.6400146484375,67.1700439453125,1280.094970703125,1577.8236763179302
273,set02,video_0001,2_1_124,0,11233,16,0,False,False,,,834.1300048828125,74.29998779296875,1311.9199829101562,1971.9155085459352
274,set02,video_0001,2_1_124,0,11241,16,0,False,False,,,836.8200073242188,84.04998779296875,1352.5299682617188,2654.294920898974
275,set02,video_0001,2_1_124,0,11249,16,0,False,False,,,842.4400024414062,97.17999267578125,1400.6650390625,3598.5779758542776
276,set02,video_0001,2_1_136,1,12170,16,0,False,False,12230.0,-60.0,827.4400024414062,86.55999755859375,375.3300018310547,3181.9437139648944
277,set02,video_0001,2_1_136,1,12178,16,0,False,False,12230.0,-52.0,827.4400024414062,86.55999755859375,375.3300018310547,3181.9437139648944
278,set02,video_0001,2_1_136,1,12186,16,0,False,False,12230.0,-44.0,827.4400024414062,86.55999755859375,375.3300018310547,3181.9437139648944
279,set02,video_0001,2_1_136,1,12194,16,0,False,False,12230.0,-36.0,827.4400024414062,86.55999755859375,375.3300018310547,3181.9437139648944
280,set02,video_0001,2_1_139,1,12173,16,0,False,False,12233.0,-60.0,825.0,84.17999267578125,361.8999938964844,1767.7798461914062
281,set02,video_0001,2_1_139,1,12181,16,0,False,False,12233.0,-52.0,825.030029296875,84.1800537109375,362.0299987792969,1767.7811279296875
282,set02,video_0001,2_1_139,1,12189,16,0,False,False,12233.0,-44.0,825.1300048828125,84.17999267578125,362.5400085449219,1767.7798461914062
283,set02,video_0001,2_1_139,1,12197,16,0,False,False,12233.0,-36.0,825.22998046875,84.17999267578125,363.04998779296875,1767.7798461914062
284,set02,video_0001,2_1_141,1,12178,16,0,False,False,12238.0,-60.0,820.27001953125,53.21002197265625,587.4750061035156,1061.5405878908932
285,set02,video_0001,2_1_141,1,12186,16,0,False,False,12238.0,-52.0,820.1099853515625,53.2099609375,584.989990234375,1023.7591288089752
286,set02,video_0001,2_1_141,1,12194,16,0,False,False,12238.0,-44.0,820.280029296875,53.21002197265625,585.2099914550781,963.1033463142812
287,set02,video_0001,2_1_141,1,12202,16,0,False,False,12238.0,-36.0,820.52001953125,53.20001220703125,586.6199951171875,962.9189221188426
288,set02,video_0001,2_1_142,0,17762,16,0,False,False,,,866.6199951171875,100.02996826171875,587.3949890136719,2621.7876660637558
289,set02,video_0001,2_1_142,0,17770,16,0,False,False,,,866.1699829101562,105.8399658203125,543.7650146484375,3375.23806039989
290,set02,video_0001,2_1_142,0,17778,16,0,False,False,,,871.5399780273438,116.17999267578125,490.47999572753906,3940.8269115965813
291,set02,video_0001,2_1_142,0,17786,16,0,False,False,,,882.7100219726562,129.55999755859375,427.8800048828125,4811.860207177699
292,set02,video_0001,2_1_143,0,17770,16,0,False,False,,,851.5700073242188,109.9100341796875,1341.27001953125,3655.608810156584
293,set02,video_0001,2_1_143,0,17778,16,0,False,False,,,858.2899780273438,121.80999755859375,1377.699951171875,4382.721333056688
294,set02,video_0001,2_1_143,0,17786,16,0,False,False,,,864.3800048828125,134.82000732421875,1420.9900512695312,5309.212546728551
295,set02,video_0001,2_1_143,0,17794,16,0,False,False,,,861.7899780273438,150.32000732421875,1476.2850341796875,6795.961659252644
296,set02,video_0001,2_1_118,1,7197,16,0,False,False,7257.0,-60.0,854.97998046875,65.1199951171875,1098.3300170898438,1819.4567971676588
297,set02,video_0001,2_1_118,1,7205,16,0,False,False,7257.0,-52.0,854.7100219726562,65.33001708984375,1104.5,1881.5076821297407
298,set02,video_0001,2_1_118,1,7213,16,0,False,False,7257.0,-44.0,854.0800170898438,65.34002685546875,1106.625,1882.4500022232533
299,set02,video_0001,2_1_118,1,7221,16,0,False,False,7257.0,-36.0,857.8800048828125,70.20001220703125,1114.2899780273438,1993.682060547173
300,set02,video_0001,2_1_125,0,11373,16,0,False,False,,,843.2999877929688,88.66998291015625,1448.9099731445312,2605.1245308592916
301,set02,video_0001,2_1_125,0,11381,16,0,False,False,,,846.5999755859375,101.50994873046875,1498.425048828125,3220.9086906015873
302,set02,video_0001,2_1_125,0,11389,16,0,False,False,,,847.5599975585938,114.489990234375,1555.2899780273438,3988.827346533537
303,set02,video_0001,2_1_125,0,11397,16,0,False,False,,,846.4400024414062,128.55999755859375,1620.7999877929688,5551.227599658072
304,set02,video_0001,2_1_137,1,12440,16,0,False,False,12500.0,-60.0,827.9000244140625,86.52001953125,482.3000030517578,2924.3782443851233
305,set02,video_0001,2_1_137,1,12448,16,0,False,False,12500.0,-52.0,827.9000244140625,90.6800537109375,467.9649963378906,2951.634641356766
306,set02,video_0001,2_1_137,1,12456,16,0,False,False,12500.0,-44.0,828.0800170898438,93.0,461.8050079345703,2997.3910217285156
307,set02,video_0001,2_1_137,1,12464,16,0,False,False,12500.0,-36.0,831.0,97.6300048828125,455.7449951171875,3541.0421839356422
308,set02,video_0001,2_1_138,0,12310,16,0,False,False,,,838.8599853515625,111.55999755859375,303.6449890136719,3312.2165998779237
309,set02,video_0001,2_1_138,0,12318,16,0,False,False,,,839.2000122070312,115.33001708984375,280.00498962402344,3592.5293284300715
310,set02,video_0001,2_1_138,0,12326,16,0,False,False,,,838.1500244140625,122.85003662109375,249.9449920654297,3996.311541320756
311,set02,video_0001,2_1_138,0,12334,16,0,False,False,,,835.0900268554688,130.19000244140625,217.66000366210938,4491.555084228516
312,set02,video_0001,2_1_140,0,12303,16,0,False,False,,,838.2000122070312,110.85003662109375,299.8050079345703,2982.974891418591
313,set02,video_0001,2_1_140,0,12311,16,0,False,False,,,837.47998046875,112.75,278.0500030517578,2983.3640365600586
314,set02,video_0001,2_1_140,0,12319,16,0,False,False,,,832.7899780273438,114.65997314453125,251.1449966430664,3262.0758860474452
315,set02,video_0001,2_1_140,0,12327,16,0,False,False,,,828.9000244140625,117.69000244140625,221.39500427246094,3409.479514392093
316,set02,video_0001,2_1_129,0,15707,16,0,False,False,,,909.4500122070312,220.58001708984375,1450.6649780273438,15672.194058470428
317,set02,video_0001,2_1_129,0,15715,16,0,False,False,,,915.0999755859375,239.47998046875,1487.3350219726562,17561.05644375086
318,set02,video_0001,2_1_129,0,15723,16,0,False,False,,,925.780029296875,269.35003662109375,1541.25,21391.758865475655
319,set02,video_0001,2_1_129,0,15731,16,0,False,False,,,936.4600219726562,299.22003173828125,1595.1650390625,25586.307836011052
320,set02,video_0001,2_1_130,1,15615,16,0,False,False,15675.0,-60.0,824.760009765625,143.4000244140625,1524.4450073242188,7759.373220458627
321,set02,video_0001,2_1_130,1,15623,16,0,False,False,15675.0,-52.0,826.0700073242188,137.80999755859375,1512.5250244140625,6993.857376098633
322,set02,video_0001,2_1_130,1,15631,16,0,False,False,15675.0,-44.0,829.7000122070312,137.8800048828125,1498.1950073242188,6487.244131103158
323,set02,video_0001,2_1_130,1,15639,16,0,False,False,15675.0,-36.0,835.6699829101562,136.8499755859375,1486.7400512695312,6724.809804931283
324,set02,video_0001,2_1_131,1,15641,16,0,False,False,15701.0,-60.0,825.2999877929688,132.2099609375,1530.8349609375,5847.643990039825
325,set02,video_0001,2_1_131,1,15649,16,0,False,False,15701.0,-52.0,830.6599731445312,131.54998779296875,1520.7650146484375,5952.636947631836
326,set02,video_0001,2_1_131,1,15657,16,0,False,False,15701.0,-44.0,832.0,131.67999267578125,1515.4199829101562,5904.526370801032
327,set02,video_0001,2_1_131,1,15665,16,0,False,False,15701.0,-36.0,832.0,132.07000732421875,1511.655029296875,5804.470373168588
328,set02,video_0001,2_1_132,1,15570,16,0,False,False,15630.0,-60.0,799.77001953125,131.85003662109375,1600.7050170898438,5167.211304567754
329,set02,video_0001,2_1_132,1,15578,16,0,False,False,15630.0,-52.0,799.5499877929688,131.719970703125,1600.1849975585938,5272.738207131624
330,set02,video_0001,2_1_132,1,15586,16,0,False,False,15630.0,-44.0,799.3300170898438,131.60003662109375,1599.6699829101562,5379.810139648616
331,set02,video_0001,2_1_132,1,15594,16,0,False,False,15630.0,-36.0,801.3300170898438,131.07000732421875,1595.8599853515625,5835.239286035299
332,set02,video_0001,2_1_144,0,17762,16,0,False,False,,,846.9400024414062,90.16998291015625,1332.2000122070312,2564.4400376453996
333,set02,video_0001,2_1_144,0,17770,16,0,False,False,,,853.6099853515625,101.65997314453125,1366.8400268554688,3289.7152417972684
334,set02,video_0001,2_1_144,0,17778,16,0,False,False,,,859.719970703125,113.14996337890625,1410.2050170898438,4106.202778689563
335,set02,video_0001,2_1_144,0,17786,16,0,False,False,,,866.97998046875,130.39996337890625,1459.135009765625,5029.535501584411
336,set02,video_0001,2_1_134,0,16339,16,0,False,False,,,848.4000244140625,80.780029296875,1186.5549926757812,2446.820382028818
337,set02,video_0001,2_1_134,0,16347,16,0,False,False,,,854.3200073242188,95.1600341796875,1208.1900024414062,3324.8976346701384
338,set02,video_0001,2_1_134,0,16355,16,0,False,False,,,866.6400146484375,110.20001220703125,1233.1199951171875,4549.059732422233
339,set02,video_0001,2_1_134,0,16363,16,0,False,False,,,878.719970703125,130.3399658203125,1266.010009765625,6295.426713377237
340,set02,video_0001,2_1_133,1,15711,16,0,False,False,15771.0,-60.0,828.780029296875,194.60003662109375,1692.7349853515625,13320.363004758954
341,set02,video_0001,2_1_133,1,15719,16,0,False,False,15771.0,-52.0,820.7999877929688,201.5999755859375,1712.6799926757812,14200.715077146888
342,set02,video_0001,2_1_133,1,15727,16,0,False,False,15771.0,-44.0,818.6599731445312,202.90997314453125,1743.425048828125,14656.18339714408
343,set02,video_0001,2_1_133,1,15735,16,0,False,False,15771.0,-36.0,824.4199829101562,212.54998779296875,1773.0950317382812,13579.821833617985
344,set02,video_0002,2_2_146,0,2225,16,0,False,False,,,832.6799926757812,60.67999267578125,664.9499816894531,899.2779358886182
345,set02,video_0002,2_2_146,0,2233,16,0,False,False,,,832.280029296875,63.85003662109375,636.3149719238281,945.61888647452
346,set02,video_0002,2_2_146,0,2241,16,0,False,False,,,860.7999877929688,80.57000732421875,597.6950073242188,1499.4066560789943
347,set02,video_0002,2_2_146,0,2249,16,0,False,False,,,853.8499755859375,93.1199951171875,542.5599975585938,2452.7774885743856
348,set02,video_0002,2_2_147,0,2230,16,0,False,False,,,837.1199951171875,63.52996826171875,678.0150146484375,1526.6269985586405
349,set02,video_0002,2_2_147,0,2238,16,0,False,False,,,849.6799926757812,69.0999755859375,652.27001953125,1598.9744472652674
350,set02,video_0002,2_2_147,0,2246,16,0,False,False,,,860.4400024414062,74.33001708984375,611.0349731445312,2145.9072304442525
351,set02,video_0002,2_2_147,0,2254,16,0,False,False,,,841.7999877929688,84.95001220703125,557.2050170898438,2685.2686414793134
352,set02,video_0002,2_2_152,1,5696,16,0,False,False,5756.0,-60.0,851.7899780273438,160.3699951171875,95.84500122070312,6833.3655898254365
353,set02,video_0002,2_2_152,1,5704,16,0,False,False,5756.0,-52.0,851.75,159.969970703125,96.31000137329102,6737.935605386272
354,set02,video_0002,2_2_152,1,5712,16,0,False,False,5756.0,-44.0,851.7100219726562,159.57000732421875,96.77999877929688,6641.302925683558
355,set02,video_0002,2_2_152,1,5720,16,0,False,False,5756.0,-36.0,851.6699829101562,159.16998291015625,97.24500274658203,6543.478094586171
356,set02,video_0002,2_2_180,1,2706,16,0,False,False,2766.0,-60.0,812.4500122070312,75.58001708984375,1463.4500122070312,2290.0689821764827
357,set02,video_0002,2_2_180,1,2714,16,0,False,False,2766.0,-52.0,823.5800170898438,83.8800048828125,1481.35498046875,2934.9605517089367
358,set02,video_0002,2_2_180,1,2722,16,0,False,False,2766.0,-44.0,828.1300048828125,90.5,1490.6200561523438,3066.1404418945312
359,set02,video_0002,2_2_180,1,2730,16,0,False,False,2766.0,-36.0,841.8900146484375,96.58001708984375,1499.4349975585938,3794.620854564011
360,set02,video_0002,2_2_181,1,2730,16,0,False,False,2790.0,-60.0,837.25,107.8900146484375,1558.4600219726562,5303.876807764173
361,set02,video_0002,2_2_181,1,2738,16,0,False,False,2790.0,-52.0,839.1799926757812,114.3699951171875,1564.260009765625,3810.8160555660725
362,set02,video_0002,2_2_181,1,2746,16,0,False,False,2790.0,-44.0,849.5800170898438,122.260009765625,1577.5349731445312,5424.676036328077
363,set02,video_0002,2_2_181,1,2754,16,0,False,False,2790.0,-36.0,852.6199951171875,126.02001953125,1580.2550048828125,5152.945061326027
364,set02,video_0002,2_2_182,1,2798,16,0,False,False,2858.0,-60.0,798.9000244140625,130.10003662109375,1784.3999633789062,4215.244362793863
365,set02,video_0002,2_2_182,1,2806,16,0,False,False,2858.0,-52.0,810.3200073242188,139.47998046875,1783.0700073242188,5844.214586913586
366,set02,video_0002,2_2_182,1,2814,16,0,False,False,2858.0,-44.0,809.4000244140625,144.6800537109375,1775.0499877929688,7711.436266109347
367,set02,video_0002,2_2_182,1,2822,16,0,False,False,2858.0,-36.0,819.2999877929688,149.47998046875,1773.280029296875,7695.2264750003815
368,set02,video_0002,2_2_183,1,2807,16,0,False,False,2867.0,-60.0,807.0,140.58001708984375,1819.5099487304688,6520.101879052818
369,set02,video_0002,2_2_183,1,2815,16,0,False,False,2867.0,-52.0,808.4000244140625,145.44000244140625,1811.9200439453125,7562.880126953125
370,set02,video_0002,2_2_183,1,2823,16,0,False,False,2867.0,-44.0,818.239990234375,153.64996337890625,1811.625,7588.75518591702
371,set02,video_0002,2_2_183,1,2831,16,0,False,False,2867.0,-36.0,817.4600219726562,161.24005126953125,1809.2300415039062,9406.739079929888
372,set02,video_0002,2_2_189,1,2904,16,0,False,False,2964.0,-60.0,839.0999755859375,133.6099853515625,80.40499877929688,5129.287256097421
373,set02,video_0002,2_2_189,1,2912,16,0,False,False,2964.0,-52.0,842.0399780273438,136.78997802734375,82.63000106811523,5416.88292115787
374,set02,video_0002,2_2_189,1,2920,16,0,False,False,2964.0,-44.0,844.989990234375,139.989990234375,84.85000228881836,5714.391358645633
375,set02,video_0002,2_2_189,1,2928,16,0,False,False,2964.0,-36.0,847.9299926757812,143.16998291015625,87.07999801635742,6018.866212619003
376,set02,video_0002,2_2_187,1,2928,16,0,False,False,2988.0,-60.0,842.1799926757812,150.0999755859375,46.57499980926514,5435.120264839148
377,set02,video_0002,2_2_187,1,2936,16,0,False,False,2988.0,-52.0,843.5900268554688,155.27001953125,50.03500175476074,5926.656953508034
378,set02,video_0002,2_2_187,1,2944,16,0,False,False,2988.0,-44.0,843.530029296875,155.34002685546875,52.72500038146973,6609.71802418516
379,set02,video_0002,2_2_187,1,2952,16,0,False,False,2988.0,-36.0,849.219970703125,161.16998291015625,52.19500160217285,6525.7728785506915
380,set02,video_0002,2_2_191,1,3695,16,0,False,False,3755.0,-60.0,861.7999877929688,58.55999755859375,672.489990234375,1257.8676038086414
381,set02,video_0002,2_2_191,1,3703,16,0,False,False,3755.0,-52.0,862.280029296875,58.8800048828125,677.7000122070312,1271.8066679686308
382,set02,video_0002,2_2_191,1,3711,16,0,False,False,3755.0,-44.0,862.760009765625,59.20001220703125,682.9100036621094,1285.8261440433562
383,set02,video_0002,2_2_191,1,3719,16,0,False,False,3755.0,-36.0,864.219970703125,59.3599853515625,688.4550170898438,1292.2680404782295
384,set02,video_0002,2_2_184,1,3567,16,0,False,False,3627.0,-60.0,818.1799926757812,199.3699951171875,1901.469970703125,7388.66370087862
385,set02,video_0002,2_2_184,1,3575,16,0,False,False,3627.0,-52.0,818.260009765625,199.45001220703125,1899.2100219726562,7650.899546630681
386,set02,video_0002,2_2_184,1,3583,16,0,False,False,3627.0,-44.0,819.8800048828125,199.52001953125,1895.114990234375,8621.25225019455
387,set02,video_0002,2_2_184,1,3591,16,0,False,False,3627.0,-36.0,825.260009765625,201.780029296875,1888.7649536132812,9352.49943163991
388,set02,video_0002,2_2_188,1,2981,16,0,False,False,3041.0,-60.0,826.1599731445312,135.37994384765625,24.665000915527344,5256.803467492573
389,set02,video_0002,2_2_188,1,2989,16,0,False,False,3041.0,-52.0,832.5399780273438,139.00994873046875,28.630000114440918,5207.312817316386
390,set02,video_0002,2_2_188,1,2997,16,0,False,False,3041.0,-44.0,836.7000122070312,143.9100341796875,37.90999984741211,5736.254050238058
391,set02,video_0002,2_2_188,1,3005,16,0,False,False,3041.0,-36.0,840.5599975585938,147.97998046875,42.55000114440918,6318.74527891539
392,set02,video_0002,2_2_192,0,4561,16,0,False,False,,,888.1599731445312,87.97998046875,565.0,2963.170467674732
393,set02,video_0002,2_2_192,0,4569,16,0,False,False,,,890.969970703125,94.76995849609375,526.5600128173828,3699.8199894893914
394,set02,video_0002,2_2_192,0,4577,16,0,False,False,,,887.7000122070312,100.8699951171875,478.5299987792969,3907.7026257812977
395,set02,video_0002,2_2_192,0,4585,16,0,False,False,,,887.4400024414062,112.41998291015625,422.1700134277344,4840.804189648479
396,set02,video_0002,2_2_193,1,4351,16,0,False,False,4411.0,-60.0,856.6699829101562,54.969970703125,635.8899841308594,1377.5473316162825
397,set02,video_0002,2_2_193,1,4359,16,0,False,False,4411.0,-52.0,857.77001953125,53.260009765625,647.0899963378906,1289.9591269046068
398,set02,video_0002,2_2_193,1,4367,16,0,False,False,4411.0,-44.0,858.8800048828125,53.34002685546875,660.0650024414062,1435.3819458261132
399,set02,video_0002,2_2_193,1,4375,16,0,False,False,4411.0,-36.0,860.5399780273438,55.13995361328125,674.2200012207031,1297.9932964853942
400,set02,video_0002,2_2_190,1,3842,16,0,False,False,3895.0,-53.0,822.5999755859375,137.14996337890625,13.949999809265137,3826.4839259529253
401,set02,video_0002,2_2_190,1,3850,16,0,False,False,3895.0,-45.0,825.7000122070312,138.4100341796875,16.82500046491623,4488.637533185465
402,set02,video_0002,2_2_190,1,3858,16,0,False,False,3895.0,-37.0,832.9400024414062,144.42999267578125,20.825000762939453,5654.434433639515
403,set02,video_0002,2_2_150,1,5702,16,0,False,False,5762.0,-60.0,840.6900024414062,131.94000244140625,93.19000244140625,4214.164000097662
404,set02,video_0002,2_2_150,1,5710,16,0,False,False,5762.0,-52.0,840.6300048828125,131.92999267578125,92.72999954223633,4213.843281613197
405,set02,video_0002,2_2_150,1,5718,16,0,False,False,5762.0,-44.0,840.5700073242188,131.92999267578125,92.27999877929688,4213.844288159162
406,set02,video_0002,2_2_150,1,5726,16,0,False,False,5762.0,-36.0,840.510009765625,131.92999267578125,91.81999969482422,4213.844288159162
407,set02,video_0002,2_2_151,1,5512,16,0,False,False,5572.0,-60.0,825.8699951171875,134.8599853515625,31.405000686645508,4033.6621412872337
408,set02,video_0002,2_2_151,1,5520,16,0,False,False,5572.0,-52.0,825.4000244140625,134.86004638671875,30.3700008392334,4035.012855404755
409,set02,video_0002,2_2_151,1,5528,16,0,False,False,5572.0,-44.0,824.9199829101562,134.8599853515625,29.33500051498413,4033.662269899738
410,set02,video_0002,2_2_151,1,5536,16,0,False,False,5572.0,-36.0,824.9199829101562,134.8599853515625,28.855000495910645,4033.6623985122424
411,set02,video_0002,2_2_153,1,5771,16,0,False,False,5831.0,-60.0,845.8699951171875,78.53997802734375,435.8999938964844,2321.641558740288
412,set02,video_0002,2_2_153,1,5779,16,0,False,False,5831.0,-52.0,845.8699951171875,78.53997802734375,435.8999938964844,2321.641558740288
413,set02,video_0002,2_2_153,1,5787,16,0,False,False,5831.0,-44.0,844.8099975585938,78.53997802734375,434.1300048828125,2321.641558740288
414,set02,video_0002,2_2_153,1,5795,16,0,False,False,5831.0,-36.0,844.8099975585938,78.53997802734375,434.1300048828125,2321.641558740288
415,set02,video_0002,2_2_155,1,5721,16,0,False,False,5781.0,-60.0,854.8400268554688,78.3800048828125,479.63499450683594,1878.7688127197325
416,set02,video_0002,2_2_155,1,5729,16,0,False,False,5781.0,-52.0,855.1799926757812,79.260009765625,478.47999572753906,1997.3507947996259
417,set02,video_0002,2_2_155,1,5737,16,0,False,False,5781.0,-44.0,855.52001953125,80.1400146484375,477.3249969482422,2118.102445874363
418,set02,video_0002,2_2_155,1,5745,16,0,False,False,5781.0,-36.0,855.9600219726562,80.59002685546875,476.02000427246094,2298.42668052949
419,set02,video_0002,2_2_156,1,6820,16,0,False,False,6869.0,-49.0,819.4099731445312,38.5699462890625,1096.3400268554688,590.889505520463
420,set02,video_0002,2_2_156,1,6828,16,0,False,False,6869.0,-41.0,814.7999877929688,40.14996337890625,1094.625,646.820223018527
421,set02,video_0002,2_2_156,1,6836,16,0,False,False,6869.0,-33.0,813.8699951171875,41.72998046875,1100.8150024414062,868.3982446789742
422,set02,video_0002,2_2_157,1,8579,16,0,False,False,8639.0,-60.0,851.4000244140625,265.550048828125,1869.989990234375,22311.520289063454
423,set02,video_0002,2_2_157,1,8587,16,0,False,False,8639.0,-52.0,856.2000122070312,274.4000244140625,1849.4349975585938,18980.261747315526
424,set02,video_0002,2_2_157,1,8595,16,0,False,False,8639.0,-44.0,879.4500122070312,288.3900146484375,1822.0,25378.3212890625
425,set02,video_0002,2_2_157,1,8603,16,0,False,False,8639.0,-36.0,891.280029296875,300.800048828125,1793.5299682617188,21555.341780275106
426,set02,video_0002,2_2_158,1,8492,16,0,False,False,8552.0,-60.0,882.6799926757812,201.27996826171875,1501.6199951171875,14540.462941601872
427,set02,video_0002,2_2_158,1,8500,16,0,False,False,8552.0,-52.0,885.719970703125,215.88995361328125,1536.3399658203125,15595.88814072311
428,set02,video_0002,2_2_158,1,8508,16,0,False,False,8552.0,-44.0,887.7100219726562,226.260009765625,1566.800048828125,16345.020895898342
429,set02,video_0002,2_2_158,1,8516,16,0,False,False,8552.0,-36.0,889.9000244140625,236.75,1594.3599853515625,17102.81768798828
430,set02,video_0002,2_2_159,1,10536,16,0,False,False,10596.0,-60.0,890.8099975585938,182.5,1381.6099853515625,10417.1142578125
431,set02,video_0002,2_2_159,1,10544,16,0,False,False,10596.0,-52.0,897.5900268554688,194.780029296875,1402.9749755859375,11747.194979786873
432,set02,video_0002,2_2_159,1,10552,16,0,False,False,10596.0,-44.0,904.3599853515625,207.04998779296875,1424.5249633789062,13944.811622925103
433,set02,video_0002,2_2_159,1,10560,16,0,False,False,10596.0,-36.0,908.6199951171875,218.02996826171875,1439.0599975585938,15711.225673146546
434,set02,video_0002,2_2_160,1,10808,16,0,False,False,10868.0,-60.0,932.0599975585938,184.57000732421875,431.5449981689453,14586.567453527823
435,set02,video_0002,2_2_160,1,10816,16,0,False,False,10868.0,-52.0,939.2000122070312,191.20001220703125,417.2899932861328,16905.90764672868
436,set02,video_0002,2_2_160,1,10824,16,0,False,False,10868.0,-44.0,949.5800170898438,209.8699951171875,398.0900115966797,20638.614551257342
437,set02,video_0002,2_2_160,1,10832,16,0,False,False,10868.0,-36.0,964.3800048828125,224.47003173828125,374.0900115966797,25118.195181457326
438,set02,video_0002,2_2_161,1,10711,16,0,False,False,10771.0,-60.0,860.1799926757812,74.260009765625,754.0650024414062,2779.556154102087
439,set02,video_0002,2_2_161,1,10719,16,0,False,False,10771.0,-52.0,861.7100219726562,74.260009765625,754.2200012207031,2780.294946923852
440,set02,video_0002,2_2_161,1,10727,16,0,False,False,10771.0,-44.0,861.4099731445312,75.0899658203125,754.8600158691406,2811.368503637612
441,set02,video_0002,2_2_161,1,10735,16,0,False,False,10771.0,-36.0,862.0800170898438,76.44000244140625,755.2300109863281,2861.9138780273497
442,set02,video_0002,2_2_167,0,14096,16,0,False,False,,,911.7000122070312,158.8900146484375,656.2099914550781,6470.006439380348
443,set02,video_0002,2_2_167,0,14104,16,0,False,False,,,918.1699829101562,171.760009765625,613.9549865722656,7435.487048730254
444,set02,video_0002,2_2_167,0,14112,16,0,False,False,,,926.02001953125,192.59002685546875,570.1399841308594,8435.440825317055
445,set02,video_0002,2_2_167,0,14120,16,0,False,False,,,935.0999755859375,216.29998779296875,505.8300018310547,14297.43051330559
446,set02,video_0002,2_2_168,0,14091,16,0,False,False,,,911.3800048828125,155.1600341796875,662.1800231933594,7553.189327441156
447,set02,video_0002,2_2_168,0,14099,16,0,False,False,,,918.739990234375,170.8900146484375,628.8099975585938,8137.781663134694
448,set02,video_0002,2_2_168,0,14107,16,0,False,False,,,925.6599731445312,188.80999755859375,581.1799926757812,11211.538576953113
449,set02,video_0002,2_2_168,0,14115,16,0,False,False,,,935.2999877929688,201.8800048828125,530.2649993896484,21142.89512929693
450,set02,video_0002,2_2_169,0,14109,16,0,False,False,,,870.9000244140625,145.59002685546875,534.9400024414062,4760.786769285798
451,set02,video_0002,2_2_169,0,14117,16,0,False,False,,,873.3099975585938,153.8599853515625,487.2050018310547,5097.377370532602
452,set02,video_0002,2_2_169,0,14125,16,0,False,False,,,878.0700073242188,169.260009765625,438.2899932861328,6181.373697094619
453,set02,video_0002,2_2_169,0,14133,16,0,False,False,,,882.8300170898438,184.6500244140625,389.375,7373.074122436345
454,set02,video_0002,2_2_170,0,14113,16,0,False,False,,,878.4099731445312,143.40997314453125,579.5700073242188,6272.750824853778
455,set02,video_0002,2_2_170,0,14121,16,0,False,False,,,879.6500244140625,149.30999755859375,533.3349914550781,7004.127975683659
456,set02,video_0002,2_2_170,0,14129,16,0,False,False,,,884.0,159.71002197265625,489.4399871826172,8739.332597302273
457,set02,video_0002,2_2_170,0,14137,16,0,False,False,,,892.0800170898438,175.19000244140625,442.2250061035156,9878.9668039307
458,set02,video_0002,2_2_171,0,14205,16,0,False,False,,,872.4000244140625,82.70001220703125,847.5699768066406,2568.662177246064
459,set02,video_0002,2_2_171,0,14213,16,0,False,False,,,879.5800170898438,88.780029296875,901.4849853515625,3038.938668847084
460,set02,video_0002,2_2_171,0,14221,16,0,False,False,,,884.2000122070312,95.95001220703125,975.4449768066406,3472.4311760254204
461,set02,video_0002,2_2_171,0,14229,16,0,False,False,,,889.9600219726562,102.73004150390625,1072.4149780273438,3871.9017852321267
462,set02,video_0002,2_2_174,1,16457,16,0,False,False,16517.0,-60.0,868.989990234375,98.25,835.1849975585938,3496.714141845703
463,set02,video_0002,2_2_174,1,16465,16,0,False,False,16517.0,-52.0,871.1199951171875,105.0999755859375,820.4599914550781,4187.18584985286
464,set02,video_0002,2_2_174,1,16473,16,0,False,False,16517.0,-44.0,880.97998046875,115.55999755859375,805.5150146484375,4408.6167281493545
465,set02,video_0002,2_2_174,1,16481,16,0,False,False,16517.0,-36.0,889.3900146484375,125.3900146484375,789.6399841308594,4754.787212572992
466,set02,video_0002,2_2_177,1,16580,16,0,False,False,16640.0,-60.0,839.02001953125,70.82000732421875,1061.1199951171875,1711.0051525384188
467,set02,video_0002,2_2_177,1,16588,16,0,False,False,16640.0,-52.0,840.25,71.15997314453125,1058.1549682617188,1961.8766375258565
468,set02,video_0002,2_2_177,1,16596,16,0,False,False,16640.0,-44.0,840.1400146484375,70.45001220703125,1055.1400146484375,2054.316164061427
469,set02,video_0002,2_2_177,1,16604,16,0,False,False,16640.0,-36.0,840.7000122070312,71.239990234375,1049.1300048828125,1406.2767115235329
470,set02,video_0002,2_2_178,1,16587,16,0,False,False,16647.0,-60.0,834.4199829101562,65.5999755859375,1078.5050048828125,1140.7765285670757
471,set02,video_0002,2_2_178,1,16595,16,0,False,False,16647.0,-52.0,836.5399780273438,66.8499755859375,1077.6199951171875,1124.4211591780186
472,set02,video_0002,2_2_178,1,16603,16,0,False,False,16647.0,-44.0,838.6699829101562,68.1099853515625,1076.72998046875,1107.469026952982
473,set02,video_0002,2_2_178,1,16611,16,0,False,False,16647.0,-36.0,840.0,68.9000244140625,1072.8599853515625,1551.6298955082893
474,set02,video_0002,2_2_154,1,5739,16,0,False,False,5799.0,-60.0,845.8400268554688,82.4200439453125,389.34999084472656,2634.143900219351
475,set02,video_0002,2_2_154,1,5747,16,0,False,False,5799.0,-52.0,846.1199951171875,83.02996826171875,389.4199981689453,2653.637076159939
476,set02,video_0002,2_2_154,1,5755,16,0,False,False,5799.0,-44.0,846.1500244140625,83.10003662109375,389.4300079345703,2655.8764603268355
477,set02,video_0002,2_2_154,1,5763,16,0,False,False,5799.0,-36.0,846.1500244140625,83.10003662109375,389.4300079345703,2655.8764603268355
478,set02,video_0003,2_3_194,1,905,16,0,False,False,965.0,-60.0,855.8400268554688,152.74005126953125,201.08499908447266,7311.667839099653
479,set02,video_0003,2_3_194,1,913,16,0,False,False,965.0,-52.0,856.4000244140625,157.4100341796875,200.27000427246094,7187.342737097293
480,set02,video_0003,2_3_194,1,921,16,0,False,False,965.0,-44.0,868.719970703125,166.199951171875,201.43999481201172,9247.365181762725
481,set02,video_0003,2_3_194,1,929,16,0,False,False,965.0,-36.0,872.8800048828125,170.79998779296875,206.91000366210938,9062.646935302764
482,set02,video_0003,2_3_195,1,1085,16,0,False,False,1137.0,-52.0,836.3200073242188,187.10003662109375,15.545000076293945,5816.940167099005
483,set02,video_0003,2_3_195,1,1093,16,0,False,False,1137.0,-44.0,843.239990234375,194.02001953125,20.260000228881836,7861.691280221567
484,set02,video_0003,2_3_195,1,1101,16,0,False,False,1137.0,-36.0,856.9600219726562,204.46002197265625,32.415000915527344,10290.47328026127
485,set02,video_0003,2_3_196,1,1318,16,0,False,False,1365.0,-47.0,840.7999877929688,190.04998779296875,27.304999589920044,8930.448792269715
486,set02,video_0003,2_3_196,1,1326,16,0,False,False,1365.0,-39.0,851.6500244140625,197.61004638671875,37.14500045776367,12506.74001673283
487,set02,video_0003,2_3_196,1,1334,16,0,False,False,1365.0,-31.0,857.3900146484375,200.20001220703125,56.935001373291016,9483.475128112826
488,set02,video_0003,2_3_198,1,1245,16,0,False,False,1305.0,-60.0,933.6699829101562,272.3699951171875,1604.7849731445312,27811.696211621165
489,set02,video_0003,2_3_198,1,1253,16,0,False,False,1305.0,-52.0,952.3599853515625,286.469970703125,1576.3949584960938,30964.529341846704
490,set02,video_0003,2_3_198,1,1261,16,0,False,False,1305.0,-44.0,959.4099731445312,287.5999755859375,1538.6549682617188,25628.029611572623
491,set02,video_0003,2_3_198,1,1269,16,0,False,False,1305.0,-36.0,978.4000244140625,298.34002685546875,1511.5599975585938,28664.496669627726
492,set02,video_0003,2_3_199,0,1658,16,0,False,False,,,828.1300048828125,180.80999755859375,1732.7200317382812,8078.600402392447
493,set02,video_0003,2_3_199,0,1666,16,0,False,False,,,825.1699829101562,180.82000732421875,1742.0299682617188,8079.047639258206
494,set02,video_0003,2_3_199,0,1674,16,0,False,False,,,822.2100219726562,184.52001953125,1760.2250366210938,9338.555485546589
495,set02,video_0003,2_3_199,0,1682,16,0,False,False,,,822.1500244140625,190.59002685546875,1773.85498046875,10328.062387913465
496,set02,video_0003,2_3_200,1,1374,16,0,False,False,1434.0,-60.0,910.7000122070312,263.07000732421875,1598.8499755859375,31226.397024169564
497,set02,video_0003,2_3_200,1,1382,16,0,False,False,1434.0,-52.0,930.22998046875,273.91998291015625,1567.9450073242188,24063.863811157644
498,set02,video_0003,2_3_200,1,1390,16,0,False,False,1434.0,-44.0,942.8800048828125,281.4100341796875,1533.4450073242188,32775.85278828442
499,set02,video_0003,2_3_200,1,1398,16,0,False,False,1434.0,-36.0,947.7999877929688,281.760009765625,1509.010009765625,29917.258575975895
500,set02,video_0003,2_3_201,1,1376,16,0,False,False,1436.0,-60.0,921.3599853515625,283.27996826171875,1653.3450317382812,27033.42258644849
501,set02,video_0003,2_3_201,1,1384,16,0,False,False,1436.0,-52.0,946.3599853515625,299.5799560546875,1615.8699951171875,34355.808881253004
502,set02,video_0003,2_3_201,1,1392,16,0,False,False,1436.0,-44.0,959.47998046875,311.010009765625,1583.64501953125,35626.21180468798
503,set02,video_0003,2_3_201,1,1400,16,0,False,False,1436.0,-36.0,980.0800170898438,327.05999755859375,1552.0400390625,40306.870905175805
504,set02,video_0003,2_3_202,1,1573,16,0,False,False,1633.0,-60.0,926.239990234375,293.7099609375,1668.3999633789062,27643.98008930683
505,set02,video_0003,2_3_202,1,1581,16,0,False,False,1633.0,-52.0,938.3200073242188,304.27001953125,1636.125,25056.665822267532
506,set02,video_0003,2_3_202,1,1589,16,0,False,False,1633.0,-44.0,946.0599975585938,306.41998291015625,1602.3400268554688,33228.20239726454
507,set02,video_0003,2_3_202,1,1597,16,0,False,False,1633.0,-36.0,976.9299926757812,332.29998779296875,1570.114990234375,34549.219995483756
508,set02,video_0003,2_3_204,0,5981,16,0,False,False,,,838.260009765625,85.760009765625,1437.8599853515625,1800.960205078125
509,set02,video_0003,2_3_204,0,5989,16,0,False,False,,,836.25,92.239990234375,1479.4500122070312,2195.3050117194653
510,set02,video_0003,2_3_204,0,5997,16,0,False,False,,,839.47998046875,103.55999755859375,1516.7900390625,2843.7534876465797
511,set02,video_0003,2_3_204,0,6005,16,0,False,False,,,835.5499877929688,113.76995849609375,1554.4550170898438,3516.633305735886
512,set02,video_0003,2_3_205,0,5990,16,0,False,False,,,836.6900024414062,87.16998291015625,1454.3300170898438,2304.7798813953996
513,set02,video_0003,2_3_205,0,5998,16,0,False,False,,,839.5800170898438,96.71002197265625,1484.75,2744.6190903782845
514,set02,video_0003,2_3_205,0,6006,16,0,False,False,,,838.5999755859375,106.0899658203125,1511.8400268554688,3617.6652443856
515,set02,video_0003,2_3_205,0,6014,16,0,False,False,,,840.9199829101562,116.70001220703125,1545.364990234375,4634.152926146984
516,set02,video_0003,2_3_206,0,5895,16,0,False,False,,,837.6400146484375,102.44000244140625,245.01500701904297,3277.056240820326
517,set02,video_0003,2_3_206,0,5903,16,0,False,False,,,839.3300170898438,102.45001220703125,235.83499908447266,3277.376453277655
518,set02,video_0003,2_3_206,0,5911,16,0,False,False,,,840.8099975585938,102.44000244140625,224.43499755859375,3277.054677709937
519,set02,video_0003,2_3_206,0,5919,16,0,False,False,,,838.280029296875,102.45001220703125,206.98500061035156,3277.3748900145292
520,set02,video_0003,2_3_207,0,3718,16,0,False,False,,,911.4000244140625,245.24005126953125,1698.9150390625,25939.04501262307
521,set02,video_0003,2_3_207,0,3726,16,0,False,False,,,914.97998046875,270.01995849609375,1719.5999755859375,29172.966863572598
522,set02,video_0003,2_3_207,0,3734,16,0,False,False,,,922.739990234375,284.1199951171875,1742.4349975585938,33358.53833784163
523,set02,video_0003,2_3_207,0,3742,16,0,False,False,,,928.8200073242188,308.97998046875,1771.60498046875,37680.093531250954
524,set02,video_0003,2_3_208,0,3897,16,0,False,False,,,882.989990234375,88.65997314453125,775.489990234375,3149.2039777338505
525,set02,video_0003,2_3_208,0,3905,16,0,False,False,,,886.9099731445312,92.92999267578125,731.7900085449219,3616.8337267823517
526,set02,video_0003,2_3_208,0,3913,16,0,False,False,,,886.8400268554688,97.80999755859375,671.1499938964844,3906.5315412841737
527,set02,video_0003,2_3_208,0,3921,16,0,False,False,,,884.25,100.09002685546875,595.6950073242188,4074.6610835194588
528,set02,video_0003,2_3_209,0,4764,16,0,False,False,,,841.3499755859375,74.0999755859375,1265.3949584960938,3086.265792235732
529,set02,video_0003,2_3_209,0,4772,16,0,False,False,,,845.1199951171875,82.57000732421875,1294.3800048828125,3633.080322265625
530,set02,video_0003,2_3_209,0,4780,16,0,False,False,,,841.969970703125,90.949951171875,1329.3099975585938,4112.765229731798
531,set02,video_0003,2_3_209,0,4788,16,0,False,False,,,850.5999755859375,102.65997314453125,1373.22998046875,4900.986115381122
532,set02,video_0003,2_3_211,0,4757,16,0,False,False,,,833.6300048828125,71.0,1289.3400268554688,1410.0589599609375
533,set02,video_0003,2_3_211,0,4765,16,0,False,False,,,837.0700073242188,78.55999755859375,1319.3900146484375,1828.879044726491
534,set02,video_0003,2_3_211,0,4773,16,0,False,False,,,838.989990234375,86.3599853515625,1353.8099975585938,2150.365743651986
535,set02,video_0003,2_3_211,0,4781,16,0,False,False,,,835.280029296875,97.1800537109375,1400.780029296875,2740.4727695286274
536,set02,video_0003,2_3_212,0,4760,16,0,False,False,,,838.5700073242188,72.59002685546875,1282.9049682617188,1500.4390450939536
537,set02,video_0003,2_3_212,0,4768,16,0,False,False,,,842.02001953125,78.8900146484375,1312.6399536132812,1844.4489276856184
538,set02,video_0003,2_3_212,0,4776,16,0,False,False,,,842.1799926757812,87.55999755859375,1347.739990234375,2386.886388525367
539,set02,video_0003,2_3_212,0,4784,16,0,False,False,,,840.0499877929688,98.219970703125,1393.1099853515625,3260.898231446743
540,set02,video_0003,2_3_213,0,2148,16,0,False,False,,,837.8400268554688,49.57000732421875,683.6600036621094,824.8426224850118
541,set02,video_0003,2_3_213,0,2156,16,0,False,False,,,844.219970703125,54.67999267578125,642.5599975585938,976.5838682129979
542,set02,video_0003,2_3_213,0,2164,16,0,False,False,,,851.5800170898438,61.75,594.4150085449219,1209.6841583251953
543,set02,video_0003,2_3_213,0,2172,16,0,False,False,,,856.2100219726562,67.59002685546875,537.4649963378906,1609.318374413997
544,set02,video_0003,2_3_214,0,2151,16,0,False,False,,,836.5399780273438,48.449951171875,688.3150024414062,806.6928698718548
545,set02,video_0003,2_3_214,0,2159,16,0,False,False,,,843.4199829101562,55.95001220703125,648.3150024414062,1035.6352723389864
546,set02,video_0003,2_3_214,0,2167,16,0,False,False,,,853.3300170898438,66.5400390625,600.8550109863281,1400.6670100092888
547,set02,video_0003,2_3_214,0,2175,16,0,False,False,,,858.4099731445312,75.1199951171875,544.4949951171875,1752.546184912324
548,set02,video_0003,2_3_215,0,2157,16,0,False,False,,,827.0800170898438,64.9200439453125,1235.1300048828125,1089.3602393567562
549,set02,video_0003,2_3_215,0,2165,16,0,False,False,,,832.739990234375,71.75,1255.364990234375,1308.0010986328125
550,set02,video_0003,2_3_215,0,2173,16,0,False,False,,,830.9000244140625,78.6400146484375,1282.9000244140625,1667.1644707024097
551,set02,video_0003,2_3_215,0,2181,16,0,False,False,,,837.3599853515625,92.70001220703125,1323.3499755859375,2267.4386774897575
552,set02,video_0003,2_3_216,0,2145,16,0,False,False,,,819.1799926757812,59.45001220703125,1252.780029296875,1114.0926481932402
553,set02,video_0003,2_3_216,0,2153,16,0,False,False,,,822.7899780273438,62.969970703125,1273.780029296875,1256.8781554698944
554,set02,video_0003,2_3_216,0,2161,16,0,False,False,,,829.280029296875,77.86004638671875,1301.1799926757812,1726.940010793507
555,set02,video_0003,2_3_216,0,2169,16,0,False,False,,,834.0399780273438,90.5899658203125,1337.9100341796875,2290.116989940405
556,set02,video_0003,2_3_217,0,2159,16,0,False,False,,,824.5,61.80999755859375,1231.2550048828125,932.7182956784964
557,set02,video_0003,2_3_217,0,2167,16,0,False,False,,,831.530029296875,70.95001220703125,1251.9450073242188,1225.2994356676936
558,set02,video_0003,2_3_217,0,2175,16,0,False,False,,,830.4299926757812,79.0,1278.1849975585938,1582.3626708984375
559,set02,video_0003,2_3_217,0,2183,16,0,False,False,,,834.260009765625,90.22003173828125,1320.1950073242188,2202.2740584239364
560,set02,video_0003,2_3_210,0,3899,16,0,False,False,,,881.6400146484375,96.739990234375,786.39501953125,2527.8164171874523
561,set02,video_0003,2_3_210,0,3907,16,0,False,False,,,884.25,99.1500244140625,742.5950012207031,2719.6844434812665
562,set02,video_0003,2_3_210,0,3915,16,0,False,False,,,883.8499755859375,104.25,683.614990234375,3664.3900451660156
563,set02,video_0003,2_3_210,0,3923,16,0,False,False,,,880.760009765625,108.10003662109375,608.9750061035156,4061.3191676028073
564,set02,video_0003,2_3_197,1,1118,16,0,False,False,1178.0,-60.0,910.0999755859375,217.14996337890625,1590.1449584960938,18221.060849241912
565,set02,video_0003,2_3_197,1,1126,16,0,False,False,1178.0,-52.0,920.8599853515625,224.16998291015625,1585.9550170898438,18908.732585571706
566,set02,video_0003,2_3_197,1,1134,16,0,False,False,1178.0,-44.0,931.4000244140625,234.30999755859375,1569.8400268554688,17704.44854233414
567,set02,video_0003,2_3_197,1,1142,16,0,False,False,1178.0,-36.0,948.4000244140625,244.0,1550.3350219726562,21259.72119140625
568,set03,video_0001,3_1_220,0,1528,16,0,False,False,,,776.8900146484375,51.8699951171875,1243.739990234375,899.4302742183208
569,set03,video_0001,3_1_220,0,1536,16,0,False,False,,,780.6099853515625,57.5999755859375,1273.3050537109375,1036.222998291254
570,set03,video_0001,3_1_220,0,1544,16,0,False,False,,,785.8599853515625,63.3299560546875,1312.6799926757812,1180.4713085442781
571,set03,video_0001,3_1_220,0,1552,16,0,False,False,,,791.0499877929688,73.3499755859375,1364.8450317382812,1419.3202368170023
572,set03,video_0001,3_1_221,0,1802,16,0,False,False,,,790.6099853515625,55.76995849609375,656.2300109863281,664.7769521735609
573,set03,video_0001,3_1_221,0,1810,16,0,False,False,,,797.0900268554688,62.5400390625,625.6750183105469,854.9212651848793
574,set03,video_0001,3_1_221,0,1818,16,0,False,False,,,804.0599975585938,71.8699951171875,586.7250061035156,1084.5201564207673
575,set03,video_0001,3_1_221,0,1826,16,0,False,False,,,810.2000122070312,81.75,536.5599975585938,1330.8923950195312
576,set03,video_0001,3_1_222,0,1804,16,0,False,False,,,790.0700073242188,55.3699951171875,658.8099975585938,748.6034154295921
577,set03,video_0001,3_1_222,0,1812,16,0,False,False,,,798.1400146484375,62.0,628.0899963378906,944.8831787109375
578,set03,video_0001,3_1_222,0,1820,16,0,False,False,,,805.8499755859375,70.14996337890625,588.489990234375,1216.397967286408
579,set03,video_0001,3_1_222,0,1828,16,0,False,False,,,810.0999755859375,79.26995849609375,538.0299987792969,1572.7181053943932
580,set03,video_0001,3_1_223,0,2141,16,0,False,False,,,805.9000244140625,72.030029296875,668.0450134277344,1697.748318091035
581,set03,video_0001,3_1_223,0,2149,16,0,False,False,,,812.9199829101562,80.0899658203125,636.7799987792969,2064.7167769297957
582,set03,video_0001,3_1_223,0,2157,16,0,False,False,,,819.739990234375,90.39996337890625,596.7400207519531,2547.4703059084713
583,set03,video_0001,3_1_223,0,2165,16,0,False,False,,,827.760009765625,102.6099853515625,547.125,3278.384021729231
584,set03,video_0001,3_1_224,0,2767,16,0,False,False,,,804.9500122070312,70.3699951171875,529.9949951171875,1424.9924011230469
585,set03,video_0001,3_1_224,0,2775,16,0,False,False,,,812.5399780273438,79.6300048828125,490.3000030517578,1670.6383772827685
586,set03,video_0001,3_1_224,0,2783,16,0,False,False,,,819.6799926757812,88.66998291015625,444.9099884033203,1964.9271460082382
587,set03,video_0001,3_1_224,0,2791,16,0,False,False,,,826.3800048828125,98.57000732421875,394.55999755859375,2472.13746823743
588,set03,video_0001,3_1_225,0,2777,16,0,False,False,,,808.4299926757812,81.3699951171875,506.1599884033203,1659.9474037475884
589,set03,video_0001,3_1_225,0,2785,16,0,False,False,,,816.1799926757812,91.28997802734375,467.93499755859375,2067.720231078565
590,set03,video_0001,3_1_225,0,2793,16,0,False,False,,,821.2999877929688,100.22998046875,429.29998779296875,2605.9794921875
591,set03,video_0001,3_1_225,0,2801,16,0,False,False,,,831.0599975585938,111.97998046875,383.0900115966797,3334.763681665063
592,set03,video_0001,3_1_226,0,2791,16,0,False,False,,,820.0,94.719970703125,415.0900115966797,2199.3978353515267
593,set03,video_0001,3_1_226,0,2799,16,0,False,False,,,826.47998046875,105.44000244140625,366.5749969482422,3147.384716430679
594,set03,video_0001,3_1_227,0,2781,16,0,False,False,,,809.2999877929688,72.8599853515625,497.7899932861328,967.5805165283382
595,set03,video_0001,3_1_227,0,2789,16,0,False,False,,,816.52001953125,81.2900390625,460.6499938964844,1149.4423431158066
596,set03,video_0001,3_1_227,0,2797,16,0,False,False,,,824.4600219726562,92.050048828125,420.98500061035156,1619.160021789372
597,set03,video_0001,3_1_227,0,2805,16,0,False,False,,,832.6599731445312,101.489990234375,375.36500549316406,2154.6336076781154
598,set03,video_0001,3_1_228,0,2784,16,0,False,False,,,810.7899780273438,77.52996826171875,493.2100067138672,1286.997946349904
599,set03,video_0001,3_1_228,0,2792,16,0,False,False,,,815.6799926757812,87.1400146484375,461.06500244140625,1729.7271633297205
600,set03,video_0001,3_1_228,0,2800,16,0,False,False,,,821.2000122070312,93.989990234375,424.8450012207031,1702.1573463380337
601,set03,video_0001,3_1_228,0,2808,16,0,False,False,,,831.6799926757812,106.14996337890625,383.61000061035156,2906.383276185021
602,set03,video_0001,3_1_229,0,2779,16,0,False,False,,,808.5800170898438,88.1500244140625,1269.1199951171875,1981.6108271479607
603,set03,video_0001,3_1_229,0,2787,16,0,False,False,,,814.9199829101562,97.97998046875,1309.5899658203125,2598.4309957027435
604,set03,video_0001,3_1_229,0,2795,16,0,False,False,,,817.989990234375,105.39996337890625,1369.530029296875,2582.299102783203
605,set03,video_0001,3_1_229,0,2803,16,0,False,False,,,826.5700073242188,113.530029296875,1438.4099731445312,2845.055327683687
606,set03,video_0001,3_1_233,0,3434,16,0,False,False,,,795.760009765625,60.97003173828125,615.2799987792969,1088.9275950454175
607,set03,video_0001,3_1_233,0,3442,16,0,False,False,,,800.3499755859375,62.19000244140625,581.6849975585938,1110.090025268495
608,set03,video_0001,3_1_233,0,3450,16,0,False,False,,,798.6300048828125,70.33001708984375,542.760009765625,1256.0930749997497
609,set03,video_0001,3_1_233,0,3458,16,0,False,False,,,805.489990234375,77.510009765625,495.75498962402344,1611.4337653443217
610,set03,video_0001,3_1_249,0,9132,16,0,False,False,,,816.72998046875,80.1199951171875,1262.1749877929688,1569.5479658693075
611,set03,video_0001,3_1_249,0,9140,16,0,False,False,,,822.4099731445312,88.7099609375,1297.7049560546875,1952.5071065425873
612,set03,video_0001,3_1_249,0,9148,16,0,False,False,,,826.97998046875,98.13995361328125,1341.5950317382812,2364.1881281509995
613,set03,video_0001,3_1_249,0,9156,16,0,False,False,,,832.0999755859375,110.1099853515625,1393.260009765625,2761.567034959793
614,set03,video_0001,3_1_252,0,9148,16,0,False,False,,,815.1799926757812,81.8599853515625,1222.655029296875,1556.1591209471226
615,set03,video_0001,3_1_252,0,9156,16,0,False,False,,,816.8200073242188,89.59002685546875,1256.625,1912.755822390318
616,set03,video_0001,3_1_252,0,9164,16,0,False,False,,,826.5800170898438,105.23004150390625,1298.0,2967.482032224536
617,set03,video_0001,3_1_252,0,9172,16,0,False,False,,,834.8699951171875,118.1199951171875,1352.2200317382812,3734.95366884768
618,set03,video_0001,3_1_264,0,9134,16,0,False,False,,,797.52001953125,80.6400146484375,412.87998962402344,1616.0265826173127
619,set03,video_0001,3_1_264,0,9142,16,0,False,False,,,799.5999755859375,88.88995361328125,373.3699951171875,2120.9129911139607
620,set03,video_0001,3_1_243,0,8557,16,0,False,False,,,812.5,107.91998291015625,446.5449981689453,2796.2071524169296
621,set03,video_0001,3_1_243,0,8565,16,0,False,False,,,812.5,113.21002197265625,413.73500061035156,2808.7438236456364
622,set03,video_0001,3_1_243,0,8573,16,0,False,False,,,825.5999755859375,128.39996337890625,375.55999755859375,4067.7098994143307
623,set03,video_0001,3_1_243,0,8581,16,0,False,False,,,828.9500122070312,138.030029296875,330.2799987792969,5054.65899887681
624,set03,video_0001,3_1_230,0,3211,16,0,False,False,,,797.4400024414062,61.6500244140625,624.6849975585938,1046.1991081535816
625,set03,video_0001,3_1_230,0,3219,16,0,False,False,,,803.3599853515625,68.9599609375,590.4700012207031,1332.306950390339
626,set03,video_0001,3_1_230,0,3227,16,0,False,False,,,808.5800170898438,76.36004638671875,545.5650024414062,1918.9283385500312
627,set03,video_0001,3_1_230,0,3235,16,0,False,False,,,812.4500122070312,85.21002197265625,492.1300048828125,2525.6262994632125
628,set03,video_0001,3_1_231,0,3218,16,0,False,False,,,799.6500244140625,67.35003662109375,617.8299865722656,1290.4248929433525
629,set03,video_0001,3_1_231,0,3226,16,0,False,False,,,803.9000244140625,73.280029296875,580.9500122070312,1619.4868583977222
630,set03,video_0001,3_1_231,0,3234,16,0,False,False,,,808.6500244140625,81.33001708984375,537.0199890136719,1875.4699955321848
631,set03,video_0001,3_1_231,0,3242,16,0,False,False,,,808.5900268554688,89.760009765625,481.4149932861328,2304.1406559571624
632,set03,video_0001,3_1_232,0,3392,16,0,False,False,,,797.5599975585938,63.71002197265625,537.0400085449219,1400.3489271737635
633,set03,video_0001,3_1_232,0,3400,16,0,False,False,,,798.6199951171875,70.77001953125,506.53997802734375,1830.111668407917
634,set03,video_0001,3_1_232,0,3408,16,0,False,False,,,788.5599975585938,77.52996826171875,472.73500061035156,2137.4994267951697
635,set03,video_0001,3_1_232,0,3416,16,0,False,False,,,817.1699829101562,86.22998046875,428.9599914550781,2652.435041308403
636,set03,video_0001,3_1_234,0,3436,16,0,False,False,,,801.72998046875,67.28997802734375,1207.7000122070312,1468.2637063488364
637,set03,video_0001,3_1_234,0,3444,16,0,False,False,,,811.760009765625,75.4000244140625,1235.5549926757812,1799.7982145994902
638,set03,video_0001,3_1_234,0,3452,16,0,False,False,,,812.6199951171875,84.5899658203125,1270.4850463867188,2271.238517090678
639,set03,video_0001,3_1_234,0,3460,16,0,False,False,,,818.3800048828125,94.08001708984375,1314.3250122070312,2949.4062388911843
640,set03,video_0001,3_1_235,0,3588,16,0,False,False,,,791.2000122070312,52.52001953125,702.6749877929688,1019.4153742194176
641,set03,video_0001,3_1_235,0,3596,16,0,False,False,,,797.4199829101562,59.4599609375,675.7049865722656,1414.5511642098427
642,set03,video_0001,3_1_235,0,3604,16,0,False,False,,,804.0399780273438,67.219970703125,643.3149719238281,1760.4911968261003
643,set03,video_0001,3_1_235,0,3612,16,0,False,False,,,812.47998046875,78.54998779296875,600.2349853515625,2082.360943481326
644,set03,video_0001,3_1_237,0,7215,16,0,False,False,,,846.1699829101562,149.8299560546875,1421.510009765625,6787.304325193167
645,set03,video_0001,3_1_237,0,7223,16,0,False,False,,,852.0599975585938,161.66998291015625,1461.6950073242188,7325.256663404405
646,set03,video_0001,3_1_237,0,7231,16,0,False,False,,,855.6500244140625,174.69000244140625,1504.614990234375,8030.49429436028
647,set03,video_0001,3_1_237,0,7239,16,0,False,False,,,862.4199829101562,191.6199951171875,1555.7300415039062,9324.235511913896
648,set03,video_0001,3_1_239,0,7187,16,0,False,False,,,839.1199951171875,115.25,397.82000732421875,4467.091125488281
649,set03,video_0001,3_1_239,0,7195,16,0,False,False,,,837.6799926757812,118.90997314453125,366.39500427246094,5042.972396520898
650,set03,video_0001,3_1_239,0,7203,16,0,False,False,,,835.989990234375,120.4599609375,336.0050048828125,4940.064174413681
651,set03,video_0001,3_1_239,0,7211,16,0,False,False,,,835.9400024414062,131.96002197265625,286.19000244140625,5286.318158056587
652,set03,video_0001,3_1_241,0,7205,16,0,False,False,,,837.4000244140625,131.4200439453125,1443.8349609375,4890.1347016096115
653,set03,video_0001,3_1_241,0,7213,16,0,False,False,,,838.75,138.8900146484375,1481.800048828125,5555.6005859375
654,set03,video_0001,3_1_241,0,7221,16,0,False,False,,,846.5499877929688,152.65997314453125,1522.8049926757812,6013.278578393161
655,set03,video_0001,3_1_241,0,7229,16,0,False,False,,,848.02001953125,160.98004150390625,1567.4199829101562,6906.047710694373
656,set03,video_0001,3_1_244,0,8559,16,0,False,False,,,812.3900146484375,101.22003173828125,456.6549987792969,2543.659891821444
657,set03,video_0001,3_1_244,0,8567,16,0,False,False,,,815.8200073242188,109.33001708984375,424.8249969482422,3099.506651794538
658,set03,video_0001,3_1_244,0,8575,16,0,False,False,,,827.0999755859375,118.64996337890625,388.0850067138672,3824.089623229578
659,set03,video_0001,3_1_244,0,8583,16,0,False,False,,,827.9000244140625,129.7900390625,341.6300048828125,4127.321657836437
660,set03,video_0001,3_1_245,0,8657,16,0,False,False,,,817.27001953125,97.85003662109375,1274.4849853515625,2595.964338257909
661,set03,video_0001,3_1_245,0,8665,16,0,False,False,,,826.02001953125,107.510009765625,1297.6749877929688,3168.3299618661404
662,set03,video_0001,3_1_245,0,8673,16,0,False,False,,,839.2999877929688,120.75,1331.5349731445312,3819.3230895996094
663,set03,video_0001,3_1_245,0,8681,16,0,False,False,,,850.6599731445312,133.969970703125,1376.3800048828125,4525.509535253048
664,set03,video_0001,3_1_246,0,8660,16,0,False,False,,,817.8099975585938,99.22998046875,1280.7550048828125,2747.6723449230194
665,set03,video_0001,3_1_246,0,8668,16,0,False,False,,,828.22998046875,110.41998291015625,1305.3099975585938,3213.218806885183
666,set03,video_0001,3_1_246,0,8676,16,0,False,False,,,838.8699951171875,122.52001953125,1338.2650146484375,3855.7014251947403
667,set03,video_0001,3_1_246,0,8684,16,0,False,False,,,848.5700073242188,139.5,1392.135009765625,5009.4327392578125
668,set03,video_0001,3_1_247,0,8764,16,0,False,False,,,800.5900268554688,85.47003173828125,1241.375,2204.275457203388
669,set03,video_0001,3_1_247,0,8772,16,0,False,False,,,816.3400268554688,104.0400390625,1273.9349975585938,3151.36414706707
670,set03,video_0001,3_1_247,0,8780,16,0,False,False,,,823.0599975585938,120.5,1314.7400512695312,4381.378234863281
671,set03,video_0001,3_1_247,0,8788,16,0,False,False,,,828.9500122070312,130.80999755859375,1363.8599853515625,5295.18614628911
672,set03,video_0001,3_1_248,0,9026,16,0,False,False,,,827.7999877929688,110.75,1264.6599731445312,4031.302703857422
673,set03,video_0001,3_1_248,0,9034,16,0,False,False,,,832.6199951171875,119.57000732421875,1286.8399658203125,4749.31718789041
674,set03,video_0001,3_1_248,0,9042,16,0,False,False,,,849.4600219726562,137.2900390625,1313.7200317382812,6062.732817530632
675,set03,video_0001,3_1_248,0,9050,16,0,False,False,,,861.530029296875,151.780029296875,1348.3300170898438,8062.554415136576
676,set03,video_0001,3_1_250,0,9137,16,0,False,False,,,814.6099853515625,84.260009765625,1253.7450561523438,2474.7160753905773
677,set03,video_0001,3_1_250,0,9145,16,0,False,False,,,819.3400268554688,92.4100341796875,1288.385009765625,3048.6061251461506
678,set03,video_0001,3_1_250,0,9153,16,0,False,False,,,822.9600219726562,100.7900390625,1331.1799926757812,3666.7421132326126
679,set03,video_0001,3_1_250,0,9161,16,0,False,False,,,829.3099975585938,111.28997802734375,1387.4550170898438,4459.38344206661
680,set03,video_0001,3_1_251,0,9142,16,0,False,False,,,812.27001953125,84.030029296875,1243.7050170898438,2508.2943229973316
681,set03,video_0001,3_1_251,0,9150,16,0,False,False,,,815.5700073242188,91.80999755859375,1279.5900268554688,2943.4226939454675
682,set03,video_0001,3_1_251,0,9158,16,0,False,False,,,820.0,100.8599853515625,1321.7050170898438,3399.9984783679247
683,set03,video_0001,3_1_251,0,9166,16,0,False,False,,,828.8200073242188,113.82000732421875,1371.9349975585938,3836.881894849241
684,set03,video_0001,3_1_242,0,7315,16,0,False,False,,,829.97998046875,108.47998046875,1244.6799926757812,4083.188053905964
685,set03,video_0001,3_1_242,0,7323,16,0,False,False,,,837.8499755859375,119.90997314453125,1269.25,4513.39850820601
686,set03,video_0001,3_1_242,0,7331,16,0,False,False,,,845.719970703125,131.3399658203125,1300.2400512695312,4943.638237401843
687,set03,video_0001,3_1_242,0,7339,16,0,False,False,,,855.260009765625,150.1300048828125,1342.7449951171875,6147.816369384527
688,set03,video_0001,3_1_267,1,16969,16,0,False,False,17029.0,-60.0,832.5999755859375,123.65997314453125,537.2999877929688,4402.292024902999
689,set03,video_0001,3_1_267,1,16977,16,0,False,False,17029.0,-52.0,834.2000122070312,126.1500244140625,531.5299987792969,4589.330804564059
690,set03,video_0001,3_1_267,1,16985,16,0,False,False,17029.0,-44.0,835.7999877929688,128.64996337890625,525.7650146484375,4779.349280394614
691,set03,video_0001,3_1_267,1,16993,16,0,False,False,17029.0,-36.0,837.4000244140625,131.1500244140625,520.0000152587891,4973.210686828941
692,set03,video_0001,3_1_268,1,16981,16,0,False,False,17041.0,-60.0,795.3900146484375,112.30999755859375,422.1499938964844,3304.1582088135183
693,set03,video_0001,3_1_268,1,16989,16,0,False,False,17041.0,-52.0,794.52001953125,112.4100341796875,415.5799865722656,3316.0960083007812
694,set03,video_0001,3_1_268,1,16997,16,0,False,False,17041.0,-44.0,795.3800048828125,113.510009765625,412.6199951171875,3350.8177052736282
695,set03,video_0001,3_1_268,1,17005,16,0,False,False,17041.0,-36.0,796.0999755859375,114.22998046875,410.5299987792969,3372.071254491806
696,set03,video_0002,3_2_270,0,776,16,0,False,False,,,852.1900024414062,152.1300048828125,1512.2149658203125,7903.146325439215
697,set03,video_0002,3_2_270,0,784,16,0,False,False,,,856.2000122070312,161.91998291015625,1541.594970703125,8411.735205933452
698,set03,video_0002,3_2_270,0,792,16,0,False,False,,,861.02001953125,171.86004638671875,1577.47998046875,9445.421436131
699,set03,video_0002,3_2_270,0,800,16,0,False,False,,,865.9099731445312,183.1199951171875,1617.2750244140625,11395.553719580173
700,set03,video_0002,3_2_271,0,786,16,0,False,False,,,853.0900268554688,145.1500244140625,1484.4149780273438,7447.63853906095
701,set03,video_0002,3_2_271,0,794,16,0,False,False,,,857.8099975585938,155.15997314453125,1512.3099975585938,8415.894368551672
702,set03,video_0002,3_2_271,0,802,16,0,False,False,,,864.0700073242188,162.08001708984375,1542.9200439453125,9724.801025390625
703,set03,video_0002,3_2_271,0,810,16,0,False,False,,,871.7999877929688,173.82000732421875,1578.5599975585938,10634.317384131253
704,set03,video_0002,3_2_273,0,889,16,0,False,False,,,841.0700073242188,113.80999755859375,1280.344970703125,3306.1859862059355
705,set03,video_0002,3_2_273,0,897,16,0,False,False,,,850.97998046875,126.42999267578125,1313.0399780273438,4637.458922021091
706,set03,video_0002,3_2_273,0,905,16,0,False,False,,,862.8200073242188,140.3900146484375,1354.0899658203125,5511.713346093893
707,set03,video_0002,3_2_273,0,913,16,0,False,False,,,857.5999755859375,157.90997314453125,1406.7550048828125,6466.405689820647
708,set03,video_0002,3_2_274,0,3572,16,0,False,False,,,865.6500244140625,158.4200439453125,1524.8200073242188,7559.819194242358
709,set03,video_0002,3_2_274,0,3580,16,0,False,False,,,873.25,170.59002685546875,1568.989990234375,8140.551083788276
710,set03,video_0002,3_2_274,0,3588,16,0,False,False,,,877.280029296875,178.74005126953125,1617.5999755859375,8847.632537841797
711,set03,video_0002,3_2_274,0,3596,16,0,False,False,,,884.6500244140625,194.61004638671875,1668.5800170898438,10828.105831690133
712,set03,video_0002,3_2_275,0,3818,16,0,False,False,,,793.8499755859375,68.80999755859375,483.36000061035156,1088.5725654419512
713,set03,video_0002,3_2_275,0,3826,16,0,False,False,,,798.7100219726562,72.97003173828125,444.6650085449219,1569.5860952883959
714,set03,video_0002,3_2_275,0,3834,16,0,False,False,,,805.3200073242188,81.9000244140625,398.1649932861328,1977.8850897215307
715,set03,video_0002,3_2_275,0,3842,16,0,False,False,,,802.97998046875,89.219970703125,347.61500549316406,2195.704894848168
716,set03,video_0002,3_2_276,0,3842,16,0,False,False,,,835.1599731445312,102.52996826171875,1255.3049926757812,3037.963460229337
717,set03,video_0002,3_2_276,0,3850,16,0,False,False,,,850.4400024414062,114.510009765625,1287.1199951171875,3710.113133788109
718,set03,video_0002,3_2_276,0,3858,16,0,False,False,,,852.5399780273438,129.02996826171875,1328.0800170898438,4799.924269773066
719,set03,video_0002,3_2_276,0,3866,16,0,False,False,,,853.5999755859375,147.3699951171875,1379.385009765625,6488.705202490091
720,set03,video_0002,3_2_277,0,3837,16,0,False,False,,,837.3400268554688,91.44000244140625,1274.9749755859375,2405.7918220460415
721,set03,video_0002,3_2_277,0,3845,16,0,False,False,,,847.7000122070312,102.57000732421875,1308.135009765625,3119.144907787442
722,set03,video_0002,3_2_277,0,3853,16,0,False,False,,,861.5,116.3699951171875,1349.85498046875,3778.5303321778774
723,set03,video_0002,3_2_277,0,3861,16,0,False,False,,,860.5,130.84002685546875,1401.199951171875,5102.761047363281
724,set03,video_0002,3_2_279,0,4478,16,0,False,False,,,794.5,60.1099853515625,599.27001953125,864.3818828612566
725,set03,video_0002,3_2_279,0,4486,16,0,False,False,,,797.4299926757812,65.20001220703125,572.5400085449219,992.3462551273406
726,set03,video_0002,3_2_279,0,4494,16,0,False,False,,,795.9000244140625,70.45001220703125,535.0700073242188,975.0257609859109
727,set03,video_0002,3_2_279,0,4502,16,0,False,False,,,808.9000244140625,85.6199951171875,483.9649963378906,1663.5958780273795
728,set03,video_0002,3_2_280,0,4482,16,0,False,False,,,799.9600219726562,71.800048828125,1183.8800048828125,1246.4565605521202
729,set03,video_0002,3_2_280,0,4490,16,0,False,False,,,809.5,83.030029296875,1211.6399536132812,1692.1524024903774
730,set03,video_0002,3_2_280,0,4498,16,0,False,False,,,815.0499877929688,94.239990234375,1248.6499633789062,2205.2180722653866
731,set03,video_0002,3_2_280,0,4506,16,0,False,False,,,826.8900146484375,109.2900390625,1299.3500366210938,2887.4476348161697
732,set03,video_0002,3_2_281,0,4484,16,0,False,False,,,799.6099853515625,70.64996337890625,1202.2300415039062,1333.8716535642743
733,set03,video_0002,3_2_281,0,4492,16,0,False,False,,,803.260009765625,75.32000732421875,1233.2950439453125,1466.4783359616995
734,set03,video_0002,3_2_281,0,4500,16,0,False,False,,,809.9299926757812,82.67999267578125,1271.5999755859375,1610.6046424806118
735,set03,video_0002,3_2_281,0,4508,16,0,False,False,,,822.6199951171875,99.52996826171875,1323.4850463867188,2254.3562110587955
736,set03,video_0002,3_2_282,0,4480,16,0,False,False,,,785.47998046875,57.77996826171875,1222.4599609375,937.1893924325705
737,set03,video_0002,3_2_282,0,4488,16,0,False,False,,,794.77001953125,68.510009765625,1251.6699829101562,1274.2845090329647
738,set03,video_0002,3_2_282,0,4496,16,0,False,False,,,806.0,79.239990234375,1288.4849853515625,1661.6602737307549
739,set03,video_0002,3_2_282,0,4504,16,0,False,False,,,817.9000244140625,90.4300537109375,1335.22998046875,2058.1889055669308
740,set03,video_0002,3_2_284,0,4490,16,0,False,False,,,792.739990234375,60.8900146484375,1290.4600219726562,1137.4287440925837
741,set03,video_0002,3_2_284,0,4498,16,0,False,False,,,809.9600219726562,82.46002197265625,1328.1500244140625,2003.7825603038073
742,set03,video_0002,3_2_284,0,4506,16,0,False,False,,,812.5399780273438,84.739990234375,1384.3499755859375,2059.185900390148
743,set03,video_0002,3_2_286,0,4845,16,0,False,False,,,801.030029296875,63.70001220703125,1235.864990234375,996.898970335722
744,set03,video_0002,3_2_286,0,4853,16,0,False,False,,,804.1900024414062,71.34002685546875,1271.489990234375,1254.1632455587387
745,set03,video_0002,3_2_286,0,4861,16,0,False,False,,,804.8200073242188,78.97003173828125,1311.699951171875,1539.9156188964844
746,set03,video_0002,3_2_286,0,4869,16,0,False,False,,,803.8599853515625,86.9599609375,1363.614990234375,1847.899169921875
747,set03,video_0002,3_2_287,0,4858,16,0,False,False,,,805.52001953125,74.760009765625,1286.864990234375,1325.4935129880905
748,set03,video_0002,3_2_287,0,4866,16,0,False,False,,,807.02001953125,84.989990234375,1329.635009765625,1887.6243631839752
749,set03,video_0002,3_2_287,0,4874,16,0,False,False,,,812.9000244140625,97.9100341796875,1384.5899658203125,2469.288193553686
750,set03,video_0002,3_2_288,0,4898,16,0,False,False,,,798.5,57.030029296875,1253.7000122070312,889.6670646965504
751,set03,video_0002,3_2_288,0,4906,16,0,False,False,,,810.97998046875,64.04998779296875,1284.7349853515625,1099.733286499977
752,set03,video_0002,3_2_288,0,4914,16,0,False,False,,,808.5700073242188,68.760009765625,1320.9049682617188,1246.6193127930164
753,set03,video_0002,3_2_288,0,4922,16,0,False,False,,,820.7899780273438,81.75994873046875,1366.5549926757812,1887.8344216570258
754,set03,video_0002,3_2_289,1,5861,16,0,False,False,5921.0,-60.0,851.7100219726562,277.22003173828125,31.46500015258789,17445.45668189088
755,set03,video_0002,3_2_289,1,5869,16,0,False,False,5921.0,-52.0,851.8200073242188,277.32000732421875,31.520000457763672,17482.2535156128
756,set03,video_0002,3_2_289,1,5877,16,0,False,False,5921.0,-44.0,851.9400024414062,277.54998779296875,31.6849999204278,17471.771691036374
757,set03,video_0002,3_2_289,1,5885,16,0,False,False,5921.0,-36.0,852.0499877929688,277.95001220703125,32.02500021457672,17369.096398005015
758,set03,video_0002,3_2_301,0,11606,16,0,False,False,,,808.5599975585938,80.02001953125,504.0849914550781,2934.332748681307
759,set03,video_0002,3_2_301,0,11614,16,0,False,False,,,814.5800170898438,88.05999755859375,459.47999572753906,3300.4896759521216
760,set03,video_0002,3_2_301,0,11622,16,0,False,False,,,817.2999877929688,99.2099609375,421.885009765625,2542.7517832517624
761,set03,video_0002,3_2_301,0,11630,16,0,False,False,,,817.9400024414062,110.79998779296875,377.7250061035156,5202.060779418796
762,set03,video_0002,3_2_272,0,757,16,0,False,False,,,812.3599853515625,137.39996337890625,293.9149932861328,4788.389562377706
763,set03,video_0002,3_2_272,0,765,16,0,False,False,,,813.4600219726562,145.55999755859375,266.77500915527344,5072.766803344712
764,set03,video_0002,3_2_272,0,773,16,0,False,False,,,814.5599975585938,153.72998046875,239.62499237060547,5357.488411895931
765,set03,video_0002,3_2_272,0,781,16,0,False,False,,,822.9400024414062,158.54998779296875,211.69000244140625,7803.830592712387
766,set03,video_0002,3_2_293,0,9986,16,0,False,False,,,847.97998046875,124.3599853515625,1409.1499633789062,4743.091662988067
767,set03,video_0002,3_2_293,0,9994,16,0,False,False,,,851.0399780273438,132.3599853515625,1434.6400146484375,5649.115126758814
768,set03,video_0002,3_2_293,0,10002,16,0,False,False,,,854.5999755859375,141.79998779296875,1469.1549682617188,6819.156566284597
769,set03,video_0002,3_2_293,0,10010,16,0,False,False,,,860.6199951171875,155.70001220703125,1516.425048828125,7590.375595092773
770,set03,video_0002,3_2_294,0,9976,16,0,False,False,,,841.25,123.20001220703125,1456.0199584960938,4449.983839355409
771,set03,video_0002,3_2_294,0,9984,16,0,False,False,,,848.1799926757812,135.8499755859375,1479.22998046875,5762.745351076126
772,set03,video_0002,3_2_294,0,9992,16,0,False,False,,,849.6599731445312,139.26995849609375,1505.0399780273438,5871.626210398972
773,set03,video_0002,3_2_294,0,10000,16,0,False,False,,,852.7999877929688,144.1300048828125,1546.9299926757812,6188.951558545232
774,set03,video_0002,3_2_295,0,9979,16,0,False,False,,,844.4199829101562,128.41998291015625,1458.7249755859375,5613.232436597347
775,set03,video_0002,3_2_295,0,9987,16,0,False,False,,,849.2000122070312,135.6099853515625,1482.8049926757812,6209.56997255981
776,set03,video_0002,3_2_295,0,9995,16,0,False,False,,,850.5999755859375,148.19000244140625,1516.364990234375,7301.324314624071
777,set03,video_0002,3_2_295,0,10003,16,0,False,False,,,853.9199829101562,160.3699951171875,1558.594970703125,7901.432791650295
778,set03,video_0002,3_2_296,0,9976,16,0,False,False,,,852.4600219726562,125.08001708984375,1425.0249633789062,4173.919559545815
779,set03,video_0002,3_2_296,0,9984,16,0,False,False,,,857.1799926757812,131.32000732421875,1446.0900268554688,4115.564541064203
780,set03,video_0002,3_2_296,0,9992,16,0,False,False,,,858.6799926757812,138.739990234375,1476.375,4346.734733104706
781,set03,video_0002,3_2_296,0,10000,16,0,False,False,,,864.2000122070312,151.84002685546875,1516.2949829101562,5528.500567652285
782,set03,video_0002,3_2_298,0,10128,16,0,False,False,,,802.6199951171875,64.5999755859375,1324.6499633789062,1347.5545444339514
783,set03,video_0002,3_2_298,0,10136,16,0,False,False,,,807.0,74.75,1347.3200073242188,1674.4018249511719
784,set03,video_0002,3_2_298,0,10144,16,0,False,False,,,806.3800048828125,89.80999755859375,1374.8350219726562,2055.752159692347
785,set03,video_0002,3_2_298,0,10152,16,0,False,False,,,814.5999755859375,102.90997314453125,1410.9149780273438,2713.735489331186
786,set03,video_0002,3_2_303,1,11883,16,0,False,False,11943.0,-60.0,900.2000122070312,258.20001220703125,1665.1500244140625,26413.873856201768
787,set03,video_0002,3_2_303,1,11891,16,0,False,False,11943.0,-52.0,909.8599853515625,267.8599853515625,1665.1500244140625,27402.08958056569
788,set03,video_0002,3_2_303,1,11899,16,0,False,False,11943.0,-44.0,915.4199829101562,273.41998291015625,1664.6300048828125,27686.510139599442
789,set03,video_0002,3_2_303,1,11907,16,0,False,False,11943.0,-36.0,920.9099731445312,278.90997314453125,1663.9349975585938,27854.737656079233
790,set03,video_0002,3_2_304,1,12562,16,0,False,False,12618.0,-56.0,867.6699829101562,262.03997802734375,1892.5650024414062,14378.132314868271
791,set03,video_0002,3_2_304,1,12570,16,0,False,False,12618.0,-48.0,883.0,279.239990234375,1868.0449829101562,22939.57201513648
792,set03,video_0002,3_2_304,1,12578,16,0,False,False,12618.0,-40.0,897.4400024414062,286.42999267578125,1846.7150268554688,25815.936638452113
793,set03,video_0002,3_2_304,1,12586,16,0,False,False,12618.0,-32.0,916.7000122070312,305.70001220703125,1806.0050048828125,30138.991071656346
794,set03,video_0002,3_2_305,1,12661,16,0,False,False,12711.0,-50.0,889.0,283.02001953125,1888.9299926757812,17586.868159472942
795,set03,video_0002,3_2_305,1,12669,16,0,False,False,12711.0,-42.0,909.0599975585938,291.92999267578125,1856.2150268554688,26445.928058423102
796,set03,video_0002,3_2_305,1,12677,16,0,False,False,12711.0,-34.0,914.1400146484375,300.48004150390625,1822.9049682617188,27220.47668952495
797,set03,video_0002,3_2_306,0,13453,16,0,False,False,,,827.7000122070312,90.71002197265625,415.0850067138672,3540.412046862766
798,set03,video_0002,3_2_306,0,13461,16,0,False,False,,,830.5800170898438,100.80999755859375,384.9499969482422,3949.738042468205
799,set03,video_0002,3_2_306,0,13469,16,0,False,False,,,827.780029296875,106.87005615234375,351.25,4225.639672044665
800,set03,video_0002,3_2_306,0,13477,16,0,False,False,,,832.0999755859375,116.469970703125,309.0500030517578,4856.795645691454
801,set03,video_0003,3_3_307,1,2332,16,0,False,False,2379.0,-47.0,867.0599975585938,245.260009765625,1741.9949951171875,14938.765638768673
802,set03,video_0003,3_3_307,1,2340,16,0,False,False,2379.0,-39.0,887.5999755859375,252.26995849609375,1714.9249877929688,25138.707523070276
803,set03,video_0003,3_3_307,1,2348,16,0,False,False,2379.0,-31.0,897.47998046875,265.199951171875,1682.0850219726562,21330.04631689191
804,set03,video_0003,3_3_308,1,1581,16,0,False,False,1641.0,-60.0,916.1699829101562,314.53997802734375,33.06000167876482,20709.31320902265
805,set03,video_0003,3_3_308,1,1589,16,0,False,False,1641.0,-52.0,919.1300048828125,317.5,27.11500007659197,17129.12504825741
806,set03,video_0003,3_3_308,1,1597,16,0,False,False,1641.0,-44.0,921.6199951171875,319.510009765625,26.70500022917986,16975.56696491729
807,set03,video_0003,3_3_308,1,1605,16,0,False,False,1641.0,-36.0,924.030029296875,321.37005615234375,27.08499938994646,17318.63193356082
808,set03,video_0003,3_3_315,0,10356,16,0,False,False,,,821.5,123.6199951171875,1504.9549560546875,3650.5020774900913
809,set03,video_0003,3_3_315,0,10364,16,0,False,False,,,824.5599975585938,137.9000244140625,1544.1649780273438,4356.257057860494
810,set03,video_0003,3_3_315,0,10372,16,0,False,False,,,837.2000122070312,151.1099853515625,1590.0150146484375,5634.897256493568
811,set03,video_0003,3_3_315,0,10380,16,0,False,False,,,848.0599975585938,168.3499755859375,1638.1849975585938,7271.046131834388
812,set03,video_0003,3_3_317,0,11902,16,0,False,False,,,848.25,127.3499755859375,1202.5850219726562,4374.46855224669
813,set03,video_0003,3_3_317,0,11910,16,0,False,False,,,860.3200073242188,143.58001708984375,1228.6949462890625,6031.79792009294
814,set03,video_0003,3_3_317,0,11918,16,0,False,False,,,868.3800048828125,155.72003173828125,1257.5449829101562,7578.900787867606
815,set03,video_0003,3_3_317,0,11926,16,0,False,False,,,886.2000122070312,185.73004150390625,1303.3800048828125,9962.539474800229
816,set03,video_0003,3_3_325,0,15821,16,0,False,False,,,975.0599975585938,285.57000732421875,1296.2099609375,40339.62202338874
817,set03,video_0003,3_3_325,0,15829,16,0,False,False,,,973.3099975585938,288.3900146484375,1289.47998046875,41510.84181064367
818,set03,video_0003,3_3_325,0,15837,16,0,False,False,,,980.5900268554688,293.85003662109375,1331.52001953125,42296.75705346465
819,set03,video_0003,3_3_325,0,15845,16,0,False,False,,,982.5499877929688,298.77996826171875,1385.8150024414062,43965.47962414473
820,set03,video_0003,3_3_326,1,17576,16,0,False,False,17636.0,-60.0,914.5,302.96002197265625,239.58999633789062,25236.56613207981
821,set03,video_0003,3_3_326,1,17584,16,0,False,False,17636.0,-52.0,924.9400024414062,322.72003173828125,208.4000015258789,30593.85999365244
822,set03,video_0003,3_3_326,1,17592,16,0,False,False,17636.0,-44.0,933.739990234375,335.53997802734375,200.81999969482422,29332.90426475834
823,set03,video_0003,3_3_326,1,17600,16,0,False,False,17636.0,-36.0,944.1799926757812,346.20001220703125,206.45999908447266,38428.19607238751
824,set03,video_0003,3_3_327,1,17586,16,0,False,False,17646.0,-60.0,860.1500244140625,228.48004150390625,300.5850067138672,16626.490110082552
825,set03,video_0003,3_3_327,1,17594,16,0,False,False,17646.0,-52.0,868.3800048828125,236.1500244140625,306.1600036621094,17182.27808251977
826,set03,video_0003,3_3_327,1,17602,16,0,False,False,17646.0,-44.0,881.6500244140625,249.35003662109375,314.86500549316406,18673.820285582915
827,set03,video_0003,3_3_327,1,17610,16,0,False,False,17646.0,-36.0,888.4500122070312,255.71002197265625,326.4599914550781,20630.68269987777
828,set03,video_0003,3_3_328,1,17650,16,0,False,False,17710.0,-60.0,854.760009765625,184.79998779296875,483.4750061035156,10801.56154235825
829,set03,video_0003,3_3_328,1,17658,16,0,False,False,17710.0,-52.0,856.22998046875,184.79998779296875,485.6750183105469,10801.56154235825
830,set03,video_0003,3_3_328,1,17666,16,0,False,False,17710.0,-44.0,856.22998046875,184.79998779296875,485.7899932861328,11671.967905761674
831,set03,video_0003,3_3_328,1,17674,16,0,False,False,17710.0,-36.0,864.1900024414062,193.41998291015625,491.5850067138672,13096.465390088037
832,set03,video_0003,3_3_329,1,17639,16,0,False,False,17699.0,-60.0,872.22998046875,211.01995849609375,533.6450042724609,12228.602730957791
833,set03,video_0003,3_3_329,1,17647,16,0,False,False,17699.0,-52.0,872.6699829101562,211.01995849609375,533.0950012207031,12228.60917077586
834,set03,video_0003,3_3_329,1,17655,16,0,False,False,17699.0,-44.0,872.22998046875,211.01995849609375,534.5649871826172,12228.602730957791
835,set03,video_0003,3_3_329,1,17663,16,0,False,False,17699.0,-36.0,871.5599975585938,211.02001953125,546.7749938964844,12228.61270776391
836,set03,video_0003,3_3_331,1,17977,16,0,False,False,18037.0,-60.0,863.780029296875,293.6600341796875,127.68000030517578,22036.246993249282
837,set03,video_0003,3_3_331,1,17985,16,0,False,False,18037.0,-52.0,874.2999877929688,292.0999755859375,161.18000030517578,24448.767065124586
838,set03,video_0003,3_3_331,1,17993,16,0,False,False,18037.0,-44.0,879.8800048828125,292.0999755859375,203.31999969482422,24448.767065124586
839,set03,video_0003,3_3_331,1,18001,16,0,False,False,18037.0,-36.0,897.1400146484375,309.5,242.13999938964844,25112.825088500977
840,set03,video_0003,3_3_332,1,17970,16,0,False,False,18030.0,-60.0,859.780029296875,287.02001953125,49.880000591278076,19528.842665404547
841,set03,video_0003,3_3_332,1,17978,16,0,False,False,18030.0,-52.0,883.6199951171875,298.66998291015625,83.375,25162.946060180664
842,set03,video_0003,3_3_332,1,17986,16,0,False,False,18030.0,-44.0,893.260009765625,300.1300048828125,120.86999893188477,25895.21416510921
843,set03,video_0003,3_3_332,1,17994,16,0,False,False,18030.0,-36.0,909.1099853515625,313.1199951171875,157.6699981689453,27015.99279648438
844,set03,video_0003,3_3_334,1,18932,16,0,False,False,18985.0,-53.0,874.8699951171875,195.17999267578125,1871.6400146484375,11457.05603979528
845,set03,video_0003,3_3_334,1,18940,16,0,False,False,18985.0,-45.0,890.4000244140625,197.3699951171875,1844.9600219726562,11585.633169189095
846,set03,video_0003,3_3_334,1,18948,16,0,False,False,18985.0,-37.0,892.2000122070312,192.780029296875,1810.239990234375,11667.051138281822
847,set03,video_0003,3_3_336,1,20055,16,0,False,False,20115.0,-60.0,842.2000122070312,166.79998779296875,492.41998291015625,9214.029696777463
848,set03,video_0003,3_3_336,1,20063,16,0,False,False,20115.0,-52.0,842.2000122070312,166.79998779296875,492.6650085449219,9295.770242553204
849,set03,video_0003,3_3_336,1,20071,16,0,False,False,20115.0,-44.0,842.2000122070312,166.79998779296875,492.9100036621094,9377.500607665628
850,set03,video_0003,3_3_336,1,20079,16,0,False,False,20115.0,-36.0,842.2000122070312,166.79998779296875,493.1600036621094,9460.900601562113
851,set03,video_0003,3_3_337,1,20055,16,0,False,False,20115.0,-60.0,857.3200073242188,173.989990234375,597.4449768066406,9971.365915551782
852,set03,video_0003,3_3_337,1,20063,16,0,False,False,20115.0,-52.0,857.3200073242188,173.989990234375,597.4199829101562,9962.66853994131
853,set03,video_0003,3_3_337,1,20071,16,0,False,False,20115.0,-44.0,857.3200073242188,173.989990234375,597.3999938964844,9955.712763354182
854,set03,video_0003,3_3_337,1,20079,16,0,False,False,20115.0,-36.0,857.3200073242188,173.989990234375,601.875,11512.925299853086
855,set03,video_0003,3_3_338,1,20104,16,0,False,False,19678.0,426.0,848.9400024414062,174.1400146484375,437.614990234375,11045.69985371083
856,set03,video_0003,3_3_338,1,20112,16,0,False,False,19678.0,434.0,848.4500122070312,174.1400146484375,434.375,11045.69985371083
857,set03,video_0003,3_3_338,1,20120,16,0,False,False,19678.0,442.0,847.7000122070312,172.2900390625,431.0400085449219,11329.794651269913
858,set03,video_0003,3_3_338,1,20128,16,0,False,False,19678.0,450.0,846.2000122070312,164.9100341796875,427.364990234375,12379.797473706305
859,set03,video_0003,3_3_339,1,20074,16,0,False,False,20134.0,-60.0,804.9000244140625,66.70001220703125,771.4400024414062,1606.1333627924323
860,set03,video_0003,3_3_339,1,20082,16,0,False,False,20134.0,-52.0,804.6099853515625,66.70001220703125,768.5199890136719,1520.759464111179
861,set03,video_0003,3_3_339,1,20090,16,0,False,False,20134.0,-44.0,803.4299926757812,66.70001220703125,766.7599792480469,1520.759464111179
862,set03,video_0003,3_3_339,1,20098,16,0,False,False,20134.0,-36.0,803.8699951171875,66.70001220703125,765.0699768066406,1520.759464111179
863,set03,video_0003,3_3_340,1,20146,16,0,False,False,20206.0,-60.0,799.239990234375,54.6199951171875,724.1399841308594,931.8169833496213
864,set03,video_0003,3_3_340,1,20154,16,0,False,False,20206.0,-52.0,799.1699829101562,54.6199951171875,722.2250061035156,931.2702500000596
865,set03,video_0003,3_3_340,1,20162,16,0,False,False,20206.0,-44.0,799.0599975585938,54.6199951171875,720.1849975585938,931.273583739996
866,set03,video_0003,3_3_340,1,20170,16,0,False,False,20206.0,-36.0,799.8900146484375,56.33001708984375,717.5950012207031,960.426103759557
867,set03,video_0003,3_3_330,1,17663,16,0,False,False,17723.0,-60.0,914.3400268554688,235.77001953125,1769.4149780273438,15544.330051124096
868,set03,video_0003,3_3_330,1,17671,16,0,False,False,17723.0,-52.0,914.25,235.77001953125,1769.2550048828125,15544.301270604134
869,set03,video_0003,3_3_330,1,17679,16,0,False,False,17723.0,-44.0,914.1500244140625,235.77001953125,1769.0850219726562,15544.330051124096
870,set03,video_0003,3_3_330,1,17687,16,0,False,False,17723.0,-36.0,914.0599975585938,235.77001953125,1768.9249877929688,15544.330051124096
871,set03,video_0003,3_3_335,1,19549,16,0,False,False,19609.0,-60.0,845.6799926757812,241.0,80.46500015258789,18009.930809020996
872,set03,video_0003,3_3_335,1,19557,16,0,False,False,19609.0,-52.0,858.6400146484375,251.4100341796875,105.58000183105469,23129.72314453125
873,set03,video_0003,3_3_335,1,19565,16,0,False,False,19609.0,-44.0,869.2000122070312,259.1500244140625,138.3800048828125,24214.97891394049
874,set03,video_0003,3_3_335,1,19573,16,0,False,False,19609.0,-36.0,889.6799926757812,271.52001953125,176.08500289916992,27659.745135400444
875,set03,video_0003,3_3_341,1,20254,16,0,False,False,20314.0,-60.0,799.5800170898438,72.010009765625,679.1150207519531,2192.7056763917208
876,set03,video_0003,3_3_341,1,20262,16,0,False,False,20314.0,-52.0,804.989990234375,74.5899658203125,671.25,2577.83358925581
877,set03,video_0003,3_3_341,1,20270,16,0,False,False,20314.0,-44.0,808.1799926757812,76.14996337890625,663.875,2373.5977049544454
878,set03,video_0003,3_3_341,1,20278,16,0,False,False,20314.0,-36.0,817.0399780273438,81.47998046875,656.2799987792969,2410.17921474576
879,set03,video_0003,3_3_342,1,20055,16,0,False,False,20115.0,-60.0,809.1400146484375,63.260009765625,938.0599975585938,1610.597377538681
880,set03,video_0003,3_3_342,1,20063,16,0,False,False,20115.0,-52.0,809.1400146484375,63.260009765625,937.3650207519531,1609.9680207520723
881,set03,video_0003,3_3_342,1,20071,16,0,False,False,20115.0,-44.0,809.1400146484375,63.260009765625,936.6700134277344,1610.6012386232615
882,set03,video_0003,3_3_342,1,20079,16,0,False,False,20115.0,-36.0,809.1400146484375,63.260009765625,935.9750061035156,1609.9680207520723
883,set03,video_0003,3_3_343,1,20270,16,0,False,False,20330.0,-60.0,806.9299926757812,64.83001708984375,697.1499938964844,1963.050859887153
884,set03,video_0003,3_3_343,1,20278,16,0,False,False,20330.0,-52.0,813.72998046875,64.8299560546875,687.239990234375,1963.0529686510563
885,set03,video_0003,3_3_343,1,20286,16,0,False,False,20330.0,-44.0,821.6699829101562,64.8299560546875,673.6400146484375,1963.0529686510563
886,set03,video_0003,3_3_343,1,20294,16,0,False,False,20330.0,-36.0,829.5,76.739990234375,668.1999816894531,2526.2791670411825
887,set03,video_0004,3_4_344,0,1567,16,0,False,False,,,803.5,73.66998291015625,1077.125,1387.211533665657
888,set03,video_0004,3_4_344,0,1575,16,0,False,False,,,814.239990234375,87.30999755859375,1095.9349975585938,1795.9619602784514
889,set03,video_0004,3_4_344,0,1583,16,0,False,False,,,821.9199829101562,99.8699951171875,1120.1500244140625,2540.6868240237236
890,set03,video_0004,3_4_344,0,1591,16,0,False,False,,,832.760009765625,117.510009765625,1155.7749633789062,3662.7921684086323
891,set03,video_0004,3_4_345,0,1622,16,0,False,False,,,789.0,53.75,561.6400146484375,726.7010498046875
892,set03,video_0004,3_4_345,0,1630,16,0,False,False,,,791.4199829101562,53.75,527.9849853515625,727.2390747070312
893,set03,video_0004,3_4_345,0,1638,16,0,False,False,,,789.4500122070312,55.70001220703125,490.09999084472656,753.0635531004518
894,set03,video_0004,3_4_345,0,1646,16,0,False,False,,,789.8599853515625,56.70001220703125,446.0550079345703,834.0566950682551
895,set03,video_0004,3_4_348,0,8226,16,0,False,False,,,938.3400268554688,303.97003173828125,153.82000350952148,31546.01184184896
896,set03,video_0004,3_4_348,0,8234,16,0,False,False,,,942.260009765625,305.4100341796875,145.80500030517578,30519.627138873562
897,set03,video_0004,3_4_348,0,8242,16,0,False,False,,,945.1599731445312,311.2099609375,136.03499603271484,26300.35208930075
898,set03,video_0004,3_4_348,0,8250,16,0,False,False,,,950.2999877929688,321.69000244140625,123.72000122070312,27382.251437060535
899,set03,video_0004,3_4_356,1,8321,16,0,False,False,8381.0,-60.0,849.7100219726562,140.760009765625,1480.6449584960938,8888.998053222895
900,set03,video_0004,3_4_356,1,8329,16,0,False,False,8381.0,-52.0,857.989990234375,145.19000244140625,1474.219970703125,8531.365961328149
901,set03,video_0004,3_4_356,1,8337,16,0,False,False,8381.0,-44.0,877.1099853515625,160.30999755859375,1474.0550537109375,10421.7545068115
902,set03,video_0004,3_4_356,1,8345,16,0,False,False,8381.0,-36.0,884.1799926757812,166.8399658203125,1464.60498046875,12017.487625926733
903,set03,video_0004,3_4_352,1,9772,16,0,False,False,9832.0,-60.0,921.9199829101562,263.1300048828125,115.8650016784668,15911.473723989911
904,set03,video_0004,3_4_352,1,9780,16,0,False,False,9832.0,-52.0,923.3699951171875,263.5,126.34000396728516,15567.58048248291
905,set03,video_0004,3_4_352,1,9788,16,0,False,False,9832.0,-44.0,923.3699951171875,263.5,133.0,19077.398391723633
906,set03,video_0004,3_4_352,1,9796,16,0,False,False,9832.0,-36.0,923.3699951171875,263.5,133.0,19077.398391723633
907,set03,video_0004,3_4_353,1,9748,16,0,False,False,9808.0,-60.0,932.4000244140625,274.23004150390625,48.459999561309814,19569.055667569337
908,set03,video_0004,3_4_353,1,9756,16,0,False,False,9808.0,-52.0,932.4000244140625,276.9100341796875,49.02000093460083,20070.43994283036
909,set03,video_0004,3_4_353,1,9764,16,0,False,False,9808.0,-44.0,932.4000244140625,279.59002685546875,49.57999849319458,20577.825283304148
910,set03,video_0004,3_4_353,1,9772,16,0,False,False,9808.0,-36.0,932.4000244140625,287.1300048828125,49.25500154495239,20946.134896749514
911,set03,video_0004,3_4_351,1,9734,16,0,False,False,9794.0,-60.0,997.239990234375,397.47998046875,1661.4249877929688,40785.414973437786
912,set03,video_0004,3_4_351,1,9742,16,0,False,False,9794.0,-52.0,997.239990234375,397.47998046875,1644.8150024414062,41763.200198829174
913,set03,video_0004,3_4_351,1,9750,16,0,False,False,9794.0,-44.0,997.239990234375,397.47998046875,1630.010009765625,46369.97958672047
914,set03,video_0004,3_4_351,1,9758,16,0,False,False,9794.0,-36.0,998.77001953125,397.489990234375,1608.25,47833.98036044836
915,set03,video_0004,3_4_354,1,9822,16,0,False,False,9882.0,-60.0,970.2000122070312,328.20001220703125,25.549999237060547,16771.02012298582
916,set03,video_0004,3_4_354,1,9830,16,0,False,False,9882.0,-52.0,970.2000122070312,328.20001220703125,25.549999237060547,16771.02012298582
917,set03,video_0004,3_4_354,1,9838,16,0,False,False,9882.0,-44.0,970.2000122070312,328.20001220703125,25.549999237060547,16771.02012298582
918,set03,video_0004,3_4_354,1,9846,16,0,False,False,9882.0,-36.0,970.2000122070312,328.20001220703125,25.549999237060547,16771.02012298582
919,set03,video_0004,3_4_357,1,10169,16,0,False,False,10210.0,-41.0,870.9000244140625,219.19000244140625,31.635000109672546,12732.747327525998
920,set03,video_0004,3_4_357,1,10177,16,0,False,False,10210.0,-33.0,877.5399780273438,227.65997314453125,48.30499839782715,11936.211592990207
921,set03,video_0004,3_4_361,1,11991,16,0,False,False,12032.0,-41.0,783.4000244140625,59.25,1034.22998046875,1405.4082641601562
922,set03,video_0004,3_4_361,1,11999,16,0,False,False,12032.0,-33.0,780.0700073242188,59.03997802734375,1025.7799987792969,1268.1811784170568
923,set03,video_0004,3_4_376,1,15559,16,0,False,False,15619.0,-60.0,898.4600219726562,187.0,1448.5800170898438,14518.682739257812
924,set03,video_0004,3_4_376,1,15567,16,0,False,False,15619.0,-52.0,898.760009765625,187.0,1448.5800170898438,14518.682739257812
925,set03,video_0004,3_4_376,1,15575,16,0,False,False,15619.0,-44.0,899.0700073242188,187.0,1448.5800170898438,14518.682739257812
926,set03,video_0004,3_4_376,1,15583,16,0,False,False,15619.0,-36.0,899.3699951171875,187.0,1448.5800170898438,14518.682739257812
927,set03,video_0004,3_4_377,1,15599,16,0,False,False,15659.0,-60.0,880.0900268554688,194.62005615234375,1581.375,17934.219168573618
928,set03,video_0004,3_4_377,1,15607,16,0,False,False,15659.0,-52.0,880.52001953125,194.6199951171875,1581.6749877929688,17934.237301513553
929,set03,video_0004,3_4_377,1,15615,16,0,False,False,15659.0,-44.0,880.9500122070312,194.6199951171875,1581.9850463867188,17934.237301513553
930,set03,video_0004,3_4_377,1,15623,16,0,False,False,15659.0,-36.0,881.3800048828125,194.6199951171875,1582.2849731445312,17934.237301513553
931,set03,video_0004,3_4_379,1,15563,16,0,False,False,15623.0,-60.0,842.530029296875,169.6600341796875,1650.6400146484375,8917.341337502003
932,set03,video_0004,3_4_379,1,15571,16,0,False,False,15623.0,-52.0,842.4400024414062,169.65997314453125,1650.864990234375,8834.206399485469
933,set03,video_0004,3_4_379,1,15579,16,0,False,False,15623.0,-44.0,842.3599853515625,169.65997314453125,1651.0950317382812,8749.355702467263
934,set03,video_0004,3_4_379,1,15587,16,0,False,False,15623.0,-36.0,842.280029296875,169.6600341796875,1651.3200073242188,8666.227090135217
935,set03,video_0004,3_4_375,1,15687,16,0,False,False,15747.0,-60.0,875.4199829101562,254.63995361328125,1856.9099731445312,23269.00020454079
936,set03,video_0004,3_4_375,1,15695,16,0,False,False,15747.0,-52.0,882.97998046875,261.16998291015625,1865.6749877929688,21972.231937475502
937,set03,video_0004,3_4_375,1,15703,16,0,False,False,15747.0,-44.0,892.9500122070312,264.60003662109375,1874.2449951171875,20244.551385864615
938,set03,video_0004,3_4_375,1,15711,16,0,False,False,15747.0,-36.0,903.8800048828125,268.22003173828125,1881.4349975585938,20457.114317648113
939,set03,video_0004,3_4_378,1,15547,16,0,False,False,15607.0,-60.0,910.0999755859375,214.8800048828125,1354.2099609375,16541.45857900381
940,set03,video_0004,3_4_378,1,15555,16,0,False,False,15607.0,-52.0,910.0999755859375,214.0799560546875,1354.6949462890625,16272.219550341368
941,set03,video_0004,3_4_378,1,15563,16,0,False,False,15607.0,-44.0,910.0999755859375,213.27996826171875,1355.1799926757812,16004.51111445576
942,set03,video_0004,3_4_378,1,15571,16,0,False,False,15607.0,-36.0,910.0999755859375,212.489990234375,1355.6649780273438,15739.122163623571
943,set03,video_0004,3_4_380,1,15583,16,0,False,False,15643.0,-60.0,814.4400024414062,68.59002685546875,1119.699951171875,1887.598878711462
944,set03,video_0004,3_4_380,1,15591,16,0,False,False,15643.0,-52.0,814.4400024414062,68.59002685546875,1119.699951171875,1887.598878711462
945,set03,video_0004,3_4_380,1,15599,16,0,False,False,15643.0,-44.0,814.4400024414062,68.59002685546875,1119.699951171875,1887.598878711462
946,set03,video_0004,3_4_380,1,15607,16,0,False,False,15643.0,-36.0,814.4400024414062,68.59002685546875,1119.699951171875,1887.598878711462
947,set03,video_0004,3_4_381,1,15725,16,0,False,False,15785.0,-60.0,814.1199951171875,75.27996826171875,1099.4500122070312,2338.191035695374
948,set03,video_0004,3_4_381,1,15733,16,0,False,False,15785.0,-52.0,815.989990234375,77.239990234375,1080.030029296875,2433.0596923828125
949,set03,video_0004,3_4_381,1,15741,16,0,False,False,15785.0,-44.0,819.260009765625,77.239990234375,1058.97998046875,2433.0596923828125
950,set03,video_0004,3_4_381,1,15749,16,0,False,False,15785.0,-36.0,818.27001953125,77.239990234375,1036.2449951171875,2432.286538183689
951,set03,video_0004,3_4_382,1,15615,16,0,False,False,15675.0,-60.0,853.030029296875,186.010009765625,1731.4199829101562,10628.614682763815
952,set03,video_0004,3_4_382,1,15623,16,0,False,False,15675.0,-52.0,853.2000122070312,185.9000244140625,1731.8400268554688,10581.437559083104
953,set03,video_0004,3_4_382,1,15631,16,0,False,False,15675.0,-44.0,853.2999877929688,185.82000732421875,1732.10498046875,10552.725474536419
954,set03,video_0004,3_4_382,1,15639,16,0,False,False,15675.0,-36.0,853.1300048828125,185.82000732421875,1733.489990234375,10550.865459814668
955,set03,video_0004,3_4_383,1,15604,16,0,False,False,15664.0,-60.0,806.0800170898438,64.35003662109375,1202.3250122070312,1454.9533853754401
956,set03,video_0004,3_4_383,1,15612,16,0,False,False,15664.0,-52.0,806.8300170898438,64.35003662109375,1202.9849853515625,1460.098560422659
957,set03,video_0004,3_4_383,1,15620,16,0,False,False,15664.0,-44.0,808.8099975585938,64.3499755859375,1203.2949829101562,1499.993846192956
958,set03,video_0004,3_4_383,1,15628,16,0,False,False,15664.0,-36.0,810.7999877929688,64.3499755859375,1203.60498046875,1539.890516847372
959,set03,video_0004,3_4_374,1,15446,16,0,False,False,15506.0,-60.0,941.3099975585938,252.52996826171875,1344.530029296875,33147.086100146174
960,set03,video_0004,3_4_374,1,15454,16,0,False,False,15506.0,-52.0,941.0399780273438,250.0999755859375,1343.8499755859375,32452.975274413824
961,set03,video_0004,3_4_374,1,15462,16,0,False,False,15506.0,-44.0,940.5999755859375,246.199951171875,1342.75,31356.05222851038
962,set03,video_0004,3_4_374,1,15470,16,0,False,False,15506.0,-36.0,940.1599731445312,242.29998779296875,1341.6600341796875,30277.797009766102
963,set03,video_0005,3_5_384,0,1643,16,0,False,False,,,854.3699951171875,166.0899658203125,1326.9750366210938,9153.215583398938
964,set03,video_0005,3_5_384,0,1651,16,0,False,False,,,863.6900024414062,186.3599853515625,1367.405029296875,11090.284548193216
965,set03,video_0005,3_5_384,0,1659,16,0,False,False,,,877.27001953125,206.6400146484375,1413.1699829101562,13208.438817188144
966,set03,video_0005,3_5_384,0,1667,16,0,False,False,,,891.0,232.16998291015625,1464.6749877929688,17076.085238404572
967,set03,video_0005,3_5_385,0,2468,16,0,False,False,,,800.6400146484375,80.59002685546875,1138.5750122070312,2334.7005546167493
968,set03,video_0005,3_5_385,0,2476,16,0,False,False,,,814.5599975585938,93.510009765625,1172.5700073242188,3173.7356671392918
969,set03,video_0005,3_5_385,0,2484,16,0,False,False,,,830.4400024414062,108.57000732421875,1214.6900024414062,3919.3746137693524
970,set03,video_0005,3_5_385,0,2492,16,0,False,False,,,842.75,125.739990234375,1262.3499755859375,5130.197741210461
971,set03,video_0005,3_5_386,0,2466,16,0,False,False,,,805.0499877929688,79.1199951171875,1158.6699829101562,2014.4016432613134
972,set03,video_0005,3_5_386,0,2474,16,0,False,False,,,813.9199829101562,89.8800048828125,1195.60498046875,2490.5714243650436
973,set03,video_0005,3_5_386,0,2482,16,0,False,False,,,825.739990234375,101.89996337890625,1244.5249633789062,3141.5713929459453
974,set03,video_0005,3_5_386,0,2490,16,0,False,False,,,842.4600219726562,118.82000732421875,1298.6599731445312,3992.349345214665
975,set03,video_0005,3_5_389,0,2476,16,0,False,False,,,815.6099853515625,85.39996337890625,1092.25,2175.9893989264965
976,set03,video_0005,3_5_389,0,2484,16,0,False,False,,,828.22998046875,94.739990234375,1121.5050048828125,2606.2980565428734
977,set03,video_0005,3_5_389,0,2492,16,0,False,False,,,840.9500122070312,110.20001220703125,1152.7999877929688,3760.023878417909
978,set03,video_0005,3_5_389,0,2500,16,0,False,False,,,851.4000244140625,128.2900390625,1192.7649536132812,5181.636556982994
979,set03,video_0005,3_5_390,0,2474,16,0,False,False,,,813.469970703125,90.5899658203125,1104.2899780273438,2065.4445856958628
980,set03,video_0005,3_5_390,0,2482,16,0,False,False,,,824.5800170898438,102.57000732421875,1130.52001953125,2556.036569237709
981,set03,video_0005,3_5_390,0,2490,16,0,False,False,,,842.5,121.3800048828125,1164.4500122070312,4284.705282226205
982,set03,video_0005,3_5_390,0,2498,16,0,False,False,,,854.97998046875,143.75,1207.4849853515625,5547.325134277344
983,set03,video_0005,3_5_391,0,2570,16,0,False,False,,,828.0800170898438,101.08001708984375,1096.5650024414062,3793.523663841188
984,set03,video_0005,3_5_391,0,2578,16,0,False,False,,,834.4600219726562,111.4100341796875,1116.375,4392.890031784773
985,set03,video_0005,3_5_391,0,2586,16,0,False,False,,,837.8499755859375,126.5899658203125,1142.0199584960938,5681.3582841306925
986,set03,video_0005,3_5_391,0,2594,16,0,False,False,,,851.0499877929688,151.83001708984375,1173.739990234375,8235.258644238114
987,set03,video_0005,3_5_393,0,2751,16,0,False,False,,,798.7999877929688,78.78997802734375,720.7149963378906,1975.2653262205422
988,set03,video_0005,3_5_393,0,2759,16,0,False,False,,,804.9000244140625,89.0,681.875,2722.5069580078125
989,set03,video_0005,3_5_393,0,2767,16,0,False,False,,,808.2000122070312,100.3699951171875,641.52001953125,3388.4920153319836
990,set03,video_0005,3_5_393,0,2775,16,0,False,False,,,811.260009765625,112.2900390625,587.9249877929688,4238.948974609375
991,set03,video_0005,3_5_396,1,3100,16,0,False,False,3160.0,-60.0,923.780029296875,291.58001708984375,1827.75,25758.204336866736
992,set03,video_0005,3_5_396,1,3108,16,0,False,False,3160.0,-52.0,928.489990234375,291.5899658203125,1809.4199829101562,25759.047614112496
993,set03,video_0005,3_5_396,1,3116,16,0,False,False,3160.0,-44.0,933.1900024414062,291.58001708984375,1791.0900268554688,25758.16874360293
994,set03,video_0005,3_5_396,1,3124,16,0,False,False,3160.0,-36.0,942.0,298.6500244140625,1772.02001953125,26048.246379882097
995,set03,video_0005,3_5_397,1,3102,16,0,False,False,3162.0,-60.0,922.75,295.780029296875,1738.1649780273438,30787.73313984275
996,set03,video_0005,3_5_397,1,3110,16,0,False,False,3162.0,-52.0,928.0999755859375,295.77996826171875,1731.0249633789062,30787.72678669542
997,set03,video_0005,3_5_397,1,3118,16,0,False,False,3162.0,-44.0,936.9000244140625,303.9100341796875,1721.3349609375,30618.935943603516
998,set03,video_0005,3_5_397,1,3126,16,0,False,False,3162.0,-36.0,943.5999755859375,306.89996337890625,1686.9349975585938,36438.264121212065
999,set03,video_0005,3_5_398,1,2970,16,0,False,False,3030.0,-60.0,800.3800048828125,72.79998779296875,1114.1699829101562,1980.164999999106
1000,set03,video_0005,3_5_398,1,2978,16,0,False,False,3030.0,-52.0,803.6699829101562,77.2099609375,1112.8350219726562,2191.991922020912
1001,set03,video_0005,3_5_398,1,2986,16,0,False,False,3030.0,-44.0,810.22998046875,88.4599609375,1112.2949829101562,2509.608659863472
1002,set03,video_0005,3_5_398,1,2994,16,0,False,False,3030.0,-36.0,819.27001953125,97.42999267578125,1115.3349609375,3412.975497826934
1003,set03,video_0005,3_5_399,0,3273,16,0,False,False,,,895.010009765625,226.80999755859375,1758.8350219726562,13347.762818969786
1004,set03,video_0005,3_5_399,0,3281,16,0,False,False,,,898.3200073242188,231.1199951171875,1768.4149780273438,13601.406070068479
1005,set03,video_0005,3_5_399,0,3289,16,0,False,False,,,900.4299926757812,234.96002197265625,1779.030029296875,13872.048875391483
1006,set03,video_0005,3_5_399,0,3297,16,0,False,False,,,898.9500122070312,237.45001220703125,1792.77001953125,14194.768686279655
1007,set03,video_0005,3_5_414,0,11463,16,0,False,False,,,937.469970703125,309.02996826171875,47.625001192092896,28470.93174810268
1008,set03,video_0005,3_5_414,0,11471,16,0,False,False,,,941.1799926757812,310.8499755859375,57.49000072479248,25744.595476062736
1009,set03,video_0005,3_5_414,0,11479,16,0,False,False,,,944.3800048828125,312.3499755859375,78.81999683380127,33383.96393696987
1010,set03,video_0005,3_5_404,0,7101,16,0,False,False,,,904.0599975585938,183.57000732421875,623.2649841308594,9830.171651367098
1011,set03,video_0005,3_5_404,0,7109,16,0,False,False,,,920.75,212.91998291015625,580.25,13967.54568066448
1012,set03,video_0005,3_5_405,0,8766,16,0,False,False,,,898.739990234375,181.66998291015625,1313.47998046875,13886.842848926783
1013,set03,video_0005,3_5_405,0,8774,16,0,False,False,,,911.510009765625,200.8599853515625,1342.3900146484375,16161.186575293541
1014,set03,video_0005,3_5_405,0,8782,16,0,False,False,,,928.25,229.09002685546875,1381.1150512695312,19387.890091381967
1015,set03,video_0005,3_5_405,0,8790,16,0,False,False,,,940.6500244140625,248.1700439453125,1434.7850341796875,22278.229692041874
1016,set03,video_0005,3_5_407,1,9913,16,0,False,False,9946.0,-33.0,794.0900268554688,57.77001953125,885.1199951171875,770.6500859856606
1017,set03,video_0005,3_5_409,1,9928,16,0,False,False,9964.0,-36.0,799.47998046875,56.3599853515625,878.9200134277344,947.9753664061427
1018,set03,video_0005,3_5_413,1,10831,16,0,False,False,10887.0,-56.0,834.5599975585938,100.5,1077.739990234375,4074.27392578125
1019,set03,video_0005,3_5_413,1,10839,16,0,False,False,10887.0,-48.0,837.22998046875,104.7099609375,1071.7950439453125,5127.643719434738
1020,set03,video_0005,3_5_413,1,10847,16,0,False,False,10887.0,-40.0,839.739990234375,107.219970703125,1072.1099853515625,7889.253820896149
1021,set03,video_0005,3_5_413,1,10855,16,0,False,False,10887.0,-32.0,843.0999755859375,110.5799560546875,1072.3099975585938,8180.716487690806
1022,set03,video_0005,3_5_416,0,11659,16,0,False,False,,,848.719970703125,139.65997314453125,1230.6950073242188,6939.712930686772
1023,set03,video_0005,3_5_416,0,11667,16,0,False,False,,,861.530029296875,158.1700439453125,1245.1749877929688,7859.479523733258
1024,set03,video_0005,3_5_416,0,11675,16,0,False,False,,,880.1699829101562,180.6300048828125,1270.72998046875,8977.302422851324
1025,set03,video_0005,3_5_416,0,11683,16,0,False,False,,,900.9099731445312,210.15997314453125,1310.9500122070312,11277.191342137754
1026,set03,video_0005,3_5_420,1,13191,16,0,False,False,13251.0,-60.0,864.530029296875,180.2900390625,1352.6849975585938,10213.435114502907
1027,set03,video_0005,3_5_420,1,13199,16,0,False,False,13251.0,-52.0,879.469970703125,202.489990234375,1409.260009765625,12558.43314921856
1028,set03,video_0005,3_5_420,1,13207,16,0,False,False,13251.0,-44.0,895.7000122070312,224.60003662109375,1468.469970703125,15784.897153809667
1029,set03,video_0005,3_5_420,1,13215,16,0,False,False,13251.0,-36.0,912.5399780273438,246.63995361328125,1531.3399658203125,20160.347399756312
1030,set03,video_0005,3_5_422,0,16498,16,0,False,False,,,831.760009765625,100.8699951171875,884.2849731445312,4804.438359960914
1031,set03,video_0005,3_5_422,0,16506,16,0,False,False,,,849.010009765625,110.05999755859375,972.0449829101562,5761.638185180724
1032,set03,video_0005,3_5_422,0,16514,16,0,False,False,,,853.6099853515625,116.07000732421875,1058.25,6242.24839438498
1033,set03,video_0005,3_5_422,0,16522,16,0,False,False,,,860.0,129.15997314453125,1160.7650146484375,7221.3227465599775
1034,set03,video_0005,3_5_423,0,17419,16,0,False,False,,,782.9400024414062,76.260009765625,532.8049926757812,1890.4886209964752
1035,set03,video_0005,3_5_423,0,17427,16,0,False,False,,,788.3400268554688,85.96002197265625,529.9849853515625,2643.2706756591797
1036,set03,video_0005,3_5_423,0,17435,16,0,False,False,,,798.6799926757812,97.0,519.5549926757812,3624.8895263671875
1037,set03,video_0005,3_5_423,0,17443,16,0,False,False,,,810.8800048828125,111.58001708984375,499.37998962402344,4695.285620873794
1038,set03,video_0005,3_5_424,0,17421,16,0,False,False,,,783.4000244140625,73.10003662109375,545.1449890136719,1660.1034378670156
1039,set03,video_0005,3_5_424,0,17429,16,0,False,False,,,791.4299926757812,81.52996826171875,543.2300109863281,2163.803566236049
1040,set03,video_0005,3_5_424,0,17437,16,0,False,False,,,799.9000244140625,91.95001220703125,535.1749877929688,2560.8055950924754
1041,set03,video_0005,3_5_424,0,17445,16,0,False,False,,,811.2000122070312,107.58001708984375,518.2800140380859,3657.7238641362637
1042,set03,video_0005,3_5_427,0,17871,16,0,False,False,,,798.739990234375,65.8499755859375,1157.3599853515625,1101.0096625983715
1043,set03,video_0005,3_5_427,0,17879,16,0,False,False,,,806.9400024414062,73.34002685546875,1181.8049926757812,1383.9259486570954
1044,set03,video_0005,3_5_427,0,17887,16,0,False,False,,,814.3400268554688,83.4000244140625,1211.75,1776.4245922863483
1045,set03,video_0005,3_5_427,0,17895,16,0,False,False,,,819.7000122070312,96.83001708984375,1250.3099975585938,2418.823755763471
1046,set03,video_0005,3_5_428,0,17941,16,0,False,False,,,788.8699951171875,63.58001708984375,845.6650085449219,1267.1492749266326
1047,set03,video_0005,3_5_428,0,17949,16,0,False,False,,,792.4500122070312,73.34002685546875,828.2099914550781,1717.6221755854785
1048,set03,video_0005,3_5_428,0,17957,16,0,False,False,,,794.030029296875,83.030029296875,807.875,2171.237293213606
1049,set03,video_0005,3_5_428,0,17965,16,0,False,False,,,803.8300170898438,99.20001220703125,777.1500244140625,3396.607449218631
1050,set03,video_0005,3_5_426,0,17865,16,0,False,False,,,793.989990234375,56.32000732421875,1176.4550170898438,1160.7545259520411
1051,set03,video_0005,3_5_426,0,17873,16,0,False,False,,,801.3499755859375,62.5999755859375,1203.0599975585938,1375.9538823217154
1052,set03,video_0005,3_5_426,0,17881,16,0,False,False,,,809.5800170898438,69.95001220703125,1234.239990234375,1815.8995844721794
1053,set03,video_0005,3_5_426,0,17889,16,0,False,False,,,816.6199951171875,81.25,1276.1799926757812,2479.741668701172
1054,set03,video_0006,3_6_429,0,1982,16,0,False,False,,,817.2999877929688,105.83001708984375,608.9049987792969,2746.290235351771
1055,set03,video_0006,3_6_430,0,1958,16,0,False,False,,,799.3400268554688,66.4300537109375,1125.1599731445312,1421.6047712415457
1056,set03,video_0006,3_6_430,0,1966,16,0,False,False,,,807.5,77.1400146484375,1143.6900024414062,1729.4825183600187
1057,set03,video_0006,3_6_430,0,1974,16,0,False,False,,,812.5999755859375,83.50994873046875,1173.4600219726562,1910.7080347165465
1058,set03,video_0006,3_6_430,0,1982,16,0,False,False,,,812.4000244140625,87.99005126953125,1213.739990234375,2071.2892439961433
1059,set03,video_0006,3_6_431,0,2006,16,0,False,False,,,806.6400146484375,68.17999267578125,1113.0750122070312,1394.2858438715339
1060,set03,video_0006,3_6_431,0,2014,16,0,False,False,,,815.5999755859375,76.1199951171875,1132.6650390625,1619.0737828612328
1061,set03,video_0006,3_6_431,0,2022,16,0,False,False,,,818.969970703125,87.3399658203125,1159.0899658203125,2143.3261729478836
1062,set03,video_0006,3_6_431,0,2030,16,0,False,False,,,838.0599975585938,102.52996826171875,1192.2250366210938,2988.751078002155
1063,set03,video_0006,3_6_432,0,2014,16,0,False,False,,,804.0599975585938,73.47998046875,1101.7000122070312,1792.9133173823357
1064,set03,video_0006,3_6_432,0,2022,16,0,False,False,,,806.2000122070312,83.47003173828125,1119.47998046875,2206.942748337984
1065,set03,video_0006,3_6_432,0,2030,16,0,False,False,,,824.6799926757812,95.5899658203125,1141.0800170898438,3039.7539118677378
1066,set03,video_0006,3_6_432,0,2038,16,0,False,False,,,836.4400024414062,112.58001708984375,1173.5050048828125,4231.892737135291
1067,set03,video_0006,3_6_433,1,6807,16,0,False,False,6867.0,-60.0,858.2999877929688,174.72998046875,1587.3300170898438,7932.745379149914
1068,set03,video_0006,3_6_433,1,6815,16,0,False,False,6867.0,-52.0,857.77001953125,186.02001953125,1620.02001953125,9297.276942968369
1069,set03,video_0006,3_6_433,1,6823,16,0,False,False,6867.0,-44.0,857.7000122070312,195.5,1671.030029296875,13634.168090820312
1070,set03,video_0006,3_6_433,1,6831,16,0,False,False,6867.0,-36.0,862.0,209.92999267578125,1711.8099975585938,13464.912805370986
1071,set03,video_0006,3_6_437,1,6774,16,0,False,False,6834.0,-60.0,795.969970703125,53.25994873046875,1172.875,892.1041412353516
1072,set03,video_0006,3_6_437,1,6782,16,0,False,False,6834.0,-52.0,801.8800048828125,52.5,1166.3650512695312,846.8252563476562
1073,set03,video_0006,3_6_437,1,6790,16,0,False,False,6834.0,-44.0,803.9199829101562,52.69000244140625,1160.7349853515625,856.2125396728516
1074,set03,video_0006,3_6_437,1,6798,16,0,False,False,6834.0,-36.0,804.219970703125,53.17999267578125,1157.1500244140625,880.6637947261333
1075,set03,video_0006,3_6_439,1,7054,16,0,False,False,7114.0,-60.0,811.3099975585938,63.09002685546875,718.8049926757812,1379.7785792723298
1076,set03,video_0006,3_6_439,1,7062,16,0,False,False,7114.0,-52.0,818.0599975585938,69.77996826171875,724.5899963378906,1617.4991532228887
1077,set03,video_0006,3_6_439,1,7070,16,0,False,False,7114.0,-44.0,820.280029296875,71.9300537109375,728.5750122070312,1781.7088353037834
1078,set03,video_0006,3_6_439,1,7078,16,0,False,False,7114.0,-36.0,820.9199829101562,72.57000732421875,733.010009765625,1920.199559032917
1079,set03,video_0006,3_6_452,0,9291,16,0,False,False,,,807.3099975585938,88.989990234375,1247.239990234375,1959.5613230466843
1080,set03,video_0006,3_6_452,0,9299,16,0,False,False,,,815.719970703125,96.0799560546875,1277.3450317382812,2322.2567601054907
1081,set03,video_0006,3_6_452,0,9307,16,0,False,False,,,818.3200073242188,105.22998046875,1313.7349853515625,2968.5336384773254
1082,set03,video_0006,3_6_452,0,9315,16,0,False,False,,,829.5999755859375,120.5,1359.0250244140625,4572.9691162109375
1083,set03,video_0006,3_6_455,0,11555,16,0,False,False,,,798.719970703125,61.64996337890625,1174.64501953125,1012.9046839624643
1084,set03,video_0006,3_6_455,0,11563,16,0,False,False,,,801.3599853515625,69.69000244140625,1199.9550170898438,1363.8296046629548
1085,set03,video_0006,3_6_455,0,11571,16,0,False,False,,,805.219970703125,82.5999755859375,1233.02001953125,1926.2370771467686
1086,set03,video_0006,3_6_455,0,11579,16,0,False,False,,,811.6599731445312,94.989990234375,1273.8049926757812,2482.0889086425304
1087,set03,video_0006,3_6_456,0,11550,16,0,False,False,,,795.760009765625,52.16998291015625,1193.9200439453125,976.6205516606569
1088,set03,video_0006,3_6_456,0,11558,16,0,False,False,,,795.3099975585938,57.469970703125,1220.7150268554688,1145.3796028792858
1089,set03,video_0006,3_6_456,0,11566,16,0,False,False,,,802.2999877929688,66.010009765625,1255.25,1472.0264409184456
1090,set03,video_0006,3_6_456,0,11574,16,0,False,False,,,803.52001953125,74.33001708984375,1301.1799926757812,2018.8058047369123
1091,set03,video_0006,3_6_457,0,11555,16,0,False,False,,,794.780029296875,55.59002685546875,1196.4099731445312,894.9980751946568
1092,set03,video_0006,3_6_457,0,11563,16,0,False,False,,,797.25,61.6500244140625,1224.0900268554688,1194.777774170041
1093,set03,video_0006,3_6_457,0,11571,16,0,False,False,,,799.7999877929688,70.03997802734375,1260.1900024414062,1455.424245558679
1094,set03,video_0006,3_6_457,0,11579,16,0,False,False,,,804.6199951171875,81.239990234375,1306.7750244140625,1970.0697631835938
1095,set03,video_0006,3_6_470,0,16671,16,0,False,False,,,785.7000122070312,60.22003173828125,497.1499938964844,1053.8505554199219
1096,set03,video_0006,3_6_470,0,16679,16,0,False,False,,,783.719970703125,66.25994873046875,447.7149963378906,1267.553142748773
1097,set03,video_0006,3_6_470,0,16687,16,0,False,False,,,783.8200073242188,73.58001708984375,391.3699951171875,1462.771099023521
1098,set03,video_0006,3_6_472,0,16670,16,0,False,False,,,786.2000122070312,51.60003662109375,584.8500061035156,750.263398680836
1099,set03,video_0006,3_6_472,0,16678,16,0,False,False,,,786.8400268554688,58.27001953125,545.0650024414062,929.4039663076401
1100,set03,video_0006,3_6_472,0,16686,16,0,False,False,,,789.5,65.739990234375,500.2149963378906,1194.4944990724325
1101,set03,video_0006,3_6_472,0,16694,16,0,False,False,,,788.0999755859375,72.88995361328125,447.0800018310547,1488.4138315301389
1102,set03,video_0006,3_6_473,0,16675,16,0,False,False,,,796.6799926757812,61.41998291015625,1183.2149658203125,1059.4947052001953
1103,set03,video_0006,3_6_473,0,16683,16,0,False,False,,,800.0700073242188,69.16998291015625,1213.7849731445312,1063.1422995850444
1104,set03,video_0006,3_6_473,0,16691,16,0,False,False,,,804.0399780273438,79.19000244140625,1249.9749755859375,1467.3930652588606
1105,set03,video_0006,3_6_473,0,16699,16,0,False,False,,,818.97998046875,89.199951171875,1299.3049926757812,2125.630916506052
1106,set03,video_0006,3_6_438,1,7042,16,0,False,False,7102.0,-60.0,816.219970703125,77.27996826171875,680.9800109863281,1860.90295644477
1107,set03,video_0006,3_6_438,1,7050,16,0,False,False,7102.0,-52.0,816.97998046875,78.0999755859375,678.8550109863281,1890.8021249994636
1108,set03,video_0006,3_6_438,1,7058,16,0,False,False,7102.0,-44.0,817.75,79.03997802734375,674.1400146484375,1925.4127069339156
1109,set03,video_0006,3_6_438,1,7066,16,0,False,False,7102.0,-36.0,821.1699829101562,80.739990234375,670.1000061035156,1976.5183119624853
1110,set03,video_0006,3_6_471,0,16666,16,0,False,False,,,788.75,58.989990234375,594.7250061035156,964.4885006099939
1111,set03,video_0006,3_6_471,0,16674,16,0,False,False,,,789.7999877929688,65.29998779296875,555.1000061035156,1201.5173840336502
1112,set03,video_0006,3_6_471,0,16682,16,0,False,False,,,789.27001953125,72.34002685546875,509.7300109863281,1344.0789352543652
1113,set03,video_0006,3_6_471,0,16690,16,0,False,False,,,788.9299926757812,81.010009765625,457.30499267578125,1680.9577026367188
1114,set03,video_0006,3_6_441,1,7530,16,0,False,False,7590.0,-60.0,773.52001953125,26.17999267578125,734.9499816894531,295.8335976563394
1115,set03,video_0006,3_6_441,1,7538,16,0,False,False,7590.0,-52.0,770.9000244140625,26.1700439453125,730.0799865722656,295.721177123487
1116,set03,video_0006,3_6_441,1,7546,16,0,False,False,7590.0,-44.0,769.3300170898438,26.17999267578125,725.1999816894531,295.8335976563394
1117,set03,video_0006,3_6_441,1,7554,16,0,False,False,7590.0,-36.0,778.0499877929688,31.19000244140625,719.25,411.70650927722454
1118,set03,video_0006,3_6_445,0,8613,16,0,False,False,,,812.280029296875,81.73004150390625,1127.385009765625,2366.080710813403
1119,set03,video_0006,3_6_445,0,8621,16,0,False,False,,,818.4600219726562,93.6600341796875,1147.7050170898438,3123.55985327065
1120,set03,video_0006,3_6_445,0,8629,16,0,False,False,,,829.0999755859375,108.30999755859375,1175.7849731445312,4478.615754760802
1121,set03,video_0006,3_6_445,0,8637,16,0,False,False,,,847.3599853515625,128.8299560546875,1214.614990234375,6025.379560887814
1122,set03,video_0006,3_6_449,0,9281,16,0,False,False,,,795.3599853515625,72.4599609375,465.44500732421875,1658.609567284584
1123,set03,video_0006,3_6_449,0,9289,16,0,False,False,,,794.6799926757812,76.39996337890625,430.51499938964844,1864.9233858641237
1124,set03,video_0006,3_6_449,0,9297,16,0,False,False,,,796.780029296875,82.1700439453125,389.95001220703125,2105.1961246579885
1125,set03,video_0006,3_6_449,0,9305,16,0,False,False,,,797.9000244140625,89.22003173828125,343.94500732421875,2329.5337217524648
1126,set03,video_0006,3_6_442,0,8516,16,0,False,False,,,797.6599731445312,63.72998046875,501.5699920654297,1269.5020666867495
1127,set03,video_0006,3_6_442,0,8524,16,0,False,False,,,802.8800048828125,67.42999267578125,473.19000244140625,1482.1099220216274
1128,set03,video_0006,3_6_442,0,8532,16,0,False,False,,,807.530029296875,72.23004150390625,438.8249969482422,1754.4683253299445
1129,set03,video_0006,3_6_442,0,8540,16,0,False,False,,,806.219970703125,80.3699951171875,392.9600067138672,2020.5004018433392
1130,set03,video_0006,3_6_450,0,9282,16,0,False,False,,,787.5999755859375,44.0699462890625,403.62001037597656,1337.0820090211928
1131,set03,video_0006,3_6_450,0,9290,16,0,False,False,,,788.5,50.3800048828125,361.5050048828125,1630.800512060523
1132,set03,video_0006,3_6_450,0,9298,16,0,False,False,,,790.9400024414062,53.29998779296875,313.44000244140625,1716.2602575682104
1133,set03,video_0006,3_6_451,0,9289,16,0,False,False,,,805.0599975585938,83.55999755859375,1252.0449829101562,1700.44391027838
1134,set03,video_0006,3_6_451,0,9297,16,0,False,False,,,815.6199951171875,91.92999267578125,1282.125,1911.228138744831
1135,set03,video_0006,3_6_451,0,9305,16,0,False,False,,,821.2999877929688,102.47998046875,1321.0750122070312,2362.156043946743
1136,set03,video_0006,3_6_451,0,9313,16,0,False,False,,,829.3400268554688,114.57000732421875,1367.885009765625,2970.7924579828978
1137,set03,video_0006,3_6_453,0,9747,16,0,False,False,,,806.4000244140625,85.260009765625,1188.3299560546875,3899.7920140624046
1138,set03,video_0006,3_6_453,0,9755,16,0,False,False,,,822.6599731445312,96.38995361328125,1238.27001953125,4717.31868198514
1139,set03,video_0006,3_6_453,0,9763,16,0,False,False,,,839.0499877929688,109.739990234375,1301.6699829101562,6481.236857324839
1140,set03,video_0006,3_6_453,0,9771,16,0,False,False,,,826.7999877929688,124.14996337890625,1371.4349975585938,8681.813607297838
1141,set03,video_0006,3_6_454,0,9755,16,0,False,False,,,817.9600219726562,81.25,1193.864990234375,2090.5609130859375
1142,set03,video_0006,3_6_454,0,9763,16,0,False,False,,,830.8400268554688,90.11004638671875,1249.010009765625,2661.854290187359
1143,set03,video_0006,3_6_454,0,9771,16,0,False,False,,,821.4299926757812,104.82000732421875,1306.8049926757812,3665.565380640328
1144,set03,video_0006,3_6_454,0,9779,16,0,False,False,,,841.4199829101562,121.75,1364.5150146484375,5148.812255859375
1145,set03,video_0006,3_6_458,0,11557,16,0,False,False,,,799.4199829101562,57.66998291015625,1167.1449584960938,1046.711597777903
1146,set03,video_0006,3_6_458,0,11565,16,0,False,False,,,804.2999877929688,64.82000732421875,1192.8599853515625,1327.512483984232
1147,set03,video_0006,3_6_458,0,11573,16,0,False,False,,,807.5999755859375,75.69000244140625,1224.7249755859375,1868.7817253172398
1148,set03,video_0006,3_6_458,0,11581,16,0,False,False,,,815.0,86.8900146484375,1263.35498046875,2757.0184677243233
1149,set03,video_0006,3_6_460,1,12329,16,0,False,False,12389.0,-60.0,839.0,117.55999755859375,275.16500091552734,5413.638246337883
1150,set03,video_0006,3_6_460,1,12337,16,0,False,False,12389.0,-52.0,841.2000122070312,122.79998779296875,276.8100051879883,5990.185128417797
1151,set03,video_0006,3_6_460,1,12345,16,0,False,False,12389.0,-44.0,843.6599731445312,125.25994873046875,277.3050003051758,6234.188183483668
1152,set03,video_0006,3_6_460,1,12353,16,0,False,False,12389.0,-36.0,846.1300048828125,127.72998046875,277.7999954223633,6483.573106952012
1153,set03,video_0006,3_6_462,0,16486,16,0,False,False,,,829.6300048828125,94.1300048828125,603.4100036621094,3405.6228872314095
1154,set03,video_0006,3_6_462,0,16494,16,0,False,False,,,841.3099975585938,95.77996826171875,746.0449829101562,4108.004241771996
1155,set03,video_0006,3_6_462,0,16502,16,0,False,False,,,852.1500244140625,102.1400146484375,906.6900024414062,4577.909970507026
1156,set03,video_0006,3_6_462,0,16510,16,0,False,False,,,857.719970703125,110.66998291015625,1083.969970703125,5394.053886279464
1157,set03,video_0006,3_6_463,0,16480,16,0,False,False,,,832.9000244140625,89.9000244140625,598.135009765625,1987.688222900033
1158,set03,video_0006,3_6_463,0,16488,16,0,False,False,,,842.5900268554688,92.85003662109375,715.8099975585938,2053.8423566892743
1159,set03,video_0006,3_6_463,0,16496,16,0,False,False,,,852.8300170898438,97.02001953125,872.8599853515625,2316.838540136814
1160,set03,video_0006,3_6_463,0,16504,16,0,False,False,,,859.3699951171875,102.04998779296875,1045.0750122070312,2605.326720826328
1161,set03,video_0006,3_6_464,0,16482,16,0,False,False,,,831.6799926757812,85.83001708984375,599.2300109863281,1742.3482991941273
1162,set03,video_0006,3_6_464,0,16490,16,0,False,False,,,842.97998046875,90.510009765625,730.2900085449219,1960.4443808346987
1163,set03,video_0006,3_6_464,0,16498,16,0,False,False,,,852.7000122070312,92.6600341796875,887.6650085449219,2174.733943067491
1164,set03,video_0006,3_6_464,0,16506,16,0,False,False,,,857.5,98.3599853515625,1061.4600219726562,2820.969662889838
1165,set03,video_0006,3_6_465,0,16483,16,0,False,False,,,832.7999877929688,90.8599853515625,587.8900146484375,2565.8850990235806
1166,set03,video_0006,3_6_465,0,16491,16,0,False,False,,,842.8800048828125,94.05999755859375,720.8200073242188,2714.57015170902
1167,set03,video_0006,3_6_465,0,16499,16,0,False,False,,,853.1400146484375,99.27001953125,880.4200134277344,3184.583923071623
1168,set03,video_0006,3_6_465,0,16507,16,0,False,False,,,859.2999877929688,101.64996337890625,1053.1050415039062,3821.0186490491033
1169,set03,video_0006,3_6_466,0,16489,16,0,False,False,,,824.0399780273438,94.57000732421875,607.2250061035156,1996.3772414065897
1170,set03,video_0006,3_6_466,0,16497,16,0,False,False,,,840.0599975585938,102.67999267578125,758.489990234375,2659.414317138493
1171,set03,video_0006,3_6_466,0,16505,16,0,False,False,,,845.77001953125,103.6600341796875,924.7200012207031,2970.893795751035
1172,set03,video_0006,3_6_466,0,16513,16,0,False,False,,,852.9500122070312,115.59002685546875,1101.344970703125,3894.221231907606
1173,set03,video_0006,3_6_476,0,16681,16,0,False,False,,,789.8200073242188,54.10003662109375,1218.0850219726562,970.0165623798966
1174,set03,video_0006,3_6_476,0,16689,16,0,False,False,,,791.7999877929688,59.3900146484375,1240.8350219726562,1227.5942126959562
1175,set03,video_0006,3_6_476,0,16697,16,0,False,False,,,801.3400268554688,66.73004150390625,1276.8099975585938,1488.0750380828977
1176,set03,video_0006,3_6_476,0,16705,16,0,False,False,,,817.2999877929688,79.64996337890625,1325.4150390625,2289.9364471435547
1177,set03,video_0006,3_6_440,1,7125,16,0,False,False,7156.0,-31.0,820.0399780273438,69.949951171875,702.9800109863281,1545.8964825421572
1178,set03,video_0006,3_6_461,0,16485,16,0,False,False,,,827.7000122070312,99.84002685546875,530.27001953125,2681.7016588374972
1179,set03,video_0006,3_6_461,0,16493,16,0,False,False,,,838.4099731445312,100.75,668.9199829101562,2706.143524169922
1180,set03,video_0006,3_6_461,0,16501,16,0,False,False,,,850.4000244140625,106.510009765625,828.27001953125,2860.8573020994663
1181,set03,video_0006,3_6_461,0,16509,16,0,False,False,,,859.760009765625,115.8699951171875,1002.3399963378906,3179.4729489013553
1182,set03,video_0007,3_7_478,0,3242,16,0,False,False,,,842.7000122070312,115.4000244140625,1244.6699829101562,4320.584239259362
1183,set03,video_0007,3_7_478,0,3250,16,0,False,False,,,852.219970703125,133.02996826171875,1269.1649780273438,6809.812519602478
1184,set03,video_0007,3_7_478,0,3258,16,0,False,False,,,864.8599853515625,154.16998291015625,1301.7550048828125,8715.23365060985
1185,set03,video_0007,3_7_478,0,3266,16,0,False,False,,,881.3400268554688,178.260009765625,1336.6650390625,12205.45764619112
1186,set03,video_0007,3_7_479,0,4733,16,0,False,False,,,830.780029296875,98.35003662109375,1300.489990234375,3176.71098510921
1187,set03,video_0007,3_7_479,0,4741,16,0,False,False,,,834.52001953125,104.57000732421875,1334.4849853515625,3761.380099877715
1188,set03,video_0007,3_7_479,0,4749,16,0,False,False,,,839.3900146484375,120.33001708984375,1372.1199951171875,5121.252577930689
1189,set03,video_0007,3_7_479,0,4757,16,0,False,False,,,848.9099731445312,136.2099609375,1420.8200073242188,6260.221111178398
1190,set03,video_0007,3_7_480,0,4726,16,0,False,False,,,822.8099975585938,103.010009765625,1377.9849853515625,4275.94651132822
1191,set03,video_0007,3_7_480,0,4734,16,0,False,False,,,823.9400024414062,111.239990234375,1405.8800048828125,4818.923981249332
1192,set03,video_0007,3_7_480,0,4742,16,0,False,False,,,828.9000244140625,124.530029296875,1439.2349853515625,5393.40286552906
1193,set03,video_0007,3_7_480,0,4750,16,0,False,False,,,827.219970703125,131.16998291015625,1484.1400146484375,5582.602158397436
1194,set03,video_0007,3_7_483,0,4818,16,0,False,False,,,809.5999755859375,64.42999267578125,534.0299987792969,1284.734211254865
1195,set03,video_0007,3_7_483,0,4826,16,0,False,False,,,808.4000244140625,65.74005126953125,503.1499938964844,1334.5222382806242
1196,set03,video_0007,3_7_483,0,4834,16,0,False,False,,,814.77001953125,79.2900390625,459.6000061035156,1877.5875442624092
1197,set03,video_0007,3_7_483,0,4842,16,0,False,False,,,823.719970703125,93.05999755859375,408.7949981689453,2608.471617968753
1198,set03,video_0007,3_7_484,0,4822,16,0,False,False,,,814.7100219726562,71.21002197265625,557.6900024414062,1723.2790546864271
1199,set03,video_0007,3_7_484,0,4830,16,0,False,False,,,808.489990234375,75.45001220703125,525.8999938964844,1966.227133911103
1200,set03,video_0007,3_7_484,0,4838,16,0,False,False,,,813.9600219726562,87.530029296875,484.3349914550781,2493.7296798825264
1201,set03,video_0007,3_7_484,0,4846,16,0,False,False,,,827.9000244140625,103.35003662109375,437.0500030517578,3441.558111878112
1202,set03,video_0007,3_7_485,0,4820,16,0,False,False,,,810.6699829101562,71.1300048828125,548.9250183105469,1471.679974682629
1203,set03,video_0007,3_7_485,0,4828,16,0,False,False,,,808.4099731445312,76.0,513.7149963378906,1580.038330078125
1204,set03,video_0007,3_7_485,0,4836,16,0,False,False,,,811.8900146484375,86.21002197265625,471.114990234375,2118.1808712892234
1205,set03,video_0007,3_7_485,0,4844,16,0,False,False,,,817.2000122070312,96.42999267578125,426.99000549316406,2624.824518347159
1206,set03,video_0007,3_7_487,0,5226,16,0,False,False,,,819.2999877929688,96.79998779296875,1069.5750122070312,4070.43239685148
1207,set03,video_0007,3_7_487,0,5234,16,0,False,False,,,827.0800170898438,108.75,1093.75,4689.312744140625
1208,set03,video_0007,3_7_487,0,5242,16,0,False,False,,,841.1699829101562,125.67999267578125,1126.425048828125,5719.697694018483
1209,set03,video_0007,3_7_487,0,5250,16,0,False,False,,,856.9299926757812,149.28997802734375,1169.9949951171875,8797.648199781775
1210,set03,video_0007,3_7_489,0,5443,16,0,False,False,,,804.52001953125,83.36004638671875,433.55999755859375,2147.355608984828
1211,set03,video_0007,3_7_489,0,5451,16,0,False,False,,,800.8699951171875,91.05999755859375,394.76499938964844,2668.971085058525
1212,set03,video_0007,3_7_489,0,5459,16,0,False,False,,,813.6099853515625,99.32000732421875,348.76499938964844,3069.9817901123315
1213,set03,video_0007,3_7_489,0,5467,16,0,False,False,,,810.3099975585938,107.19000244140625,297.5800018310547,3453.6620095092803
1214,set03,video_0007,3_7_491,0,7214,16,0,False,False,,,792.6400146484375,69.52001953125,469.7949981689453,1176.9755430668592
1215,set03,video_0007,3_7_491,0,7222,16,0,False,False,,,794.0599975585938,76.8800048828125,406.23500061035156,1530.6811787597835
1216,set03,video_0007,3_7_491,0,7230,16,0,False,False,,,796.4600219726562,84.05999755859375,341.24000549316406,1840.9134334716946
1217,set03,video_0007,3_7_491,0,7238,16,0,False,False,,,799.4000244140625,90.73004150390625,275.36500549316406,2122.1742309685796
1218,set03,video_0007,3_7_502,0,11114,16,0,False,False,,,805.8599853515625,84.510009765625,1325.1749877929688,1800.902943700552
1219,set03,video_0007,3_7_502,0,11122,16,0,False,False,,,812.8200073242188,92.8599853515625,1362.4200439453125,2321.4996337890625
1220,set03,video_0007,3_7_502,0,11130,16,0,False,False,,,816.25,102.80999755859375,1402.375,3025.691200122237
1221,set03,video_0007,3_7_502,0,11138,16,0,False,False,,,819.3300170898438,112.989990234375,1458.0750122070312,4120.755426317453
1222,set03,video_0007,3_7_503,0,11129,16,0,False,False,,,813.7000122070312,99.17999267578125,1334.7249755859375,2571.730430200696
1223,set03,video_0007,3_7_503,0,11137,16,0,False,False,,,817.219970703125,110.89996337890625,1379.344970703125,3219.429185912013
1224,set03,video_0007,3_7_503,0,11145,16,0,False,False,,,821.2000122070312,123.010009765625,1429.25,3946.170723438263
1225,set03,video_0007,3_7_503,0,11153,16,0,False,False,,,829.9400024414062,136.5,1488.3500366210938,4378.914001464844
1226,set03,video_0007,3_7_504,0,11097,16,0,False,False,,,779.4299926757812,68.83001708984375,365.4049987792969,1235.4996469728649
1227,set03,video_0007,3_7_504,0,11105,16,0,False,False,,,779.47998046875,73.5,331.1999969482422,1256.8504486083984
1228,set03,video_0007,3_7_504,0,11113,16,0,False,False,,,781.7000122070312,80.23004150390625,292.6999969482422,1588.5562908332795
1229,set03,video_0007,3_7_504,0,11121,16,0,False,False,,,780.3400268554688,83.73004150390625,250.86000061035156,1714.7921698857099
1230,set03,video_0007,3_7_481,0,4833,16,0,False,False,,,830.6199951171875,92.3900146484375,1254.6799926757812,2324.5359264165163
1231,set03,video_0007,3_7_481,0,4841,16,0,False,False,,,836.2999877929688,99.469970703125,1287.405029296875,2740.402549803257
1232,set03,video_0007,3_7_481,0,4849,16,0,False,False,,,851.6599731445312,115.37994384765625,1327.7100219726562,3682.932878024876
1233,set03,video_0007,3_7_481,0,4857,16,0,False,False,,,862.4000244140625,129.74005126953125,1377.239990234375,4893.790932908654
1234,set03,video_0007,3_7_495,0,7245,16,0,False,False,,,823.8300170898438,106.23004150390625,1134.1400146484375,4215.200785055757
1235,set03,video_0007,3_7_495,0,7253,16,0,False,False,,,832.989990234375,124.3699951171875,1166.2649536132812,5490.938320800662
1236,set03,video_0007,3_7_495,0,7261,16,0,False,False,,,847.3499755859375,144.8499755859375,1209.5950317382812,7304.792048826814
1237,set03,video_0007,3_7_495,0,7269,16,0,False,False,,,862.3099975585938,165.32000732421875,1269.989990234375,9373.63634301722
1238,set03,video_0007,3_7_494,0,7240,16,0,False,False,,,830.5399780273438,119.719970703125,1076.75,4144.719415426254
1239,set03,video_0007,3_7_494,0,7248,16,0,False,False,,,839.5499877929688,138.6199951171875,1095.4349975585938,5673.723845556378
1240,set03,video_0007,3_7_494,0,7256,16,0,False,False,,,853.3099975585938,161.02001953125,1129.1199951171875,7039.790536522865
1241,set03,video_0007,3_7_494,0,7264,16,0,False,False,,,876.5900268554688,192.73004150390625,1175.4450073242188,10243.606411255896
1242,set03,video_0007,3_7_496,0,7250,16,0,False,False,,,830.9500122070312,132.260009765625,1148.4400024414062,4557.690915137529
1243,set03,video_0007,3_7_496,0,7258,16,0,False,False,,,844.8400268554688,150.9300537109375,1174.449951171875,5925.515382617712
1244,set03,video_0007,3_7_496,0,7266,16,0,False,False,,,866.8499755859375,174.92999267578125,1222.4299926757812,7462.519466601312
1245,set03,video_0007,3_7_496,0,7274,16,0,False,False,,,884.25,207.77001953125,1296.25,10542.248762011528
1246,set03,video_0007,3_7_497,0,7253,16,0,False,False,,,821.3099975585938,114.30999755859375,1185.0799560546875,3431.588359326124
1247,set03,video_0007,3_7_497,0,7261,16,0,False,False,,,831.8200073242188,128.16998291015625,1221.739990234375,4362.911224901676
1248,set03,video_0007,3_7_497,0,7269,16,0,False,False,,,845.7000122070312,147.1300048828125,1275.4700317382812,5246.6610029786825
1249,set03,video_0007,3_7_497,0,7277,16,0,False,False,,,859.010009765625,173.47003173828125,1351.5449829101562,8359.531840749085
1250,set03,video_0007,3_7_492,0,7205,16,0,False,False,,,790.5999755859375,63.30999755859375,512.0000152587891,1190.2291133422405
1251,set03,video_0007,3_7_492,0,7213,16,0,False,False,,,789.5,68.96002197265625,448.1699981689453,1446.782018603757
1252,set03,video_0007,3_7_492,0,7221,16,0,False,False,,,791.75,78.54998779296875,383.6800079345703,1647.9796068724245
1253,set03,video_0007,3_7_492,0,7229,16,0,False,False,,,792.9000244140625,84.09002685546875,312.9049987792969,1781.8678743653
1254,set03,video_0007,3_7_493,0,7208,16,0,False,False,,,786.5900268554688,64.60003662109375,480.11000061035156,1246.781889649108
1255,set03,video_0007,3_7_493,0,7216,16,0,False,False,,,788.9299926757812,71.69000244140625,421.4550018310547,1536.3184150513262
1256,set03,video_0007,3_7_493,0,7224,16,0,False,False,,,790.4000244140625,80.4200439453125,361.5550079345703,1631.7233788333833
1257,set03,video_0007,3_7_493,0,7232,16,0,False,False,,,793.6199951171875,88.02001953125,299.0449981689453,1903.8707660883665
1258,set03,video_0007,3_7_501,0,11119,16,0,False,False,,,811.6400146484375,91.9200439453125,1323.3599853515625,3121.601101756096
1259,set03,video_0007,3_7_501,0,11127,16,0,False,False,,,816.510009765625,101.9100341796875,1359.4150390625,4099.838684618473
1260,set03,video_0007,3_7_501,0,11135,16,0,False,False,,,820.3400268554688,111.72003173828125,1406.8199462890625,5112.309743359685
1261,set03,video_0007,3_7_501,0,11143,16,0,False,False,,,824.0599975585938,124.510009765625,1455.4849853515625,6782.056584179401
1262,set03,video_0007,3_7_505,0,11212,16,0,False,False,,,788.7999877929688,72.719970703125,352.02500915527344,1543.8457769528031
1263,set03,video_0007,3_7_505,0,11220,16,0,False,False,,,788.7999877929688,80.97998046875,305.77000427246094,2084.4263777583838
1264,set03,video_0007,3_7_509,1,12412,16,0,False,False,12472.0,-60.0,989.0599975585938,419.3800048828125,1643.9000244140625,76452.99536767602
1265,set03,video_0007,3_7_509,1,12420,16,0,False,False,12472.0,-52.0,975.0,396.8499755859375,1593.6849975585938,45332.21340380609
1266,set03,video_0007,3_7_509,1,12428,16,0,False,False,12472.0,-44.0,976.5399780273438,388.1099853515625,1538.969970703125,58899.5751670897
1267,set03,video_0007,3_7_509,1,12436,16,0,False,False,12472.0,-36.0,969.2100219726562,370.260009765625,1485.9800415039062,46045.52939072251
1268,set03,video_0007,3_7_513,1,13752,16,0,False,False,13812.0,-60.0,814.9299926757812,125.6300048828125,514.1499938964844,5457.367718823254
1269,set03,video_0007,3_7_513,1,13760,16,0,False,False,13812.0,-52.0,818.0999755859375,129.0,523.4700164794922,5706.962677001953
1270,set03,video_0007,3_7_513,1,13768,16,0,False,False,13812.0,-44.0,823.2899780273438,133.30999755859375,532.4250030517578,5818.980579772964
1271,set03,video_0007,3_7_513,1,13776,16,0,False,False,13812.0,-36.0,828.77001953125,137.77001953125,541.3350219726562,5906.200064599514
1272,set03,video_0007,3_7_519,1,15578,16,0,False,False,15612.0,-34.0,751.6199951171875,51.96002197265625,230.18000030517578,709.773297582753
1273,set03,video_0007,3_7_520,0,15729,16,0,False,False,,,838.5999755859375,134.75994873046875,702.7099914550781,4525.241381395608
1274,set03,video_0007,3_7_520,0,15737,16,0,False,False,,,853.2899780273438,153.63995361328125,673.4750061035156,6104.121733713895
1275,set03,video_0007,3_7_520,0,15745,16,0,False,False,,,870.0700073242188,177.82000732421875,638.5700073242188,8272.190213769674
1276,set03,video_0007,3_7_520,0,15753,16,0,False,False,,,887.1900024414062,203.780029296875,599.9749755859375,10904.27135771513
1277,set03,video_0007,3_7_521,0,15726,16,0,False,False,,,829.9600219726562,119.22003173828125,680.364990234375,3453.8008266836405
1278,set03,video_0007,3_7_521,0,15734,16,0,False,False,,,841.0999755859375,136.22998046875,646.0,4604.579991698265
1279,set03,video_0007,3_7_521,0,15742,16,0,False,False,,,851.9000244140625,152.5400390625,611.2250061035156,6246.516461670399
1280,set03,video_0007,3_7_521,0,15750,16,0,False,False,,,869.5,177.91998291015625,570.4450073242188,7947.693455345929
1281,set03,video_0007,3_7_523,0,16542,16,0,False,False,,,838.1500244140625,121.05999755859375,706.5849914550781,5441.648368041962
1282,set03,video_0007,3_7_523,0,16550,16,0,False,False,,,845.489990234375,133.969970703125,676.5549926757812,6785.582286864519
1283,set03,video_0007,3_7_523,0,16558,16,0,False,False,,,850.719970703125,151.52996826171875,639.3450012207031,8253.84218051657
1284,set03,video_0007,3_7_523,0,16566,16,0,False,False,,,859.2000122070312,173.54998779296875,596.614990234375,11067.286111205816
1285,set03,video_0008,3_8_541,0,10156,16,0,False,False,,,834.9500122070312,69.32000732421875,1239.9299926757812,3176.2390123531222
1286,set03,video_0008,3_8_541,0,10164,16,0,False,False,,,838.5499877929688,87.3599853515625,1277.4149780273438,3939.058753564954
1287,set03,video_0008,3_8_541,0,10172,16,0,False,False,,,855.219970703125,103.25,1318.5350341796875,5134.6204833984375
1288,set03,video_0008,3_8_541,0,10180,16,0,False,False,,,875.0999755859375,119.5799560546875,1366.4199829101562,6835.194375291467
1289,set03,video_0008,3_8_527,1,2123,16,0,False,False,2183.0,-60.0,811.5800170898438,85.07000732421875,1096.719970703125,2548.6940963864326
1290,set03,video_0008,3_8_527,1,2131,16,0,False,False,2183.0,-52.0,813.97998046875,90.01995849609375,1094.0050048828125,2670.885135769844
1291,set03,video_0008,3_8_527,1,2139,16,0,False,False,2183.0,-44.0,812.9199829101562,92.469970703125,1090.1699829101562,2280.3126381337643
1292,set03,video_0008,3_8_527,1,2147,16,0,False,False,2183.0,-36.0,812.5999755859375,92.5699462890625,1085.635009765625,2307.762432962656
1293,set03,video_0008,3_8_532,1,5806,16,0,False,False,5866.0,-60.0,806.6400146484375,95.280029296875,1271.7949829101562,2512.5339073240757
1294,set03,video_0008,3_8_532,1,5814,16,0,False,False,5866.0,-52.0,812.3499755859375,103.27996826171875,1301.7050170898438,2979.624562866986
1295,set03,video_0008,3_8_532,1,5822,16,0,False,False,5866.0,-44.0,818.0599975585938,112.0,1330.8150024414062,3571.681640625
1296,set03,video_0008,3_8_532,1,5830,16,0,False,False,5866.0,-36.0,823.780029296875,121.45001220703125,1358.050048828125,4309.044061034918
1297,set03,video_0008,3_8_533,1,6667,16,0,False,False,6727.0,-60.0,799.760009765625,75.6400146484375,329.84999084472656,2942.3961081542075
1298,set03,video_0008,3_8_533,1,6675,16,0,False,False,6727.0,-52.0,799.0700073242188,76.19000244140625,330.0050048828125,3123.0274560302496
1299,set03,video_0008,3_8_533,1,6683,16,0,False,False,6727.0,-44.0,799.6099853515625,76.72998046875,331.4049987792969,2930.3181414306164
1300,set03,video_0008,3_8_533,1,6691,16,0,False,False,6727.0,-36.0,800.1599731445312,77.27996826171875,332.8000030517578,2735.71040478535
1301,set03,video_0008,3_8_534,1,6932,16,0,False,False,6992.0,-60.0,822.47998046875,115.15997314453125,316.6899871826172,6545.692451806739
1302,set03,video_0008,3_8_534,1,6940,16,0,False,False,6992.0,-52.0,821.9600219726562,116.7900390625,302.31500244140625,5670.1549708247185
1303,set03,video_0008,3_8_534,1,6948,16,0,False,False,6992.0,-44.0,824.5599975585938,117.17999267578125,287.5249938964844,6846.826113793999
1304,set03,video_0008,3_8_534,1,6956,16,0,False,False,6992.0,-36.0,824.0,118.07000732421875,274.9149932861328,6466.693003991619
1305,set03,video_0008,3_8_535,1,7523,16,0,False,False,7583.0,-60.0,841.3200073242188,148.33001708984375,310.5799865722656,7407.601415600628
1306,set03,video_0008,3_8_535,1,7531,16,0,False,False,7583.0,-52.0,841.3800048828125,148.53997802734375,310.9250030517578,7434.428620116785
1307,set03,video_0008,3_8_535,1,7539,16,0,False,False,7583.0,-44.0,841.7999877929688,148.41998291015625,307.82000732421875,7661.438793115318
1308,set03,video_0008,3_8_535,1,7547,16,0,False,False,7583.0,-36.0,842.4400024414062,148.1099853515625,302.6549987792969,8008.307992748916
1309,set03,video_0008,3_8_540,0,10150,16,0,False,False,,,825.6900024414062,90.010009765625,1353.4850463867188,3388.8790651857853
1310,set03,video_0008,3_8_540,0,10158,16,0,False,False,,,834.1400146484375,98.510009765625,1382.6549682617188,3799.5257855951786
1311,set03,video_0008,3_8_540,0,10166,16,0,False,False,,,839.260009765625,111.41998291015625,1419.5399780273438,3636.749874316156
1312,set03,video_0008,3_8_540,0,10174,16,0,False,False,,,858.0599975585938,122.30999755859375,1461.3800048828125,6996.125888183713
1313,set03,video_0008,3_8_542,0,10159,16,0,False,False,,,825.2100219726562,89.23004150390625,642.7149963378906,2078.1657060049474
1314,set03,video_0008,3_8_542,0,10167,16,0,False,False,,,827.3699951171875,95.82000732421875,619.8099975585938,2387.838793359697
1315,set03,video_0008,3_8_542,0,10175,16,0,False,False,,,845.2000122070312,106.34002685546875,584.7350158691406,2906.2747512944043
1316,set03,video_0008,3_8_542,0,10183,16,0,False,False,,,853.3400268554688,120.6400146484375,538.8499755859375,4492.632967382669
1317,set03,video_0008,3_8_537,0,8373,16,0,False,False,,,945.719970703125,270.3599853515625,465.1000061035156,31080.589856542647
1318,set03,video_0008,3_8_537,0,8381,16,0,False,False,,,969.1799926757812,302.64996337890625,436.4599914550781,38660.503366455436
1319,set03,video_0008,3_8_537,0,8389,16,0,False,False,,,999.9000244140625,341.05999755859375,405.364990234375,57253.74012482911
1320,set03,video_0008,3_8_537,0,8397,16,0,False,False,,,1033.06005859375,381.5400390625,373.4600067138672,82832.34480920434
1321,set03,video_0008,3_8_538,0,8364,16,0,False,False,,,916.1500244140625,225.3900146484375,394.27500915527344,18195.738358777016
1322,set03,video_0008,3_8_538,0,8372,16,0,False,False,,,934.4299926757812,254.54998779296875,344.0299987792969,24121.159329101443
1323,set03,video_0008,3_8_538,0,8380,16,0,False,False,,,962.6699829101562,286.3499755859375,296.2099914550781,27077.25299230963
1324,set03,video_0008,3_8_538,0,8388,16,0,False,False,,,980.4299926757812,313.72998046875,240.25,34259.317696899176
1325,set03,video_0008,3_8_546,0,12815,16,0,False,False,,,871.5999755859375,203.28997802734375,463.39500427246094,12402.717340784147
1326,set03,video_0008,3_8_546,0,12823,16,0,False,False,,,878.6099853515625,215.010009765625,436.625,13964.902758911252
1327,set03,video_0008,3_8_546,0,12831,16,0,False,False,,,886.6900024414062,231.07000732421875,405.5349884033203,16195.695967150852
1328,set03,video_0008,3_8_546,0,12839,16,0,False,False,,,897.010009765625,253.77001953125,362.1999969482422,17784.199561193585
1329,set03,video_0008,3_8_547,0,12802,16,0,False,False,,,820.8599853515625,187.80999755859375,297.3999938964844,10081.639293383807
1330,set03,video_0008,3_8_547,0,12810,16,0,False,False,,,820.25,193.04998779296875,277.74500274658203,9635.128543426283
1331,set03,video_0008,3_8_547,0,12818,16,0,False,False,,,820.5999755859375,200.25994873046875,251.8949966430664,9850.784311243333
1332,set03,video_0008,3_8_547,0,12826,16,0,False,False,,,824.6099853515625,210.75,223.79999542236328,10849.409099578857
1333,set03,video_0008,3_8_548,0,12811,16,0,False,False,,,822.8699951171875,187.5899658203125,333.3699951171875,9942.268188476562
1334,set03,video_0008,3_8_548,0,12819,16,0,False,False,,,824.9199829101562,193.219970703125,306.3000030517578,10379.777062036097
1335,set03,video_0008,3_8_548,0,12827,16,0,False,False,,,826.3200073242188,202.3699951171875,277.75,10753.94450493157
1336,set03,video_0008,3_8_548,0,12835,16,0,False,False,,,826.7000122070312,211.3599853515625,243.4449920654297,12053.859706591815
1337,set03,video_0008,3_8_549,0,12842,16,0,False,False,,,874.4000244140625,190.6600341796875,450.90000915527344,10394.782968822867
1338,set03,video_0008,3_8_549,0,12850,16,0,False,False,,,884.0,206.6199951171875,421.48500061035156,12709.19161188975
1339,set03,video_0008,3_8_549,0,12858,16,0,False,False,,,894.0,227.0,389.6300048828125,18618.54443359375
1340,set03,video_0008,3_8_549,0,12866,16,0,False,False,,,912.1300048828125,255.47998046875,340.19000244140625,21567.615585058928
1341,set03,video_0008,3_8_552,1,13683,16,0,False,False,13743.0,-60.0,785.4000244140625,41.09002685546875,1033.050048828125,493.080322265625
1342,set03,video_0008,3_8_552,1,13691,16,0,False,False,13743.0,-52.0,788.2000122070312,41.9100341796875,1009.614990234375,514.2369379401207
1343,set03,video_0008,3_8_552,1,13699,16,0,False,False,13743.0,-44.0,789.9199829101562,45.20001220703125,1001.9200134277344,556.8644814454019
1344,set03,video_0008,3_8_552,1,13707,16,0,False,False,13743.0,-36.0,789.6199951171875,47.1300048828125,1002.6900024414062,607.9782136231661
1345,set03,video_0008,3_8_554,1,15105,16,0,False,False,15165.0,-60.0,849.4000244140625,125.30999755859375,895.4049987792969,6113.872027490288
1346,set03,video_0008,3_8_554,1,15113,16,0,False,False,15165.0,-52.0,850.1599731445312,125.8699951171875,871.9500122070312,8828.523301318288
1347,set03,video_0008,3_8_554,1,15121,16,0,False,False,15165.0,-44.0,851.5599975585938,131.1300048828125,846.7599792480469,6336.20279636234
1348,set03,video_0008,3_8_554,1,15129,16,0,False,False,15165.0,-36.0,856.739990234375,140.739990234375,807.5249938964844,10497.79965122044
1349,set03,video_0008,3_8_555,1,15108,16,0,False,False,15168.0,-60.0,855.760009765625,129.05999755859375,970.4499816894531,7911.376274902374
1350,set03,video_0008,3_8_555,1,15116,16,0,False,False,15168.0,-52.0,857.3900146484375,131.3599853515625,947.14501953125,6616.601820752025
1351,set03,video_0008,3_8_555,1,15124,16,0,False,False,15168.0,-44.0,859.5599975585938,134.20001220703125,914.0349731445312,8807.547456420958
1352,set03,video_0008,3_8_555,1,15132,16,0,False,False,15168.0,-36.0,864.8200073242188,140.1400146484375,889.5650024414062,7159.748558446765
1353,set03,video_0008,3_8_557,0,16079,16,0,False,False,,,833.7100219726562,96.49005126953125,1165.3150024414062,3183.2176276668906
1354,set03,video_0008,3_8_557,0,16087,16,0,False,False,,,841.6900024414062,110.84002685546875,1181.5150146484375,3966.9688908457756
1355,set03,video_0008,3_8_557,0,16095,16,0,False,False,,,851.2999877929688,127.67999267578125,1206.0650024414062,5619.182138599455
1356,set03,video_0008,3_8_557,0,16103,16,0,False,False,,,873.4000244140625,150.55999755859375,1248.7300415039062,7434.653414599597
1357,set03,video_0008,3_8_558,0,16198,16,0,False,False,,,809.6799926757812,84.67999267578125,551.6000061035156,1879.8968710936606
1358,set03,video_0008,3_8_558,0,16206,16,0,False,False,,,805.5800170898438,85.94000244140625,517.1100006103516,2043.653153149411
1359,set03,video_0008,3_8_558,0,16214,16,0,False,False,,,814.5499877929688,98.989990234375,473.80999755859375,2690.54720954597
1360,set03,video_0008,3_8_558,0,16222,16,0,False,False,,,823.4500122070312,113.2900390625,428.72999572753906,3414.5599795281887
1361,set03,video_0008,3_8_559,0,16196,16,0,False,False,,,815.760009765625,86.1400146484375,598.2799987792969,2008.785772509873
1362,set03,video_0008,3_8_559,0,16204,16,0,False,False,,,811.3200073242188,86.59002685546875,562.9900207519531,2244.4120162837207
1363,set03,video_0008,3_8_559,0,16212,16,0,False,False,,,818.6400146484375,98.42999267578125,525.4350128173828,3251.142537927255
1364,set03,video_0008,3_8_559,0,16220,16,0,False,False,,,835.7000122070312,119.239990234375,478.8300018310547,4771.983099170029
1365,set03,video_0008,3_8_560,0,16904,16,0,False,False,,,812.5499877929688,87.92999267578125,817.3699951171875,3300.895359814167
1366,set03,video_0008,3_8_560,0,16912,16,0,False,False,,,822.6500244140625,98.44000244140625,789.2650146484375,3788.9547326415777
1367,set03,video_0008,3_8_560,0,16920,16,0,False,False,,,833.52001953125,111.6300048828125,748.8600158691406,4822.417573608458
1368,set03,video_0008,3_8_560,0,16928,16,0,False,False,,,848.739990234375,131.17999267578125,692.2250061035156,8089.867906469852
1369,set03,video_0008,3_8_551,0,13582,16,0,False,False,,,850.0999755859375,159.75994873046875,452.885009765625,10932.372121509165
1370,set03,video_0008,3_8_551,0,13590,16,0,False,False,,,873.0399780273438,179.13995361328125,608.60498046875,14759.343402318656
1371,set03,video_0008,3_8_551,0,13598,16,0,False,False,,,892.6599731445312,206.77996826171875,754.2999877929688,18353.792002245784
1372,set03,video_0008,3_8_551,0,13606,16,0,False,False,,,917.6199951171875,233.52001953125,902.0149841308594,23363.675103515387
1373,set03,video_0008,3_8_550,1,12984,16,0,False,False,13044.0,-60.0,799.9199829101562,79.38995361328125,574.6700134277344,2505.5467422120273
1374,set03,video_0008,3_8_550,1,12992,16,0,False,False,13044.0,-52.0,799.75,80.41998291015625,587.5499877929688,2431.8994978517294
1375,set03,video_0008,3_8_550,1,13000,16,0,False,False,13044.0,-44.0,799.4500122070312,80.85003662109375,598.5550231933594,1976.7843823246658
1376,set03,video_0008,3_8_550,1,13008,16,0,False,False,13044.0,-36.0,803.4199829101562,83.8800048828125,610.2750244140625,2149.8449347168207
1377,set03,video_0008,3_8_561,0,17073,16,0,False,False,,,840.3800048828125,126.280029296875,1194.6449584960938,4716.5560112297535
1378,set03,video_0008,3_8_561,0,17081,16,0,False,False,,,852.4600219726562,147.9100341796875,1232.9400024414062,6549.442591354251
1379,set03,video_0008,3_8_561,0,17089,16,0,False,False,,,870.47998046875,171.1300048828125,1283.6799926757812,9179.415968701243
1380,set03,video_0008,3_8_561,0,17097,16,0,False,False,,,904.0,208.70001220703125,1348.7999877929688,14483.78594238311
1381,set03,video_0008,3_8_562,0,17065,16,0,False,False,,,831.0999755859375,124.219970703125,1197.135009765625,3285.6121596693993
1382,set03,video_0008,3_8_562,0,17073,16,0,False,False,,,837.0,141.8800048828125,1230.8800048828125,4829.600908398628
1383,set03,video_0008,3_8_562,0,17081,16,0,False,False,,,854.760009765625,168.82000732421875,1278.4600219726562,7293.03668115288
1384,set03,video_0008,3_8_562,0,17089,16,0,False,False,,,874.6799926757812,200.6199951171875,1341.125,11361.08681333065
1385,set03,video_0009,3_9_563,0,734,16,0,False,False,,,820.2999877929688,94.51995849609375,1355.6849975585938,2706.106873266399
1386,set03,video_0009,3_9_563,0,742,16,0,False,False,,,823.0399780273438,102.75994873046875,1388.75,3175.272380620241
1387,set03,video_0009,3_9_563,0,750,16,0,False,False,,,826.3200073242188,114.85003662109375,1429.9199829101562,3670.6167038604617
1388,set03,video_0009,3_9_563,0,758,16,0,False,False,,,829.5599975585938,126.95001220703125,1480.385009765625,4360.745316773653
1389,set03,video_0009,3_9_564,0,738,16,0,False,False,,,810.25,80.78997802734375,1391.6300048828125,2031.051368996501
1390,set03,video_0009,3_9_564,0,746,16,0,False,False,,,811.780029296875,87.73004150390625,1424.8849487304688,2336.2514336183667
1391,set03,video_0009,3_9_564,0,754,16,0,False,False,,,814.7100219726562,89.9100341796875,1463.364990234375,1971.7209033668041
1392,set03,video_0009,3_9_564,0,762,16,0,False,False,,,818.72998046875,102.89996337890625,1511.6799926757812,2298.7816647961736
1393,set03,video_0009,3_9_565,0,736,16,0,False,False,,,823.8499755859375,99.90997314453125,1319.47998046875,2895.3890703618526
1394,set03,video_0009,3_9_565,0,744,16,0,False,False,,,829.6699829101562,108.65997314453125,1348.8099975585938,3464.0804744139314
1395,set03,video_0009,3_9_565,0,752,16,0,False,False,,,838.25,123.02001953125,1385.1449584960938,4380.741093456745
1396,set03,video_0009,3_9_565,0,760,16,0,False,False,,,847.719970703125,141.77996826171875,1434.0650024414062,5737.848468966782
1397,set03,video_0009,3_9_566,0,742,16,0,False,False,,,818.780029296875,96.10003662109375,1360.7850341796875,2163.2127628177404
1398,set03,video_0009,3_9_566,0,750,16,0,False,False,,,821.97998046875,105.5799560546875,1405.1100463867188,2808.4242534190416
1399,set03,video_0009,3_9_566,0,758,16,0,False,False,,,825.5900268554688,115.07000732421875,1449.3099975585938,3532.6576528325677
1400,set03,video_0009,3_9_566,0,766,16,0,False,False,,,832.0499877929688,124.53997802734375,1492.6600341796875,4333.997316405177
1401,set03,video_0009,3_9_570,0,728,16,0,False,False,,,810.1400146484375,78.45001220703125,535.7049865722656,1712.565107177943
1402,set03,video_0009,3_9_570,0,736,16,0,False,False,,,814.9600219726562,84.36004638671875,497.625,2111.5344325453043
1403,set03,video_0009,3_9_570,0,744,16,0,False,False,,,819.1300048828125,91.03997802734375,453.1999969482422,2512.703949218616
1404,set03,video_0009,3_9_570,0,752,16,0,False,False,,,819.5499877929688,98.760009765625,397.7950134277344,2944.035649999976
1405,set03,video_0009,3_9_571,0,734,16,0,False,False,,,815.5800170898438,89.02001953125,455.885009765625,2386.6265062987804
1406,set03,video_0009,3_9_571,0,742,16,0,False,False,,,821.8499755859375,98.89996337890625,405.85499572753906,2873.045747069642
1407,set03,video_0009,3_9_571,0,750,16,0,False,False,,,823.3900146484375,108.760009765625,342.9399871826172,3402.012972705066
1408,set03,video_0009,3_9_572,0,735,16,0,False,False,,,813.1699829101562,87.42999267578125,510.4100036621094,1523.0289782471955
1409,set03,video_0009,3_9_572,0,743,16,0,False,False,,,818.030029296875,94.800048828125,468.375,2130.1543198227882
1410,set03,video_0009,3_9_572,0,751,16,0,False,False,,,820.1599731445312,104.05999755859375,418.875,2384.0117494873703
1411,set03,video_0009,3_9_575,0,838,16,0,False,False,,,838.5,106.41998291015625,1282.9849853515625,2363.583663403988
1412,set03,video_0009,3_9_575,0,846,16,0,False,False,,,844.5999755859375,116.80999755859375,1319.4349975585938,2706.492776684463
1413,set03,video_0009,3_9_575,0,854,16,0,False,False,,,853.8800048828125,132.17999267578125,1362.89501953125,3691.7781596928835
1414,set03,video_0009,3_9_575,0,862,16,0,False,False,,,867.1799926757812,148.6099853515625,1415.510009765625,4657.4500023424625
1415,set03,video_0009,3_9_576,0,835,16,0,False,False,,,825.4400024414062,84.8900146484375,1357.4550170898438,2257.2225879877806
1416,set03,video_0009,3_9_576,0,843,16,0,False,False,,,831.1199951171875,94.6500244140625,1391.14501953125,2984.3180427253246
1417,set03,video_0009,3_9_576,0,851,16,0,False,False,,,838.510009765625,102.9000244140625,1431.2050170898438,3571.668388918042
1418,set03,video_0009,3_9_576,0,859,16,0,False,False,,,842.1099853515625,109.6199951171875,1480.7349853515625,3956.19525834918
1419,set03,video_0009,3_9_577,0,833,16,0,False,False,,,819.530029296875,80.70001220703125,1391.6199951171875,2345.1470832526684
1420,set03,video_0009,3_9_577,0,841,16,0,False,False,,,824.8599853515625,91.14996337890625,1423.0150146484375,2693.4858685284853
1421,set03,video_0009,3_9_577,0,849,16,0,False,False,,,835.260009765625,105.17999267578125,1466.9550170898438,3377.328024096787
1422,set03,video_0009,3_9_577,0,857,16,0,False,False,,,845.1799926757812,117.67999267578125,1514.6949462890625,3941.1018054932356
1423,set03,video_0009,3_9_578,0,839,16,0,False,False,,,831.4400024414062,91.40997314453125,1310.4450073242188,2255.0880545154214
1424,set03,video_0009,3_9_578,0,847,16,0,False,False,,,841.260009765625,101.9100341796875,1346.2850341796875,2628.2637623548508
1425,set03,video_0009,3_9_578,0,855,16,0,False,False,,,847.1500244140625,112.4100341796875,1391.4249877929688,3024.9578619152308
1426,set03,video_0009,3_9_578,0,863,16,0,False,False,,,857.72998046875,122.91998291015625,1445.64501953125,3445.450722143054
1427,set03,video_0009,3_9_579,0,850,16,0,False,False,,,836.2899780273438,100.5,1325.4099731445312,2697.4165649414062
1428,set03,video_0009,3_9_579,0,858,16,0,False,False,,,845.469970703125,112.51995849609375,1370.2000122070312,3607.3827270045877
1429,set03,video_0009,3_9_579,0,866,16,0,False,False,,,853.3499755859375,124.8399658203125,1417.2749633789062,4662.769675537944
1430,set03,video_0009,3_9_579,0,874,16,0,False,False,,,852.1799926757812,139.33001708984375,1480.3499755859375,6027.417899951339
1431,set03,video_0009,3_9_580,0,846,16,0,False,False,,,838.7999877929688,98.6300048828125,1264.6900024414062,3710.4603020995855
1432,set03,video_0009,3_9_580,0,854,16,0,False,False,,,846.7000122070312,108.3900146484375,1299.375,4618.510167628527
1433,set03,video_0009,3_9_580,0,862,16,0,False,False,,,858.1199951171875,118.77001953125,1341.8150024414062,5592.876160204411
1434,set03,video_0009,3_9_580,0,870,16,0,False,False,,,869.47998046875,134.67999267578125,1394.6849975585938,7136.707937084138
1435,set03,video_0009,3_9_581,0,850,16,0,False,False,,,845.9299926757812,99.04998779296875,1234.2249755859375,2649.587173461914
1436,set03,video_0009,3_9_581,0,858,16,0,False,False,,,854.7000122070312,109.260009765625,1266.2349853515625,3217.701952636242
1437,set03,video_0009,3_9_581,0,866,16,0,False,False,,,868.8599853515625,124.90997314453125,1305.6849975585938,4130.766102857888
1438,set03,video_0009,3_9_581,0,874,16,0,False,False,,,874.5,139.6500244140625,1354.9149780273438,5637.670803710818
1439,set03,video_0009,3_9_582,0,857,16,0,False,False,,,844.280029296875,102.48004150390625,1222.5700073242188,3924.9780837371945
1440,set03,video_0009,3_9_582,0,865,16,0,False,False,,,853.9000244140625,111.3699951171875,1253.800048828125,4677.539794921875
1441,set03,video_0009,3_9_582,0,873,16,0,False,False,,,865.8499755859375,131.8599853515625,1294.52001953125,6461.1392822265625
1442,set03,video_0009,3_9_582,0,881,16,0,False,False,,,861.7899780273438,148.41998291015625,1341.9550170898438,7820.258320726454
1443,set03,video_0009,3_9_583,0,815,16,0,False,False,,,807.5599975585938,72.6400146484375,499.05999755859375,1914.789722070098
1444,set03,video_0009,3_9_583,0,823,16,0,False,False,,,808.7000122070312,77.9100341796875,471.2449951171875,2082.533691942692
1445,set03,video_0009,3_9_583,0,831,16,0,False,False,,,806.489990234375,77.90997314453125,435.5899963378906,2083.311921045184
1446,set03,video_0009,3_9_583,0,839,16,0,False,False,,,803.9500122070312,77.9100341796875,400.3999938964844,2083.313553124666
1447,set03,video_0009,3_9_584,0,1627,16,0,False,False,,,856.0999755859375,158.50994873046875,1392.02001953125,9193.577026367188
1448,set03,video_0009,3_9_584,0,1635,16,0,False,False,,,867.8499755859375,180.42999267578125,1422.3399658203125,13442.034454345703
1449,set03,video_0009,3_9_584,0,1643,16,0,False,False,,,880.2999877929688,205.19000244140625,1455.6949462890625,17443.204111352563
1450,set03,video_0009,3_9_584,0,1651,16,0,False,False,,,894.4400024414062,241.1199951171875,1507.3699951171875,20967.785356640816
1451,set03,video_0009,3_9_587,1,2508,16,0,False,False,2568.0,-60.0,837.2999877929688,146.42999267578125,578.1849975585938,8599.830609887838
1452,set03,video_0009,3_9_587,1,2516,16,0,False,False,2568.0,-52.0,843.8699951171875,157.0,567.114990234375,9933.39306640625
1453,set03,video_0009,3_9_587,1,2524,16,0,False,False,2568.0,-44.0,852.22998046875,167.80999755859375,556.2599792480469,11776.904399584979
1454,set03,video_0009,3_9_587,1,2532,16,0,False,False,2568.0,-36.0,861.3599853515625,179.72998046875,545.8450012207031,13801.461251050234
1455,set03,video_0009,3_9_589,0,3283,16,0,False,False,,,824.02001953125,122.6600341796875,346.7850036621094,3403.815948486328
1456,set03,video_0009,3_9_589,0,3291,16,0,False,False,,,825.0999755859375,125.8800048828125,322.385009765625,3226.3051397949457
1457,set03,video_0009,3_9_589,0,3299,16,0,False,False,,,826.530029296875,132.0,295.9599914550781,3680.16064453125
1458,set03,video_0009,3_9_589,0,3307,16,0,False,False,,,826.1799926757812,138.32000732421875,260.73500061035156,3913.0741891358048
1459,set03,video_0009,3_9_590,0,3276,16,0,False,False,,,807.6799926757812,94.77996826171875,316.4149932861328,2954.2928833980113
1460,set03,video_0009,3_9_590,0,3284,16,0,False,False,,,809.719970703125,98.219970703125,305.13499450683594,2648.9927297607064
1461,set03,video_0009,3_9_590,0,3292,16,0,False,False,,,809.8599853515625,99.51995849609375,289.7250061035156,2184.464303832501
1462,set03,video_0009,3_9_590,0,3300,16,0,False,False,,,811.510009765625,99.6300048828125,267.9600067138672,2556.5062901489437
1463,set03,video_0009,3_9_591,0,3271,16,0,False,False,,,813.4299926757812,96.45001220703125,346.6750030517578,1935.7495079953223
1464,set03,video_0009,3_9_591,0,3279,16,0,False,False,,,816.1099853515625,99.5,334.29998779296875,1984.0302429199219
1465,set03,video_0009,3_9_591,0,3287,16,0,False,False,,,817.489990234375,103.3399658203125,314.1199951171875,1994.460078857839
1466,set03,video_0009,3_9_591,0,3295,16,0,False,False,,,818.3699951171875,106.27001953125,289.7349853515625,2045.6978759765625
1467,set03,video_0009,3_9_593,0,3334,16,0,False,False,,,847.3400268554688,156.73004150390625,1344.9349975585938,8609.189597927034
1468,set03,video_0009,3_9_593,0,3342,16,0,False,False,,,854.6300048828125,172.1400146484375,1381.719970703125,10149.368539452553
1469,set03,video_0009,3_9_593,0,3350,16,0,False,False,,,861.3900146484375,187.55999755859375,1422.72998046875,11812.524982959032
1470,set03,video_0009,3_9_593,0,3358,16,0,False,False,,,866.4000244140625,204.24005126953125,1473.3450317382812,14074.188913844526
1471,set03,video_0009,3_9_594,0,3330,16,0,False,False,,,858.4400024414062,153.54998779296875,1280.5299682617188,9455.601500488818
1472,set03,video_0009,3_9_594,0,3338,16,0,False,False,,,866.5,178.22998046875,1312.4149780273438,11508.300265967846
1473,set03,video_0009,3_9_594,0,3346,16,0,False,False,,,876.47998046875,192.3299560546875,1353.3400268554688,13967.000469580293
1474,set03,video_0009,3_9_594,0,3354,16,0,False,False,,,891.4099731445312,214.5699462890625,1408.949951171875,17912.294925391674
1475,set03,video_0009,3_9_595,0,3439,16,0,False,False,,,845.2000122070312,88.2900390625,598.2349853515625,2116.309649705887
1476,set03,video_0009,3_9_595,0,3447,16,0,False,False,,,844.7999877929688,98.91998291015625,569.4750061035156,2853.8451295159757
1477,set03,video_0009,3_9_595,0,3455,16,0,False,False,,,853.4400024414062,109.0999755859375,535.3399963378906,3390.8291057124734
1478,set03,video_0009,3_9_595,0,3463,16,0,False,False,,,856.5,120.52001953125,489.8249969482422,4221.816137060523
1479,set03,video_0009,3_9_597,0,3430,16,0,False,False,,,836.8200073242188,84.6199951171875,560.8999938964844,2345.668950341642
1480,set03,video_0009,3_9_597,0,3438,16,0,False,False,,,846.2999877929688,92.3599853515625,529.6549987792969,2816.060688622296
1481,set03,video_0009,3_9_597,0,3446,16,0,False,False,,,844.8800048828125,101.79998779296875,491.05999755859375,3599.6460771486163
1482,set03,video_0009,3_9_597,0,3454,16,0,False,False,,,853.0800170898438,114.22003173828125,447.87998962402344,4294.673890503123
1483,set03,video_0009,3_9_598,0,3435,16,0,False,False,,,838.780029296875,94.3900146484375,566.14501953125,2762.797572314739
1484,set03,video_0009,3_9_598,0,3443,16,0,False,False,,,840.02001953125,103.33001708984375,535.635009765625,3319.9939536377788
1485,set03,video_0009,3_9_598,0,3451,16,0,False,False,,,846.260009765625,113.35003662109375,500.6499786376953,3926.4434697870165
1486,set03,video_0009,3_9_598,0,3459,16,0,False,False,,,852.6599731445312,127.67999267578125,455.2949981689453,4648.8290009032935
1487,set03,video_0009,3_9_599,0,3427,16,0,False,False,,,832.9199829101562,87.89996337890625,547.7649841308594,2157.9430279545486
1488,set03,video_0009,3_9_599,0,3435,16,0,False,False,,,843.4000244140625,94.4200439453125,512.5700073242188,2724.9610851556063
1489,set03,video_0009,3_9_599,0,3443,16,0,False,False,,,844.97998046875,104.5,474.72499084472656,3464.174362182617
1490,set03,video_0009,3_9_599,0,3451,16,0,False,False,,,849.5,116.6199951171875,429.31500244140625,4614.654060937464
1491,set03,video_0009,3_9_600,0,3424,16,0,False,False,,,829.239990234375,92.969970703125,514.6799926757812,3250.2265441417694
1492,set03,video_0009,3_9_600,0,3432,16,0,False,False,,,838.6400146484375,99.7900390625,477.3450012207031,3779.048292040825
1493,set03,video_0009,3_9_600,0,3440,16,0,False,False,,,844.7000122070312,108.47003173828125,438.4949951171875,4357.239321190864
1494,set03,video_0009,3_9_600,0,3448,16,0,False,False,,,845.9000244140625,117.47003173828125,397.06500244140625,5435.340662866831
1495,set03,video_0009,3_9_607,0,10501,16,0,False,False,,,874.4199829101562,148.22998046875,1348.7050170898438,5717.222385108471
1496,set03,video_0009,3_9_607,0,10509,16,0,False,False,,,881.030029296875,163.300048828125,1386.1799926757812,6466.677946776152
1497,set03,video_0009,3_9_607,0,10517,16,0,False,False,,,888.1699829101562,180.02996826171875,1427.4750366210938,8085.152028001845
1498,set03,video_0009,3_9_607,0,10525,16,0,False,False,,,896.7100219726562,198.6600341796875,1475.3949584960938,10002.527870848775
1499,set03,video_0009,3_9_608,0,10504,16,0,False,False,,,867.7999877929688,149.2099609375,1388.0750122070312,5140.294082760811
1500,set03,video_0009,3_9_608,0,10512,16,0,False,False,,,873.7999877929688,163.89996337890625,1425.8299560546875,6185.583017334342
1501,set03,video_0009,3_9_608,0,10520,16,0,False,False,,,880.3200073242188,180.4100341796875,1469.260009765625,7656.591279685497
1502,set03,video_0009,3_9_608,0,10528,16,0,False,False,,,887.3599853515625,198.72998046875,1518.3699951171875,9646.361014842987
1503,set03,video_0009,3_9_609,0,10494,16,0,False,False,,,865.7999877929688,125.04998779296875,1377.0349731445312,5168.310500122607
1504,set03,video_0009,3_9_609,0,10502,16,0,False,False,,,876.77001953125,147.1600341796875,1419.5400390625,6689.889405369759
1505,set03,video_0009,3_9_609,0,10510,16,0,False,False,,,885.0999755859375,163.0699462890625,1463.2100219726562,7889.324797704816
1506,set03,video_0009,3_9_609,0,10518,16,0,False,False,,,889.3499755859375,181.50994873046875,1513.875,9719.866617307067
1507,set03,video_0009,3_9_610,0,10488,16,0,False,False,,,881.280029296875,137.280029296875,1384.260009765625,6976.58047324419
1508,set03,video_0009,3_9_610,0,10496,16,0,False,False,,,875.0800170898438,148.86004638671875,1428.7850341796875,7885.112295970321
1509,set03,video_0009,3_9_610,0,10504,16,0,False,False,,,882.25,163.260009765625,1483.2550048828125,9888.669951856136
1510,set03,video_0009,3_9_610,0,10512,16,0,False,False,,,892.3300170898438,180.0,1537.7849731445312,13019.39208984375
1511,set03,video_0009,3_9_611,0,10509,16,0,False,False,,,865.8800048828125,138.21002197265625,1362.739990234375,6598.145099267364
1512,set03,video_0009,3_9_611,0,10517,16,0,False,False,,,871.27001953125,149.489990234375,1397.125,8313.154415428638
1513,set03,video_0009,3_9_611,0,10525,16,0,False,False,,,876.9000244140625,163.760009765625,1436.7449951171875,10302.12782138586
1514,set03,video_0009,3_9_611,0,10533,16,0,False,False,,,887.1799926757812,183.0999755859375,1487.6549682617188,13199.670981690288
1515,set03,video_0009,3_9_568,0,749,16,0,False,False,,,829.75,97.969970703125,1352.1199951171875,3207.5358840823174
1516,set03,video_0009,3_9_568,0,757,16,0,False,False,,,835.9199829101562,108.41998291015625,1386.9849853515625,4389.924049243331
1517,set03,video_0009,3_9_568,0,765,16,0,False,False,,,843.5999755859375,122.0899658203125,1429.5449829101562,5592.93358437717
1518,set03,video_0009,3_9_568,0,773,16,0,False,False,,,854.8800048828125,139.010009765625,1488.7899780273438,7170.130194872618
1519,set03,video_0009,3_9_606,0,10519,16,0,False,False,,,874.8200073242188,161.80999755859375,1318.0150146484375,8257.168915942311
1520,set03,video_0009,3_9_606,0,10527,16,0,False,False,,,878.7000122070312,175.6500244140625,1348.2899780273438,10507.375026121736
1521,set03,video_0009,3_9_606,0,10535,16,0,False,False,,,894.260009765625,196.6199951171875,1388.3099975585938,14176.29684765637
1522,set03,video_0009,3_9_606,0,10543,16,0,False,False,,,910.9500122070312,225.25,1441.1900024414062,18272.278900146484
1523,set03,video_0009,3_9_616,1,11101,16,0,False,False,11161.0,-60.0,801.969970703125,86.9599609375,1263.7100219726562,2577.494516015053
1524,set03,video_0009,3_9_616,1,11109,16,0,False,False,11161.0,-52.0,806.4000244140625,92.6500244140625,1287.114990234375,2937.928655028343
1525,set03,video_0009,3_9_616,1,11117,16,0,False,False,11161.0,-44.0,811.3699951171875,98.97998046875,1312.6099853515625,3339.5835744142532
1526,set03,video_0009,3_9_616,1,11125,16,0,False,False,11161.0,-36.0,815.8099975585938,106.3599853515625,1338.760009765625,3801.304837793112
1527,set03,video_0009,3_9_617,1,11114,16,0,False,False,11174.0,-60.0,793.6900024414062,61.489990234375,979.010009765625,1773.3692166507244
1528,set03,video_0009,3_9_617,1,11122,16,0,False,False,11174.0,-52.0,799.0900268554688,64.73004150390625,984.7000122070312,1960.027553126216
1529,set03,video_0009,3_9_617,1,11130,16,0,False,False,11174.0,-44.0,803.8800048828125,67.96002197265625,989.5350036621094,2155.0137900151312
1530,set03,video_0009,3_9_617,1,11138,16,0,False,False,11174.0,-36.0,804.0399780273438,71.4599609375,989.5650024414062,2414.634871482849
1531,set03,video_0009,3_9_618,1,12640,16,0,False,False,12700.0,-60.0,811.5,99.41998291015625,590.8450012207031,3450.8697913326323
1532,set03,video_0009,3_9_618,1,12648,16,0,False,False,12700.0,-52.0,804.5,102.6199951171875,598.5350036621094,4573.773933984339
1533,set03,video_0009,3_9_618,1,12656,16,0,False,False,12700.0,-44.0,810.5399780273438,102.5,603.6499938964844,4671.951751708984
1534,set03,video_0009,3_9_618,1,12664,16,0,False,False,12700.0,-36.0,814.5900268554688,102.57000732421875,608.5599975585938,3971.5076786130667
1535,set03,video_0009,3_9_620,1,13952,16,0,False,False,14012.0,-60.0,860.5999755859375,167.5799560546875,1481.0399780273438,8734.266491308808
1536,set03,video_0009,3_9_620,1,13960,16,0,False,False,14012.0,-52.0,873.489990234375,179.8699951171875,1483.8699951171875,12321.094665527344
1537,set03,video_0009,3_9_620,1,13968,16,0,False,False,14012.0,-44.0,879.5,190.80999755859375,1479.5350341796875,10923.872360229492
1538,set03,video_0009,3_9_620,1,13976,16,0,False,False,14012.0,-36.0,893.0999755859375,202.5699462890625,1473.030029296875,13786.922413766384
1539,set03,video_0009,3_9_621,1,13958,16,0,False,False,14018.0,-60.0,872.0999755859375,203.5899658203125,1520.2450561523438,15140.98476396501
1540,set03,video_0009,3_9_621,1,13966,16,0,False,False,14018.0,-52.0,885.0700073242188,220.280029296875,1523.22998046875,14741.122351169586
1541,set03,video_0009,3_9_621,1,13974,16,0,False,False,14018.0,-44.0,905.5800170898438,244.760009765625,1525.5150146484375,17365.710741698742
1542,set03,video_0009,3_9_621,1,13982,16,0,False,False,14018.0,-36.0,913.8400268554688,267.0400390625,1525.35498046875,19902.50193476677
1543,set03,video_0009,3_9_622,1,13977,16,0,False,False,14037.0,-60.0,877.3800048828125,212.03997802734375,1584.0800170898438,15190.547131933272
1544,set03,video_0009,3_9_622,1,13985,16,0,False,False,14037.0,-52.0,889.1799926757812,229.66998291015625,1591.4150390625,16823.326248168945
1545,set03,video_0009,3_9_622,1,13993,16,0,False,False,14037.0,-44.0,898.780029296875,241.77001953125,1588.9850463867188,17922.412728369236
1546,set03,video_0009,3_9_622,1,14001,16,0,False,False,14037.0,-36.0,916.0,264.44000244140625,1584.8399658203125,20811.415280029178
1547,set03,video_0009,3_9_623,1,14199,16,0,False,False,14259.0,-60.0,846.8200073242188,110.739990234375,636.8949890136719,5172.667377099395
1548,set03,video_0009,3_9_623,1,14207,16,0,False,False,14259.0,-52.0,844.8499755859375,108.79998779296875,653.3650207519531,4999.360767211765
1549,set03,video_0009,3_9_623,1,14215,16,0,False,False,14259.0,-44.0,846.8499755859375,109.9599609375,665.0750122070312,6051.099871873856
1550,set03,video_0009,3_9_623,1,14223,16,0,False,False,14259.0,-36.0,848.530029296875,110.46002197265625,681.739990234375,5304.292412549257
1551,set03,video_0009,3_9_624,0,15313,16,0,False,False,,,893.3400268554688,188.20001220703125,1562.385009765625,10544.852197632194
1552,set03,video_0009,3_9_624,0,15321,16,0,False,False,,,898.5999755859375,200.79998779296875,1590.4100341796875,11690.569406494498
1553,set03,video_0009,3_9_624,0,15329,16,0,False,False,,,904.2100219726562,216.08001708984375,1628.3150024414062,14025.761294849217
1554,set03,video_0009,3_9_624,0,15337,16,0,False,False,,,910.4299926757812,234.08001708984375,1673.9500122070312,16586.906582079828
1555,set03,video_0009,3_9_625,0,15369,16,0,False,False,,,884.0399780273438,197.5999755859375,1740.6799926757812,9295.086449220777
1556,set03,video_0009,3_9_625,0,15377,16,0,False,False,,,887.5599975585938,206.30999755859375,1776.3599853515625,10166.96272392571
1557,set03,video_0009,3_9_625,0,15385,16,0,False,False,,,889.47998046875,212.949951171875,1803.9249877929688,10360.020323485136
1558,set03,video_0009,3_9_625,0,15393,16,0,False,False,,,891.1799926757812,219.30999755859375,1830.3400268554688,10439.150529541075
1559,set03,video_0009,3_9_626,0,15814,16,0,False,False,,,868.719970703125,129.00994873046875,1212.1950073242188,5295.848946414888
1560,set03,video_0009,3_9_626,0,15822,16,0,False,False,,,866.280029296875,142.510009765625,1223.3299560546875,6338.842450976372
1561,set03,video_0009,3_9_626,0,15830,16,0,False,False,,,870.6799926757812,160.55999755859375,1239.6300048828125,7922.044391259551
1562,set03,video_0009,3_9_626,0,15838,16,0,False,False,,,884.010009765625,186.760009765625,1275.739990234375,10746.178257226944
1563,set03,video_0009,3_9_627,0,15792,16,0,False,False,,,844.3699951171875,113.45001220703125,449.49000549316406,5184.663480529562
1564,set03,video_0009,3_9_627,0,15800,16,0,False,False,,,850.1699829101562,121.82000732421875,427.1699981689453,5820.559801245108
1565,set03,video_0009,3_9_627,0,15808,16,0,False,False,,,854.2999877929688,128.14996337890625,392.8000030517578,6561.2757785040885
1566,set03,video_0009,3_9_627,0,15816,16,0,False,False,,,846.5599975585938,141.6199951171875,348.8000030517578,5092.653814282268
1567,set03,video_0009,3_9_628,0,15807,16,0,False,False,,,862.260009765625,114.0400390625,1381.9600219726562,5451.1055146455765
1568,set03,video_0009,3_9_628,0,15815,16,0,False,False,,,860.4600219726562,125.4100341796875,1392.7750244140625,5554.4153126478195
1569,set03,video_0009,3_9_628,0,15823,16,0,False,False,,,857.4199829101562,138.53997802734375,1405.780029296875,6788.458923339844
1570,set03,video_0009,3_9_628,0,15831,16,0,False,False,,,865.0,154.32000732421875,1428.1199951171875,10185.120483398438
1571,set03,video_0009,3_9_588,0,2606,16,0,False,False,,,878.2000122070312,229.79998779296875,112.72500228881836,19797.269299011212
1572,set03,video_0009,3_9_588,0,2614,16,0,False,False,,,889.9400024414062,248.25,112.81999969482422,18449.93803024292
1573,set03,video_0009,3_9_588,0,2622,16,0,False,False,,,907.0,260.30999755859375,118.46999740600586,21350.625125912484
1574,set03,video_0009,3_9_588,0,2630,16,0,False,False,,,919.5700073242188,277.41998291015625,122.76499938964844,26119.08969775401
1575,set03,video_0009,3_9_592,0,3051,16,0,False,False,,,842.3800048828125,130.780029296875,1172.9450073242188,5208.962819725275
1576,set03,video_0009,3_9_592,0,3059,16,0,False,False,,,855.22998046875,146.6300048828125,1196.155029296875,6341.747711181641
1577,set03,video_0009,3_9_592,0,3067,16,0,False,False,,,872.0800170898438,171.530029296875,1225.5599975585938,9612.528603464365
1578,set03,video_0009,3_9_592,0,3075,16,0,False,False,,,896.5800170898438,202.98004150390625,1260.4000244140625,14419.710077345371
1579,set03,video_0009,3_9_619,0,13526,16,0,False,False,,,841.4299926757812,157.3399658203125,1263.1950073242188,8007.033165380359
1580,set03,video_0009,3_9_619,0,13534,16,0,False,False,,,854.5,169.489990234375,1279.7899780273438,8545.692755907774
1581,set03,video_0009,3_9_619,0,13542,16,0,False,False,,,882.530029296875,204.4100341796875,1303.2349853515625,15537.208694189787
1582,set03,video_0009,3_9_619,0,13550,16,0,False,False,,,906.1400146484375,249.1300048828125,1341.0350341796875,24292.66920903325
1583,set03,video_0009,3_9_629,0,729,16,0,False,False,,,829.1400146484375,109.3900146484375,1283.7750244140625,3383.4256752431393
1584,set03,video_0009,3_9_629,0,737,16,0,False,False,,,835.2999877929688,120.989990234375,1318.4649658203125,3843.8543528318405
1585,set03,video_0009,3_9_629,0,745,16,0,False,False,,,841.3900146484375,132.94000244140625,1357.3999633789062,4639.6093308106065
1586,set03,video_0009,3_9_629,0,753,16,0,False,False,,,850.2999877929688,150.77996826171875,1403.7649536132812,6349.342254810035
1587,set03,video_0010,3_10_630,1,824,16,0,False,False,884.0,-60.0,893.4199829101562,226.52996826171875,574.8099975585938,12599.595728613436
1588,set03,video_0010,3_10_630,1,832,16,0,False,False,884.0,-52.0,906.7100219726562,247.21002197265625,546.4649963378906,18894.26016874984
1589,set03,video_0010,3_10_630,1,840,16,0,False,False,884.0,-44.0,921.5499877929688,268.2099609375,517.5049896240234,22076.353044837713
1590,set03,video_0010,3_10_630,1,848,16,0,False,False,884.0,-36.0,935.52001953125,288.35003662109375,507.8450012207031,31311.938220459968
1591,set03,video_0010,3_10_631,1,823,16,0,False,False,883.0,-60.0,900.4099731445312,141.90997314453125,581.4649963378906,9554.800917040557
1592,set03,video_0010,3_10_631,1,831,16,0,False,False,883.0,-52.0,920.5599975585938,157.8900146484375,564.6700134277344,10708.101949878037
1593,set03,video_0010,3_10_631,1,839,16,0,False,False,883.0,-44.0,935.2999877929688,174.76995849609375,534.2999877929688,8563.727966308594
1594,set03,video_0010,3_10_631,1,847,16,0,False,False,883.0,-36.0,949.0,185.1300048828125,497.72999572753906,13747.750320788473
1595,set03,video_0010,3_10_633,1,1602,16,0,False,False,1632.0,-30.0,816.3200073242188,101.6199951171875,399.0699920654297,3355.491122338921
1596,set03,video_0010,3_10_634,1,2116,16,0,False,False,2176.0,-60.0,816.52001953125,104.010009765625,365.0299987792969,3511.3789454102516
1597,set03,video_0010,3_10_634,1,2124,16,0,False,False,2176.0,-52.0,816.5800170898438,103.98004150390625,365.114990234375,3548.8393242433667
1598,set03,video_0010,3_10_634,1,2132,16,0,False,False,2176.0,-44.0,816.6300048828125,103.94000244140625,365.2050018310547,3586.967327294871
1599,set03,video_0010,3_10_634,1,2140,16,0,False,False,2176.0,-36.0,816.6799926757812,103.89996337890625,365.2850036621094,3625.071244262159
1600,set03,video_0010,3_10_635,1,2097,16,0,False,False,2157.0,-60.0,807.8599853515625,104.2099609375,296.02000427246094,3313.8786659538746
1601,set03,video_0010,3_10_635,1,2105,16,0,False,False,2157.0,-52.0,807.97998046875,104.72998046875,293.364990234375,3337.7439661622047
1602,set03,video_0010,3_10_635,1,2113,16,0,False,False,2157.0,-44.0,808.4000244140625,104.35003662109375,285.02000427246094,4190.697852844372
1603,set03,video_0010,3_10_635,1,2121,16,0,False,False,2157.0,-36.0,807.2999877929688,104.719970703125,277.6600036621094,3774.1054431647062
1604,set03,video_0010,3_10_636,1,1556,16,0,False,False,1591.0,-35.0,786.7999877929688,53.17999267578125,651.8250122070312,1008.8229030519724
1605,set03,video_0010,3_10_637,0,3311,16,0,False,False,,,813.5599975585938,88.719970703125,1176.6099853515625,2397.2153412103653
1606,set03,video_0010,3_10_637,0,3319,16,0,False,False,,,816.8800048828125,98.66998291015625,1207.9299926757812,3021.2743949219584
1607,set03,video_0010,3_10_637,0,3327,16,0,False,False,,,830.9400024414062,110.57000732421875,1239.8999633789062,4714.706731982529
1608,set03,video_0010,3_10_637,0,3335,16,0,False,False,,,841.52001953125,129.72003173828125,1284.405029296875,6655.942429274321
1609,set03,video_0010,3_10_638,0,3305,16,0,False,False,,,798.469970703125,81.449951171875,598.5800170898438,1627.3684335947037
1610,set03,video_0010,3_10_638,0,3313,16,0,False,False,,,808.2000122070312,88.5400390625,563.4599914550781,2008.0874374508858
1611,set03,video_0010,3_10_638,0,3321,16,0,False,False,,,811.4000244140625,101.050048828125,516.7400207519531,2382.761878296733
1612,set03,video_0010,3_10_638,0,3329,16,0,False,False,,,815.7999877929688,113.16998291015625,463.8699951171875,2955.999401025474
1613,set03,video_0010,3_10_639,0,3632,16,0,False,False,,,791.4000244140625,62.08001708984375,552.2050170898438,1141.652423657477
1614,set03,video_0010,3_10_639,0,3640,16,0,False,False,,,790.9600219726562,62.74005126953125,519.4049987792969,1162.5711587630212
1615,set03,video_0010,3_10_639,0,3648,16,0,False,False,,,795.3499755859375,67.91998291015625,481.9649963378906,1337.3446293212473
1616,set03,video_0010,3_10_639,0,3656,16,0,False,False,,,798.2999877929688,75.45001220703125,441.09999084472656,1931.5207730103284
1617,set03,video_0010,3_10_640,0,3644,16,0,False,False,,,793.3699951171875,63.8599853515625,534.7850036621094,1207.590608008206
1618,set03,video_0010,3_10_640,0,3652,16,0,False,False,,,795.5999755859375,68.04998779296875,501.69500732421875,1368.4842576906085
1619,set03,video_0010,3_10_640,0,3660,16,0,False,False,,,798.4000244140625,77.4200439453125,455.135009765625,1665.3059013187885
1620,set03,video_0010,3_10_640,0,3668,16,0,False,False,,,802.260009765625,88.3800048828125,398.864990234375,2065.4402825683355
1621,set03,video_0010,3_10_643,0,3718,16,0,False,False,,,788.9500122070312,65.80999755859375,426.2449951171875,1139.1708970703185
1622,set03,video_0010,3_10_643,0,3726,16,0,False,False,,,790.3300170898438,71.07000732421875,389.24000549316406,1309.1104892212898
1623,set03,video_0010,3_10_643,0,3734,16,0,False,False,,,795.1599731445312,73.29998779296875,344.86000061035156,1552.4954415280372
1624,set03,video_0010,3_10_643,0,3742,16,0,False,False,,,796.3200073242188,77.6500244140625,296.1549987792969,1719.9499365240335
1625,set03,video_0010,3_10_644,0,3721,16,0,False,False,,,794.1799926757812,62.5,456.49501037597656,1189.3749237060547
1626,set03,video_0010,3_10_644,0,3729,16,0,False,False,,,799.7000122070312,67.10003662109375,415.07501220703125,1384.2740831300616
1627,set03,video_0010,3_10_644,0,3737,16,0,False,False,,,804.5499877929688,70.20001220703125,369.6300048828125,1500.8766037598252
1628,set03,video_0010,3_10_644,0,3745,16,0,False,False,,,810.0800170898438,80.07000732421875,316.9700012207031,1849.61521435529
1629,set03,video_0010,3_10_645,0,3711,16,0,False,False,,,792.9099731445312,67.65997314453125,461.9049987792969,1338.9893818609416
1630,set03,video_0010,3_10_645,0,3719,16,0,False,False,,,792.25,71.83001708984375,422.07000732421875,1498.3731042966247
1631,set03,video_0010,3_10_645,0,3727,16,0,False,False,,,797.0999755859375,77.67999267578125,376.75,1735.373122509569
1632,set03,video_0010,3_10_645,0,3735,16,0,False,False,,,801.5499877929688,79.719970703125,328.364990234375,1914.0772750973701
1633,set03,video_0010,3_10_646,0,3718,16,0,False,False,,,791.2100219726562,65.84002685546875,461.0899963378906,1272.0298010744154
1634,set03,video_0010,3_10_646,0,3726,16,0,False,False,,,797.719970703125,70.47998046875,419.67498779296875,1360.9682507812977
1635,set03,video_0010,3_10_646,0,3734,16,0,False,False,,,798.27001953125,70.48004150390625,370.92999267578125,1361.6749180667102
1636,set03,video_0010,3_10_646,0,3742,16,0,False,False,,,805.52001953125,79.760009765625,322.24000549316406,1802.5767075195909
1637,set03,video_0010,3_10_647,0,3761,16,0,False,False,,,837.4400024414062,109.8800048828125,1337.1900024414062,4129.285754784942
1638,set03,video_0010,3_10_647,0,3769,16,0,False,False,,,848.3300170898438,121.73004150390625,1384.875,5759.055396169424
1639,set03,video_0010,3_10_647,0,3777,16,0,False,False,,,855.1199951171875,136.02996826171875,1442.8049926757812,8758.971648998559
1640,set03,video_0010,3_10_647,0,3785,16,0,False,False,,,854.5999755859375,156.66998291015625,1499.5,11656.231428712606
1641,set03,video_0010,3_10_648,0,3770,16,0,False,False,,,837.739990234375,109.70001220703125,1387.6799926757812,3304.1638320311904
1642,set03,video_0010,3_10_648,0,3778,16,0,False,False,,,839.6599731445312,123.04998779296875,1438.6549682617188,4357.204273559153
1643,set03,video_0010,3_10_648,0,3786,16,0,False,False,,,835.47998046875,137.03997802734375,1485.9400024414062,5037.574202053249
1644,set03,video_0010,3_10_648,0,3794,16,0,False,False,,,831.1699829101562,152.3399658203125,1549.780029296875,5941.2586669921875
1645,set03,video_0010,3_10_652,0,6559,16,0,False,False,,,792.6599731445312,52.5899658203125,959.3300170898438,1155.9264215826988
1646,set03,video_0010,3_10_652,0,6567,16,0,False,False,,,793.5800170898438,53.20001220703125,959.4949951171875,1242.2189862057567
1647,set03,video_0010,3_10_652,0,6575,16,0,False,False,,,794.5,53.82000732421875,957.39501953125,1197.4951629638672
1648,set03,video_0010,3_10_652,0,6583,16,0,False,False,,,794.52001953125,53.530029296875,957.8800048828125,1406.770738184452
1649,set03,video_0010,3_10_661,0,15423,16,0,False,False,,,785.8900146484375,64.5400390625,1587.760009765625,1148.8158466815948
1650,set03,video_0010,3_10_661,0,15431,16,0,False,False,,,788.1799926757812,70.91998291015625,1628.5249633789062,1392.1596108153462
1651,set03,video_0010,3_10_661,0,15439,16,0,False,False,,,791.3800048828125,78.1199951171875,1668.780029296875,1679.5798950195312
1652,set03,video_0010,3_10_661,0,15447,16,0,False,False,,,797.2999877929688,87.760009765625,1707.5,2065.874058008194
1653,set03,video_0010,3_10_662,0,15415,16,0,False,False,,,774.2999877929688,48.64996337890625,1577.510009765625,617.8521594256163
1654,set03,video_0010,3_10_662,0,15423,16,0,False,False,,,776.9000244140625,54.760009765625,1621.4949951171875,832.8976094722748
1655,set03,video_0010,3_10_662,0,15431,16,0,False,False,,,780.1799926757812,62.04998779296875,1665.0700073242188,1124.3454758301377
1656,set03,video_0010,3_10_662,0,15439,16,0,False,False,,,783.4600219726562,69.34002685546875,1708.6500244140625,1457.5287187993526
1657,set03,video_0010,3_10_663,0,15440,16,0,False,False,,,790.77001953125,75.48004150390625,1662.5349731445312,1460.5369603261352
1658,set03,video_0010,3_10_663,0,15448,16,0,False,False,,,795.2000122070312,82.59002685546875,1699.3400268554688,1785.5959773436189
1659,set03,video_0010,3_10_663,0,15456,16,0,False,False,,,799.6300048828125,89.70001220703125,1736.1549682617188,2142.934605590999
1660,set03,video_0010,3_10_664,0,15938,16,0,False,False,,,792.97998046875,80.27996826171875,604.0550231933594,2192.445737231523
1661,set03,video_0010,3_10_664,0,15946,16,0,False,False,,,792.2899780273438,80.27996826171875,598.3149719238281,2192.445737231523
1662,set03,video_0010,3_10_664,0,15954,16,0,False,False,,,801.4500122070312,91.1300048828125,585.1599731445312,2768.5299933105707
1663,set03,video_0010,3_10_664,0,15962,16,0,False,False,,,816.5800170898438,111.760009765625,565.5350036621094,4489.397682324052
1664,set03,video_0010,3_10_665,0,15944,16,0,False,False,,,787.4199829101562,74.94000244140625,534.8150024414062,2864.9548296630383
1665,set03,video_0010,3_10_665,0,15952,16,0,False,False,,,793.280029296875,79.52001953125,519.4300079345703,3573.6322986334562
1666,set03,video_0010,3_10_665,0,15960,16,0,False,False,,,799.0,87.53997802734375,501.1499938964844,3934.0468262694776
1667,set03,video_0010,3_10_665,0,15968,16,0,False,False,,,810.3499755859375,99.8399658203125,468.86000061035156,5678.894696485251
1668,set03,video_0010,3_10_653,0,6653,16,0,False,False,,,971.5999755859375,355.0899658203125,1673.9300537109375,40565.47422763705
1669,set03,video_0010,3_10_653,0,6661,16,0,False,False,,,983.47998046875,375.28997802734375,1719.5399780273438,38962.585361622274
1670,set03,video_0010,3_10_653,0,6669,16,0,False,False,,,993.3300170898438,395.5400390625,1765.135009765625,38774.80161738396
1671,set03,video_0010,3_10_653,0,6677,16,0,False,False,,,999.7899780273438,415.8800048828125,1810.6900024414062,41579.72553212941
1672,set03,video_0010,3_10_654,0,6620,16,0,False,False,,,899.219970703125,254.239990234375,1639.7799682617188,21122.247216016054
1673,set03,video_0010,3_10_654,0,6628,16,0,False,False,,,902.52001953125,259.32000732421875,1650.6600341796875,22757.926375195384
1674,set03,video_0010,3_10_654,0,6636,16,0,False,False,,,906.4400024414062,264.54998779296875,1663.3500366210938,24301.558003418148
1675,set03,video_0010,3_10_654,0,6644,16,0,False,False,,,916.4400024414062,274.54998779296875,1691.5599975585938,25220.157856933773
1676,set03,video_0010,3_10_655,0,6578,16,0,False,False,,,898.77001953125,327.050048828125,1813.1199951171875,38029.389259278774
1677,set03,video_0010,3_10_655,0,6586,16,0,False,False,,,898.780029296875,334.61004638671875,1829.3150024414062,37064.720527656376
1678,set03,video_0010,3_10_655,0,6594,16,0,False,False,,,901.260009765625,339.57000732421875,1847.864990234375,37098.0233001709
1679,set03,video_0010,3_10_655,0,6602,16,0,False,False,,,896.6699829101562,340.79998779296875,1864.1749877929688,35855.59500475973
1680,set03,video_0010,3_10_656,0,6684,16,0,False,False,,,893.989990234375,292.82000732421875,1809.5650024414062,25724.230494506657
1681,set03,video_0010,3_10_656,0,6692,16,0,False,False,,,903.6799926757812,309.65997314453125,1838.2949829101562,27203.621080689132
1682,set03,video_0010,3_10_656,0,6700,16,0,False,False,,,907.6500244140625,315.11004638671875,1854.1449584960938,26516.51809655875
1683,set03,video_0010,3_10_656,0,6708,16,0,False,False,,,910.7000122070312,317.85003662109375,1866.14501953125,23447.803409546614
1684,set03,video_0010,3_10_669,0,6603,16,0,False,False,,,957.1699829101562,344.13995361328125,1738.1349487304688,29214.045703344047
1685,set03,video_0010,3_10_669,0,6611,16,0,False,False,,,959.0499877929688,345.469970703125,1740.3900146484375,29033.309832811356
1686,set03,video_0010,3_10_669,0,6619,16,0,False,False,,,961.5999755859375,348.2099609375,1746.6699829101562,29117.3152333498
1687,set03,video_0010,3_10_669,0,6627,16,0,False,False,,,970.4000244140625,359.58001708984375,1766.0400390625,31269.064240038395
1688,set03,video_0010,3_10_683,1,12388,16,0,False,False,12448.0,-60.0,852.9500122070312,176.3900146484375,1853.6799926757812,6367.675222411752
1689,set03,video_0010,3_10_683,1,12396,16,0,False,False,12448.0,-52.0,853.0599975585938,177.17999267578125,1858.0250244140625,6500.723549634218
1690,set03,video_0010,3_10_683,1,12404,16,0,False,False,12448.0,-44.0,853.3800048828125,177.96002197265625,1863.2950439453125,6632.573494702578
1691,set03,video_0010,3_10_683,1,12412,16,0,False,False,12448.0,-36.0,854.0599975585938,178.75,1870.1100463867188,6767.472381591797
1692,set03,video_0010,3_10_685,1,12385,16,0,False,False,12445.0,-60.0,837.6099853515625,153.44000244140625,1873.39501953125,5267.607271313667
1693,set03,video_0010,3_10_685,1,12393,16,0,False,False,12445.0,-52.0,837.510009765625,153.34002685546875,1876.1400146484375,5314.751853659749
1694,set03,video_0010,3_10_685,1,12401,16,0,False,False,12445.0,-44.0,837.4099731445312,153.22998046875,1878.8800048828125,5363.04931640625
1695,set03,video_0010,3_10_685,1,12409,16,0,False,False,12445.0,-36.0,837.3099975585938,153.1300048828125,1881.625,5410.095035791397
1696,set03,video_0010,3_10_686,1,12392,16,0,False,False,12452.0,-60.0,839.1699829101562,148.53997802734375,1840.1900024414062,5231.591806687415
1697,set03,video_0010,3_10_686,1,12400,16,0,False,False,12452.0,-52.0,838.77001953125,148.77001953125,1843.9450073242188,5232.248124659061
1698,set03,video_0010,3_10_686,1,12408,16,0,False,False,12452.0,-44.0,838.1099853515625,149.010009765625,1848.3400268554688,5233.230815380812
1699,set03,video_0010,3_10_686,1,12416,16,0,False,False,12452.0,-36.0,838.1099853515625,149.010009765625,1854.0900268554688,5233.230815380812
1700,set03,video_0010,3_10_684,1,12380,16,0,False,False,12440.0,-60.0,841.1300048828125,147.75,1796.8050537109375,5651.4375
1701,set03,video_0010,3_10_684,1,12388,16,0,False,False,12440.0,-52.0,840.989990234375,148.78997802734375,1800.7550048828125,5691.216659545898
1702,set03,video_0010,3_10_684,1,12396,16,0,False,False,12440.0,-44.0,840.8400268554688,149.82000732421875,1804.7049560546875,5730.615280151367
1703,set03,video_0010,3_10_684,1,12404,16,0,False,False,12440.0,-36.0,840.7000122070312,150.85003662109375,1808.655029296875,5770.013900756836
1704,set03,video_0010,3_10_690,1,12421,16,0,False,False,12481.0,-60.0,827.3200073242188,128.52001953125,1790.3699951171875,4148.629995703697
1705,set03,video_0010,3_10_690,1,12429,16,0,False,False,12481.0,-52.0,827.489990234375,129.0,1795.5150146484375,4191.208740234375
1706,set03,video_0010,3_10_690,1,12437,16,0,False,False,12481.0,-44.0,827.6599731445312,129.489990234375,1800.2850341796875,4235.612522363663
1707,set03,video_0010,3_10_690,1,12445,16,0,False,False,12481.0,-36.0,827.8300170898438,129.97003173828125,1804.6749877929688,4277.318186841905
1708,set03,video_0010,3_10_692,1,12406,16,0,False,False,12466.0,-60.0,824.4199829101562,121.16998291015625,1748.7150268554688,4249.424792505801
1709,set03,video_0010,3_10_692,1,12414,16,0,False,False,12466.0,-52.0,824.6900024414062,121.16998291015625,1752.5249633789062,4317.287082739174
1710,set03,video_0010,3_10_692,1,12422,16,0,False,False,12466.0,-44.0,824.9500122070312,121.16998291015625,1756.3350219726562,4385.149372972548
1711,set03,video_0010,3_10_692,1,12430,16,0,False,False,12466.0,-36.0,825.219970703125,121.16998291015625,1759.9550170898438,4409.3774530515075
1712,set03,video_0010,3_10_670,0,12108,16,0,False,False,,,780.2999877929688,113.6300048828125,191.18000030517578,4181.584526458755
1713,set03,video_0010,3_10_670,0,12116,16,0,False,False,,,778.280029296875,116.1500244140625,164.91000366210938,4685.491559509188
1714,set03,video_0010,3_10_670,0,12124,16,0,False,False,,,776.27001953125,118.6700439453125,138.64999771118164,5207.241202383302
1715,set03,video_0010,3_10_670,0,12132,16,0,False,False,,,774.260009765625,121.19000244140625,112.37999725341797,5746.829693865962
1716,set03,video_0010,3_10_673,1,12380,16,0,False,False,12440.0,-60.0,818.3499755859375,159.69000244140625,31.30999994277954,7907.8488417064655
1717,set03,video_0010,3_10_673,1,12388,16,0,False,False,12440.0,-52.0,818.3400268554688,159.780029296875,31.43999934196472,8017.761690311017
1718,set03,video_0010,3_10_673,1,12396,16,0,False,False,12440.0,-44.0,817.8400268554688,159.87005615234375,28.375000476837158,8126.195094490482
1719,set03,video_0010,3_10_673,1,12404,16,0,False,False,12440.0,-36.0,817.260009765625,160.34002685546875,25.229999542236328,8090.757608331274
1720,set03,video_0010,3_10_671,1,13557,16,0,False,False,13617.0,-60.0,774.5599975585938,45.6199951171875,546.4450073242188,644.6107537597418
1721,set03,video_0010,3_10_671,1,13565,16,0,False,False,13617.0,-52.0,774.5599975585938,45.6199951171875,546.4450073242188,644.6107537597418
1722,set03,video_0010,3_10_671,1,13573,16,0,False,False,13617.0,-44.0,774.5599975585938,45.6199951171875,546.4450073242188,644.6107537597418
1723,set03,video_0010,3_10_671,1,13581,16,0,False,False,13617.0,-36.0,774.5599975585938,45.6199951171875,546.4450073242188,644.6107537597418
1724,set03,video_0010,3_10_672,1,13546,16,0,False,False,13606.0,-60.0,776.5800170898438,50.36004638671875,568.0299987792969,991.085344042629
1725,set03,video_0010,3_10_672,1,13554,16,0,False,False,13606.0,-52.0,776.5800170898438,50.36004638671875,568.0299987792969,991.085344042629
1726,set03,video_0010,3_10_672,1,13562,16,0,False,False,13606.0,-44.0,776.5800170898438,50.36004638671875,568.0299987792969,991.085344042629
1727,set03,video_0010,3_10_672,1,13570,16,0,False,False,13606.0,-36.0,776.5800170898438,50.36004638671875,568.0299987792969,991.085344042629
1728,set03,video_0010,3_10_676,1,13587,16,0,False,False,13647.0,-60.0,776.9600219726562,56.09002685546875,518.5299835205078,1032.0561517942697
1729,set03,video_0010,3_10_676,1,13595,16,0,False,False,13647.0,-52.0,777.219970703125,56.0999755859375,518.0199890136719,1032.2374963387847
1730,set03,video_0010,3_10_676,1,13603,16,0,False,False,13647.0,-44.0,777.6199951171875,56.0899658203125,517.2000122070312,1032.0567404776812
1731,set03,video_0010,3_10_676,1,13611,16,0,False,False,13647.0,-36.0,777.989990234375,56.05999755859375,516.4249877929688,1035.4265125244856
1732,set03,video_0010,3_10_677,1,13533,16,0,False,False,13593.0,-60.0,772.27001953125,51.82000732421875,503.63999938964844,812.5389167238027
1733,set03,video_0010,3_10_677,1,13541,16,0,False,False,13593.0,-52.0,772.27001953125,51.82000732421875,503.63999938964844,812.5389167238027
1734,set03,video_0010,3_10_677,1,13549,16,0,False,False,13593.0,-44.0,772.27001953125,51.82000732421875,503.63999938964844,812.5389167238027
1735,set03,video_0010,3_10_677,1,13557,16,0,False,False,13593.0,-36.0,772.27001953125,51.82000732421875,503.63999938964844,812.5389167238027
1736,set03,video_0010,3_10_682,1,13679,16,0,False,False,13739.0,-60.0,789.1400146484375,36.69000244140625,568.7250061035156,499.35263515636325
1737,set03,video_0010,3_10_682,1,13687,16,0,False,False,13739.0,-52.0,790.030029296875,37.1400146484375,566.3200073242188,519.2166793942451
1738,set03,video_0010,3_10_682,1,13695,16,0,False,False,13739.0,-44.0,789.9000244140625,37.58001708984375,564.02001953125,539.6484949216247
1739,set03,video_0010,3_10_682,1,13703,16,0,False,False,13739.0,-36.0,791.2100219726562,38.1400146484375,560.1600036621094,546.9288343265653
1740,set03,video_0010,3_10_660,1,14513,16,0,False,False,14573.0,-60.0,781.5599975585938,69.78997802734375,318.61500549316406,1375.5598705690354
1741,set03,video_0010,3_10_660,1,14521,16,0,False,False,14573.0,-52.0,781.8599853515625,70.53997802734375,315.35499572753906,1390.342364160344
1742,set03,video_0010,3_10_660,1,14529,16,0,False,False,14573.0,-44.0,782.1599731445312,71.27996826171875,312.0850067138672,1404.9275653567165
1743,set03,video_0010,3_10_660,1,14537,16,0,False,False,14573.0,-36.0,782.4600219726562,72.030029296875,308.81500244140625,1419.7134601324797
1744,set03,video_0010,3_10_681,1,13666,16,0,False,False,13726.0,-60.0,787.3800048828125,51.3900146484375,589.4150085449219,1301.7099492922425
1745,set03,video_0010,3_10_681,1,13674,16,0,False,False,13726.0,-52.0,788.8699951171875,52.03997802734375,586.635009765625,1314.0094451904297
1746,set03,video_0010,3_10_681,1,13682,16,0,False,False,13726.0,-44.0,789.5999755859375,52.5799560546875,583.1999816894531,1323.9629083499312
1747,set03,video_0010,3_10_681,1,13690,16,0,False,False,13726.0,-36.0,790.3300170898438,53.11004638671875,579.760009765625,1333.0608676746488
1748,set03,video_0010,3_10_666,0,15966,16,0,False,False,,,800.6900024414062,62.97998046875,1218.8999633789062,1469.9505915045738
1749,set03,video_0010,3_10_666,0,15974,16,0,False,False,,,807.25,67.58001708984375,1259.5499877929688,1980.089551024139
1750,set03,video_0010,3_10_666,0,15982,16,0,False,False,,,814.4000244140625,76.69000244140625,1312.2849731445312,2315.276041723788
1751,set03,video_0010,3_10_666,0,15990,16,0,False,False,,,812.77001953125,83.8699951171875,1370.89501953125,2307.264384716749
1752,set03,video_0010,3_10_667,0,15968,16,0,False,False,,,799.3599853515625,62.469970703125,1198.489990234375,1697.929533302784
1753,set03,video_0010,3_10_667,0,15976,16,0,False,False,,,808.6300048828125,70.1600341796875,1242.8450317382812,1847.3106167465448
1754,set03,video_0010,3_10_667,0,15984,16,0,False,False,,,811.239990234375,77.739990234375,1291.0449829101562,2029.790006250143
1755,set03,video_0010,3_10_667,0,15992,16,0,False,False,,,813.4600219726562,87.0,1349.8300170898438,3558.3021240234375
1756,set03,video_0010,3_10_679,1,13561,16,0,False,False,13621.0,-60.0,784.1900024414062,53.1099853515625,601.2649841308594,958.6345872804523
1757,set03,video_0010,3_10_679,1,13569,16,0,False,False,13621.0,-52.0,783.1199951171875,52.77001953125,599.2949829101562,889.1735407710075
1758,set03,video_0010,3_10_679,1,13577,16,0,False,False,13621.0,-44.0,782.1099853515625,52.239990234375,596.3650207519531,800.8399430662394
1759,set03,video_0010,3_10_679,1,13585,16,0,False,False,13621.0,-36.0,783.739990234375,51.89996337890625,595.135009765625,810.1576680913568
1760,set03,video_0010,3_10_678,1,13429,16,0,False,False,13489.0,-60.0,787.1799926757812,51.77996826171875,719.1750183105469,1071.327669750899
1761,set03,video_0010,3_10_678,1,13437,16,0,False,False,13489.0,-52.0,787.780029296875,51.780029296875,724.1099853515625,1113.2706298828125
1762,set03,video_0010,3_10_678,1,13445,16,0,False,False,13489.0,-44.0,785.4500122070312,51.7900390625,727.3800048828125,1113.48583984375
1763,set03,video_0010,3_10_678,1,13453,16,0,False,False,13489.0,-36.0,785.0700073242188,51.780029296875,730.3800048828125,1113.2706298828125
1764,set03,video_0011,3_11_694,0,470,16,0,False,False,,,822.6599731445312,84.75994873046875,913.5400085449219,2975.077304441482
1765,set03,video_0011,3_11_694,0,478,16,0,False,False,,,825.4500122070312,90.91998291015625,1035.2550354003906,3190.3846420161426
1766,set03,video_0011,3_11_694,0,486,16,0,False,False,,,849.0999755859375,100.8599853515625,1148.2900390625,4056.5856559574604
1767,set03,video_0011,3_11_694,0,494,16,0,False,False,,,851.2000122070312,113.59002685546875,1262.2050170898438,4860.507820285857
1768,set03,video_0011,3_11_695,0,465,16,0,False,False,,,822.8300170898438,81.67999267578125,867.4299926757812,2174.3210062012076
1769,set03,video_0011,3_11_695,0,473,16,0,False,False,,,828.02001953125,89.09002685546875,992.5149841308594,2646.866655420512
1770,set03,video_0011,3_11_695,0,481,16,0,False,False,,,838.8099975585938,98.760009765625,1111.9600219726562,3292.655349999666
1771,set03,video_0011,3_11_695,0,489,16,0,False,False,,,853.8599853515625,108.45001220703125,1226.6799926757812,4008.321453370154
1772,set03,video_0011,3_11_696,0,1034,16,0,False,False,,,805.8400268554688,69.6300048828125,1092.8099975585938,1964.9651976078749
1773,set03,video_0011,3_11_696,0,1042,16,0,False,False,,,815.47998046875,80.17999267578125,1115.8200073242188,2623.4967989251018
1774,set03,video_0011,3_11_696,0,1050,16,0,False,False,,,821.5800170898438,90.67999267578125,1145.4400024414062,3282.6223764643073
1775,set03,video_0011,3_11_696,0,1058,16,0,False,False,,,826.1599731445312,106.6199951171875,1184.989990234375,4283.984115332365
1776,set03,video_0011,3_11_697,0,1031,16,0,False,False,,,799.030029296875,68.57000732421875,1139.1299438476562,1397.457084082067
1777,set03,video_0011,3_11_697,0,1039,16,0,False,False,,,805.260009765625,75.66998291015625,1164.3200073242188,1471.029271043837
1778,set03,video_0011,3_11_697,0,1047,16,0,False,False,,,814.9000244140625,88.59002685546875,1195.9299926757812,2209.440893165767
1779,set03,video_0011,3_11_697,0,1055,16,0,False,False,,,820.9500122070312,98.6500244140625,1245.4700317382812,2304.463125243783
1780,set03,video_0011,3_11_698,0,1033,16,0,False,False,,,802.5,66.83001708984375,1112.2200317382812,1013.145343311131
1781,set03,video_0011,3_11_698,0,1041,16,0,False,False,,,812.3699951171875,76.469970703125,1138.7099609375,1431.515611231327
1782,set03,video_0011,3_11_698,0,1049,16,0,False,False,,,818.3499755859375,86.97998046875,1170.9650268554688,1897.027852833271
1783,set03,video_0011,3_11_698,0,1057,16,0,False,False,,,821.8900146484375,99.35003662109375,1210.97998046875,2453.9410534650087
1784,set03,video_0011,3_11_699,0,1030,16,0,False,False,,,799.3599853515625,66.67999267578125,1110.6099853515625,849.5024555176497
1785,set03,video_0011,3_11_699,0,1038,16,0,False,False,,,808.4000244140625,77.3800048828125,1135.3899536132812,1286.0553033202887
1786,set03,video_0011,3_11_699,0,1046,16,0,False,False,,,818.3599853515625,89.3800048828125,1164.8299560546875,1943.1204333007336
1787,set03,video_0011,3_11_699,0,1054,16,0,False,False,,,824.97998046875,104.510009765625,1208.4800415039062,2600.209553271532
1788,set03,video_0011,3_11_700,0,1743,16,0,False,False,,,829.219970703125,119.12994384765625,1292.3300170898438,3471.44830878824
1789,set03,video_0011,3_11_700,0,1751,16,0,False,False,,,837.3800048828125,131.1099853515625,1321.489990234375,4449.865220606327
1790,set03,video_0011,3_11_700,0,1759,16,0,False,False,,,832.5999755859375,137.3199462890625,1360.47998046875,4743.036308884621
1791,set03,video_0011,3_11_700,0,1767,16,0,False,False,,,856.0399780273438,164.969970703125,1415.2250366210938,6405.776712745428
1792,set03,video_0011,3_11_702,0,4741,16,0,False,False,,,842.0599975585938,123.67999267578125,1326.25,6557.515627294779
1793,set03,video_0011,3_11_702,0,4749,16,0,False,False,,,852.8499755859375,137.00994873046875,1348.8800048828125,6979.278760403395
1794,set03,video_0011,3_11_702,0,4757,16,0,False,False,,,854.9000244140625,151.97003173828125,1386.7749633789062,8147.111175365746
1795,set03,video_0011,3_11_702,0,4765,16,0,False,False,,,860.5999755859375,166.90997314453125,1434.6449584960938,8948.04121530801
1796,set03,video_0011,3_11_703,0,4705,16,0,False,False,,,836.2999877929688,104.83001708984375,432.9100036621094,3352.461899071932
1797,set03,video_0011,3_11_703,0,4713,16,0,False,False,,,836.6699829101562,108.5799560546875,409.4250030517578,3558.1639670170844
1798,set03,video_0011,3_11_703,0,4721,16,0,False,False,,,838.1300048828125,115.84002685546875,378.7949981689453,3923.504679126665
1799,set03,video_0011,3_11_703,0,4729,16,0,False,False,,,831.969970703125,129.949951171875,336.7200012207031,4818.546410277486
1800,set03,video_0011,3_11_704,0,4708,16,0,False,False,,,830.4199829101562,109.1099853515625,392.7899932861328,3358.4052159301937
1801,set03,video_0011,3_11_704,0,4716,16,0,False,False,,,831.530029296875,114.8800048828125,362.0800018310547,3614.1239719726145
1802,set03,video_0011,3_11_704,0,4724,16,0,False,False,,,827.7000122070312,120.84002685546875,329.7050018310547,3865.6749667730182
1803,set03,video_0011,3_11_704,0,4732,16,0,False,False,,,823.6799926757812,127.66998291015625,287.0899963378906,4085.439453125
1804,set03,video_0011,3_11_705,0,4700,16,0,False,False,,,830.1900024414062,122.3499755859375,384.17999267578125,3646.027778930962
1805,set03,video_0011,3_11_705,0,4708,16,0,False,False,,,832.0,127.3699951171875,362.6549987792969,3896.251571215689
1806,set03,video_0011,3_11_705,0,4716,16,0,False,False,,,832.7999877929688,132.3900146484375,336.80999755859375,4051.1312160640955
1807,set03,video_0011,3_11_705,0,4724,16,0,False,False,,,832.6900024414062,141.41998291015625,299.9550018310547,4869.093291601166
1808,set03,video_0011,3_11_706,0,4838,16,0,False,False,,,841.0599975585938,111.1099853515625,1308.1950073242188,4225.50243486464
1809,set03,video_0011,3_11_706,0,4846,16,0,False,False,,,859.0399780273438,121.50994873046875,1339.2449951171875,5243.142421513796
1810,set03,video_0011,3_11_706,0,4854,16,0,False,False,,,881.1699829101562,135.7099609375,1379.9599609375,6750.212131738663
1811,set03,video_0011,3_11_706,0,4862,16,0,False,False,,,890.1099853515625,152.14996337890625,1431.22998046875,8471.699560061097
1812,set03,video_0011,3_11_707,0,4845,16,0,False,False,,,842.97998046875,101.94000244140625,1307.9600219726562,3453.727780468762
1813,set03,video_0011,3_11_707,0,4853,16,0,False,False,,,863.1599731445312,115.15997314453125,1340.5,4645.563438132405
1814,set03,video_0011,3_11_707,0,4861,16,0,False,False,,,873.719970703125,129.42999267578125,1384.6799926757812,5671.615327246487
1815,set03,video_0011,3_11_707,0,4869,16,0,False,False,,,850.7899780273438,145.80999755859375,1438.9949951171875,6953.6702400147915
1816,set03,video_0011,3_11_708,1,7873,16,0,False,False,7933.0,-60.0,789.75,38.57000732421875,772.2200012207031,504.49635495617986
1817,set03,video_0011,3_11_708,1,7881,16,0,False,False,7933.0,-52.0,790.4299926757812,40.40997314453125,765.3999938964844,543.110137719661
1818,set03,video_0011,3_11_708,1,7889,16,0,False,False,7933.0,-44.0,791.0999755859375,42.239990234375,758.5749816894531,582.4885372072458
1819,set03,video_0011,3_11_708,1,7897,16,0,False,False,7933.0,-36.0,791.77001953125,44.05999755859375,751.75,623.8910713866353
1820,set03,video_0011,3_11_709,1,7863,16,0,False,False,7923.0,-60.0,797.5999755859375,45.1199951171875,769.010009765625,739.0657403320074
1821,set03,video_0011,3_11_709,1,7871,16,0,False,False,7923.0,-52.0,799.3200073242188,47.989990234375,764.8050231933594,806.7116186767817
1822,set03,video_0011,3_11_709,1,7879,16,0,False,False,7923.0,-44.0,798.75,49.21002197265625,758.5799865722656,838.5376931391656
1823,set03,video_0011,3_11_709,1,7887,16,0,False,False,7923.0,-36.0,797.5999755859375,49.8699951171875,751.9850158691406,862.251119799912
1824,set03,video_0011,3_11_710,1,14468,16,0,False,False,14528.0,-60.0,783.530029296875,76.3900146484375,471.8500061035156,1799.7485586181283
1825,set03,video_0011,3_11_710,1,14476,16,0,False,False,14528.0,-52.0,783.489990234375,76.3900146484375,472.010009765625,1799.7485586181283
1826,set03,video_0011,3_11_710,1,14484,16,0,False,False,14528.0,-44.0,783.489990234375,76.3900146484375,472.67999267578125,1799.7485586181283
1827,set03,video_0011,3_11_710,1,14492,16,0,False,False,14528.0,-36.0,783.489990234375,76.3900146484375,473.3500061035156,1799.7485586181283
1828,set03,video_0011,3_11_711,1,14446,16,0,False,False,14506.0,-60.0,788.8699951171875,76.94000244140625,531.1700134277344,1937.3486979492009
1829,set03,video_0011,3_11_711,1,14454,16,0,False,False,14506.0,-52.0,788.7999877929688,76.94000244140625,531.0899963378906,1966.586274560541
1830,set03,video_0011,3_11_711,1,14462,16,0,False,False,14506.0,-44.0,788.72998046875,76.94000244140625,531.0049743652344,1995.0536997802556
1831,set03,video_0011,3_11_711,1,14470,16,0,False,False,14506.0,-36.0,788.6699829101562,76.94000244140625,530.9250183105469,2024.2912763915956
1832,set03,video_0011,3_11_713,1,14519,16,0,False,False,14579.0,-60.0,788.219970703125,66.30999755859375,711.9649963378906,1859.9946220703423
1833,set03,video_0011,3_11_713,1,14527,16,0,False,False,14579.0,-52.0,788.1799926757812,66.29998779296875,711.8399963378906,1859.0502009280026
1834,set03,video_0011,3_11_713,1,14535,16,0,False,False,14579.0,-44.0,788.1400146484375,66.2900390625,711.7049865722656,1858.1076909899712
1835,set03,video_0011,3_11_713,1,14543,16,0,False,False,14579.0,-36.0,788.0999755859375,66.27996826171875,711.5750122070312,1857.8294521719217
1836,set03,video_0011,3_11_714,1,14474,16,0,False,False,14534.0,-60.0,796.5,74.90997314453125,689.0849914550781,3194.9076113291085
1837,set03,video_0011,3_11_714,1,14482,16,0,False,False,14534.0,-52.0,796.3900146484375,74.80999755859375,689.0499877929688,3225.8067294433713
1838,set03,video_0011,3_11_714,1,14490,16,0,False,False,14534.0,-44.0,796.27001953125,74.70001220703125,689.0149841308594,3256.1755382083356
1839,set03,video_0011,3_11_714,1,14498,16,0,False,False,14534.0,-36.0,796.1599731445312,74.5999755859375,688.9750061035156,3286.1280139163136
1840,set03,video_0011,3_11_715,1,14925,16,0,False,False,14985.0,-60.0,799.8800048828125,93.66998291015625,482.11000061035156,3553.8365217167884
1841,set03,video_0011,3_11_715,1,14933,16,0,False,False,14985.0,-52.0,799.6699829101562,93.88995361328125,471.00999450683594,3413.8402033317834
1842,set03,video_0011,3_11_715,1,14941,16,0,False,False,14985.0,-44.0,798.4000244140625,93.8900146484375,456.55499267578125,2881.4847787842155
1843,set03,video_0011,3_11_715,1,14949,16,0,False,False,14985.0,-36.0,800.0999755859375,96.47998046875,438.69000244140625,3614.142188280821
1844,set03,video_0011,3_11_716,0,17546,16,0,False,False,,,847.9500122070312,136.5,1562.4600219726562,5607.414001464844
1845,set03,video_0011,3_11_716,0,17554,16,0,False,False,,,849.0800170898438,143.33001708984375,1598.2250366210938,6104.420528881252
1846,set03,video_0011,3_11_716,0,17562,16,0,False,False,,,850.8900146484375,152.97003173828125,1639.3550415039062,6514.988423265517
1847,set03,video_0011,3_11_716,0,17570,16,0,False,False,,,852.8599853515625,160.91998291015625,1683.5399780273438,6855.187343262136
1848,set03,video_0011,3_11_717,0,17541,16,0,False,False,,,806.7000122070312,104.0400390625,271.4300079345703,2238.9404976069927
1849,set03,video_0011,3_11_717,0,17549,16,0,False,False,,,807.1900024414062,111.3900146484375,241.16000366210938,2470.62970905751
1850,set03,video_0011,3_11_717,0,17557,16,0,False,False,,,807.6799926757812,118.72998046875,210.8800048828125,2711.7923191040754
1851,set03,video_0011,3_11_717,0,17565,16,0,False,False,,,808.1799926757812,126.0899658203125,180.61000061035156,2963.1141967773438
1852,set03,video_0011,3_11_718,0,15346,16,0,False,False,,,851.4600219726562,118.09002685546875,733.4550170898438,4233.524579711258
1853,set03,video_0011,3_11_718,0,15354,16,0,False,False,,,863.9000244140625,122.280029296875,831.9499816894531,4805.603658691049
1854,set03,video_0011,3_11_718,0,15362,16,0,False,False,,,873.1400146484375,129.32000732421875,955.7950134277344,5862.078142065555
1855,set03,video_0011,3_11_718,0,15370,16,0,False,False,,,880.5,137.280029296875,1098.1849975585938,7312.893084079027
1856,set03,video_0011,3_11_719,0,17717,16,0,False,False,,,859.260009765625,145.02001953125,518.0550079345703,7165.439696118236
1857,set03,video_0011,3_11_719,0,17725,16,0,False,False,,,862.3400268554688,154.70001220703125,486.4150085449219,7943.851292114705
1858,set03,video_0011,3_11_719,0,17733,16,0,False,False,,,866.5800170898438,164.48004150390625,449.7899932861328,9730.639857714996
1859,set03,video_0011,3_11_719,0,17741,16,0,False,False,,,852.489990234375,172.92999267578125,412.9150085449219,10906.695904638618
1860,set03,video_0011,3_11_720,0,17755,16,0,False,False,,,849.3699951171875,134.70001220703125,1511.3899536132812,6586.833885498345
1861,set03,video_0011,3_11_720,0,17763,16,0,False,False,,,865.6099853515625,145.3399658203125,1550.1799926757812,6854.2377557605505
1862,set03,video_0011,3_11_720,0,17771,16,0,False,False,,,857.8800048828125,156.510009765625,1594.9049682617188,8863.162617236376
1863,set03,video_0011,3_11_720,0,17779,16,0,False,False,,,870.4500122070312,165.84002685546875,1646.3599853515625,9651.88146533072
1864,set03,video_0011,3_11_712,1,14482,16,0,False,False,14542.0,-60.0,789.02001953125,76.86004638671875,565.1700134277344,1746.262693312019
1865,set03,video_0011,3_11_712,1,14490,16,0,False,False,14542.0,-52.0,788.97998046875,76.9599609375,565.135009765625,1747.7577066421509
1866,set03,video_0011,3_11_712,1,14498,16,0,False,False,14542.0,-44.0,788.9500122070312,77.05999755859375,565.1000061035156,1750.8055902831256
1867,set03,video_0011,3_11_712,1,14506,16,0,False,False,14542.0,-36.0,788.9099731445312,77.15997314453125,565.0700073242188,1753.0723292976618
1868,set03,video_0012,3_12_721,0,1057,16,0,False,False,,,823.7000122070312,107.8800048828125,1289.8400268554688,3659.294506445527
1869,set03,video_0012,3_12_721,0,1065,16,0,False,False,,,833.760009765625,116.32000732421875,1324.5700073242188,4008.397107861936
1870,set03,video_0012,3_12_721,0,1073,16,0,False,False,,,843.280029296875,128.31005859375,1367.4450073242188,5185.013853371143
1871,set03,video_0012,3_12_721,0,1081,16,0,False,False,,,853.52001953125,142.72003173828125,1418.1649780273438,6931.904275901616
1872,set03,video_0012,3_12_723,0,2481,16,0,False,False,,,845.260009765625,125.260009765625,1320.9600219726562,5799.529277831316
1873,set03,video_0012,3_12_723,0,2489,16,0,False,False,,,851.5399780273438,135.42999267578125,1348.5999755859375,6644.2033760249615
1874,set03,video_0012,3_12_723,0,2497,16,0,False,False,,,857.219970703125,150.16998291015625,1385.4549560546875,8071.636581420898
1875,set03,video_0012,3_12_723,0,2505,16,0,False,False,,,881.8200073242188,176.41998291015625,1427.0799560546875,11516.701652929187
1876,set03,video_0012,3_12_724,0,2514,16,0,False,False,,,802.9600219726562,78.32000732421875,491.3100128173828,1818.590665673837
1877,set03,video_0012,3_12_724,0,2522,16,0,False,False,,,811.030029296875,83.1800537109375,461.38999938964844,2026.267428394407
1878,set03,video_0012,3_12_724,0,2530,16,0,False,False,,,812.9600219726562,88.9000244140625,422.0849914550781,2367.408084228635
1879,set03,video_0012,3_12_724,0,2538,16,0,False,False,,,816.3099975585938,97.8900146484375,375.5400085449219,3003.264932446182
1880,set03,video_0012,3_12_725,0,499,16,0,False,False,,,877.8400268554688,168.52001953125,1375.1099853515625,7175.595597267151
1881,set03,video_0012,3_12_725,0,507,16,0,False,False,,,890.7999877929688,185.6400146484375,1401.10498046875,9012.83177563548
1882,set03,video_0012,3_12_725,0,515,16,0,False,False,,,898.47998046875,198.22998046875,1433.1700439453125,9471.434274315834
1883,set03,video_0012,3_12_725,0,523,16,0,False,False,,,909.5,214.70001220703125,1475.0250244140625,12295.873892456293
1884,set03,video_0012,3_12_728,0,2924,16,0,False,False,,,795.0999755859375,65.75,591.10498046875,1093.4228210449219
1885,set03,video_0012,3_12_728,0,2932,16,0,False,False,,,797.0,71.489990234375,556.7649841308594,1310.4127427488565
1886,set03,video_0012,3_12_728,0,2940,16,0,False,False,,,801.5999755859375,79.29998779296875,515.3849945068359,1623.2708469238132
1887,set03,video_0012,3_12_728,0,2948,16,0,False,False,,,811.5700073242188,90.6199951171875,465.90000915527344,2048.0124427489936
1888,set03,video_0012,3_12_730,0,2901,16,0,False,False,,,787.6599731445312,43.8599853515625,642.9499816894531,606.1453187987208
1889,set03,video_0012,3_12_730,0,2909,16,0,False,False,,,787.5999755859375,48.0999755859375,628.6999816894531,827.3201672360301
1890,set03,video_0012,3_12_730,0,2917,16,0,False,False,,,792.47998046875,55.75,605.9549865722656,1131.166275024414
1891,set03,video_0012,3_12_730,0,2925,16,0,False,False,,,795.3099975585938,60.91998291015625,580.14501953125,1301.859737329185
1892,set03,video_0012,3_12_731,0,2931,16,0,False,False,,,802.7999877929688,58.55999755859375,1221.875,812.2340286374092
1893,set03,video_0012,3_12_731,0,2939,16,0,False,False,,,804.1799926757812,64.39996337890625,1253.6500244140625,954.4118596166372
1894,set03,video_0012,3_12_731,0,2947,16,0,False,False,,,815.5900268554688,73.300048828125,1292.2550048828125,1403.6887768507004
1895,set03,video_0012,3_12_731,0,2955,16,0,False,False,,,819.9099731445312,85.0999755859375,1341.875,1821.9829978048801
1896,set03,video_0012,3_12_735,0,2975,16,0,False,False,,,799.1799926757812,65.82000732421875,582.0150146484375,1051.1435886472464
1897,set03,video_0012,3_12_735,0,2983,16,0,False,False,,,805.0,69.1300048828125,547.114990234375,1113.6833660155535
1898,set03,video_0012,3_12_735,0,2991,16,0,False,False,,,798.5999755859375,74.25,503.35499572753906,1392.1852340698242
1899,set03,video_0012,3_12_735,0,2999,16,0,False,False,,,797.030029296875,84.47003173828125,452.86500549316406,2029.8147595580667
1900,set03,video_0012,3_12_752,0,8412,16,0,False,False,,,807.3900146484375,86.67999267578125,1230.114990234375,2032.641595825553
1901,set03,video_0012,3_12_752,0,8420,16,0,False,False,,,814.3800048828125,95.780029296875,1265.25,2415.5695328116417
1902,set03,video_0012,3_12_752,0,8428,16,0,False,False,,,807.8699951171875,105.3699951171875,1304.864990234375,2808.100079834461
1903,set03,video_0012,3_12_752,0,8436,16,0,False,False,,,820.030029296875,116.52001953125,1358.8699951171875,3723.975272655487
1904,set03,video_0012,3_12_754,0,8492,16,0,False,False,,,784.9199829101562,71.3599853515625,608.9800109863281,1156.0326337888837
1905,set03,video_0012,3_12_754,0,8500,16,0,False,False,,,791.0900268554688,79.4100341796875,575.4249877929688,1361.8840249031782
1906,set03,video_0012,3_12_754,0,8508,16,0,False,False,,,804.6199951171875,88.25,533.1099853515625,1622.0354309082031
1907,set03,video_0012,3_12_754,0,8516,16,0,False,False,,,820.3099975585938,97.07000732421875,485.2550048828125,1903.5414217039943
1908,set03,video_0012,3_12_757,0,11316,16,0,False,False,,,815.1199951171875,93.6199951171875,496.42999267578125,1994.1047531738877
1909,set03,video_0012,3_12_757,0,11324,16,0,False,False,,,819.260009765625,101.3699951171875,465.0350036621094,2326.4426253661513
1910,set03,video_0012,3_12_757,0,11332,16,0,False,False,,,819.3499755859375,109.6300048828125,426.135009765625,2687.032490283251
1911,set03,video_0012,3_12_757,0,11340,16,0,False,False,,,817.0599975585938,119.8499755859375,381.05499267578125,3093.3275772705674
1912,set03,video_0012,3_12_758,0,11311,16,0,False,False,,,802.3400268554688,77.1600341796875,474.9150085449219,1499.218898974359
1913,set03,video_0012,3_12_758,0,11319,16,0,False,False,,,804.719970703125,83.38995361328125,442.32000732421875,1787.880809057504
1914,set03,video_0012,3_12_758,0,11327,16,0,False,False,,,807.3499755859375,90.1099853515625,408.09999084472656,2119.3858654908836
1915,set03,video_0012,3_12_759,0,11311,16,0,False,False,,,817.8400268554688,102.61004638671875,1331.9949951171875,4060.2865498811007
1916,set03,video_0012,3_12_759,0,11319,16,0,False,False,,,820.5499877929688,107.969970703125,1361.2249755859375,4702.0974960923195
1917,set03,video_0012,3_12_759,0,11327,16,0,False,False,,,827.260009765625,119.02001953125,1396.77001953125,5534.430908203125
1918,set03,video_0012,3_12_759,0,11335,16,0,False,False,,,826.3599853515625,130.0999755859375,1446.0599975585938,6796.437335446477
1919,set03,video_0012,3_12_761,0,11403,16,0,False,False,,,814.2899780273438,73.78997802734375,1355.469970703125,1422.67293818295
1920,set03,video_0012,3_12_761,0,11411,16,0,False,False,,,805.7000122070312,80.52001953125,1383.0549926757812,1714.2645320296288
1921,set03,video_0012,3_12_761,0,11419,16,0,False,False,,,805.6300048828125,89.59002685546875,1421.7849731445312,2342.781389527023
1922,set03,video_0012,3_12_761,0,11427,16,0,False,False,,,814.7000122070312,98.83001708984375,1469.364990234375,2809.7306299060583
1923,set03,video_0012,3_12_763,0,11406,16,0,False,False,,,810.1400146484375,71.8599853515625,1342.199951171875,1471.691096484661
1924,set03,video_0012,3_12_763,0,11414,16,0,False,False,,,801.9600219726562,81.67999267578125,1369.9800415039062,1744.6834470704198
1925,set03,video_0012,3_12_763,0,11422,16,0,False,False,,,806.1599731445312,88.26995849609375,1407.030029296875,1961.3558917492628
1926,set03,video_0012,3_12_763,0,11430,16,0,False,False,,,818.3400268554688,99.99005126953125,1453.89501953125,2680.7391333281994
1927,set03,video_0012,3_12_764,0,11424,16,0,False,False,,,801.7000122070312,69.1600341796875,1274.9650268554688,1429.5409457534552
1928,set03,video_0012,3_12_764,0,11432,16,0,False,False,,,815.0,75.79998779296875,1302.7899780273438,1653.9516623541713
1929,set03,video_0012,3_12_764,0,11440,16,0,False,False,,,841.739990234375,85.78997802734375,1335.0249633789062,2219.3863126710057
1930,set03,video_0012,3_12_764,0,11448,16,0,False,False,,,849.3699951171875,95.77996826171875,1381.02001953125,2865.7291675806046
1931,set03,video_0012,3_12_765,0,11403,16,0,False,False,,,815.3800048828125,74.53997802734375,1354.4500122070312,1299.981948338449
1932,set03,video_0012,3_12_765,0,11411,16,0,False,False,,,806.030029296875,81.08001708984375,1383.0,1584.3067011237144
1933,set03,video_0012,3_12_765,0,11419,16,0,False,False,,,805.22998046875,88.8599853515625,1420.3499755859375,2022.454134374857
1934,set03,video_0012,3_12_765,0,11427,16,0,False,False,,,816.2000122070312,99.97003173828125,1469.7949829101562,2720.192861892283
1935,set03,video_0012,3_12_766,0,11417,16,0,False,False,,,797.0399780273438,72.38995361328125,1308.8499755859375,1733.0112479031086
1936,set03,video_0012,3_12_766,0,11425,16,0,False,False,,,804.7000122070312,78.4100341796875,1336.4700317382812,2165.6847611814737
1937,set03,video_0012,3_12_766,0,11433,16,0,False,False,,,820.72998046875,89.14996337890625,1371.1349487304688,2441.818802855909
1938,set03,video_0012,3_12_766,0,11441,16,0,False,False,,,843.0599975585938,98.1500244140625,1415.0499877929688,3405.81303589046
1939,set03,video_0012,3_12_767,0,11411,16,0,False,False,,,799.1699829101562,77.8599853515625,1340.449951171875,2178.52086943388
1940,set03,video_0012,3_12_767,0,11419,16,0,False,False,,,799.0999755859375,86.9599609375,1368.3300170898438,2481.8300668001175
1941,set03,video_0012,3_12_767,0,11427,16,0,False,False,,,807.1199951171875,91.22998046875,1407.469970703125,2990.521432518959
1942,set03,video_0012,3_12_767,0,11435,16,0,False,False,,,820.7100219726562,97.05999755859375,1456.1050415039062,3627.131634838879
1943,set03,video_0012,3_12_768,0,11400,16,0,False,False,,,811.3499755859375,66.25,1363.4849853515625,1092.4618530273438
1944,set03,video_0012,3_12_768,0,11408,16,0,False,False,,,812.0800170898438,73.84002685546875,1393.9649658203125,1288.5048631578684
1945,set03,video_0012,3_12_768,0,11416,16,0,False,False,,,805.8800048828125,80.44000244140625,1430.9100341796875,1549.2752325683832
1946,set03,video_0012,3_12_768,0,11424,16,0,False,False,,,813.3499755859375,89.89996337890625,1477.9550170898438,2410.2123116478324
1947,set03,video_0012,3_12_770,0,11407,16,0,False,False,,,788.1400146484375,63.32000732421875,532.2149963378906,1418.9996636472642
1948,set03,video_0012,3_12_770,0,11415,16,0,False,False,,,773.1900024414062,63.32000732421875,490.625,1418.9996636472642
1949,set03,video_0012,3_12_770,0,11423,16,0,False,False,,,774.989990234375,63.33001708984375,446.2949981689453,1419.2259149048477
1950,set03,video_0012,3_12_770,0,11431,16,0,False,False,,,789.0,75.44000244140625,389.99501037597656,1832.438303930685
1951,set03,video_0012,3_12_777,0,15785,16,0,False,False,,,815.260009765625,103.760009765625,1307.6849975585938,2601.2578717768192
1952,set03,video_0012,3_12_777,0,15793,16,0,False,False,,,827.5,112.42999267578125,1345.344970703125,3182.8996803462505
1953,set03,video_0012,3_12_777,0,15801,16,0,False,False,,,829.8499755859375,124.54998779296875,1393.2550048828125,4607.1028321534395
1954,set03,video_0012,3_12_777,0,15809,16,0,False,False,,,833.6300048828125,140.70001220703125,1447.3900146484375,6061.36751806736
1955,set03,video_0012,3_12_785,0,15859,16,0,False,False,,,789.4299926757812,65.8399658203125,513.47998046875,1175.900825098157
1956,set03,video_0012,3_12_785,0,15867,16,0,False,False,,,802.3699951171875,69.8499755859375,473.9149932861328,1306.8924463503063
1957,set03,video_0012,3_12_785,0,15875,16,0,False,False,,,792.0,83.3499755859375,431.8350067138672,1882.8756432496011
1958,set03,video_0012,3_12_785,0,15883,16,0,False,False,,,812.1699829101562,102.54998779296875,381.2149963378906,2899.0901578366756
1959,set03,video_0012,3_12_788,0,16375,16,0,False,False,,,818.0999755859375,88.04998779296875,539.3450012207031,2830.8038830570877
1960,set03,video_0012,3_12_788,0,16383,16,0,False,False,,,820.9600219726562,96.030029296875,507.4600067138672,3468.607119910419
1961,set03,video_0012,3_12_788,0,16391,16,0,False,False,,,823.1900024414062,103.19000244140625,469.7099914550781,4109.026653002948
1962,set03,video_0012,3_12_788,0,16399,16,0,False,False,,,826.27001953125,113.47003173828125,403.76499938964844,4635.251489074901
1963,set03,video_0012,3_12_795,0,16474,16,0,False,False,,,793.0399780273438,86.0,571.0350036621094,2379.6185302734375
1964,set03,video_0012,3_12_795,0,16482,16,0,False,False,,,799.1799926757812,94.27996826171875,536.7999877929688,2722.805943749845
1965,set03,video_0012,3_12_795,0,16490,16,0,False,False,,,801.9000244140625,98.02001953125,497.0399932861328,3160.161481127143
1966,set03,video_0012,3_12_795,0,16498,16,0,False,False,,,787.0900268554688,98.02001953125,448.2850036621094,3161.1456298828125
1967,set03,video_0012,3_12_796,0,16476,16,0,False,False,,,793.0399780273438,76.17999267578125,581.9049987792969,1647.7689638920128
1968,set03,video_0012,3_12_796,0,16484,16,0,False,False,,,802.0,84.71002197265625,547.625,1832.2781888917089
1969,set03,video_0012,3_12_796,0,16492,16,0,False,False,,,799.989990234375,85.67999267578125,508.5900115966797,1852.4036380369216
1970,set03,video_0012,3_12_796,0,16500,16,0,False,False,,,789.760009765625,85.67999267578125,456.635009765625,1853.2586599364877
1971,set03,video_0012,3_12_799,0,17072,16,0,False,False,,,806.3599853515625,71.6400146484375,566.3899841308594,1454.2914228513837
1972,set03,video_0012,3_12_799,0,17080,16,0,False,False,,,806.8499755859375,75.25,533.1999816894531,1620.8833465576172
1973,set03,video_0012,3_12_799,0,17088,16,0,False,False,,,809.2999877929688,82.5899658203125,494.5749969482422,2052.3611547239125
1974,set03,video_0012,3_12_799,0,17096,16,0,False,False,,,817.47998046875,99.0999755859375,446.6549987792969,2888.766707763076
1975,set03,video_0012,3_12_800,0,17080,16,0,False,False,,,819.6799926757812,82.8399658203125,1235.989990234375,2563.0636885762215
1976,set03,video_0012,3_12_800,0,17088,16,0,False,False,,,823.4600219726562,92.35003662109375,1264.5449829101562,3098.3369647189975
1977,set03,video_0012,3_12_800,0,17096,16,0,False,False,,,832.3099975585938,102.65997314453125,1304.1650390625,3828.1944087147713
1978,set03,video_0012,3_12_800,0,17104,16,0,False,False,,,843.5399780273438,116.449951171875,1352.4849853515625,4910.685343265533
1979,set03,video_0012,3_12_801,0,17084,16,0,False,False,,,813.5,88.0999755859375,1245.6849975585938,1995.4665978997946
1980,set03,video_0012,3_12_801,0,17092,16,0,False,False,,,819.1500244140625,96.34002685546875,1280.5399780273438,2468.231017626822
1981,set03,video_0012,3_12_801,0,17100,16,0,False,False,,,825.6799926757812,107.33001708984375,1317.7150268554688,3175.891537182033
1982,set03,video_0012,3_12_801,0,17108,16,0,False,False,,,836.0,121.58001708984375,1366.6749877929688,4390.252636156976
1983,set03,video_0012,3_12_736,0,2968,16,0,False,False,,,799.4299926757812,61.3800048828125,587.0950012207031,1368.1589601561427
1984,set03,video_0012,3_12_736,0,2976,16,0,False,False,,,803.5800170898438,66.72003173828125,560.4499816894531,1598.6134264655411
1985,set03,video_0012,3_12_736,0,2984,16,0,False,False,,,810.0,72.78997802734375,520.5399932861328,1758.606135705486
1986,set03,video_0012,3_12_736,0,2992,16,0,False,False,,,803.469970703125,78.3499755859375,469.63999938964844,2099.7807803340256
1987,set03,video_0012,3_12_737,0,3798,16,0,False,False,,,834.0999755859375,110.55999755859375,1161.8699951171875,4550.639782324433
1988,set03,video_0012,3_12_737,0,3806,16,0,False,False,,,842.6799926757812,126.760009765625,1193.1500244140625,6183.356990039349
1989,set03,video_0012,3_12_737,0,3814,16,0,False,False,,,854.1500244140625,145.3900146484375,1239.699951171875,7743.473600000143
1990,set03,video_0012,3_12_737,0,3822,16,0,False,False,,,868.5,165.66998291015625,1297.9400024414062,9794.408580712974
1991,set03,video_0012,3_12_740,1,5356,16,0,False,False,5416.0,-60.0,813.6699829101562,94.69000244140625,1361.1900024414062,2800.926111035049
1992,set03,video_0012,3_12_740,1,5364,16,0,False,False,5416.0,-52.0,807.1400146484375,96.6400146484375,1359.0700073242188,3229.713536426425
1993,set03,video_0012,3_12_740,1,5372,16,0,False,False,5416.0,-44.0,814.6699829101562,104.469970703125,1364.7999877929688,4189.243274658918
1994,set03,video_0012,3_12_740,1,5380,16,0,False,False,5416.0,-36.0,831.4299926757812,113.29998779296875,1370.0150146484375,5657.060645386577
1995,set03,video_0012,3_12_741,1,5706,16,0,False,False,5766.0,-60.0,874.8599853515625,249.51995849609375,239.26499938964844,18112.652873462066
1996,set03,video_0012,3_12_741,1,5714,16,0,False,False,5766.0,-52.0,886.02001953125,263.02001953125,251.66000366210938,19989.521484375
1997,set03,video_0012,3_12_741,1,5722,16,0,False,False,5766.0,-44.0,898.2999877929688,275.489990234375,267.6850051879883,21617.704073626548
1998,set03,video_0012,3_12_741,1,5730,16,0,False,False,5766.0,-36.0,911.8200073242188,287.96002197265625,287.15999603271484,24580.267651342787
1999,set03,video_0012,3_12_742,1,5844,16,0,False,False,5904.0,-60.0,882.1300048828125,260.25,230.87000274658203,21147.913570404053
2000,set03,video_0012,3_12_742,1,5852,16,0,False,False,5904.0,-52.0,894.5999755859375,274.25994873046875,242.81500244140625,21340.16594113782
2001,set03,video_0012,3_12_742,1,5860,16,0,False,False,5904.0,-44.0,903.8599853515625,282.70001220703125,258.23499298095703,25587.17655194085
2002,set03,video_0012,3_12_742,1,5868,16,0,False,False,5904.0,-36.0,917.6199951171875,296.94000244140625,272.95499420166016,31033.198024011217
2003,set03,video_0012,3_12_743,1,5856,16,0,False,False,5916.0,-60.0,862.9400024414062,241.8800048828125,191.26499938964844,15879.420844238251
2004,set03,video_0012,3_12_743,1,5864,16,0,False,False,5916.0,-52.0,872.5999755859375,250.6099853515625,211.53500366210938,18953.63441582024
2005,set03,video_0012,3_12_743,1,5872,16,0,False,False,5916.0,-44.0,881.260009765625,259.17999267578125,232.15499877929688,20731.805083081126
2006,set03,video_0012,3_12_743,1,5880,16,0,False,False,5916.0,-36.0,891.1400146484375,271.1300048828125,252.5250015258789,17512.29015958868
2007,set03,video_0012,3_12_747,1,7431,16,0,False,False,7491.0,-60.0,798.8900146484375,85.19000244140625,834.3949890136719,2411.7287611328065
2008,set03,video_0012,3_12_747,1,7439,16,0,False,False,7491.0,-52.0,798.9000244140625,85.050048828125,834.4549865722656,2399.263746216893
2009,set03,video_0012,3_12_747,1,7447,16,0,False,False,7491.0,-44.0,799.1900024414062,84.91998291015625,834.5700073242188,2386.2494465336204
2010,set03,video_0012,3_12_747,1,7455,16,0,False,False,7491.0,-36.0,800.3200073242188,84.78997802734375,834.8200073242188,2374.119384765625
2011,set03,video_0012,3_12_732,0,2984,16,0,False,False,,,809.77001953125,73.07000732421875,1196.4849853515625,1712.0252765864134
2012,set03,video_0012,3_12_732,0,2992,16,0,False,False,,,808.3599853515625,79.76995849609375,1224.5250244140625,2070.026527956128
2013,set03,video_0012,3_12_732,0,3000,16,0,False,False,,,815.5800170898438,90.5400390625,1260.3150024414062,2577.68331182003
2014,set03,video_0012,3_12_732,0,3008,16,0,False,False,,,842.760009765625,104.010009765625,1303.530029296875,3613.306723535061
2015,set03,video_0012,3_12_733,0,2981,16,0,False,False,,,801.0399780273438,72.5899658203125,1236.7899780273438,2096.3985673338175
2016,set03,video_0012,3_12_733,0,2989,16,0,False,False,,,807.22998046875,81.8599853515625,1269.219970703125,2662.0883224606514
2017,set03,video_0012,3_12_733,0,2997,16,0,False,False,,,802.3900146484375,93.23004150390625,1307.3699951171875,3542.7415771484375
2018,set03,video_0012,3_12_733,0,3005,16,0,False,False,,,823.7999877929688,105.719970703125,1353.8800048828125,4740.492778122425
2019,set03,video_0012,3_12_734,0,2989,16,0,False,False,,,807.2000122070312,72.94000244140625,1190.6500244140625,1334.805606201291
2020,set03,video_0012,3_12_734,0,2997,16,0,False,False,,,798.010009765625,83.32000732421875,1218.7000122070312,1846.3742101565003
2021,set03,video_0012,3_12_734,0,3005,16,0,False,False,,,821.780029296875,93.1800537109375,1250.3900146484375,2424.546817481518
2022,set03,video_0012,3_12_734,0,3013,16,0,False,False,,,850.6599731445312,108.27996826171875,1292.9249877929688,3812.54667057842
2023,set03,video_0012,3_12_744,1,6802,16,0,False,False,6862.0,-60.0,898.3599853515625,260.719970703125,259.0699996948242,26358.786651123315
2024,set03,video_0012,3_12_744,1,6810,16,0,False,False,6862.0,-52.0,909.8499755859375,272.76995849609375,267.35499572753906,30656.611306751147
2025,set03,video_0012,3_12_744,1,6818,16,0,False,False,6862.0,-44.0,921.469970703125,287.80999755859375,274.4300079345703,31290.703285900876
2026,set03,video_0012,3_12_744,1,6826,16,0,False,False,6862.0,-36.0,935.3599853515625,299.64996337890625,292.46500396728516,28152.113144989125
2027,set03,video_0012,3_12_745,1,6889,16,0,False,False,6949.0,-60.0,876.739990234375,269.1400146484375,214.08499908447266,26749.825891638175
2028,set03,video_0012,3_12_745,1,6897,16,0,False,False,6949.0,-52.0,891.280029296875,282.280029296875,229.625,32888.44897001982
2029,set03,video_0012,3_12_745,1,6905,16,0,False,False,6949.0,-44.0,900.4000244140625,291.6600341796875,243.40999603271484,34993.3696547728
2030,set03,video_0012,3_12_745,1,6913,16,0,False,False,6949.0,-36.0,915.4400024414062,309.3599853515625,264.48499298095703,35078.32855019532
2031,set03,video_0012,3_12_746,1,7423,16,0,False,False,7483.0,-60.0,835.3099975585938,191.08001708984375,291.9149932861328,17367.259721020237
2032,set03,video_0012,3_12_746,1,7431,16,0,False,False,7483.0,-52.0,835.530029296875,190.9200439453125,292.2000045776367,17801.38594621606
2033,set03,video_0012,3_12_746,1,7439,16,0,False,False,7483.0,-44.0,835.760009765625,190.780029296875,292.48500061035156,18236.662301830947
2034,set03,video_0012,3_12_746,1,7447,16,0,False,False,7483.0,-36.0,835.989990234375,190.6300048828125,292.77000427246094,18666.49263785407
2035,set03,video_0012,3_12_748,1,7526,16,0,False,False,7586.0,-60.0,801.7100219726562,89.6700439453125,1039.5549926757812,2882.894102051854
2036,set03,video_0012,3_12_748,1,7534,16,0,False,False,7586.0,-52.0,806.2999877929688,87.94000244140625,1033.4099731445312,4535.941461376846
2037,set03,video_0012,3_12_748,1,7542,16,0,False,False,7586.0,-44.0,807.8900146484375,87.94000244140625,1026.5249938964844,3293.354164917022
2038,set03,video_0012,3_12_748,1,7550,16,0,False,False,7586.0,-36.0,814.4500122070312,94.25,1017.4100341796875,4054.6368408203125
2039,set03,video_0012,3_12_749,1,7477,16,0,False,False,7537.0,-60.0,804.719970703125,92.6199951171875,968.2750244140625,3346.3608758300543
2040,set03,video_0012,3_12_749,1,7485,16,0,False,False,7537.0,-52.0,805.239990234375,92.6199951171875,970.864990234375,3379.702717334032
2041,set03,video_0012,3_12_749,1,7493,16,0,False,False,7537.0,-44.0,805.989990234375,92.6199951171875,977.5350036621094,3457.506000585854
2042,set03,video_0012,3_12_749,1,7501,16,0,False,False,7537.0,-36.0,805.1699829101562,92.6199951171875,984.7149963378906,3457.506000585854
2043,set03,video_0012,3_12_750,1,7435,16,0,False,False,7495.0,-60.0,791.7999877929688,87.15997314453125,756.2249755859375,3410.570174731314
2044,set03,video_0012,3_12_750,1,7443,16,0,False,False,7495.0,-52.0,791.7999877929688,87.15997314453125,753.635009765625,3410.570174731314
2045,set03,video_0012,3_12_750,1,7451,16,0,False,False,7495.0,-44.0,791.7999877929688,87.15997314453125,752.4450073242188,3258.9126726314425
2046,set03,video_0012,3_12_750,1,7459,16,0,False,False,7495.0,-36.0,792.0599975585938,87.16998291015625,753.2650146484375,3194.7820018306375
2047,set03,video_0012,3_12_751,0,8409,16,0,False,False,,,809.27001953125,81.030029296875,1206.625,2060.5881058573723
2048,set03,video_0012,3_12_751,0,8417,16,0,False,False,,,817.1400146484375,88.54998779296875,1236.6849975585938,2506.844533570111
2049,set03,video_0012,3_12_751,0,8425,16,0,False,False,,,814.5599975585938,100.52996826171875,1276.5449829101562,3135.5360913798213
2050,set03,video_0012,3_12_751,0,8433,16,0,False,False,,,830.5,115.6500244140625,1327.780029296875,3705.431299805641
2051,set03,video_0012,3_12_753,0,8483,16,0,False,False,,,804.6400146484375,76.3599853515625,1249.614990234375,2352.6556228995323
2052,set03,video_0012,3_12_753,0,8491,16,0,False,False,,,807.7000122070312,82.8800048828125,1280.2900390625,2504.6313194334507
2053,set03,video_0012,3_12_753,0,8499,16,0,False,False,,,815.9000244140625,94.3800048828125,1314.8200073242188,3960.1928391605616
2054,set03,video_0012,3_12_753,0,8507,16,0,False,False,,,830.8800048828125,106.08001708984375,1360.02001953125,4378.986213281751
2055,set03,video_0012,3_12_755,0,8483,16,0,False,False,,,782.530029296875,67.47003173828125,595.9100036621094,1365.5969015397131
2056,set03,video_0012,3_12_755,0,8491,16,0,False,False,,,786.030029296875,76.35003662109375,561.22998046875,1545.3239956051111
2057,set03,video_0012,3_12_755,0,8499,16,0,False,False,,,789.77001953125,86.21002197265625,516.9499816894531,2244.9070779047906
2058,set03,video_0012,3_12_755,0,8507,16,0,False,False,,,805.6400146484375,97.0,466.24501037597656,3004.090118408203
2059,set03,video_0012,3_12_756,0,10603,16,0,False,False,,,853.52001953125,141.300048828125,1077.8799438476562,7330.64722314477
2060,set03,video_0012,3_12_756,0,10611,16,0,False,False,,,861.8400268554688,153.510009765625,1092.2899780273438,8961.915119677782
2061,set03,video_0012,3_12_756,0,10619,16,0,False,False,,,870.489990234375,171.29998779296875,1116.02001953125,12237.661090821028
2062,set03,video_0012,3_12_756,0,10627,16,0,False,False,,,883.25,199.22998046875,1161.1500244140625,17795.235474705696
2063,set03,video_0012,3_12_760,0,11317,16,0,False,False,,,822.3900146484375,107.239990234375,1318.4349975585938,3100.311783105135
2064,set03,video_0012,3_12_760,0,11325,16,0,False,False,,,826.9000244140625,118.27001953125,1350.7200317382812,3798.8324498534203
2065,set03,video_0012,3_12_760,0,11333,16,0,False,False,,,831.239990234375,129.719970703125,1384.2749633789062,4616.729323536158
2066,set03,video_0012,3_12_760,0,11341,16,0,False,False,,,828.219970703125,143.0799560546875,1430.8699951171875,5588.711467087269
2067,set03,video_0012,3_12_762,0,11398,16,0,False,False,,,807.6300048828125,69.78997802734375,1362.5650024414062,1100.5807972922921
2068,set03,video_0012,3_12_762,0,11406,16,0,False,False,,,816.1599731445312,74.8399658203125,1397.3300170898438,1242.3416054695845
2069,set03,video_0012,3_12_762,0,11414,16,0,False,False,,,803.5999755859375,80.54998779296875,1431.5950317382812,1402.3780406489968
2070,set03,video_0012,3_12_762,0,11422,16,0,False,False,,,812.760009765625,92.510009765625,1478.8599853515625,1894.6031931638718
2071,set03,video_0012,3_12_773,0,11415,16,0,False,False,,,765.8499755859375,54.28997802734375,532.3900146484375,880.5818530768156
2072,set03,video_0012,3_12_773,0,11423,16,0,False,False,,,781.6500244140625,65.9300537109375,491.64500427246094,1292.8893995247781
2073,set03,video_0012,3_12_773,0,11431,16,0,False,False,,,798.8300170898438,77.59002685546875,447.4550018310547,1783.7963275518268
2074,set03,video_0012,3_12_773,0,11439,16,0,False,False,,,819.1400146484375,89.23004150390625,401.0299987792969,2353.888930566609
2075,set03,video_0012,3_12_776,0,15783,16,0,False,False,,,821.0700073242188,112.010009765625,1266.905029296875,3388.3027954101562
2076,set03,video_0012,3_12_776,0,15791,16,0,False,False,,,834.0999755859375,122.17999267578125,1306.239990234375,4486.445751562715
2077,set03,video_0012,3_12_776,0,15799,16,0,False,False,,,840.0700073242188,139.09002685546875,1353.1699829101562,5716.596708007157
2078,set03,video_0012,3_12_776,0,15807,16,0,False,False,,,847.52001953125,158.1300048828125,1406.239990234375,7191.749533593655
2079,set03,video_0012,3_12_778,0,15850,16,0,False,False,,,810.9099731445312,101.239990234375,1281.2650146484375,3663.8693145513535
2080,set03,video_0012,3_12_778,0,15858,16,0,False,False,,,819.5800170898438,113.95001220703125,1311.0449829101562,4463.42698571831
2081,set03,video_0012,3_12_778,0,15866,16,0,False,False,,,848.739990234375,124.8699951171875,1342.8999633789062,5264.523262158036
2082,set03,video_0012,3_12_778,0,15874,16,0,False,False,,,847.0,142.52001953125,1387.7900390625,7442.391244530678
2083,set03,video_0012,3_12_779,0,15776,16,0,False,False,,,819.969970703125,86.97998046875,501.2850036621094,3798.414260596037
2084,set03,video_0012,3_12_779,0,15784,16,0,False,False,,,823.7999877929688,97.3800048828125,465.38999938964844,4808.6221447996795
2085,set03,video_0012,3_12_779,0,15792,16,0,False,False,,,830.5,104.739990234375,426.1000061035156,4805.471263378859
2086,set03,video_0012,3_12_779,0,15800,16,0,False,False,,,832.2100219726562,113.530029296875,372.51499938964844,4896.547253258526
2087,set03,video_0012,3_12_780,0,15767,16,0,False,False,,,817.219970703125,77.3599853515625,491.9199981689453,1695.7319176755846
2088,set03,video_0012,3_12_780,0,15775,16,0,False,False,,,818.3800048828125,80.3499755859375,454.13999938964844,2273.9057803340256
2089,set03,video_0012,3_12_780,0,15783,16,0,False,False,,,822.9099731445312,91.28997802734375,407.9550018310547,2639.193599084392
2090,set03,video_0012,3_12_780,0,15791,16,0,False,False,,,826.9400024414062,101.02001953125,359.5,3040.7001215815544
2091,set03,video_0012,3_12_781,0,15779,16,0,False,False,,,805.3400268554688,80.75,445.8300018310547,2533.932929992676
2092,set03,video_0012,3_12_781,0,15787,16,0,False,False,,,804.8599853515625,87.9599609375,409.56500244140625,3116.42077177763
2093,set03,video_0012,3_12_781,0,15795,16,0,False,False,,,813.6400146484375,98.6199951171875,364.3249969482422,3997.068281713873
2094,set03,video_0012,3_12_781,0,15803,16,0,False,False,,,812.8099975585938,107.989990234375,315.81500244140625,4296.919338598847
2095,set03,video_0012,3_12_782,0,15853,16,0,False,False,,,796.8200073242188,72.8900146484375,500.78001403808594,1368.8743861205876
2096,set03,video_0012,3_12_782,0,15861,16,0,False,False,,,807.8400268554688,81.35003662109375,460.4800109863281,1718.1123762205243
2097,set03,video_0012,3_12_782,0,15869,16,0,False,False,,,819.02001953125,89.80999755859375,415.0699920654297,2106.9417753051966
2098,set03,video_0012,3_12_782,0,15877,16,0,False,False,,,800.6300048828125,98.27001953125,369.1449890136719,2536.3489641845226
2099,set03,video_0012,3_12_784,0,15862,16,0,False,False,,,833.1099853515625,96.53997802734375,657.3900146484375,4043.0947511717677
2100,set03,video_0012,3_12_784,0,15870,16,0,False,False,,,847.2000122070312,109.0,632.9700012207031,5112.096008300781
2101,set03,video_0012,3_12_784,0,15878,16,0,False,False,,,836.02001953125,121.6600341796875,602.614990234375,5502.680969774723
2102,set03,video_0012,3_12_784,0,15886,16,0,False,False,,,859.5800170898438,138.20001220703125,553.1050109863281,6930.725551147014
2103,set03,video_0012,3_12_786,0,15854,16,0,False,False,,,808.2899780273438,77.75994873046875,539.8200073242188,1718.492968507111
2104,set03,video_0012,3_12_786,0,15862,16,0,False,False,,,823.5900268554688,84.4300537109375,501.0850067138672,1951.179881092161
2105,set03,video_0012,3_12_786,0,15870,16,0,False,False,,,830.7899780273438,92.3800048828125,457.1699981689453,2305.8041324950755
2106,set03,video_0012,3_12_786,0,15878,16,0,False,False,,,816.3699951171875,103.3699951171875,410.3350067138672,3046.3138822875917
2107,set03,video_0012,3_12_787,0,15865,16,0,False,False,,,823.3699951171875,88.66998291015625,526.1849975585938,2093.4969976320863
2108,set03,video_0012,3_12_787,0,15873,16,0,False,False,,,815.6400146484375,97.760009765625,490.6800079345703,2483.103651367128
2109,set03,video_0012,3_12_787,0,15881,16,0,False,False,,,814.3599853515625,106.8499755859375,450.4049987792969,2903.1120106205344
2110,set03,video_0012,3_12_787,0,15889,16,0,False,False,,,832.5,115.95001220703125,398.3199920654297,3357.9113627318293
2111,set03,video_0012,3_12_783,0,15849,16,0,False,False,,,804.97998046875,69.0899658203125,489.5850067138672,1607.7227455936372
2112,set03,video_0012,3_12_783,0,15857,16,0,False,False,,,800.3400268554688,70.9200439453125,450.97999572753906,1682.2235289551318
2113,set03,video_0012,3_12_783,0,15865,16,0,False,False,,,811.5800170898438,70.9200439453125,406.24000549316406,1682.2235289551318
2114,set03,video_0012,3_12_783,0,15873,16,0,False,False,,,798.77001953125,76.09002685546875,356.27000427246094,2118.3460690062493
2115,set03,video_0012,3_12_790,0,16421,16,0,False,False,,,834.969970703125,131.39996337890625,1470.9249877929688,6545.023835085332
2116,set03,video_0012,3_12_792,0,16501,16,0,False,False,,,818.8499755859375,103.14996337890625,1389.425048828125,3481.311264038086
2117,set03,video_0012,3_12_792,0,16509,16,0,False,False,,,844.2999877929688,117.29998779296875,1451.3500366210938,5970.572242431343
2118,set03,video_0012,3_12_794,0,16461,16,0,False,False,,,804.1599731445312,71.3599853515625,567.9299926757812,2050.8852821290493
2119,set03,video_0012,3_12_794,0,16469,16,0,False,False,,,804.9400024414062,81.47998046875,523.3549957275391,3504.452269092202
2120,set03,video_0012,3_12_794,0,16477,16,0,False,False,,,802.0599975585938,85.8900146484375,478.75,4237.815629370511
2121,set03,video_0012,3_12_794,0,16485,16,0,False,False,,,810.1799926757812,98.89996337890625,432.4949951171875,4309.0721287839115
2122,set03,video_0012,3_12_798,0,16557,16,0,False,False,,,806.8699951171875,81.90997314453125,1268.989990234375,2624.398739159107
2123,set03,video_0012,3_12_798,0,16565,16,0,False,False,,,812.510009765625,89.47003173828125,1297.8499755859375,3469.650452002883
2124,set03,video_0012,3_12_798,0,16573,16,0,False,False,,,824.989990234375,100.97998046875,1333.9000244140625,4471.396493554115
2125,set03,video_0012,3_12_798,0,16581,16,0,False,False,,,835.4600219726562,118.050048828125,1385.0999755859375,5222.533007323742
2126,set03,video_0013,3_13_804,0,800,16,0,False,False,,,891.5,231.3599853515625,1524.6950073242188,13157.44123725593
2127,set03,video_0013,3_13_806,0,806,16,0,False,False,,,888.22998046875,226.57000732421875,1539.1649780273438,9889.786351196468
2128,set03,video_0013,3_13_806,0,814,16,0,False,False,,,898.969970703125,251.13995361328125,1603.6100463867188,14279.814083643258
2129,set03,video_0013,3_13_807,0,725,16,0,False,False,,,812.3099975585938,93.239990234375,285.0350036621094,2744.0522296875715
2130,set03,video_0013,3_13_807,0,733,16,0,False,False,,,813.0,97.6300048828125,254.75,2917.1850226074457
2131,set03,video_0013,3_13_807,0,741,16,0,False,False,,,814.8200073242188,101.97003173828125,222.94000244140625,3046.8650462403893
2132,set03,video_0013,3_13_807,0,749,16,0,False,False,,,815.4500122070312,106.1300048828125,185.38999938964844,3171.165064111352
2133,set03,video_0013,3_13_813,1,18440,16,0,False,False,18500.0,-60.0,1030.4200439453125,478.24005126953125,1868.6150512695312,48240.07163640112
2134,set03,video_0013,3_13_813,1,18448,16,0,False,False,18500.0,-52.0,1029.43994140625,475.76995849609375,1869.0849609375,47800.593791529536
2135,set03,video_0013,3_13_813,1,18456,16,0,False,False,18500.0,-44.0,1028.4599609375,473.29998779296875,1869.5599975585938,47358.3667351082
2136,set03,video_0013,3_13_813,1,18464,16,0,False,False,18500.0,-36.0,1027.489990234375,470.8399658203125,1870.0299682617188,46923.92708681524
2137,set03,video_0013,3_13_814,1,18542,16,0,False,False,18602.0,-60.0,914.8599853515625,339.65997314453125,1892.8499755859375,18443.553126707673
2138,set03,video_0013,3_13_814,1,18550,16,0,False,False,18602.0,-52.0,924.8900146484375,349.739990234375,1890.1950073242188,20847.995694726706
2139,set03,video_0013,3_13_814,1,18558,16,0,False,False,18602.0,-44.0,931.2100219726562,356.49005126953125,1885.7550048828125,24416.00013010204
2140,set03,video_0013,3_13_814,1,18566,16,0,False,False,18602.0,-36.0,949.3599853515625,373.2099609375,1882.0549926757812,28322.909402489662
2141,set03,video_0014,3_14_819,0,8171,16,0,False,False,,,841.9000244140625,152.44000244140625,1367.3349609375,8800.358363598585
2142,set03,video_0014,3_14_819,0,8179,16,0,False,False,,,846.6400146484375,162.34002685546875,1384.9400024414062,7139.731027297676
2143,set03,video_0014,3_14_819,0,8187,16,0,False,False,,,855.3599853515625,176.3299560546875,1412.469970703125,8985.767672657967
2144,set03,video_0014,3_14_819,0,8195,16,0,False,False,,,868.739990234375,196.5899658203125,1461.030029296875,11850.448899120092
2145,set03,video_0014,3_14_820,0,8186,16,0,False,False,,,836.8300170898438,152.61004638671875,1431.0400390625,9306.15764799714
2146,set03,video_0014,3_14_820,0,8194,16,0,False,False,,,846.8200073242188,167.96002197265625,1458.3550415039062,11527.097128100693
2147,set03,video_0014,3_14_820,0,8202,16,0,False,False,,,854.760009765625,188.55999755859375,1490.7950439453125,16972.28722165525
2148,set03,video_0014,3_14_820,0,8210,16,0,False,False,,,861.2000122070312,210.8900146484375,1539.1500244140625,14488.13370898366
2149,set03,video_0014,3_14_822,0,8362,16,0,False,False,,,896.0800170898438,171.030029296875,1291.739990234375,12307.314227342606
2150,set03,video_0014,3_14_822,0,8370,16,0,False,False,,,909.760009765625,186.97003173828125,1294.844970703125,15434.385249391198
2151,set03,video_0014,3_14_822,0,8378,16,0,False,False,,,933.530029296875,206.280029296875,1313.5599975585938,16943.84462812543
2152,set03,video_0014,3_14_822,0,8386,16,0,False,False,,,952.5999755859375,236.97998046875,1348.2250366210938,19941.871142089367
2153,set03,video_0014,3_14_824,0,8372,16,0,False,False,,,871.8499755859375,153.88995361328125,1235.9349975585938,7566.775781907141
2154,set03,video_0014,3_14_824,0,8380,16,0,False,False,,,888.719970703125,172.739990234375,1256.510009765625,9811.639879882336
2155,set03,video_0014,3_14_824,0,8388,16,0,False,False,,,894.7000122070312,195.32000732421875,1293.5250244140625,12412.596002563834
2156,set03,video_0014,3_14_824,0,8396,16,0,False,False,,,906.3400268554688,221.280029296875,1342.9750366210938,15341.334706932306
2157,set03,video_0014,3_14_821,0,8374,16,0,False,False,,,878.3300170898438,158.60003662109375,1196.1950073242188,7008.54568567127
2158,set03,video_0014,3_14_821,0,8382,16,0,False,False,,,894.1400146484375,177.6500244140625,1214.4450073242188,8145.249282225966
2159,set03,video_0014,3_14_821,0,8390,16,0,False,False,,,902.489990234375,204.15997314453125,1247.0849609375,9703.729504808784
2160,set03,video_0014,3_14_821,0,8398,16,0,False,False,,,918.8400268554688,233.45001220703125,1293.22998046875,14609.32000219822
2161,set03,video_0014,3_14_826,1,13888,16,0,False,False,13948.0,-60.0,856.1500244140625,171.80999755859375,1263.7100219726562,10105.854828320444
2162,set03,video_0014,3_14_826,1,13896,16,0,False,False,13948.0,-52.0,864.0599975585938,181.010009765625,1261.7550048828125,10674.154972851276
2163,set03,video_0014,3_14_826,1,13904,16,0,False,False,13948.0,-44.0,872.7999877929688,190.42999267578125,1258.8250122070312,11260.126396752894
2164,set03,video_0014,3_14_826,1,13912,16,0,False,False,13948.0,-36.0,881.5399780273438,199.8499755859375,1255.905029296875,11853.11376196146
2165,set03,video_0015,3_15_827,1,3143,16,0,False,False,3203.0,-60.0,996.5700073242188,388.1099853515625,1530.2949829101562,54455.68740878999
2166,set03,video_0015,3_15_827,1,3151,16,0,False,False,3203.0,-52.0,995.8800048828125,387.239990234375,1529.6400146484375,53648.24337363243
2167,set03,video_0015,3_15_827,1,3159,16,0,False,False,3203.0,-44.0,995.5599975585938,386.52996826171875,1527.2000122070312,56100.96525556594
2168,set03,video_0015,3_15_827,1,3167,16,0,False,False,3203.0,-36.0,995.5,386.260009765625,1526.8600463867188,56834.303495019674
2169,set03,video_0015,3_15_828,1,3171,16,0,False,False,3231.0,-60.0,1058.3900146484375,436.02001953125,1503.0849609375,63105.168910741806
2170,set03,video_0015,3_15_828,1,3179,16,0,False,False,3231.0,-52.0,1057.9200439453125,435.58001708984375,1502.5599975585938,63089.3947873041
2171,set03,video_0015,3_15_828,1,3187,16,0,False,False,3231.0,-44.0,1057.43994140625,435.13995361328125,1502.030029296875,63077.87067812681
2172,set03,video_0015,3_15_828,1,3195,16,0,False,False,3231.0,-36.0,1059.0,436.82000732421875,1498.0800170898438,63373.82746640593
2173,set03,video_0015,3_15_829,1,3163,16,0,False,False,3223.0,-60.0,1039.7900390625,489.84002685546875,1694.0599975585938,97125.43508075923
2174,set03,video_0015,3_15_829,1,3171,16,0,False,False,3223.0,-52.0,1039.1300048828125,488.92999267578125,1694.4049682617188,96989.04025974125
2175,set03,video_0015,3_15_829,1,3179,16,0,False,False,3223.0,-44.0,1038.469970703125,488.00994873046875,1694.7550048828125,96855.32022736967
2176,set03,video_0015,3_15_829,1,3187,16,0,False,False,3223.0,-36.0,1037.81005859375,487.090087890625,1695.10498046875,96721.51204961538
2177,set03,video_0015,3_15_833,1,3296,16,0,False,False,3356.0,-60.0,873.9000244140625,261.96002197265625,1799.4450073242188,17899.716789476573
2178,set03,video_0015,3_15_833,1,3304,16,0,False,False,3356.0,-52.0,880.4000244140625,274.98004150390625,1779.2650146484375,18789.407718777657
2179,set03,video_0015,3_15_833,1,3312,16,0,False,False,3356.0,-44.0,895.1199951171875,282.8599853515625,1746.719970703125,27641.069481641054
2180,set03,video_0015,3_15_833,1,3320,16,0,False,False,3356.0,-36.0,902.0800170898438,288.1600341796875,1724.4150390625,23482.1583712399
2181,set03,video_0015,3_15_834,1,3268,16,0,False,False,3328.0,-60.0,910.8499755859375,302.03997802734375,1778.1900024414062,26156.654723145068
2182,set03,video_0015,3_15_834,1,3276,16,0,False,False,3328.0,-52.0,926.7000122070312,322.6500244140625,1764.1799926757812,30051.6280002445
2183,set03,video_0015,3_15_834,1,3284,16,0,False,False,3328.0,-44.0,945.0,329.02001953125,1740.8300170898438,35178.83494716883
2184,set03,video_0015,3_15_834,1,3292,16,0,False,False,3328.0,-36.0,951.969970703125,332.01995849609375,1721.3250122070312,35476.3244593516
2185,set03,video_0015,3_15_835,1,3454,16,0,False,False,3514.0,-60.0,875.2100219726562,283.94000244140625,1827.3699951171875,21959.944744482636
2186,set03,video_0015,3_15_835,1,3462,16,0,False,False,3514.0,-52.0,885.5599975585938,290.0,1799.385009765625,21961.6943359375
2187,set03,video_0015,3_15_835,1,3470,16,0,False,False,3514.0,-44.0,901.0,304.1400146484375,1756.0549926757812,28196.84600405395
2188,set03,video_0015,3_15_835,1,3478,16,0,False,False,3514.0,-36.0,910.6199951171875,301.29998779296875,1733.4500122070312,29798.576148681343
2189,set03,video_0015,3_15_836,1,3955,16,0,False,False,4015.0,-60.0,922.489990234375,248.04998779296875,1509.905029296875,24554.465869262815
2190,set03,video_0015,3_15_836,1,3963,16,0,False,False,4015.0,-52.0,923.5499877929688,248.04998779296875,1500.9150390625,24554.465869262815
2191,set03,video_0015,3_15_836,1,3971,16,0,False,False,4015.0,-44.0,923.5499877929688,240.54998779296875,1483.6400146484375,22539.5221105963
2192,set03,video_0015,3_15_836,1,3979,16,0,False,False,4015.0,-36.0,923.02001953125,239.050048828125,1475.0,22145.570844233036
2193,set03,video_0015,3_15_837,1,4001,16,0,False,False,4061.0,-60.0,897.4000244140625,232.10003662109375,1606.9500122070312,17593.165776364505
2194,set03,video_0015,3_15_837,1,4009,16,0,False,False,4061.0,-52.0,897.4000244140625,232.10003662109375,1606.9500122070312,17593.165776364505
2195,set03,video_0015,3_15_837,1,4017,16,0,False,False,4061.0,-44.0,897.4000244140625,232.10003662109375,1606.9500122070312,17593.165776364505
2196,set03,video_0015,3_15_837,1,4025,16,0,False,False,4061.0,-36.0,897.4000244140625,232.10003662109375,1606.9500122070312,17593.165776364505
2197,set03,video_0015,3_15_838,1,3922,16,0,False,False,3982.0,-60.0,940.7000122070312,272.0,1406.9299926757812,25393.916015625
2198,set03,video_0015,3_15_838,1,3930,16,0,False,False,3982.0,-52.0,940.7000122070312,272.0,1406.9299926757812,25393.916015625
2199,set03,video_0015,3_15_838,1,3938,16,0,False,False,3982.0,-44.0,940.7000122070312,272.0,1406.9299926757812,25393.916015625
2200,set03,video_0015,3_15_838,1,3946,16,0,False,False,3982.0,-36.0,940.7000122070312,272.0,1406.9299926757812,25393.916015625
2201,set03,video_0015,3_15_860,0,4937,16,0,False,False,,,848.5599975585938,107.84002685546875,1173.2250366210938,4004.100723706186
2202,set03,video_0015,3_15_860,0,4945,16,0,False,False,,,856.3200073242188,118.79998779296875,1202.9349975585938,4800.711567260325
2203,set03,video_0015,3_15_860,0,4953,16,0,False,False,,,865.760009765625,133.97998046875,1238.0250244140625,5853.577496290207
2204,set03,video_0015,3_15_860,0,4961,16,0,False,False,,,884.2999877929688,152.02996826171875,1280.4849853515625,7408.417384058237
2205,set03,video_0015,3_15_866,0,6913,16,0,False,False,,,834.4299926757812,92.55999755859375,1367.6199951171875,3132.238452538848
2206,set03,video_0015,3_15_866,0,6921,16,0,False,False,,,842.5399780273438,97.3699951171875,1332.1299438476562,3444.950902685523
2207,set03,video_0015,3_15_866,0,6929,16,0,False,False,,,844.0,104.1400146484375,1324.9849853515625,4043.7649047374725
2208,set03,video_0015,3_15_866,0,6937,16,0,False,False,,,854.6599731445312,114.01995849609375,1335.1649780273438,4742.086176685989
2209,set03,video_0015,3_15_867,0,6903,16,0,False,False,,,825.52001953125,99.92999267578125,1506.405029296875,2801.0406223386526
2210,set03,video_0015,3_15_867,0,6911,16,0,False,False,,,836.97998046875,107.3699951171875,1465.8150024414062,3471.2672237306833
2211,set03,video_0015,3_15_867,0,6919,16,0,False,False,,,852.9400024414062,116.5999755859375,1435.27001953125,4230.250530272722
2212,set03,video_0015,3_15_867,0,6927,16,0,False,False,,,852.5800170898438,127.8699951171875,1438.4500122070312,5327.068367138505
2213,set03,video_0015,3_15_871,0,6889,16,0,False,False,,,835.3300170898438,123.80999755859375,1683.0799560546875,2941.726751074195
2214,set03,video_0015,3_15_871,0,6897,16,0,False,False,,,841.3800048828125,130.91998291015625,1651.35498046875,3803.2318961173296
2215,set03,video_0015,3_15_871,0,6905,16,0,False,False,,,854.7000122070312,142.29998779296875,1627.4450073242188,4398.497486449778
2216,set03,video_0015,3_15_871,0,6913,16,0,False,False,,,868.6300048828125,152.59002685546875,1605.925048828125,5949.483656957746
2217,set03,video_0015,3_15_872,0,6893,16,0,False,False,,,834.0,119.16998291015625,1711.5,2788.5659624040127
2218,set03,video_0015,3_15_872,0,6901,16,0,False,False,,,840.02001953125,125.71002197265625,1691.2900390625,3776.333970606327
2219,set03,video_0015,3_15_872,0,6909,16,0,False,False,,,855.8900146484375,139.98004150390625,1671.7100219726562,5137.2777756378055
2220,set03,video_0015,3_15_873,0,6893,16,0,False,False,,,843.0499877929688,132.15997314453125,1722.4000244140625,4231.764921337366
2221,set03,video_0015,3_15_873,0,6901,16,0,False,False,,,853.239990234375,142.89996337890625,1704.2099609375,4827.164949461818
2222,set03,video_0015,3_15_885,0,13048,16,0,False,False,,,814.2999877929688,76.010009765625,1243.1099853515625,2141.956879198551
2223,set03,video_0015,3_15_885,0,13056,16,0,False,False,,,827.5999755859375,85.949951171875,1270.4500122070312,2948.077030032873
2224,set03,video_0015,3_15_885,0,13064,16,0,False,False,,,833.3599853515625,98.3699951171875,1309.5650024414062,3908.249992772937
2225,set03,video_0015,3_15_885,0,13072,16,0,False,False,,,836.219970703125,111.0999755859375,1354.614990234375,4316.244901120663
2226,set03,video_0015,3_15_887,0,15915,16,0,False,False,,,939.72998046875,307.72998046875,445.1549987792969,30412.959228783846
2227,set03,video_0015,3_15_887,0,15923,16,0,False,False,,,954.5399780273438,333.239990234375,399.5400085449219,36509.77251650393
2228,set03,video_0015,3_15_887,0,15931,16,0,False,False,,,969.2999877929688,360.8399658203125,352.61000061035156,43625.54966528341
2229,set03,video_0015,3_15_887,0,15939,16,0,False,False,,,983.6199951171875,391.219970703125,299.7099914550781,50561.26519316435
2230,set03,video_0015,3_15_893,0,10596,16,0,False,False,,,934.8300170898438,255.42999267578125,1368.3200073242188,23387.153915576637
2231,set03,video_0015,3_15_893,0,10604,16,0,False,False,,,939.7100219726562,266.72003173828125,1399.635009765625,24418.231929078698
2232,set03,video_0015,3_15_893,0,10612,16,0,False,False,,,960.219970703125,303.8599853515625,1446.4249877929688,32990.06228901446
2233,set03,video_0015,3_15_893,0,10620,16,0,False,False,,,976.5700073242188,334.69000244140625,1501.5750122070312,41404.527983911335
2234,set03,video_0015,3_15_830,1,3183,16,0,False,False,3243.0,-60.0,945.6400146484375,318.25,1543.1549682617188,31210.76040649414
2235,set03,video_0015,3_15_830,1,3191,16,0,False,False,3243.0,-52.0,945.9600219726562,318.42999267578125,1543.0199584960938,31097.883968554437
2236,set03,video_0015,3_15_830,1,3199,16,0,False,False,3243.0,-44.0,946.280029296875,318.61004638671875,1542.885009765625,30984.8270111084
2237,set03,video_0015,3_15_830,1,3207,16,0,False,False,3243.0,-36.0,946.5999755859375,318.78997802734375,1542.7550048828125,30868.45847785473
2238,set03,video_0015,3_15_839,1,4018,16,0,False,False,3433.0,585.0,949.7999877929688,284.3399658203125,1404.0499877929688,25619.02397851646
2239,set03,video_0015,3_15_839,1,4026,16,0,False,False,3433.0,593.0,953.6099853515625,284.3399658203125,1384.3800048828125,25619.058687984943
2240,set03,video_0015,3_15_839,1,4034,16,0,False,False,3433.0,601.0,945.8200073242188,275.1400146484375,1386.4849853515625,25442.1890937984
2241,set03,video_0015,3_15_839,1,4042,16,0,False,False,3433.0,609.0,938.6599731445312,266.5699462890625,1379.0700073242188,25094.89864848554
2242,set03,video_0015,3_15_840,1,3931,16,0,False,False,3513.0,418.0,946.7000122070312,260.95001220703125,1263.5150146484375,25116.438674926758
2243,set03,video_0015,3_15_840,1,3939,16,0,False,False,3513.0,426.0,946.7000122070312,260.95001220703125,1263.5150146484375,25116.438674926758
2244,set03,video_0015,3_15_840,1,3947,16,0,False,False,3513.0,434.0,946.7000122070312,260.95001220703125,1263.5150146484375,25116.438674926758
2245,set03,video_0015,3_15_840,1,3955,16,0,False,False,3513.0,442.0,946.7000122070312,260.95001220703125,1263.5150146484375,25116.438674926758
2246,set03,video_0015,3_15_841,1,4111,16,0,False,False,4171.0,-60.0,824.6300048828125,80.510009765625,1083.155029296875,2712.3775116205215
2247,set03,video_0015,3_15_841,1,4119,16,0,False,False,4171.0,-52.0,825.4000244140625,80.510009765625,1083.2249755859375,2712.3775116205215
2248,set03,video_0015,3_15_841,1,4127,16,0,False,False,4171.0,-44.0,826.0,80.510009765625,1083.4949951171875,2712.3775116205215
2249,set03,video_0015,3_15_841,1,4135,16,0,False,False,4171.0,-36.0,826.0999755859375,80.50994873046875,1084.375,2712.3754553496838
2250,set03,video_0015,3_15_842,1,4084,16,0,False,False,4144.0,-60.0,818.3300170898438,80.47003173828125,1164.905029296875,2047.9583785384893
2251,set03,video_0015,3_15_842,1,4092,16,0,False,False,4144.0,-52.0,818.6400146484375,80.82000732421875,1165.4199829101562,2090.004205517471
2252,set03,video_0015,3_15_842,1,4100,16,0,False,False,4144.0,-44.0,818.8300170898438,81.030029296875,1165.7400512695312,2116.503969579935
2253,set03,video_0015,3_15_842,1,4108,16,0,False,False,4144.0,-36.0,818.8300170898438,81.030029296875,1165.7400512695312,2116.503969579935
2254,set03,video_0015,3_15_843,1,4103,16,0,False,False,4163.0,-60.0,819.760009765625,83.83001708984375,1134.5050048828125,1975.8792333751917
2255,set03,video_0015,3_15_843,1,4111,16,0,False,False,4163.0,-52.0,820.1500244140625,84.1600341796875,1134.5449829101562,1983.6474853008986
2256,set03,video_0015,3_15_843,1,4119,16,0,False,False,4163.0,-44.0,820.530029296875,84.48004150390625,1134.5950317382812,1991.190040744841
2257,set03,video_0015,3_15_843,1,4127,16,0,False,False,4163.0,-36.0,820.9099731445312,84.78997802734375,1134.635009765625,1998.5055782943964
2258,set03,video_0015,3_15_854,0,5047,16,0,False,False,,,825.9099731445312,76.8699951171875,1158.5150146484375,2093.1684656739235
2259,set03,video_0015,3_15_854,0,5055,16,0,False,False,,,828.3900146484375,86.280029296875,1179.5750122070312,2558.2049750983715
2260,set03,video_0015,3_15_854,0,5063,16,0,False,False,,,836.719970703125,99.89996337890625,1210.9149780273438,3065.936217404902
2261,set03,video_0015,3_15_854,0,5071,16,0,False,False,,,848.280029296875,116.56005859375,1254.9099731445312,4207.8152695298195
2262,set03,video_0015,3_15_857,0,5092,16,0,False,False,,,792.5,63.46002197265625,651.0,1992.646239258349
2263,set03,video_0015,3_15_857,0,5100,16,0,False,False,,,792.6599731445312,73.3699951171875,623.0999755859375,2760.1788580566645
2264,set03,video_0015,3_15_857,0,5108,16,0,False,False,,,800.4199829101562,82.760009765625,583.1050109863281,3046.395757421851
2265,set03,video_0015,3_15_857,0,5116,16,0,False,False,,,803.1599731445312,93.3599853515625,532.7750091552734,3989.2731997556984
2266,set03,video_0015,3_15_858,1,5433,16,0,False,False,5473.0,-40.0,807.1699829101562,107.22998046875,422.69000244140625,3165.431117773056
2267,set03,video_0015,3_15_858,1,5441,16,0,False,False,5473.0,-32.0,809.5,116.5,367.989990234375,3902.75
2268,set03,video_0015,3_15_859,1,5450,16,0,False,False,5510.0,-60.0,802.0,121.15997314453125,264.5500030517578,4410.222282959148
2269,set03,video_0015,3_15_859,1,5458,16,0,False,False,5510.0,-52.0,803.8599853515625,133.6099853515625,211.40999603271484,5400.515363262966
2270,set03,video_0015,3_15_859,1,5466,16,0,False,False,5510.0,-44.0,802.5599975585938,137.27001953125,157.48500061035156,5547.081991955638
2271,set03,video_0015,3_15_859,1,5474,16,0,False,False,5510.0,-36.0,804.6900024414062,140.6300048828125,109.44499588012695,5682.857939395122
2272,set03,video_0015,3_15_862,1,5520,16,0,False,False,5580.0,-60.0,801.6099853515625,155.5999755859375,78.63500022888184,6735.922492004465
2273,set03,video_0015,3_15_862,1,5528,16,0,False,False,5580.0,-52.0,799.8400268554688,155.60003662109375,77.72000122070312,6734.369395019487
2274,set03,video_0015,3_15_862,1,5536,16,0,False,False,5580.0,-44.0,805.3499755859375,161.75,77.72000122070312,7000.5398025512695
2275,set03,video_0015,3_15_862,1,5544,16,0,False,False,5580.0,-36.0,805.739990234375,161.75,79.02999877929688,7000.5398025512695
2276,set03,video_0015,3_15_863,0,6689,16,0,False,False,,,944.7000122070312,338.21002197265625,1868.47998046875,31013.84250073135
2277,set03,video_0015,3_15_863,0,6697,16,0,False,False,,,944.5599975585938,338.21002197265625,1872.5700073242188,31013.883786134422
2278,set03,video_0015,3_15_863,0,6705,16,0,False,False,,,943.7999877929688,338.489990234375,1878.0800170898438,27783.2435233891
2279,set03,video_0015,3_15_863,0,6713,16,0,False,False,,,942.9500122070312,338.79998779296875,1883.7899780273438,24081.88824365288
2280,set03,video_0015,3_15_864,0,6727,16,0,False,False,,,915.9400024414062,273.40997314453125,1777.6449584960938,18616.47572634369
2281,set03,video_0015,3_15_864,0,6735,16,0,False,False,,,917.3800048828125,276.78997802734375,1790.155029296875,18946.260480836034
2282,set03,video_0015,3_15_864,0,6743,16,0,False,False,,,918.8200073242188,280.17999267578125,1802.6599731445312,19281.97204721719
2283,set03,video_0015,3_15_864,0,6751,16,0,False,False,,,920.260009765625,283.55999755859375,1815.1649780273438,19619.53423049301
2284,set03,video_0015,3_15_865,0,6721,16,0,False,False,,,935.260009765625,308.09002685546875,1818.0750122070312,27940.704092018306
2285,set03,video_0015,3_15_865,0,6729,16,0,False,False,,,935.8400268554688,310.1700439453125,1827.7900390625,29298.650235056877
2286,set03,video_0015,3_15_865,0,6737,16,0,False,False,,,936.4199829101562,312.25,1838.35498046875,31209.37225341797
2287,set03,video_0015,3_15_865,0,6745,16,0,False,False,,,938.0900268554688,316.33001708984375,1849.4149780273438,31028.800564281642
2288,set03,video_0015,3_15_868,0,6900,16,0,False,False,,,821.6799926757812,102.44000244140625,1568.7449951171875,3000.4716730713844
2289,set03,video_0015,3_15_868,0,6908,16,0,False,False,,,830.010009765625,108.69000244140625,1532.4349975585938,3440.0412308350205
2290,set03,video_0015,3_15_868,0,6916,16,0,False,False,,,844.5499877929688,115.44000244140625,1498.9950561523438,3939.9678469970822
2291,set03,video_0015,3_15_868,0,6924,16,0,False,False,,,847.97998046875,124.14996337890625,1497.3349609375,4654.380914673209
2292,set03,video_0015,3_15_869,0,6895,16,0,False,False,,,823.6099853515625,120.03997802734375,1616.0150146484375,3321.496813893318
2293,set03,video_0015,3_15_869,0,6903,16,0,False,False,,,831.5999755859375,127.3800048828125,1579.2949829101562,3899.1000835448503
2294,set03,video_0015,3_15_869,0,6911,16,0,False,False,,,843.9000244140625,134.8900146484375,1547.2150268554688,4943.722330078483
2295,set03,video_0015,3_15_869,0,6919,16,0,False,False,,,857.4099731445312,143.40997314453125,1527.885009765625,6099.230359300971
2296,set03,video_0015,3_15_870,0,6893,16,0,False,False,,,829.5800170898438,118.20001220703125,1644.7250366210938,3743.3995809331536
2297,set03,video_0015,3_15_870,0,6901,16,0,False,False,,,836.1900024414062,124.54998779296875,1611.5549926757812,4325.633847288787
2298,set03,video_0015,3_15_870,0,6909,16,0,False,False,,,844.9400024414062,130.8900146484375,1581.8300170898438,4947.632967039943
2299,set03,video_0015,3_15_870,0,6917,16,0,False,False,,,858.3300170898438,139.8800048828125,1564.635009765625,5761.649205029011
2300,set03,video_0015,3_15_890,1,7704,16,0,False,False,7764.0,-60.0,829.3699951171875,142.5,1520.1699829101562,7700.688171386719
2301,set03,video_0015,3_15_890,1,7712,16,0,False,False,7764.0,-52.0,831.7000122070312,142.19000244140625,1529.3900146484375,9097.313579052687
2302,set03,video_0015,3_15_890,1,7720,16,0,False,False,7764.0,-44.0,832.3499755859375,144.3299560546875,1535.2349853515625,9053.815324366093
2303,set03,video_0015,3_15_890,1,7728,16,0,False,False,7764.0,-36.0,832.3499755859375,144.3299560546875,1528.0499877929688,9049.49881567061
2304,set03,video_0015,3_15_891,1,7734,16,0,False,False,7794.0,-60.0,821.9400024414062,161.0999755859375,1594.5,12630.22235351801
2305,set03,video_0015,3_15_891,1,7742,16,0,False,False,7794.0,-52.0,834.010009765625,164.1099853515625,1582.3900146484375,8044.674687206745
2306,set03,video_0015,3_15_891,1,7750,16,0,False,False,7794.0,-44.0,839.2000122070312,163.20001220703125,1568.6400146484375,12448.901712402701
2307,set03,video_0015,3_15_891,1,7758,16,0,False,False,7794.0,-36.0,844.9000244140625,167.11004638671875,1549.0549926757812,8236.84031496197
2308,set03,video_0015,3_15_892,1,7756,16,0,False,False,7816.0,-60.0,840.8900146484375,199.59002685546875,1686.0399780273438,13995.25170854479
2309,set03,video_0015,3_15_892,1,7764,16,0,False,False,7816.0,-52.0,846.5900268554688,196.4100341796875,1672.594970703125,17812.41449135542
2310,set03,video_0015,3_15_892,1,7772,16,0,False,False,7816.0,-44.0,848.3499755859375,198.449951171875,1649.0149536132812,14210.998096436262
2311,set03,video_0015,3_15_892,1,7780,16,0,False,False,7816.0,-36.0,851.5999755859375,196.40997314453125,1624.60498046875,18664.845502123237
2312,set03,video_0015,3_15_894,0,10616,16,0,False,False,,,947.9199829101562,288.92999267578125,1351.1000366210938,35942.89814282209
2313,set03,video_0015,3_15_894,0,10624,16,0,False,False,,,952.4600219726562,300.300048828125,1376.5,40402.380299806595
2314,set03,video_0015,3_15_894,0,10632,16,0,False,False,,,985.7000122070312,345.9000244140625,1409.6500244140625,56623.8171069324
2315,set03,video_0015,3_15_894,0,10640,16,0,False,False,,,1007.2100219726562,383.94000244140625,1475.4100341796875,62850.95965258777
2316,set03,video_0015,3_15_895,0,10637,16,0,False,False,,,940.9299926757812,285.3399658203125,1430.0399780273438,19420.219961330295
2317,set03,video_0015,3_15_895,0,10645,16,0,False,False,,,954.530029296875,315.1800537109375,1470.925048828125,26560.229282081127
2318,set03,video_0015,3_15_895,0,10653,16,0,False,False,,,972.0399780273438,347.0899658203125,1534.5900268554688,36298.65337251127
2319,set03,video_0015,3_15_895,0,10661,16,0,False,False,,,987.8400268554688,386.27001953125,1609.9700317382812,48724.105921924114
2320,set03,video_0015,3_15_886,0,13044,16,0,False,False,,,818.760009765625,71.9000244140625,1259.1199951171875,1509.9005126953125
2321,set03,video_0015,3_15_886,0,13052,16,0,False,False,,,826.1900024414062,81.1500244140625,1288.4550170898438,1984.124040529132
2322,set03,video_0015,3_15_886,0,13060,16,0,False,False,,,833.239990234375,90.1400146484375,1322.489990234375,2651.912188768387
2323,set03,video_0015,3_15_886,0,13068,16,0,False,False,,,839.6099853515625,103.89996337890625,1367.8099975585938,3651.0462351068854
2324,set03,video_0015,3_15_832,1,3199,16,0,False,False,3259.0,-60.0,970.9099731445312,434.239990234375,1765.1599731445312,62573.971991211176
2325,set03,video_0015,3_15_832,1,3207,16,0,False,False,3259.0,-52.0,970.8599853515625,434.72998046875,1763.9600219726562,62670.68884330988
2326,set03,video_0015,3_15_832,1,3215,16,0,False,False,3259.0,-44.0,970.8099975585938,435.219970703125,1762.760009765625,62767.41142421961
2327,set03,video_0015,3_15_832,1,3223,16,0,False,False,3259.0,-36.0,970.760009765625,435.70001220703125,1761.5599975585938,62862.75733984262
2328,set03,video_0015,3_15_831,1,3125,16,0,False,False,3185.0,-60.0,1008.8099975585938,447.47998046875,1670.2750244140625,47687.97210800648
2329,set03,video_0015,3_15_831,1,3133,16,0,False,False,3185.0,-52.0,1010.8200073242188,449.55999755859375,1670.1799926757812,47662.30484370142
2330,set03,video_0015,3_15_831,1,3141,16,0,False,False,3185.0,-44.0,1012.8400268554688,451.6500244140625,1670.0799560546875,47640.03575390577
2331,set03,video_0015,3_15_831,1,3149,16,0,False,False,3185.0,-36.0,1014.739990234375,453.32000732421875,1669.72998046875,47906.82738535106
2332,set03,video_0016,3_16_897,0,1076,16,0,False,False,,,829.5800170898438,105.57000732421875,544.8599853515625,3458.474470898509
2333,set03,video_0016,3_16_897,0,1084,16,0,False,False,,,834.9400024414062,112.83001708984375,526.4849853515625,4157.783375121653
2334,set03,video_0016,3_16_897,0,1092,16,0,False,False,,,848.6500244140625,123.86004638671875,497.7350158691406,5644.303221020848
2335,set03,video_0016,3_16_897,0,1100,16,0,False,False,,,860.510009765625,135.97003173828125,457.9399871826172,6896.400175744668
2336,set03,video_0016,3_16_898,0,1081,16,0,False,False,,,822.9500122070312,94.60003662109375,1418.1499633789062,3184.240466065705
2337,set03,video_0016,3_16_898,0,1089,16,0,False,False,,,827.8200073242188,102.4100341796875,1454.2000122070312,3649.8951183110476
2338,set03,video_0016,3_16_898,0,1097,16,0,False,False,,,836.3699951171875,109.55999755859375,1497.9550170898438,4556.596553735435
2339,set03,video_0016,3_16_898,0,1105,16,0,False,False,,,830.0900268554688,120.62005615234375,1547.7100219726562,5107.049054734409
2340,set03,video_0016,3_16_899,0,1278,16,0,False,False,,,814.989990234375,89.489990234375,1235.0349731445312,2320.480253368616
2341,set03,video_0016,3_16_899,0,1286,16,0,False,False,,,829.0599975585938,99.1500244140625,1272.2799682617188,2883.2783527821302
2342,set03,video_0016,3_16_899,0,1294,16,0,False,False,,,842.1400146484375,111.17999267578125,1312.5350341796875,3692.2832137942314
2343,set03,video_0016,3_16_899,0,1302,16,0,False,False,,,864.5399780273438,126.739990234375,1367.2300415039062,4605.7269131839275
2344,set03,video_0016,3_16_901,0,1745,16,0,False,False,,,799.0700073242188,74.3599853515625,691.2950134277344,1342.1968278810382
2345,set03,video_0016,3_16_901,0,1753,16,0,False,False,,,800.6699829101562,82.9599609375,666.9349975585938,1708.1427601575851
2346,set03,video_0016,3_16_901,0,1761,16,0,False,False,,,808.7000122070312,94.260009765625,629.0299987792969,2313.138568505645
2347,set03,video_0016,3_16_901,0,1769,16,0,False,False,,,820.52001953125,112.30999755859375,578.4100036621094,3335.6082984618843
2348,set03,video_0016,3_16_905,0,8028,16,0,False,False,,,825.1199951171875,108.53997802734375,1185.9600219726562,5524.687531493604
2349,set03,video_0016,3_16_905,0,8036,16,0,False,False,,,842.469970703125,126.42999267578125,1214.0449829101562,7281.098956860602
2350,set03,video_0016,3_16_905,0,8044,16,0,False,False,,,850.219970703125,142.719970703125,1249.3500366210938,9399.535179883242
2351,set03,video_0016,3_16_905,0,8052,16,0,False,False,,,864.6599731445312,165.64996337890625,1295.9349975585938,12673.860094852746
2352,set03,video_0016,3_16_911,0,12942,16,0,False,False,,,843.52001953125,131.61004638671875,1366.0050048828125,5305.208681374788
2353,set03,video_0016,3_16_911,0,12950,16,0,False,False,,,851.0999755859375,143.2099609375,1418.0399780273438,6175.212816357613
2354,set03,video_0016,3_16_911,0,12958,16,0,False,False,,,864.6699829101562,164.29998779296875,1479.3099975585938,8362.87338989228
2355,set03,video_0016,3_16_911,0,12966,16,0,False,False,,,878.6500244140625,186.48004150390625,1550.4750366210938,11686.712395973504
2356,set03,video_0016,3_16_917,0,16143,16,0,False,False,,,842.6900024414062,72.1400146484375,1322.6499633789062,3198.685783788562
2357,set03,video_0016,3_16_917,0,16151,16,0,False,False,,,847.9600219726562,78.3800048828125,1354.0599975585938,3752.83501650393
2358,set03,video_0016,3_16_917,0,16159,16,0,False,False,,,853.239990234375,84.6300048828125,1385.4650268554688,4352.52569667995
2359,set03,video_0016,3_16_917,0,16167,16,0,False,False,,,858.510009765625,90.8699951171875,1416.875,4995.120969384909
2360,set03,video_0016,3_16_918,1,2504,16,0,False,False,2559.0,-55.0,796.6799926757812,60.8699951171875,692.6400146484375,1538.7952598631382
2361,set03,video_0016,3_16_918,1,2512,16,0,False,False,2559.0,-47.0,797.7999877929688,63.2099609375,691.8399963378906,1881.1251967549324
2362,set03,video_0016,3_16_918,1,2520,16,0,False,False,2559.0,-39.0,801.260009765625,69.97003173828125,691.0800170898438,2152.2788595706224
2363,set03,video_0016,3_16_918,1,2528,16,0,False,False,2559.0,-31.0,805.0499877929688,73.9599609375,682.3499755859375,2107.85888671875
2364,set03,video_0016,3_16_919,1,2507,16,0,False,False,2567.0,-60.0,817.9299926757812,95.52996826171875,637.9349975585938,3718.9867954328656
2365,set03,video_0016,3_16_919,1,2515,16,0,False,False,2567.0,-52.0,822.8900146484375,105.52001953125,617.5299987792969,4134.273592382669
2366,set03,video_0016,3_16_919,1,2523,16,0,False,False,2567.0,-44.0,829.9400024414062,117.91998291015625,591.3150024414062,5326.450810082257
2367,set03,video_0016,3_16_919,1,2531,16,0,False,False,2567.0,-36.0,837.219970703125,130.47998046875,552.6949768066406,5846.807606250048
2368,set03,video_0016,3_16_920,1,2591,16,0,False,False,2651.0,-60.0,806.5999755859375,119.0699462890625,317.44000244140625,5129.53532101959
2369,set03,video_0016,3_16_920,1,2599,16,0,False,False,2651.0,-52.0,813.5999755859375,130.30999755859375,295.9499969482422,4313.261714538559
2370,set03,video_0016,3_16_920,1,2607,16,0,False,False,2651.0,-44.0,820.9099731445312,141.39996337890625,284.50498962402344,6474.705531371757
2371,set03,video_0016,3_16_920,1,2615,16,0,False,False,2651.0,-36.0,829.739990234375,151.19000244140625,286.7799987792969,7414.35439768061
2372,set03,video_0016,3_16_921,1,2722,16,0,False,False,2782.0,-60.0,819.3200073242188,157.5,182.39999389648438,7166.25
2373,set03,video_0016,3_16_921,1,2730,16,0,False,False,2782.0,-52.0,821.1599731445312,159.55999755859375,198.6300048828125,8242.870058203116
2374,set03,video_0016,3_16_921,1,2738,16,0,False,False,2782.0,-44.0,831.6900024414062,164.6400146484375,221.125,9965.659885693341
2375,set03,video_0016,3_16_921,1,2746,16,0,False,False,2782.0,-36.0,835.0,161.510009765625,253.2300033569336,8466.354416180402
2376,set03,video_0016,3_16_922,1,2756,16,0,False,False,2816.0,-60.0,825.7899780273438,159.38995361328125,221.2949981689453,9689.316642126068
2377,set03,video_0016,3_16_922,1,2764,16,0,False,False,2816.0,-52.0,827.719970703125,159.239990234375,233.83499908447266,9358.534906420857
2378,set03,video_0016,3_16_922,1,2772,16,0,False,False,2816.0,-44.0,830.97998046875,155.04998779296875,263.0300064086914,7408.2905933531
2379,set03,video_0016,3_16_922,1,2780,16,0,False,False,2816.0,-36.0,837.0800170898438,162.11004638671875,279.59000396728516,7813.703741119243
2380,set03,video_0016,3_16_923,1,3188,16,0,False,False,3248.0,-60.0,825.0999755859375,166.8599853515625,167.06500244140625,8561.58544101566
2381,set03,video_0016,3_16_923,1,3196,16,0,False,False,3248.0,-52.0,833.7000122070312,170.6199951171875,180.05999755859375,10557.966130957007
2382,set03,video_0016,3_16_923,1,3204,16,0,False,False,3248.0,-44.0,838.5599975585938,174.71002197265625,199.2050018310547,9481.510973034427
2383,set03,video_0016,3_16_923,1,3212,16,0,False,False,3248.0,-36.0,847.1599731445312,177.9599609375,222.06500244140625,10533.450522363186
2384,set03,video_0016,3_16_924,1,3719,16,0,False,False,3779.0,-60.0,821.0,176.1500244140625,159.59500122070312,8090.569331176579
2385,set03,video_0016,3_16_924,1,3727,16,0,False,False,3779.0,-52.0,827.0599975585938,179.70001220703125,178.2300033569336,8650.758477966301
2386,set03,video_0016,3_16_924,1,3735,16,0,False,False,3779.0,-44.0,834.3599853515625,182.97998046875,198.79000091552734,8837.93361505121
2387,set03,video_0016,3_16_924,1,3743,16,0,False,False,3779.0,-36.0,841.8200073242188,186.260009765625,224.21499633789062,13166.720545068383
2388,set03,video_0016,3_16_925,1,3768,16,0,False,False,3828.0,-60.0,807.8400268554688,156.60003662109375,130.67999649047852,7830.0006362912245
2389,set03,video_0016,3_16_925,1,3776,16,0,False,False,3828.0,-52.0,815.1500244140625,157.1400146484375,147.56999969482422,9312.116404870525
2390,set03,video_0016,3_16_925,1,3784,16,0,False,False,3828.0,-44.0,823.4000244140625,164.6500244140625,169.33499908447266,8425.14144778438
2391,set03,video_0016,3_16_925,1,3792,16,0,False,False,3828.0,-36.0,832.72998046875,168.26995849609375,190.7550048828125,9485.376738794148
2392,set03,video_0016,3_16_926,0,4659,16,0,False,False,,,856.72998046875,182.8499755859375,186.54500579833984,9111.41461825557
2393,set03,video_0016,3_16_926,0,4667,16,0,False,False,,,855.3200073242188,182.85003662109375,173.29000091552734,8162.425523162819
2394,set03,video_0016,3_16_926,0,4675,16,0,False,False,,,851.969970703125,182.8499755859375,160.28499603271484,8504.351360077038
2395,set03,video_0016,3_16_926,0,4683,16,0,False,False,,,847.3900146484375,182.85003662109375,140.23500061035156,9776.991681335494
2396,set03,video_0016,3_16_927,0,4682,16,0,False,False,,,841.2100219726562,173.86004638671875,157.15499877929688,10012.599434716627
2397,set03,video_0016,3_16_927,0,4690,16,0,False,False,,,839.1599731445312,181.41998291015625,150.4250030517578,10799.931361181661
2398,set03,video_0016,3_16_927,0,4698,16,0,False,False,,,843.0399780273438,191.739990234375,118.41000366210938,13003.807542040944
2399,set03,video_0016,3_16_927,0,4706,16,0,False,False,,,832.9099731445312,193.16998291015625,92.83000183105469,15418.829450707883
2400,set03,video_0016,3_16_946,0,12190,16,0,False,False,,,848.969970703125,104.54998779296875,1208.635009765625,3760.6599979251623
2401,set03,video_0016,3_16_946,0,12198,16,0,False,False,,,855.5599975585938,120.58001708984375,1243.0899658203125,4979.960593506694
2402,set03,video_0016,3_16_946,0,12206,16,0,False,False,,,865.4600219726562,135.09002685546875,1285.2350463867188,6334.373338110745
2403,set03,video_0016,3_16_946,0,12214,16,0,False,False,,,882.4099731445312,159.3499755859375,1336.8200073242188,9000.102960690856
2404,set03,video_0016,3_16_947,0,12194,16,0,False,False,,,846.5900268554688,111.9300537109375,1169.5,3792.1771029233932
2405,set03,video_0016,3_16_947,0,12202,16,0,False,False,,,857.9199829101562,125.25,1203.0050048828125,4405.03271484375
2406,set03,video_0016,3_16_947,0,12210,16,0,False,False,,,872.6799926757812,144.94000244140625,1242.4949951171875,5285.957642748952
2407,set03,video_0016,3_16_947,0,12218,16,0,False,False,,,891.510009765625,171.6500244140625,1292.06494140625,8625.41372680664
2408,set03,video_0016,3_16_904,0,6015,16,0,False,False,,,869.5800170898438,152.6199951171875,1152.8400268554688,5027.312326952815
2409,set03,video_0016,3_16_904,0,6023,16,0,False,False,,,877.1799926757812,171.72998046875,1181.364990234375,6036.292042970657
2410,set03,video_0016,3_16_904,0,6031,16,0,False,False,,,898.3200073242188,197.52001953125,1219.6600341796875,8193.126552343369
2411,set03,video_0016,3_16_904,0,6039,16,0,False,False,,,922.0,229.280029296875,1265.2000122070312,11876.68872460723
2412,set03,video_0016,3_16_928,1,2597,16,0,False,False,2634.0,-37.0,822.5,118.6500244140625,1639.7999877929688,5173.138167724013
2413,set03,video_0016,3_16_929,1,2745,16,0,False,False,2805.0,-60.0,825.5399780273438,139.05999755859375,1745.8699951171875,6296.640763476491
2414,set03,video_0016,3_16_929,1,2753,16,0,False,False,2805.0,-52.0,833.030029296875,143.33001708984375,1729.4149780273438,7248.191265843809
2415,set03,video_0016,3_16_929,1,2761,16,0,False,False,2805.0,-44.0,834.6599731445312,144.80999755859375,1717.905029296875,6048.716426342726
2416,set03,video_0016,3_16_929,1,2769,16,0,False,False,2805.0,-36.0,838.9000244140625,144.4300537109375,1693.8800048828125,9018.204091012478
2417,set03,video_0016,3_16_930,1,2757,16,0,False,False,2817.0,-60.0,825.3099975585938,126.72998046875,1745.9900512695312,4990.627249658108
2418,set03,video_0016,3_16_930,1,2765,16,0,False,False,2817.0,-52.0,833.739990234375,130.7099609375,1729.0149536132812,5404.853693604469
2419,set03,video_0016,3_16_930,1,2773,16,0,False,False,2817.0,-44.0,834.0,130.6400146484375,1718.175048828125,4670.380523681641
2420,set03,video_0016,3_16_930,1,2781,16,0,False,False,2817.0,-36.0,839.719970703125,134.969970703125,1699.97998046875,5811.814846873283
2421,set03,video_0016,3_16_931,1,2811,16,0,False,False,2871.0,-60.0,815.5800170898438,144.510009765625,1776.8999633789062,5358.4248115718365
2422,set03,video_0016,3_16_931,1,2819,16,0,False,False,2871.0,-52.0,823.1799926757812,147.91998291015625,1754.8900146484375,6032.181236669421
2423,set03,video_0016,3_16_931,1,2827,16,0,False,False,2871.0,-44.0,831.4600219726562,151.80999755859375,1731.800048828125,6834.489055126905
2424,set03,video_0016,3_16_931,1,2835,16,0,False,False,2871.0,-36.0,836.7100219726562,155.19000244140625,1712.0149536132812,7466.188744165003
2425,set03,video_0016,3_16_932,1,3045,16,0,False,False,3105.0,-60.0,835.0999755859375,136.3800048828125,1735.2699584960938,6734.445307031274
2426,set03,video_0016,3_16_932,1,3053,16,0,False,False,3105.0,-52.0,839.5900268554688,136.3900146484375,1725.0850219726562,6468.985720410943
2427,set03,video_0016,3_16_932,1,3061,16,0,False,False,3105.0,-44.0,838.3200073242188,136.4000244140625,1706.2249755859375,5151.8315861821175
2428,set03,video_0016,3_16_932,1,3069,16,0,False,False,3105.0,-36.0,847.7999877929688,139.5,1681.3999633789062,6221.696594238281
2429,set03,video_0016,3_16_933,1,3006,16,0,False,False,3066.0,-60.0,835.9500122070312,139.75,1715.449951171875,5659.875
2430,set03,video_0016,3_16_933,1,3014,16,0,False,False,3066.0,-52.0,837.8400268554688,132.95001220703125,1702.260009765625,5009.547371581197
2431,set03,video_0016,3_16_933,1,3022,16,0,False,False,3066.0,-44.0,841.4400024414062,133.6400146484375,1687.8350219726562,4865.837501123548
2432,set03,video_0016,3_16_933,1,3030,16,0,False,False,3066.0,-36.0,845.5999755859375,136.949951171875,1671.9099731445312,5184.923145264387
2433,set03,video_0016,3_16_934,1,3015,16,0,False,False,3075.0,-60.0,837.72998046875,141.38995361328125,1730.9400024414062,4185.139175049961
2434,set03,video_0016,3_16_934,1,3023,16,0,False,False,3075.0,-52.0,841.8300170898438,143.260009765625,1717.8150024414062,4241.926790624857
2435,set03,video_0016,3_16_934,1,3031,16,0,False,False,3075.0,-44.0,847.5800170898438,147.58001708984375,1704.4450073242188,7129.581257738173
2436,set03,video_0016,3_16_934,1,3039,16,0,False,False,3075.0,-36.0,850.2999877929688,148.83001708984375,1695.0050048828125,7880.542137816548
2437,set03,video_0016,3_16_935,1,3117,16,0,False,False,3177.0,-60.0,829.25,143.27001953125,1766.25,5040.229493260384
2438,set03,video_0016,3_16_935,1,3125,16,0,False,False,3177.0,-52.0,835.9400024414062,146.6400146484375,1745.2100219726562,5158.803591504693
2439,set03,video_0016,3_16_935,1,3133,16,0,False,False,3177.0,-44.0,841.7999877929688,149.5899658203125,1726.7999877929688,5262.583032175899
2440,set03,video_0016,3_16_935,1,3141,16,0,False,False,3177.0,-36.0,851.1099853515625,155.0,1699.85498046875,7023.05908203125
2441,set03,video_0016,3_16_936,1,3220,16,0,False,False,3280.0,-60.0,840.1699829101562,143.19000244140625,1734.2999877929688,5031.698783300817
2442,set03,video_0016,3_16_936,1,3228,16,0,False,False,3280.0,-52.0,846.0,148.27001953125,1718.4849853515625,5490.443167090416
2443,set03,video_0016,3_16_936,1,3236,16,0,False,False,3280.0,-44.0,854.8400268554688,156.5,1706.52001953125,8501.090698242188
2444,set03,video_0016,3_16_936,1,3244,16,0,False,False,3280.0,-36.0,859.0999755859375,160.13995361328125,1686.7699584960938,8272.83547719568
2445,set03,video_0016,3_16_937,1,3331,16,0,False,False,3391.0,-60.0,832.1400146484375,139.60003662109375,1747.5850219726562,6610.05832580477
2446,set03,video_0016,3_16_937,1,3339,16,0,False,False,3391.0,-52.0,839.9600219726562,143.23004150390625,1729.4599609375,7198.743284717202
2447,set03,video_0016,3_16_937,1,3347,16,0,False,False,3391.0,-44.0,847.9000244140625,150.1700439453125,1709.9849853515625,8684.345373392105
2448,set03,video_0016,3_16_937,1,3355,16,0,False,False,3391.0,-36.0,848.9000244140625,149.4200439453125,1682.8099975585938,10307.009952738881
2449,set03,video_0016,3_16_938,1,3425,16,0,False,False,3485.0,-60.0,821.469970703125,132.0699462890625,1792.5849609375,5149.405916064978
2450,set03,video_0016,3_16_938,1,3433,16,0,False,False,3485.0,-52.0,823.5900268554688,132.780029296875,1774.22998046875,5234.178381443024
2451,set03,video_0016,3_16_938,1,3441,16,0,False,False,3485.0,-44.0,830.030029296875,135.6300048828125,1746.6849975585938,5578.462763085961
2452,set03,video_0016,3_16_938,1,3449,16,0,False,False,3485.0,-36.0,836.469970703125,138.47998046875,1719.135009765625,5931.108382225037
2453,set03,video_0016,3_16_939,1,3559,16,0,False,False,3619.0,-60.0,825.5,148.510009765625,1747.9149780273438,5546.8452390134335
2454,set03,video_0016,3_16_939,1,3567,16,0,False,False,3619.0,-52.0,831.219970703125,152.42999267578125,1729.35498046875,5906.662216186523
2455,set03,video_0016,3_16_939,1,3575,16,0,False,False,3619.0,-44.0,836.9299926757812,156.3499755859375,1710.7949829101562,6277.455336913466
2456,set03,video_0016,3_16_939,1,3583,16,0,False,False,3619.0,-36.0,843.0700073242188,160.780029296875,1692.1499633789062,7456.978543847799
2457,set03,video_0016,3_16_940,1,3604,16,0,False,False,3664.0,-60.0,829.5399780273438,137.65997314453125,1738.1099853515625,5374.250728905201
2458,set03,video_0016,3_16_940,1,3612,16,0,False,False,3664.0,-52.0,832.989990234375,138.95001220703125,1719.8599853515625,5774.7706489264965
2459,set03,video_0016,3_16_940,1,3620,16,0,False,False,3664.0,-44.0,836.4400024414062,140.239990234375,1701.6099853515625,6181.789725780487
2460,set03,video_0016,3_16_940,1,3628,16,0,False,False,3664.0,-36.0,842.2000122070312,145.46002197265625,1690.614990234375,6503.511900365353
2461,set03,video_0016,3_16_941,1,3670,16,0,False,False,3730.0,-60.0,812.3300170898438,136.09002685546875,1772.0650024414062,5268.056236110628
2462,set03,video_0016,3_16_941,1,3678,16,0,False,False,3730.0,-52.0,822.5999755859375,142.92999267578125,1748.0750122070312,5532.831880785525
2463,set03,video_0016,3_16_941,1,3686,16,0,False,False,3730.0,-44.0,832.8699951171875,149.77001953125,1724.0849609375,5797.5916056633
2464,set03,video_0016,3_16_941,1,3694,16,0,False,False,3730.0,-36.0,849.5,161.02001953125,1703.5050048828125,6825.621330857277
2465,set03,video_0016,3_16_942,1,4329,16,0,False,False,4389.0,-60.0,960.7000122070312,272.8699951171875,1358.5150146484375,18224.997632861137
2466,set03,video_0016,3_16_942,1,4337,16,0,False,False,4389.0,-52.0,960.7000122070312,272.8699951171875,1358.4549560546875,18143.12331059575
2467,set03,video_0016,3_16_942,1,4345,16,0,False,False,4389.0,-44.0,960.7000122070312,272.8699951171875,1358.39501953125,18066.7117177248
2468,set03,video_0016,3_16_942,1,4353,16,0,False,False,4389.0,-36.0,960.7000122070312,272.8699951171875,1358.3350219726562,17990.333434179425
2469,set03,video_0016,3_16_943,1,4286,16,0,False,False,4346.0,-60.0,931.0999755859375,245.89996337890625,1397.760009765625,14429.39304150641
2470,set03,video_0016,3_16_943,1,4294,16,0,False,False,4346.0,-52.0,931.0999755859375,245.89996337890625,1397.5999755859375,14508.097839355469
2471,set03,video_0016,3_16_943,1,4302,16,0,False,False,4346.0,-44.0,931.0999755859375,245.89996337890625,1397.4450073242188,14584.311219118536
2472,set03,video_0016,3_16_943,1,4310,16,0,False,False,4346.0,-36.0,931.0999755859375,245.89996337890625,1397.2849731445312,14663.016016967595
2473,set03,video_0016,3_16_945,0,4676,16,0,False,False,,,899.780029296875,212.47003173828125,1741.75,9114.943612545729
2474,set03,video_0016,3_16_945,0,4684,16,0,False,False,,,900.6799926757812,224.22998046875,1761.8200073242188,9117.198669970036
2475,set03,video_0016,3_16_945,0,4692,16,0,False,False,,,901.0399780273438,232.0899658203125,1782.8200073242188,9450.724939987063
2476,set03,video_0016,3_16_945,0,4700,16,0,False,False,,,902.1099853515625,240.1400146484375,1804.2750244140625,9948.984391063452
2477,set03,video_0016,3_16_903,1,5028,16,0,False,False,5088.0,-60.0,806.5999755859375,107.699951171875,536.8499908447266,6128.126564331353
2478,set03,video_0016,3_16_903,1,5036,16,0,False,False,5088.0,-52.0,807.030029296875,108.1300048828125,526.3849945068359,4414.946647424251
2479,set03,video_0016,3_16_903,1,5044,16,0,False,False,5088.0,-44.0,812.22998046875,109.5,518.2700042724609,5058.897994995117
2480,set03,video_0016,3_16_903,1,5052,16,0,False,False,5088.0,-36.0,811.4600219726562,111.46002197265625,512.4850158691406,4187.553841870278
2481,set03,video_0016,3_16_944,0,4688,16,0,False,False,,,890.239990234375,220.29998779296875,1730.8599853515625,13006.519884765148
2482,set03,video_0016,3_16_944,0,4696,16,0,False,False,,,887.4000244140625,221.30999755859375,1751.6799926757812,13066.123885400593
2483,set03,video_0016,3_16_944,0,4704,16,0,False,False,,,892.780029296875,234.010009765625,1773.8900146484375,13815.960117578506
2484,set03,video_0016,3_16_944,0,4712,16,0,False,False,,,893.8599853515625,243.19000244140625,1800.9749755859375,14515.996996313334
2485,set03,video_0016,3_16_906,1,9624,16,0,False,False,9684.0,-60.0,800.4000244140625,66.7900390625,1042.0750122070312,1229.6069020032883
2486,set03,video_0016,3_16_906,1,9632,16,0,False,False,9684.0,-52.0,803.0399780273438,68.5,1042.9299926757812,1293.2803344726562
2487,set03,video_0016,3_16_906,1,9640,16,0,False,False,9684.0,-44.0,805.3099975585938,70.75,1043.8599853515625,1344.25
2488,set03,video_0016,3_16_906,1,9648,16,0,False,False,9684.0,-36.0,810.3900146484375,73.20001220703125,1045.280029296875,1390.8002319335938
2489,set03,video_0016,3_16_907,0,12030,16,0,False,False,,,845.5999755859375,131.199951171875,1181.0,5917.130610346794
2490,set03,video_0016,3_16_907,0,12038,16,0,False,False,,,851.5,143.40997314453125,1201.7899780273438,6467.786287598312
2491,set03,video_0016,3_16_907,0,12046,16,0,False,False,,,867.0999755859375,161.65997314453125,1233.2349853515625,7771.005960032344
2492,set03,video_0016,3_16_907,0,12054,16,0,False,False,,,881.8599853515625,180.51995849609375,1269.77001953125,9332.873039796948
2493,set03,video_0016,3_16_908,0,12419,16,0,False,False,,,818.5399780273438,102.28997802734375,1231.7650146484375,3122.9160259515047
2494,set03,video_0016,3_16_908,0,12427,16,0,False,False,,,823.6400146484375,114.70001220703125,1258.2000122070312,4147.5563618168235
2495,set03,video_0016,3_16_908,0,12435,16,0,False,False,,,834.2000122070312,129.41998291015625,1287.6949462890625,5597.414260864258
2496,set03,video_0016,3_16_908,0,12443,16,0,False,False,,,847.9000244140625,147.9000244140625,1330.8399658203125,7915.612195312977
2497,set03,video_0016,3_16_909,0,12546,16,0,False,False,,,829.9299926757812,106.07000732421875,1212.35498046875,3823.8289432376623
2498,set03,video_0016,3_16_909,0,12554,16,0,False,False,,,839.25,117.72998046875,1240.364990234375,4759.815062403679
2499,set03,video_0016,3_16_909,0,12562,16,0,False,False,,,847.3599853515625,129.78997802734375,1277.5799560546875,5747.104029491544
2500,set03,video_0016,3_16_909,0,12570,16,0,False,False,,,862.0,148.469970703125,1336.614990234375,7312.146057128906
2501,set03,video_0016,3_16_910,0,12951,16,0,False,False,,,853.8099975585938,167.46002197265625,1387.85498046875,7882.354681715369
2502,set03,video_0016,3_16_910,0,12959,16,0,False,False,,,866.1300048828125,186.57000732421875,1443.8800048828125,9877.005255907774
2503,set03,video_0016,3_16_910,0,12967,16,0,False,False,,,878.1599731445312,205.66998291015625,1507.4199829101562,12821.459704883397
2504,set03,video_0016,3_16_910,0,12975,16,0,False,False,,,889.7999877929688,224.76995849609375,1574.7699584960938,16601.505841992795
2505,set03,video_0016,3_16_916,1,15497,16,0,False,False,15557.0,-60.0,837.780029296875,181.72003173828125,1699.35498046875,11551.954839870334
2506,set03,video_0016,3_16_916,1,15505,16,0,False,False,15557.0,-52.0,842.780029296875,182.780029296875,1682.739990234375,13072.431265234947
2507,set03,video_0016,3_16_916,1,15513,16,0,False,False,15557.0,-44.0,849.5599975585938,179.6199951171875,1671.4299926757812,11962.6872895509
2508,set03,video_0016,3_16_916,1,15521,16,0,False,False,15557.0,-36.0,844.27001953125,179.6199951171875,1656.6199951171875,11962.709215819836
2509,set03,video_0016,3_16_915,1,15278,16,0,False,False,15338.0,-60.0,857.9000244140625,155.19000244140625,1567.7050170898438,8130.406501196325
2510,set03,video_0016,3_16_915,1,15286,16,0,False,False,15338.0,-52.0,859.1799926757812,158.58001708984375,1578.4749755859375,8444.38591003418
2511,set03,video_0016,3_16_915,1,15294,16,0,False,False,15338.0,-44.0,859.27001953125,160.21002197265625,1594.5899658203125,10410.444098681211
2512,set03,video_0016,3_16_915,1,15302,16,0,False,False,15338.0,-36.0,867.010009765625,165.41998291015625,1604.625,10896.23365944624
2513,set03,video_0017,3_17_950,0,2318,16,0,False,False,,,889.75,198.90997314453125,1378.60498046875,12242.91855944693
2514,set03,video_0017,3_17_950,0,2326,16,0,False,False,,,901.0399780273438,219.3299560546875,1418.6950073242188,15197.354448929429
2515,set03,video_0017,3_17_950,0,2334,16,0,False,False,,,909.5900268554688,237.510009765625,1464.2699584960938,17252.730588525534
2516,set03,video_0017,3_17_950,0,2342,16,0,False,False,,,917.510009765625,261.780029296875,1522.4650268554688,19918.833481639624
2517,set03,video_0017,3_17_951,0,2363,16,0,False,False,,,920.739990234375,239.739990234375,1203.885009765625,17436.28480732441
2518,set03,video_0017,3_17_951,0,2371,16,0,False,False,,,939.6300048828125,270.6500244140625,1238.5150146484375,21373.22449877858
2519,set03,video_0017,3_17_951,0,2379,16,0,False,False,,,960.1699829101562,305.3299560546875,1280.0599975585938,27296.505525633693
2520,set03,video_0017,3_17_951,0,2387,16,0,False,False,,,997.3200073242188,358.72998046875,1341.5050048828125,37670.2387522459
2521,set03,video_0017,3_17_952,0,2605,16,0,False,False,,,861.3900146484375,149.04998779296875,1156.0599975585938,7714.8106291517615
2522,set03,video_0017,3_17_952,0,2613,16,0,False,False,,,871.7100219726562,163.96002197265625,1183.574951171875,9799.893715649843
2523,set03,video_0017,3_17_952,0,2621,16,0,False,False,,,889.7999877929688,188.1400146484375,1217.7699584960938,12530.120382323861
2524,set03,video_0017,3_17_952,0,2629,16,0,False,False,,,912.0,218.28997802734375,1259.614990234375,18024.21840788424
2525,set03,video_0017,3_17_955,0,3624,16,0,False,False,,,850.2999877929688,118.28997802734375,1163.7850341796875,5229.5953078866005
2526,set03,video_0017,3_17_955,0,3632,16,0,False,False,,,857.739990234375,143.57000732421875,1184.469970703125,7324.944577783346
2527,set03,video_0017,3_17_955,0,3640,16,0,False,False,,,865.260009765625,164.75,1212.405029296875,7379.158935546875
2528,set03,video_0017,3_17_955,0,3648,16,0,False,False,,,881.1799926757812,188.760009765625,1243.6500244140625,14545.857412695885
2529,set03,video_0017,3_17_956,0,5019,16,0,False,False,,,813.3400268554688,77.61004638671875,1193.2249755859375,1281.3426237553358
2530,set03,video_0017,3_17_956,0,5027,16,0,False,False,,,819.7999877929688,86.45001220703125,1226.9750366210938,1759.2556378170848
2531,set03,video_0017,3_17_956,0,5035,16,0,False,False,,,831.22998046875,98.22998046875,1263.8599853515625,2447.883439064026
2532,set03,video_0017,3_17_956,0,5043,16,0,False,False,,,840.3400268554688,115.33001708984375,1314.489990234375,3427.604729101062
2533,set03,video_0017,3_17_957,0,5029,16,0,False,False,,,823.72998046875,98.7099609375,1225.364990234375,2439.119278907776
2534,set03,video_0017,3_17_957,0,5037,16,0,False,False,,,834.6699829101562,114.0,1260.9049682617188,3154.385009765625
2535,set03,video_0017,3_17_957,0,5045,16,0,False,False,,,845.2000122070312,131.0,1311.1649780273438,4311.2144775390625
2536,set03,video_0017,3_17_959,0,5239,16,0,False,False,,,793.5499877929688,78.07000732421875,579.2449951171875,1894.7606025636196
2537,set03,video_0017,3_17_959,0,5247,16,0,False,False,,,796.7899780273438,86.80999755859375,539.7449951171875,2042.6417858153582
2538,set03,video_0017,3_17_959,0,5255,16,0,False,False,,,799.3099975585938,94.90997314453125,495.3300018310547,2792.2526843380183
2539,set03,video_0017,3_17_959,0,5263,16,0,False,False,,,800.989990234375,102.79998779296875,441.0799865722656,2730.3674248047173
2540,set03,video_0017,3_17_967,0,13100,16,0,False,False,,,812.5999755859375,91.3800048828125,489.98500061035156,3657.941483911127
2541,set03,video_0017,3_17_967,0,13108,16,0,False,False,,,812.72998046875,91.3800048828125,459.2849884033203,3657.941483911127
2542,set03,video_0017,3_17_967,0,13116,16,0,False,False,,,808.8699951171875,91.3800048828125,425.5349884033203,3657.941483911127
2543,set03,video_0017,3_17_967,0,13124,16,0,False,False,,,823.2000122070312,111.1400146484375,380.89500427246094,5135.7791272215545
2544,set03,video_0017,3_17_961,1,9543,16,0,False,False,9603.0,-60.0,810.2999877929688,109.3399658203125,495.260009765625,3923.1185075193644
2545,set03,video_0017,3_17_961,1,9551,16,0,False,False,9603.0,-52.0,813.9099731445312,109.3299560546875,516.6300048828125,6247.115290477872
2546,set03,video_0017,3_17_961,1,9559,16,0,False,False,9603.0,-44.0,819.5999755859375,118.29998779296875,530.5,3478.022529296577
2547,set03,video_0017,3_17_961,1,9567,16,0,False,False,9603.0,-36.0,819.5999755859375,118.29998779296875,551.2599792480469,5581.392557617277
2548,set03,video_0017,3_17_963,1,9637,16,0,False,False,9697.0,-60.0,861.0800170898438,244.9000244140625,1694.0099487304688,26483.49222753942
2549,set03,video_0017,3_17_963,1,9645,16,0,False,False,9697.0,-52.0,865.5,247.8599853515625,1650.8849487304688,26801.101426318288
2550,set03,video_0017,3_17_963,1,9653,16,0,False,False,9697.0,-44.0,870.25,248.58001708984375,1610.8600463867188,26881.446689404547
2551,set03,video_0017,3_17_963,1,9661,16,0,False,False,9697.0,-36.0,880.5900268554688,253.1400146484375,1561.6950073242188,27372.031019970775
2552,set03,video_0017,3_17_966,1,11015,16,0,False,False,11075.0,-60.0,791.0999755859375,53.50994873046875,1117.5950317382812,1103.9105035886168
2553,set03,video_0017,3_17_966,1,11023,16,0,False,False,11075.0,-52.0,798.8900146484375,62.23004150390625,1120.1600341796875,1244.600830078125
2554,set03,video_0017,3_17_966,1,11031,16,0,False,False,11075.0,-44.0,801.6599731445312,66.14996337890625,1124.4349975585938,1430.8240308836102
2555,set03,video_0017,3_17_966,1,11039,16,0,False,False,11075.0,-36.0,807.5,71.989990234375,1123.2849731445312,1557.1438402831554
2556,set03,video_0017,3_17_968,0,12645,16,0,False,False,,,799.5800170898438,67.739990234375,694.3399963378906,1184.097840771079
2557,set03,video_0017,3_17_968,0,12653,16,0,False,False,,,799.4000244140625,74.98004150390625,654.4499816894531,1634.5639895014465
2558,set03,video_0017,3_17_968,0,12661,16,0,False,False,,,801.7999877929688,83.28997802734375,605.5499877929688,2173.8663930669427
2559,set03,video_0017,3_17_968,0,12669,16,0,False,False,,,807.47998046875,98.22998046875,546.9549865722656,3246.4996553957462
2560,set03,video_0018,3_18_969,1,9541,16,0,False,False,9601.0,-60.0,933.0499877929688,288.25,1853.6900024414062,22074.172332763672
2561,set03,video_0018,3_18_969,1,9549,16,0,False,False,9601.0,-52.0,933.3900146484375,288.59002685546875,1854.2949829101562,22449.394233860075
2562,set03,video_0018,3_18_969,1,9557,16,0,False,False,9601.0,-44.0,933.739990234375,288.94000244140625,1856.0900268554688,23513.938809521496
2563,set03,video_0018,3_18_969,1,9565,16,0,False,False,9601.0,-36.0,934.0900268554688,289.2900390625,1857.8800048828125,24578.07041835785
2564,set03,video_0018,3_18_970,1,9679,16,0,False,False,9739.0,-60.0,890.1599731445312,226.8299560546875,1832.75,15764.681945800781
2565,set03,video_0018,3_18_970,1,9687,16,0,False,False,9739.0,-52.0,890.1599731445312,226.8299560546875,1832.75,15764.681945800781
2566,set03,video_0018,3_18_970,1,9695,16,0,False,False,9739.0,-44.0,890.1599731445312,226.8299560546875,1832.75,15764.681945800781
2567,set03,video_0018,3_18_970,1,9703,16,0,False,False,9739.0,-36.0,890.1599731445312,226.8299560546875,1832.75,15764.681945800781
2568,set03,video_0018,3_18_980,0,15438,16,0,False,False,,,799.530029296875,70.0,1219.6449584960938,1218.702392578125
2569,set03,video_0018,3_18_980,0,15446,16,0,False,False,,,801.6400146484375,76.44000244140625,1253.489990234375,1531.8606348633766
2570,set03,video_0018,3_18_980,0,15454,16,0,False,False,,,810.4400024414062,87.5999755859375,1294.5700073242188,2060.3424433618784
2571,set03,video_0018,3_18_980,0,15462,16,0,False,False,,,818.8200073242188,100.239990234375,1344.7999877929688,2712.4877728521824
2572,set03,video_0018,3_18_981,0,16034,16,0,False,False,,,792.72998046875,62.010009765625,629.9649963378906,1223.4600663334131
2573,set03,video_0018,3_18_981,0,16042,16,0,False,False,,,796.3499755859375,68.80999755859375,597.3949890136719,1414.044609863311
2574,set03,video_0018,3_18_981,0,16050,16,0,False,False,,,801.97998046875,77.66998291015625,556.5299987792969,1660.5798732675612
2575,set03,video_0018,3_18_981,0,16058,16,0,False,False,,,806.8499755859375,88.489990234375,504.87001037597656,2005.1835027709603
2576,set03,video_0018,3_18_983,0,16027,16,0,False,False,,,790.9400024414062,61.66998291015625,598.5749816894531,967.6021824218333
2577,set03,video_0018,3_18_983,0,16035,16,0,False,False,,,794.030029296875,68.60003662109375,565.1600036621094,1251.2681850604713
2578,set03,video_0018,3_18_983,0,16043,16,0,False,False,,,799.1900024414062,76.280029296875,525.9450073242188,1756.7313094735146
2579,set03,video_0018,3_18_983,0,16051,16,0,False,False,,,802.72998046875,83.969970703125,476.2049865722656,2335.204680249095
2580,set03,video_0018,3_18_984,0,16030,16,0,False,False,,,792.9000244140625,57.1600341796875,613.1400146484375,1127.1941994130611
2581,set03,video_0018,3_18_984,0,16038,16,0,False,False,,,794.739990234375,63.65997314453125,579.2900085449219,1399.2488518543541
2582,set03,video_0018,3_18_984,0,16046,16,0,False,False,,,801.5,71.59002685546875,535.6100158691406,1659.4562981687486
2583,set03,video_0018,3_18_984,0,16054,16,0,False,False,,,807.969970703125,81.50994873046875,482.10499572753906,2199.955207725987
2584,set03,video_0018,3_18_985,0,16045,16,0,False,False,,,810.4400024414062,74.72003173828125,1164.949951171875,1176.092569872737
2585,set03,video_0018,3_18_985,0,16053,16,0,False,False,,,813.510009765625,79.67999267578125,1191.3399658203125,1314.7198791503906
2586,set03,video_0018,3_18_985,0,16061,16,0,False,False,,,822.9199829101562,90.010009765625,1224.2750244140625,1772.2918182611465
2587,set03,video_0018,3_18_985,0,16069,16,0,False,False,,,831.719970703125,104.79998779296875,1266.72998046875,2861.044783934951
2588,set03,video_0018,3_18_987,0,17831,16,0,False,False,,,820.8200073242188,78.91998291015625,1215.6849975585938,2317.87951271981
2589,set03,video_0018,3_18_987,0,17839,16,0,False,False,,,827.4400024414062,85.739990234375,1224.2750244140625,2878.2973333001137
2590,set03,video_0018,3_18_987,0,17847,16,0,False,False,,,839.8599853515625,97.5999755859375,1241.4149780273438,3555.572352781892
2591,set03,video_0018,3_18_987,0,17855,16,0,False,False,,,852.2999877929688,109.45001220703125,1272.5400390625,4299.199686035514
2592,set03,video_0018,3_18_974,0,14608,16,0,False,False,,,795.9299926757812,82.69000244140625,412.02000427246094,1941.5621657837182
2593,set03,video_0018,3_18_974,0,14616,16,0,False,False,,,790.5900268554688,85.70001220703125,374.8699951171875,2012.2346127927303
2594,set03,video_0018,3_18_974,0,14624,16,0,False,False,,,791.6599731445312,88.0799560546875,332.7699890136719,2349.972582422197
2595,set03,video_0018,3_18_974,0,14632,16,0,False,False,,,791.3499755859375,102.2099609375,289.5850067138672,2770.9136629998684
2596,set03,video_0018,3_18_975,0,14644,16,0,False,False,,,780.510009765625,106.33001708984375,204.36499786376953,3267.520970880054
2597,set03,video_0018,3_18_975,0,14652,16,0,False,False,,,780.7999877929688,115.3800048828125,156.96500396728516,3545.6270570922643
2598,set03,video_0018,3_18_975,0,14660,16,0,False,False,,,781.3599853515625,120.29998779296875,110.28999710083008,5346.130833404604
2599,set03,video_0018,3_18_975,0,14668,16,0,False,False,,,794.2000122070312,132.73004150390625,68.4950008392334,6106.908986811759
2600,set03,video_0018,3_18_976,0,14613,16,0,False,False,,,791.0599975585938,81.739990234375,386.24501037597656,1495.0251198485494
2601,set03,video_0018,3_18_976,0,14621,16,0,False,False,,,789.6300048828125,87.09002685546875,343.3050079345703,1667.7734827268869
2602,set03,video_0018,3_18_976,0,14629,16,0,False,False,,,788.3099975585938,92.44000244140625,297.61000061035156,1846.9522643554956
2603,set03,video_0018,3_18_976,0,14637,16,0,False,False,,,786.989990234375,97.78997802734375,251.9149932861328,2036.9639292117208
2604,set03,video_0018,3_18_977,0,14692,16,0,False,False,,,807.6699829101562,63.7099609375,681.9550170898438,1705.5168986320496
2605,set03,video_0018,3_18_977,0,14700,16,0,False,False,,,816.510009765625,67.58001708984375,744.6099853515625,1917.9212149903178
2606,set03,video_0018,3_18_977,0,14708,16,0,False,False,,,819.0499877929688,77.3499755859375,833.5599975585938,2110.109600096941
2607,set03,video_0018,3_18_977,0,14716,16,0,False,False,,,822.0,88.08001708984375,936.5299987792969,2341.1683595217764
2608,set03,video_0018,3_18_978,0,15086,16,0,False,False,,,808.719970703125,72.6199951171875,1168.010009765625,2328.20129853487
2609,set03,video_0018,3_18_978,0,15094,16,0,False,False,,,818.1500244140625,82.98004150390625,1186.6849975585938,2740.8230725303292
2610,set03,video_0018,3_18_978,0,15102,16,0,False,False,,,830.2999877929688,97.5999755859375,1212.0,3474.568662106991
2611,set03,video_0018,3_18_978,0,15110,16,0,False,False,,,838.4099731445312,113.1199951171875,1237.260009765625,6465.928978711367
2612,set03,video_0018,3_18_982,0,16053,16,0,False,False,,,798.739990234375,80.3699951171875,551.0799865722656,1453.0908852294087
2613,set03,video_0018,3_18_982,0,16061,16,0,False,False,,,802.9400024414062,90.47998046875,500.0500030517578,2166.0937145501375
2614,set03,video_0018,3_18_986,0,17834,16,0,False,False,,,823.0,90.15997314453125,1198.0899658203125,2371.2116960436106
2615,set03,video_0018,3_18_986,0,17842,16,0,False,False,,,829.5,98.71002197265625,1206.2349853515625,2853.6980595439672
2616,set03,video_0018,3_18_986,0,17850,16,0,False,False,,,846.219970703125,112.13995361328125,1224.3500366210938,3743.2321991696954
2617,set03,video_0018,3_18_986,0,17858,16,0,False,False,,,847.5999755859375,128.39996337890625,1255.7699584960938,4858.650225587189
2618,set03,video_0018,3_18_972,0,12575,16,0,False,False,,,815.9600219726562,82.0,1289.4449462890625,2665.82080078125
2619,set03,video_0018,3_18_972,0,12583,16,0,False,False,,,818.0999755859375,90.79998779296875,1309.4349975585938,3469.4750706776977
2620,set03,video_0018,3_18_972,0,12591,16,0,False,False,,,822.0999755859375,98.63995361328125,1340.35498046875,3769.0287744402885
2621,set03,video_0018,3_18_972,0,12599,16,0,False,False,,,830.3800048828125,113.78997802734375,1384.60498046875,3672.004813402891
2622,set03,video_0018,3_18_973,0,12621,16,0,False,False,,,795.4500122070312,57.4000244140625,595.7049865722656,843.2064987793565
2623,set03,video_0018,3_18_973,0,12629,16,0,False,False,,,797.9600219726562,61.1400146484375,570.0450134277344,914.0439653322101
2624,set03,video_0018,3_18_973,0,12637,16,0,False,False,,,803.7000122070312,69.05999755859375,538.4949951171875,1156.7549591064453
2625,set03,video_0018,3_18_973,0,12645,16,0,False,False,,,800.3800048828125,74.45001220703125,501.3249969482422,1340.8431748654693
2626,set03,video_0019,3_19_988,0,1392,16,0,False,False,,,823.2100219726562,100.280029296875,1171.405029296875,3157.8171432614326
2627,set03,video_0019,3_19_988,0,1400,16,0,False,False,,,829.0999755859375,109.79998779296875,1193.3049926757812,4193.268503539264
2628,set03,video_0019,3_19_988,0,1408,16,0,False,False,,,839.2000122070312,122.1500244140625,1219.6600341796875,6776.880968749523
2629,set03,video_0019,3_19_988,0,1416,16,0,False,False,,,853.8499755859375,142.75994873046875,1254.2150268554688,9766.212972141802
2630,set03,video_0019,3_19_989,0,1407,16,0,False,False,,,849.77001953125,150.3900146484375,1284.5449829101562,4537.27335087955
2631,set03,video_0019,3_19_990,0,1419,16,0,False,False,,,809.6699829101562,69.07000732421875,492.50498962402344,1728.8221990112215
2632,set03,video_0019,3_19_990,0,1427,16,0,False,False,,,813.9199829101562,74.41998291015625,453.70001220703125,1897.7095642089844
2633,set03,video_0019,3_19_990,0,1435,16,0,False,False,,,818.0,80.46002197265625,412.4750061035156,2121.7303865477443
2634,set03,video_0019,3_19_990,0,1443,16,0,False,False,,,821.260009765625,87.3699951171875,364.2850036621094,2431.508457250893
2635,set03,video_0019,3_19_991,0,1412,16,0,False,False,,,806.5399780273438,65.63995361328125,494.8350067138672,1032.5171914789826
2636,set03,video_0019,3_19_991,0,1420,16,0,False,False,,,812.760009765625,71.6099853515625,456.625,1126.4236709475517
2637,set03,video_0019,3_19_991,0,1428,16,0,False,False,,,815.280029296875,76.0400390625,414.2899932861328,1408.2606880366802
2638,set03,video_0019,3_19_991,0,1436,16,0,False,False,,,819.1900024414062,82.40997314453125,367.4499969482422,1623.4749619755894
2639,set03,video_0019,3_19_992,0,1417,16,0,False,False,,,808.3400268554688,61.57000732421875,484.11500549316406,1044.8430994506925
2640,set03,video_0019,3_19_992,0,1425,16,0,False,False,,,810.719970703125,67.3499755859375,444.25,1170.5429045408964
2641,set03,video_0019,3_19_992,0,1433,16,0,False,False,,,815.5499877929688,73.010009765625,404.39500427246094,1288.6262267455459
2642,set03,video_0019,3_19_992,0,1441,16,0,False,False,,,820.3300170898438,78.69000244140625,356.72499084472656,1409.3382318969816
2643,set03,video_0019,3_19_994,0,7956,16,0,False,False,,,996.5,437.02001953125,221.47500610351562,54684.31717783213
2644,set03,video_0019,3_19_994,0,7964,16,0,False,False,,,996.5,438.79998779296875,221.33000946044922,54683.259031738155
2645,set03,video_0019,3_19_994,0,7972,16,0,False,False,,,997.4199829101562,440.6099853515625,214.3499984741211,54679.69514822401
2646,set03,video_0019,3_19_994,0,7980,16,0,False,False,,,996.9500122070312,442.4000244140625,209.98499298095703,54667.3675065916
2647,set03,video_0019,3_19_996,1,7908,16,0,False,False,7968.0,-60.0,778.7000122070312,81.27001953125,637.8799743652344,2321.0715593993664
2648,set03,video_0019,3_19_996,1,7916,16,0,False,False,7968.0,-52.0,778.719970703125,81.26995849609375,641.9300231933594,2941.973489623517
2649,set03,video_0019,3_19_996,1,7924,16,0,False,False,7968.0,-44.0,779.27001953125,80.9200439453125,645.1549987792969,3090.3366758301854
2650,set03,video_0019,3_19_996,1,7932,16,0,False,False,7968.0,-36.0,779.5800170898438,80.4000244140625,654.9450073242188,2652.3960202634335
2651,set03,video_0019,3_19_995,1,7413,16,0,False,False,7459.0,-46.0,749.6900024414062,51.21002197265625,698.1549987792969,783.0001107417047
2652,set03,video_0019,3_19_995,1,7421,16,0,False,False,7459.0,-38.0,750.5599975585938,54.40997314453125,706.5749816894531,1015.833268750459
2653,set03,video_0019,3_19_995,1,7429,16,0,False,False,7459.0,-30.0,747.02001953125,57.61004638671875,715.3250122070312,1085.9479678943753
2654,set03,video_0019,3_19_1000,0,10990,16,0,False,False,,,817.1699829101562,108.4599609375,1037.6300048828125,3310.200126171112
2655,set03,video_0019,3_19_1000,0,10998,16,0,False,False,,,828.0999755859375,119.0699462890625,1000.3299865722656,4072.193616576493
2656,set03,video_0019,3_19_1000,0,11006,16,0,False,False,,,843.260009765625,129.69000244140625,946.364990234375,4911.35975920409
2657,set03,video_0019,3_19_1000,0,11014,16,0,False,False,,,854.6099853515625,143.78997802734375,858.1849975585938,6086.623451001942
2658,set03,video_0019,3_19_1001,0,10993,16,0,False,False,,,815.9000244140625,119.52001953125,1083.030029296875,4811.877153515816
2659,set03,video_0019,3_19_1001,0,11001,16,0,False,False,,,827.8400268554688,128.62005615234375,1041.7449951171875,5328.7201340049505
2660,set03,video_0019,3_19_1001,0,11009,16,0,False,False,,,843.1599731445312,143.30999755859375,983.3250122070312,6576.49788723141
2661,set03,video_0019,3_19_1001,0,11017,16,0,False,False,,,856.1500244140625,159.74005126953125,886.0899963378906,8424.698493752629
2662,set04,video_0001,4_1_1004,0,3455,16,0,False,False,,,763.5399780273438,58.77996826171875,1192.9749755859375,988.0947106182575
2663,set04,video_0001,4_1_1004,0,3463,16,0,False,False,,,776.0,66.42999267578125,1225.9749755859375,1092.7701358646154
2664,set04,video_0001,4_1_1004,0,3471,16,0,False,False,,,786.7999877929688,76.57000732421875,1266.0650024414062,1518.3798803463578
2665,set04,video_0001,4_1_1004,0,3479,16,0,False,False,,,799.760009765625,89.8900146484375,1317.9100341796875,1936.234426856041
2666,set04,video_0001,4_1_1005,0,3867,16,0,False,False,,,781.8400268554688,67.69000244140625,1232.7249755859375,1152.7627246826887
2667,set04,video_0001,4_1_1005,0,3875,16,0,False,False,,,785.5,77.27001953125,1266.2200317382812,1557.7662348151207
2668,set04,video_0001,4_1_1005,0,3883,16,0,False,False,,,790.0,86.1199951171875,1306.3349609375,1785.2658167481422
2669,set04,video_0001,4_1_1005,0,3891,16,0,False,False,,,797.3200073242188,96.78997802734375,1357.5450439453125,1814.8120880126953
2670,set04,video_0001,4_1_1007,0,3868,16,0,False,False,,,788.9199829101562,68.57000732421875,1199.8200073242188,1684.075027294457
2671,set04,video_0001,4_1_1007,0,3876,16,0,False,False,,,792.2000122070312,73.9100341796875,1228.7200317382812,2060.6121138185263
2672,set04,video_0001,4_1_1007,0,3884,16,0,False,False,,,798.97998046875,80.26995849609375,1266.5250244140625,2327.0253129154444
2673,set04,video_0001,4_1_1007,0,3892,16,0,False,False,,,804.7000122070312,88.1600341796875,1312.25,2847.573408693075
2674,set04,video_0001,4_1_1010,0,5453,16,0,False,False,,,817.4000244140625,86.34002685546875,1279.7350463867188,1886.5274788811803
2675,set04,video_0001,4_1_1010,0,5461,16,0,False,False,,,816.3800048828125,92.010009765625,1317.75,2210.0822316408157
2676,set04,video_0001,4_1_1010,0,5469,16,0,False,False,,,830.0,105.1300048828125,1364.14501953125,2892.127460986376
2677,set04,video_0001,4_1_1010,0,5477,16,0,False,False,,,827.6400146484375,118.5400390625,1416.260009765625,3945.015972852707
2678,set04,video_0001,4_1_1011,0,7223,16,0,False,False,,,817.5599975585938,124.47998046875,1448.8150024414062,4522.352220118046
2679,set04,video_0001,4_1_1011,0,7231,16,0,False,False,,,818.0,131.21002197265625,1493.5800170898438,6114.383820556104
2680,set04,video_0001,4_1_1011,0,7239,16,0,False,False,,,828.7999877929688,149.02996826171875,1536.1849975585938,7599.054818429053
2681,set04,video_0001,4_1_1011,0,7247,16,0,False,False,,,837.239990234375,164.89996337890625,1587.5599975585938,10045.71301562339
2682,set04,video_0001,4_1_1012,0,7228,16,0,False,False,,,823.52001953125,133.46002197265625,1443.7100219726562,5282.3418047353625
2683,set04,video_0001,4_1_1012,0,7236,16,0,False,False,,,828.0,143.96002197265625,1484.6199951171875,6679.730960935354
2684,set04,video_0001,4_1_1012,0,7244,16,0,False,False,,,834.0800170898438,156.23004150390625,1531.9849853515625,7859.942542165518
2685,set04,video_0001,4_1_1012,0,7252,16,0,False,False,,,844.2999877929688,173.2099609375,1583.7350463867188,9722.275953173637
2686,set04,video_0001,4_1_1018,0,9485,16,0,False,False,,,804.9400024414062,77.30999755859375,1257.2550048828125,2134.5373373776674
2687,set04,video_0001,4_1_1018,0,9493,16,0,False,False,,,813.1599731445312,85.8299560546875,1289.3500366210938,2538.8463282734156
2688,set04,video_0001,4_1_1018,0,9501,16,0,False,False,,,820.9000244140625,97.010009765625,1332.9450073242188,3114.989992529154
2689,set04,video_0001,4_1_1018,0,9509,16,0,False,False,,,822.6799926757812,108.6099853515625,1391.3300170898438,4012.059753075242
2690,set04,video_0001,4_1_1019,0,9487,16,0,False,False,,,807.1799926757812,88.8599853515625,1247.875,2428.5503418445587
2691,set04,video_0001,4_1_1019,0,9495,16,0,False,False,,,815.9000244140625,97.25,1280.1700439453125,2794.9640502929688
2692,set04,video_0001,4_1_1019,0,9503,16,0,False,False,,,818.780029296875,103.96002197265625,1324.0700073242188,3441.074189208448
2693,set04,video_0001,4_1_1019,0,9511,16,0,False,False,,,827.8200073242188,118.1400146484375,1380.6400146484375,4333.367661327124
2694,set04,video_0001,4_1_1024,0,10310,16,0,False,False,,,790.25,77.34002685546875,825.9500122070312,1786.5527321770787
2695,set04,video_0001,4_1_1024,0,10318,16,0,False,False,,,800.0599975585938,89.44000244140625,802.5250244140625,2471.2277041748166
2696,set04,video_0001,4_1_1024,0,10326,16,0,False,False,,,814.4400024414062,106.20001220703125,770.0099792480469,3459.998212646693
2697,set04,video_0001,4_1_1029,0,14828,16,0,False,False,,,851.97998046875,131.3599853515625,1231.3999633789062,9011.291788086295
2698,set04,video_0001,4_1_1029,0,14836,16,0,False,False,,,859.9199829101562,146.989990234375,1308.1399536132812,11077.163510888815
2699,set04,video_0001,4_1_1029,0,14844,16,0,False,False,,,864.1599731445312,158.42999267578125,1385.760009765625,13479.236154198647
2700,set04,video_0001,4_1_1029,0,14852,16,0,False,False,,,874.5,174.78997802734375,1471.0799560546875,16304.414271190763
2701,set04,video_0001,4_1_1030,0,14811,16,0,False,False,,,837.7000122070312,126.280029296875,1189.9200439453125,8430.455989062786
2702,set04,video_0001,4_1_1030,0,14819,16,0,False,False,,,846.280029296875,138.56005859375,1273.6500244140625,9945.845065236092
2703,set04,video_0001,4_1_1030,0,14827,16,0,False,False,,,852.8400268554688,152.0,1357.4500122070312,11469.9326171875
2704,set04,video_0001,4_1_1030,0,14835,16,0,False,False,,,857.0800170898438,161.739990234375,1445.22998046875,12819.513205468655
2705,set04,video_0001,4_1_1044,0,14798,16,0,False,False,,,749.3599853515625,113.14996337890625,43.704999923706055,3069.758627326926
2706,set04,video_0001,4_1_1044,0,14806,16,0,False,False,,,749.6799926757812,113.14996337890625,49.83500099182129,3069.758627326926
2707,set04,video_0001,4_1_1044,0,14814,16,0,False,False,,,755.3699951171875,115.77001953125,53.920000076293945,3327.230555644259
2708,set04,video_0001,4_1_1044,0,14822,16,0,False,False,,,762.989990234375,121.70001220703125,52.54999923706055,3575.5460243835114
2709,set04,video_0001,4_1_1006,0,3865,16,0,False,False,,,784.5,62.84002685546875,1208.1649780273438,1386.8760175034404
2710,set04,video_0001,4_1_1006,0,3873,16,0,False,False,,,787.9400024414062,70.75,1241.1799926757812,1463.1138000488281
2711,set04,video_0001,4_1_1006,0,3881,16,0,False,False,,,791.9600219726562,77.60003662109375,1279.4000244140625,1663.7402382791042
2712,set04,video_0001,4_1_1006,0,3889,16,0,False,False,,,801.5599975585938,90.29998779296875,1327.8349609375,1987.5036131590605
2713,set04,video_0001,4_1_1008,0,3880,16,0,False,False,,,791.8499755859375,76.88995361328125,1238.6799926757812,1587.0097688958049
2714,set04,video_0001,4_1_1008,0,3888,16,0,False,False,,,798.6199951171875,86.5999755859375,1277.8049926757812,2084.4567609876394
2715,set04,video_0001,4_1_1008,0,3896,16,0,False,False,,,802.4400024414062,98.8900146484375,1328.6600341796875,2622.565119922161
2716,set04,video_0001,4_1_1009,0,5458,16,0,False,False,,,823.5399780273438,87.75994873046875,1234.3049926757812,2115.8910783454776
2717,set04,video_0001,4_1_1009,0,5466,16,0,False,False,,,832.0,96.530029296875,1268.9849853515625,2686.43825674057
2718,set04,video_0001,4_1_1009,0,5474,16,0,False,False,,,834.2999877929688,107.5999755859375,1309.6799926757812,3357.127119138837
2719,set04,video_0001,4_1_1009,0,5482,16,0,False,False,,,833.9000244140625,123.300048828125,1360.6950073242188,4109.585208982229
2720,set04,video_0001,4_1_1013,0,7250,16,0,False,False,,,820.5999755859375,118.92999267578125,1446.719970703125,4467.017493456602
2721,set04,video_0001,4_1_1013,0,7258,16,0,False,False,,,825.02001953125,128.010009765625,1482.9199829101562,5289.366727977991
2722,set04,video_0001,4_1_1013,0,7266,16,0,False,False,,,829.52001953125,137.8900146484375,1524.85498046875,6035.448634326458
2723,set04,video_0001,4_1_1013,0,7274,16,0,False,False,,,836.280029296875,148.46002197265625,1568.989990234375,6944.964177295566
2724,set04,video_0001,4_1_1014,0,7369,16,0,False,False,,,829.2000122070312,101.91998291015625,1307.6950073242188,3046.38978215307
2725,set04,video_0001,4_1_1014,0,7377,16,0,False,False,,,840.5399780273438,108.65997314453125,1341.5499877929688,3714.0037183091044
2726,set04,video_0001,4_1_1014,0,7385,16,0,False,False,,,849.2999877929688,117.97998046875,1386.2999877929688,4624.823875486851
2727,set04,video_0001,4_1_1014,0,7393,16,0,False,False,,,855.6099853515625,132.239990234375,1436.3250122070312,6264.207691699266
2728,set04,video_0001,4_1_1015,0,7371,16,0,False,False,,,825.530029296875,78.98004150390625,1319.4400024414062,2195.639369137585
2729,set04,video_0001,4_1_1015,0,7379,16,0,False,False,,,834.510009765625,81.20001220703125,1355.4450073242188,2243.556733764708
2730,set04,video_0001,4_1_1015,0,7387,16,0,False,False,,,842.3200073242188,91.47998046875,1396.9149780273438,2639.195203125477
2731,set04,video_0001,4_1_1015,0,7395,16,0,False,False,,,849.1599731445312,108.1099853515625,1448.594970703125,3620.6023536622524
2732,set04,video_0001,4_1_1016,0,7357,16,0,False,False,,,826.2999877929688,117.719970703125,1484.8350219726562,5995.484430760145
2733,set04,video_0001,4_1_1016,0,7365,16,0,False,False,,,826.4199829101562,124.16998291015625,1517.2849731445312,6227.127674438059
2734,set04,video_0001,4_1_1016,0,7373,16,0,False,False,,,838.1400146484375,136.79998779296875,1551.760009765625,6774.338067382574
2735,set04,video_0001,4_1_1016,0,7381,16,0,False,False,,,845.5800170898438,145.48004150390625,1594.6799926757812,7681.335536129773
2736,set04,video_0001,4_1_1017,0,9478,16,0,False,False,,,813.219970703125,84.449951171875,1315.8099975585938,3629.667560786009
2737,set04,video_0001,4_1_1017,0,9486,16,0,False,False,,,815.2999877929688,91.1099853515625,1352.2949829101562,3754.6500591784716
2738,set04,video_0001,4_1_1017,0,9494,16,0,False,False,,,821.6199951171875,96.3699951171875,1397.9599609375,4483.13405507803
2739,set04,video_0001,4_1_1017,0,9502,16,0,False,False,,,827.1599731445312,105.0899658203125,1457.875,5554.01495629549
2740,set04,video_0001,4_1_1020,0,10076,16,0,False,False,,,774.7000122070312,57.010009765625,1219.4849853515625,1169.2758570313454
2741,set04,video_0001,4_1_1020,0,10084,16,0,False,False,,,780.780029296875,63.69000244140625,1245.1799926757812,1345.13254057616
2742,set04,video_0001,4_1_1020,0,10092,16,0,False,False,,,790.1199951171875,71.75,1279.7100219726562,1551.2346496582031
2743,set04,video_0001,4_1_1020,0,10100,16,0,False,False,,,793.4000244140625,82.1700439453125,1326.2150268554688,2068.223617091775
2744,set04,video_0001,4_1_1021,0,10113,16,0,False,False,,,778.4500122070312,51.95001220703125,1220.344970703125,987.570239380002
2745,set04,video_0001,4_1_1021,0,10121,16,0,False,False,,,778.7999877929688,58.28997802734375,1251.7349853515625,1120.915138989687
2746,set04,video_0001,4_1_1021,0,10129,16,0,False,False,,,783.2000122070312,69.4100341796875,1289.905029296875,1576.299164891243
2747,set04,video_0001,4_1_1021,0,10137,16,0,False,False,,,788.5599975585938,75.91998291015625,1339.3800048828125,1986.0600802749395
2748,set04,video_0001,4_1_1023,0,10290,16,0,False,False,,,783.4299926757812,69.67999267578125,854.0799865722656,1606.820460986346
2749,set04,video_0001,4_1_1023,0,10298,16,0,False,False,,,795.1300048828125,80.1600341796875,841.2099914550781,2122.6410320326686
2750,set04,video_0001,4_1_1023,0,10306,16,0,False,False,,,800.0800170898438,90.6600341796875,823.7349853515625,2708.0147782713175
2751,set04,video_0001,4_1_1023,0,10314,16,0,False,False,,,809.0599975585938,109.719970703125,795.4150085449219,3966.3729228526354
2752,set04,video_0001,4_1_1031,0,5451,16,0,False,False,,,817.1599731445312,94.92999267578125,1282.7650146484375,2592.5436622798443
2753,set04,video_0001,4_1_1031,0,5459,16,0,False,False,,,820.0,105.22998046875,1321.8550415039062,2955.9065546393394
2754,set04,video_0001,4_1_1031,0,5467,16,0,False,False,,,829.7000122070312,120.48004150390625,1370.5250244140625,3728.851401731372
2755,set04,video_0001,4_1_1031,0,5475,16,0,False,False,,,833.0,131.21002197265625,1424.3550415039062,4383.731318823993
2756,set04,video_0001,4_1_1027,1,13766,16,0,False,False,13826.0,-60.0,775.8699951171875,118.08001708984375,1901.5799560546875,3750.2224958986044
2757,set04,video_0001,4_1_1027,1,13774,16,0,False,False,13826.0,-52.0,777.6400146484375,118.71002197265625,1900.375,3816.515613645315
2758,set04,video_0001,4_1_1027,1,13782,16,0,False,False,13826.0,-44.0,784.7000122070312,121.20001220703125,1892.510009765625,4082.008125975728
2759,set04,video_0001,4_1_1027,1,13790,16,0,False,False,13826.0,-36.0,791.6199951171875,125.3900146484375,1884.0549926757812,4966.696643456817
2760,set04,video_0001,4_1_1032,0,15009,16,0,False,False,,,945.27001953125,272.69000244140625,1736.9700317382812,24907.49550253898
2761,set04,video_0001,4_1_1032,0,15017,16,0,False,False,,,947.9000244140625,275.010009765625,1749.0750122070312,31441.882331103086
2762,set04,video_0001,4_1_1032,0,15025,16,0,False,False,,,956.0499877929688,283.70001220703125,1769.0750122070312,33207.06565002352
2763,set04,video_0001,4_1_1032,0,15033,16,0,False,False,,,967.8200073242188,296.02001953125,1793.52001953125,33219.357919335365
2764,set04,video_0001,4_1_1034,0,14975,16,0,False,False,,,925.6799926757812,280.15997314453125,1836.6900024414062,20535.705511964858
2765,set04,video_0001,4_1_1034,0,14983,16,0,False,False,,,925.510009765625,280.1600341796875,1838.4400024414062,20535.70998583734
2766,set04,video_0001,4_1_1034,0,14991,16,0,False,False,,,925.3300170898438,280.1600341796875,1840.2000122070312,20535.70998583734
2767,set04,video_0001,4_1_1034,0,14999,16,0,False,False,,,925.1599731445312,280.15997314453125,1841.9500122070312,20535.705511964858
2768,set04,video_0001,4_1_1026,1,13432,16,0,False,False,13492.0,-60.0,806.7100219726562,154.98004150390625,1850.1900024414062,7169.359314985573
2769,set04,video_0001,4_1_1026,1,13440,16,0,False,False,13492.0,-52.0,806.7999877929688,155.3599853515625,1850.2200317382812,7199.376411035657
2770,set04,video_0001,4_1_1026,1,13448,16,0,False,False,13492.0,-44.0,806.8900146484375,155.739990234375,1850.2550048828125,7230.997100293636
2771,set04,video_0001,4_1_1026,1,13456,16,0,False,False,13492.0,-36.0,808.239990234375,156.1300048828125,1850.0999755859375,7263.170876562595
2772,set04,video_0001,4_1_1033,0,15054,16,0,False,False,,,943.7000122070312,304.6400146484375,1673.8150024414062,26768.71659965813
2773,set04,video_0001,4_1_1033,0,15062,16,0,False,False,,,950.0800170898438,318.0400390625,1697.1849975585938,28620.458832621574
2774,set04,video_0001,4_1_1033,0,15070,16,0,False,False,,,958.780029296875,333.550048828125,1722.6449584960938,29562.542456299067
2775,set04,video_0001,4_1_1033,0,15078,16,0,False,False,,,962.780029296875,345.96002197265625,1754.280029296875,31053.374950781465
2776,set04,video_0001,4_1_1036,0,14969,16,0,False,False,,,887.02001953125,242.800048828125,1867.0849609375,14322.772509276867
2777,set04,video_0001,4_1_1036,0,14977,16,0,False,False,,,887.2000122070312,243.05999755859375,1867.375,14338.106882348657
2778,set04,video_0001,4_1_1036,0,14985,16,0,False,False,,,887.2000122070312,243.05999755859375,1867.375,14338.106882348657
2779,set04,video_0001,4_1_1036,0,14993,16,0,False,False,,,887.2000122070312,243.05999755859375,1867.375,14338.106882348657
2780,set04,video_0001,4_1_1037,0,15105,16,0,False,False,,,983.5399780273438,342.8800048828125,1656.739990234375,35412.65694960952
2781,set04,video_0001,4_1_1037,0,15113,16,0,False,False,,,1001.5,366.92999267578125,1679.8699951171875,38549.68653032184
2782,set04,video_0001,4_1_1037,0,15121,16,0,False,False,,,1016.3800048828125,395.3800048828125,1713.1900024414062,43531.328884765506
2783,set04,video_0001,4_1_1037,0,15129,16,0,False,False,,,1021.6199951171875,423.52001953125,1760.8300170898438,50204.027959764004
2784,set04,video_0001,4_1_1038,0,15029,16,0,False,False,,,957.3099975585938,229.77001953125,1714.25,17108.666678905487
2785,set04,video_0001,4_1_1038,0,15037,16,0,False,False,,,961.1599731445312,235.5799560546875,1740.3699951171875,17220.91779345274
2786,set04,video_0001,4_1_1038,0,15045,16,0,False,False,,,971.4000244140625,247.6500244140625,1762.655029296875,18279.06281274557
2787,set04,video_0001,4_1_1038,0,15053,16,0,False,False,,,988.3800048828125,265.72003173828125,1779.8200073242188,20481.688369236887
2788,set04,video_0001,4_1_1022,0,10128,16,0,False,False,,,773.5,63.67999267578125,806.0700073242188,1748.6501113772392
2789,set04,video_0001,4_1_1022,0,10136,16,0,False,False,,,783.3200073242188,70.60003662109375,792.6050109863281,2450.5288223885
2790,set04,video_0001,4_1_1022,0,10144,16,0,False,False,,,798.1599731445312,82.5699462890625,773.4500122070312,3889.0424543470144
2791,set04,video_0001,4_1_1022,0,10152,16,0,False,False,,,812.719970703125,98.79998779296875,748.625,6365.688520140946
2792,set04,video_0002,4_2_1051,0,1480,16,0,False,False,,,808.4000244140625,93.61004638671875,1252.4949951171875,3898.8492904007435
2793,set04,video_0002,4_2_1051,0,1488,16,0,False,False,,,816.5,109.8900146484375,1276.7550048828125,4251.638227880001
2794,set04,video_0002,4_2_1051,0,1496,16,0,False,False,,,823.1900024414062,124.79998779296875,1311.2099609375,5486.202588379383
2795,set04,video_0002,4_2_1051,0,1504,16,0,False,False,,,839.7999877929688,142.52996826171875,1354.6900024414062,8526.135045997798
2796,set04,video_0002,4_2_1070,0,3978,16,0,False,False,,,802.1799926757812,96.58001708984375,596.7950134277344,3157.2009944580495
2797,set04,video_0002,4_2_1070,0,3986,16,0,False,False,,,809.239990234375,106.989990234375,568.0950012207031,3963.9778321534395
2798,set04,video_0002,4_2_1070,0,3994,16,0,False,False,,,816.4400024414062,123.08001708984375,536.0899963378906,4699.1941510252655
2799,set04,video_0002,4_2_1070,0,4002,16,0,False,False,,,824.0599975585938,138.219970703125,494.55999755859375,6148.021597266197
2800,set04,video_0002,4_2_1078,0,9803,16,0,False,False,,,868.6099853515625,172.3499755859375,1299.5050048828125,9553.347364991903
2801,set04,video_0002,4_2_1078,0,9811,16,0,False,False,,,878.2899780273438,175.25,1324.625,8760.745788574219
2802,set04,video_0002,4_2_1078,0,9819,16,0,False,False,,,888.5999755859375,189.76995849609375,1369.85498046875,10150.793226733804
2803,set04,video_0002,4_2_1078,0,9827,16,0,False,False,,,907.8800048828125,210.59002685546875,1413.4400024414062,13751.513329587877
2804,set04,video_0002,4_2_1079,0,9814,16,0,False,False,,,861.9000244140625,142.05999755859375,648.1999816894531,6563.173621337861
2805,set04,video_0002,4_2_1079,0,9822,16,0,False,False,,,872.280029296875,153.86004638671875,643.10498046875,7845.322262719274
2806,set04,video_0002,4_2_1079,0,9830,16,0,False,False,,,889.219970703125,171.15997314453125,625.9000244140625,9735.580108202994
2807,set04,video_0002,4_2_1079,0,9838,16,0,False,False,,,908.5,187.58001708984375,590.2449951171875,11740.626858226955
2808,set04,video_0002,4_2_1080,0,9807,16,0,False,False,,,852.4600219726562,144.33001708984375,556.9850158691406,7134.231687646359
2809,set04,video_0002,4_2_1080,0,9815,16,0,False,False,,,857.5,153.40997314453125,545.9800109863281,7664.3656291253865
2810,set04,video_0002,4_2_1080,0,9823,16,0,False,False,,,869.1799926757812,165.77996826171875,525.1999816894531,9601.972928564996
2811,set04,video_0002,4_2_1080,0,9831,16,0,False,False,,,882.5399780273438,181.949951171875,484.3400115966797,11870.418590269983
2812,set04,video_0002,4_2_1081,1,10728,16,0,False,False,10788.0,-60.0,891.2100219726562,250.6199951171875,1331.844970703125,25485.532618701458
2813,set04,video_0002,4_2_1081,1,10736,16,0,False,False,10788.0,-52.0,910.7000122070312,280.17999267578125,1375.7550048828125,32414.006935864687
2814,set04,video_0002,4_2_1081,1,10744,16,0,False,False,10788.0,-44.0,925.3599853515625,305.53997802734375,1413.0150146484375,38501.095615014434
2815,set04,video_0002,4_2_1081,1,10752,16,0,False,False,10788.0,-36.0,939.2899780273438,327.5,1433.22998046875,39791.25
2816,set04,video_0002,4_2_1087,1,12042,16,0,False,False,12102.0,-60.0,829.2000122070312,205.92999267578125,1642.3350219726562,12753.255507104099
2817,set04,video_0002,4_2_1087,1,12050,16,0,False,False,12102.0,-52.0,841.52001953125,207.280029296875,1609.6800537109375,19020.017512500286
2818,set04,video_0002,4_2_1087,1,12058,16,0,False,False,12102.0,-44.0,844.3400268554688,207.45001220703125,1570.3400268554688,13202.121815674007
2819,set04,video_0002,4_2_1087,1,12066,16,0,False,False,12102.0,-36.0,846.8400268554688,202.07000732421875,1538.2300415039062,16695.023018456995
2820,set04,video_0002,4_2_1090,0,12648,16,0,False,False,,,785.5399780273438,90.89996337890625,703.3200073242188,3148.776062987745
2821,set04,video_0002,4_2_1090,0,12656,16,0,False,False,,,792.9000244140625,101.36004638671875,681.9550170898438,4306.787381127477
2822,set04,video_0002,4_2_1090,0,12664,16,0,False,False,,,795.760009765625,112.57000732421875,654.9649963378906,5442.763976562768
2823,set04,video_0002,4_2_1090,0,12672,16,0,False,False,,,807.9600219726562,130.6600341796875,618.8050231933594,6280.82880000025
2824,set04,video_0002,4_2_1091,0,12716,16,0,False,False,,,806.280029296875,97.1500244140625,1147.5450439453125,4277.518421143293
2825,set04,video_0002,4_2_1091,0,12724,16,0,False,False,,,816.6799926757812,107.79998779296875,1174.9199829101562,5627.167258299887
2826,set04,video_0002,4_2_1091,0,12732,16,0,False,False,,,829.0999755859375,127.39996337890625,1208.7400512695312,8296.284993164241
2827,set04,video_0002,4_2_1091,0,12740,16,0,False,False,,,840.4000244140625,152.45001220703125,1255.9100341796875,11168.48938305676
2828,set04,video_0002,4_2_1093,1,12739,16,0,False,False,12799.0,-60.0,793.0599975585938,104.29998779296875,1283.530029296875,3967.5756098628044
2829,set04,video_0002,4_2_1093,1,12747,16,0,False,False,12799.0,-52.0,803.8800048828125,117.44000244140625,1321.97998046875,4551.97564150393
2830,set04,video_0002,4_2_1093,1,12755,16,0,False,False,12799.0,-44.0,813.6300048828125,134.02001953125,1364.8200073242188,6306.973612010479
2831,set04,video_0002,4_2_1093,1,12763,16,0,False,False,12799.0,-36.0,827.52001953125,154.33001708984375,1411.4299926757812,9130.169085986912
2832,set04,video_0002,4_2_1094,1,12765,16,0,False,False,12825.0,-60.0,812.4000244140625,143.6300048828125,1477.5050048828125,7266.254570752382
2833,set04,video_0002,4_2_1094,1,12773,16,0,False,False,12825.0,-52.0,834.989990234375,176.65997314453125,1534.7599487304688,9603.233552344143
2834,set04,video_0002,4_2_1094,1,12781,16,0,False,False,12825.0,-44.0,842.2999877929688,189.8800048828125,1582.7950439453125,13004.879680126905
2835,set04,video_0002,4_2_1094,1,12789,16,0,False,False,12825.0,-36.0,843.4000244140625,210.550048828125,1635.6500244140625,13369.928100585938
2836,set04,video_0002,4_2_1120,1,15327,16,0,False,False,15387.0,-60.0,839.7999877929688,170.3499755859375,1422.2150268554688,11476.47702343762
2837,set04,video_0002,4_2_1120,1,15335,16,0,False,False,15387.0,-52.0,846.760009765625,184.6099853515625,1420.6799926757812,13284.549869969487
2838,set04,video_0002,4_2_1120,1,15343,16,0,False,False,15387.0,-44.0,861.0999755859375,199.3199462890625,1412.5150146484375,14990.845374464989
2839,set04,video_0002,4_2_1120,1,15351,16,0,False,False,15387.0,-36.0,875.4199829101562,207.70001220703125,1407.25,16312.767072021961
2840,set04,video_0002,4_2_1121,1,15323,16,0,False,False,15376.0,-53.0,835.7000122070312,146.79998779296875,1406.6699829101562,7460.3674948737025
2841,set04,video_0002,4_2_1121,1,15331,16,0,False,False,15376.0,-45.0,836.6599731445312,154.199951171875,1395.280029296875,9671.416419923306
2842,set04,video_0002,4_2_1121,1,15339,16,0,False,False,15376.0,-37.0,847.5399780273438,166.07000732421875,1385.3949584960938,13798.751232348382
2843,set04,video_0002,4_2_1067,1,3467,16,0,False,False,3527.0,-60.0,800.0700073242188,81.8599853515625,1109.125,2204.483809620142
2844,set04,video_0002,4_2_1067,1,3475,16,0,False,False,3527.0,-52.0,802.2000122070312,84.59002685546875,1111.47998046875,2277.1569143533707
2845,set04,video_0002,4_2_1067,1,3483,16,0,False,False,3527.0,-44.0,804.6099853515625,87.0,1113.3349609375,2351.612548828125
2846,set04,video_0002,4_2_1067,1,3491,16,0,False,False,3527.0,-36.0,807.8499755859375,88.469970703125,1113.7049560546875,2432.0386306643486
2847,set04,video_0002,4_2_1082,1,10730,16,0,False,False,10790.0,-60.0,875.9600219726562,213.80999755859375,1333.75,17297.20792260766
2848,set04,video_0002,4_2_1082,1,10738,16,0,False,False,10790.0,-52.0,892.0,233.239990234375,1372.0099487304688,19914.031505078077
2849,set04,video_0002,4_2_1082,1,10746,16,0,False,False,10790.0,-44.0,902.3400268554688,253.3900146484375,1403.324951171875,25397.276219189167
2850,set04,video_0002,4_2_1082,1,10754,16,0,False,False,10790.0,-36.0,912.8900146484375,269.79998779296875,1429.5499877929688,29057.478446044028
2851,set04,video_0002,4_2_1083,1,11142,16,0,False,False,11202.0,-60.0,924.8400268554688,330.80999755859375,1512.625,33302.61660969257
2852,set04,video_0002,4_2_1083,1,11150,16,0,False,False,11202.0,-52.0,923.5599975585938,330.80999755859375,1510.4849853515625,33302.61660969257
2853,set04,video_0002,4_2_1083,1,11158,16,0,False,False,11202.0,-44.0,922.27001953125,330.80999755859375,1508.3450317382812,33302.656991772354
2854,set04,video_0002,4_2_1083,1,11166,16,0,False,False,11202.0,-36.0,919.77001953125,328.95001220703125,1500.8500366210938,31704.203782714903
2855,set04,video_0002,4_2_1092,1,12723,16,0,False,False,12763.0,-40.0,770.7000122070312,53.1199951171875,1138.0249633789062,1070.369198486209
2856,set04,video_0002,4_2_1092,1,12731,16,0,False,False,12763.0,-32.0,773.2999877929688,58.54998779296875,1153.25,1343.1332893073559
2857,set04,video_0002,4_2_1096,1,12789,16,0,False,False,12849.0,-60.0,845.5399780273438,231.3399658203125,1713.3949584960938,17214.01476381719
2858,set04,video_0002,4_2_1096,1,12797,16,0,False,False,12849.0,-52.0,850.739990234375,247.05999755859375,1767.8799438476562,15347.3658419922
2859,set04,video_0002,4_2_1096,1,12805,16,0,False,False,12849.0,-44.0,862.0999755859375,266.26995849609375,1815.6849975585938,19967.61409098655
2860,set04,video_0002,4_2_1096,1,12813,16,0,False,False,12849.0,-36.0,877.0599975585938,283.72998046875,1842.425048828125,23194.925903320312
2861,set04,video_0003,4_3_1122,0,446,16,0,False,False,,,832.739990234375,125.3399658203125,740.2950134277344,4521.013485156
2862,set04,video_0003,4_3_1122,0,454,16,0,False,False,,,846.8699951171875,139.8599853515625,717.6399841308594,5292.305601708591
2863,set04,video_0003,4_3_1122,0,462,16,0,False,False,,,860.0499877929688,159.989990234375,685.9450073242188,6993.156223535538
2864,set04,video_0003,4_3_1122,0,470,16,0,False,False,,,877.8200073242188,186.010009765625,644.9250183105469,10314.257312133908
2865,set04,video_0003,4_3_1123,1,877,16,0,False,False,937.0,-60.0,847.9600219726562,132.050048828125,1136.5699462890625,10960.154052734375
2866,set04,video_0003,4_3_1123,1,885,16,0,False,False,937.0,-52.0,846.2100219726562,132.0400390625,1144.260009765625,10959.3232421875
2867,set04,video_0003,4_3_1123,1,893,16,0,False,False,937.0,-44.0,849.3800048828125,140.77001953125,1152.219970703125,12674.938057422638
2868,set04,video_0003,4_3_1123,1,901,16,0,False,False,937.0,-36.0,859.9000244140625,151.1500244140625,1166.0150146484375,13725.942573487759
2869,set04,video_0003,4_3_1126,0,1532,16,0,False,False,,,870.780029296875,165.72003173828125,721.2949829101562,8055.648315258324
2870,set04,video_0003,4_3_1126,0,1540,16,0,False,False,,,887.0999755859375,187.75,701.864990234375,10789.986999511719
2871,set04,video_0003,4_3_1126,0,1548,16,0,False,False,,,906.8400268554688,212.32000732421875,675.5700073242188,13703.141566455364
2872,set04,video_0003,4_3_1126,0,1556,16,0,False,False,,,928.780029296875,244.030029296875,637.3349914550781,19876.248865112662
2873,set04,video_0003,4_3_1147,0,12661,16,0,False,False,,,809.0800170898438,95.1500244140625,595.4300231933594,3453.9447247311473
2874,set04,video_0003,4_3_1147,0,12669,16,0,False,False,,,820.2000122070312,106.7900390625,557.6199951171875,4416.834451317787
2875,set04,video_0003,4_3_1147,0,12677,16,0,False,False,,,828.219970703125,117.199951171875,511.3050079345703,5516.606136716902
2876,set04,video_0003,4_3_1147,0,12685,16,0,False,False,,,842.4000244140625,134.4300537109375,457.2749938964844,7696.120574951172
2877,set04,video_0003,4_3_1128,0,1956,16,0,False,False,,,904.3200073242188,238.510009765625,1326.5150146484375,23958.31883496046
2878,set04,video_0003,4_3_1128,0,1964,16,0,False,False,,,913.3400268554688,258.280029296875,1360.7050170898438,26052.705294042826
2879,set04,video_0003,4_3_1128,0,1972,16,0,False,False,,,937.02001953125,283.71002197265625,1413.75,31837.930353954434
2880,set04,video_0003,4_3_1128,0,1980,16,0,False,False,,,956.760009765625,321.6500244140625,1483.3999633789062,40412.11377905309
2881,set04,video_0003,4_3_1141,0,5838,16,0,False,False,,,935.5599975585938,377.77996826171875,176.02499771118164,49606.28382789949
2882,set04,video_0003,4_3_1141,0,5846,16,0,False,False,,,943.0,388.96002197265625,157.6400032043457,51311.608353955206
2883,set04,video_0003,4_3_1141,0,5854,16,0,False,False,,,937.4099731445312,393.64996337890625,148.5349998474121,52855.379261428956
2884,set04,video_0003,4_3_1141,0,5862,16,0,False,False,,,940.8300170898438,403.0,134.34499740600586,55988.79012298584
2885,set04,video_0003,4_3_1142,0,5844,16,0,False,False,,,923.97998046875,359.92999267578125,246.6500015258789,43688.29877636116
2886,set04,video_0003,4_3_1142,0,5852,16,0,False,False,,,922.5800170898438,361.80999755859375,228.8949966430664,44028.65396544803
2887,set04,video_0003,4_3_1142,0,5860,16,0,False,False,,,928.9000244140625,370.85003662109375,219.82500457763672,45447.673119659536
2888,set04,video_0003,4_3_1142,0,5868,16,0,False,False,,,931.7000122070312,377.08001708984375,214.48999786376953,46365.76143303234
2889,set04,video_0003,4_3_1149,0,12670,16,0,False,False,,,822.3599853515625,122.510009765625,639.0800170898438,4336.85733667016
2890,set04,video_0003,4_3_1149,0,12678,16,0,False,False,,,829.3800048828125,135.20001220703125,599.4500122070312,5902.837154053152
2891,set04,video_0003,4_3_1149,0,12686,16,0,False,False,,,845.5,154.6300048828125,558.2950134277344,8320.64018522948
2892,set04,video_0003,4_3_1149,0,12694,16,0,False,False,,,861.0999755859375,171.8800048828125,504.4649963378906,9616.68837133795
2893,set04,video_0003,4_3_1151,0,13011,16,0,False,False,,,812.5999755859375,111.05999755859375,1149.2550048828125,3599.4447597414255
2894,set04,video_0003,4_3_1151,0,13019,16,0,False,False,,,817.0999755859375,125.719970703125,1186.0,5204.794509768486
2895,set04,video_0003,4_3_1151,0,13027,16,0,False,False,,,830.1199951171875,147.03997802734375,1234.5299682617188,6855.003057666123
2896,set04,video_0003,4_3_1151,0,13035,16,0,False,False,,,852.3800048828125,179.55999755859375,1293.635009765625,11349.980431616306
2897,set04,video_0003,4_3_1152,0,13434,16,0,False,False,,,864.7000122070312,162.08001708984375,1134.8150024414062,8974.369754858315
2898,set04,video_0003,4_3_1152,0,13442,16,0,False,False,,,880.1199951171875,181.27001953125,1166.4000244140625,9926.348039746284
2899,set04,video_0003,4_3_1152,0,13450,16,0,False,False,,,899.7999877929688,204.989990234375,1209.35498046875,11629.078142285347
2900,set04,video_0003,4_3_1152,0,13458,16,0,False,False,,,920.5999755859375,239.15997314453125,1265.0549926757812,16045.234423853457
2901,set04,video_0003,4_3_1154,1,14062,16,0,False,False,14122.0,-60.0,844.2000122070312,150.19000244140625,455.7200012207031,6662.426308251917
2902,set04,video_0003,4_3_1154,1,14070,16,0,False,False,14122.0,-52.0,862.3400268554688,169.1500244140625,412.97999572753906,8335.712996643037
2903,set04,video_0003,4_3_1154,1,14078,16,0,False,False,14122.0,-44.0,873.9199829101562,183.52996826171875,364.5350036621094,9178.335505053401
2904,set04,video_0003,4_3_1154,1,14086,16,0,False,False,14122.0,-36.0,868.1599731445312,198.39996337890625,318.11000061035156,10662.018149169162
2905,set04,video_0003,4_3_1158,0,14589,16,0,False,False,,,846.4000244140625,158.1500244140625,684.1449890136719,9759.44148156792
2906,set04,video_0003,4_3_1158,0,14597,16,0,False,False,,,854.4000244140625,173.780029296875,677.6750183105469,11651.94884301722
2907,set04,video_0003,4_3_1158,0,14605,16,0,False,False,,,868.1799926757812,197.260009765625,656.7799987792969,14206.65771625936
2908,set04,video_0003,4_3_1158,0,14613,16,0,False,False,,,886.3699951171875,228.44000244140625,619.0400085449219,19056.46109965816
2909,set04,video_0003,4_3_1160,0,15005,16,0,False,False,,,918.7999877929688,248.1199951171875,1394.0650024414062,17633.874726220965
2910,set04,video_0003,4_3_1160,0,15013,16,0,False,False,,,941.6400146484375,273.1199951171875,1429.4849853515625,21224.14415180683
2911,set04,video_0003,4_3_1160,0,15021,16,0,False,False,,,963.4000244140625,295.9000244140625,1469.635009765625,23994.55898657441
2912,set04,video_0003,4_3_1160,0,15029,16,0,False,False,,,986.760009765625,323.32000732421875,1516.7899780273438,33075.61306860298
2913,set04,video_0003,4_3_1161,0,15028,16,0,False,False,,,871.5999755859375,228.1300048828125,588.2749938964844,17349.284086547792
2914,set04,video_0003,4_3_1161,0,15036,16,0,False,False,,,881.2000122070312,246.94000244140625,551.8149871826172,20360.198679687455
2915,set04,video_0003,4_3_1161,0,15044,16,0,False,False,,,889.280029296875,273.52001953125,511.82501220703125,22776.01736855507
2916,set04,video_0003,4_3_1161,0,15052,16,0,False,False,,,911.3599853515625,300.7099609375,458.11500549316406,27560.06608453393
2917,set04,video_0003,4_3_1166,0,15893,16,0,False,False,,,858.1400146484375,191.489990234375,1278.3800048828125,10187.25813037157
2918,set04,video_0003,4_3_1166,0,15901,16,0,False,False,,,871.0,220.219970703125,1329.125,12541.516578614712
2919,set04,video_0003,4_3_1166,0,15909,16,0,False,False,,,869.0999755859375,249.72998046875,1390.6499633789062,19334.106062352657
2920,set04,video_0003,4_3_1166,0,15917,16,0,False,False,,,905.1199951171875,283.04998779296875,1480.4349975585938,23507.280755005777
2921,set04,video_0004,4_4_1200,0,13503,16,0,False,False,,,793.77001953125,72.7900390625,1074.030029296875,1473.2696797847748
2922,set04,video_0004,4_4_1200,0,13511,16,0,False,False,,,796.22998046875,82.89996337890625,1091.425048828125,1884.3145484626293
2923,set04,video_0004,4_4_1200,0,13519,16,0,False,False,,,812.3200073242188,95.0,1112.3500366210938,2361.6986083984375
2924,set04,video_0004,4_4_1200,0,13527,16,0,False,False,,,828.0800170898438,115.6400146484375,1143.1749877929688,3572.1217464357615
2925,set04,video_0004,4_4_1202,0,15586,16,0,False,False,,,852.8400268554688,155.49005126953125,1363.0299682617188,7124.545797653496
2926,set04,video_0004,4_4_1202,0,15594,16,0,False,False,,,866.719970703125,172.949951171875,1389.9599609375,8813.522755861282
2927,set04,video_0004,4_4_1202,0,15602,16,0,False,False,,,872.7999877929688,184.90997314453125,1421.8299560546875,11231.429963037372
2928,set04,video_0004,4_4_1202,0,15610,16,0,False,False,,,887.1599731445312,211.239990234375,1479.9249877929688,13297.572856932878
2929,set04,video_0004,4_4_1169,1,489,16,0,False,False,549.0,-60.0,811.7999877929688,109.78997802734375,1301.6849975585938,4234.5935555920005
2930,set04,video_0004,4_4_1169,1,497,16,0,False,False,549.0,-52.0,820.02001953125,121.92999267578125,1325.875,5731.930146411061
2931,set04,video_0004,4_4_1169,1,505,16,0,False,False,549.0,-44.0,824.489990234375,131.04998779296875,1346.2250366210938,6991.51364929229
2932,set04,video_0004,4_4_1169,1,513,16,0,False,False,549.0,-36.0,846.239990234375,157.260009765625,1350.1300048828125,8598.966583788395
2933,set04,video_0004,4_4_1167,1,500,16,0,False,False,531.0,-31.0,832.4000244140625,128.3800048828125,1192.7249755859375,5652.57537612319
2934,set04,video_0004,4_4_1168,1,505,16,0,False,False,535.0,-30.0,833.47998046875,131.1300048828125,1251.2799682617188,5727.765656396747
2935,set04,video_0004,4_4_1170,0,700,16,0,False,False,,,906.0800170898438,210.3800048828125,1089.0499877929688,14924.370900586247
2936,set04,video_0004,4_4_1170,0,708,16,0,False,False,,,911.719970703125,210.37994384765625,1068.9500122070312,14924.366570748389
2937,set04,video_0004,4_4_1170,0,716,16,0,False,False,,,919.7999877929688,223.91998291015625,1013.2349853515625,17136.602852270007
2938,set04,video_0004,4_4_1170,0,724,16,0,False,False,,,927.239990234375,236.8699951171875,929.885009765625,20160.00181464851
2939,set04,video_0004,4_4_1173,0,1723,16,0,False,False,,,836.3200073242188,135.1500244140625,1240.4099731445312,7479.197731688619
2940,set04,video_0004,4_4_1173,0,1731,16,0,False,False,,,847.5999755859375,147.50994873046875,1255.6600341796875,8891.904031053185
2941,set04,video_0004,4_4_1173,0,1739,16,0,False,False,,,867.4199829101562,173.53997802734375,1278.1549682617188,11948.223250366747
2942,set04,video_0004,4_4_1173,0,1747,16,0,False,False,,,880.280029296875,200.9200439453125,1314.4149780273438,16461.389992043376
2943,set04,video_0004,4_4_1174,0,2170,16,0,False,False,,,870.1799926757812,190.95001220703125,448.43499755859375,9862.572792358696
2944,set04,video_0004,4_4_1174,0,2178,16,0,False,False,,,876.02001953125,191.05999755859375,426.32000732421875,11165.546723779291
2945,set04,video_0004,4_4_1174,0,2186,16,0,False,False,,,873.9400024414062,204.5999755859375,412.3399963378906,13364.471903808415
2946,set04,video_0004,4_4_1174,0,2194,16,0,False,False,,,876.0999755859375,214.8599853515625,376.75999450683594,15744.939464282244
2947,set04,video_0004,4_4_1176,0,2172,16,0,False,False,,,887.0999755859375,177.77996826171875,1286.5349731445312,8947.657990016043
2948,set04,video_0004,4_4_1176,0,2180,16,0,False,False,,,897.3400268554688,188.36004638671875,1312.7349853515625,11770.617459252477
2949,set04,video_0004,4_4_1176,0,2188,16,0,False,False,,,903.8400268554688,208.02001953125,1351.10498046875,15865.690952539444
2950,set04,video_0004,4_4_1176,0,2196,16,0,False,False,,,915.52001953125,234.21002197265625,1406.8049926757812,18865.600115843117
2951,set04,video_0004,4_4_1179,1,3938,16,0,False,False,3998.0,-60.0,855.3599853515625,166.79998779296875,1225.5250244140625,10843.66883532703
2952,set04,video_0004,4_4_1179,1,3946,16,0,False,False,3998.0,-52.0,857.760009765625,173.33001708984375,1236.1849975585938,11860.982379175723
2953,set04,video_0004,4_4_1179,1,3954,16,0,False,False,3998.0,-44.0,861.8599853515625,175.3699951171875,1249.155029296875,12810.78670629859
2954,set04,video_0004,4_4_1179,1,3962,16,0,False,False,3998.0,-36.0,868.5,182.6099853515625,1266.8399658203125,14521.149601757526
2955,set04,video_0004,4_4_1180,1,3938,16,0,False,False,3998.0,-60.0,847.8400268554688,146.1300048828125,1283.760009765625,9638.729413866997
2956,set04,video_0004,4_4_1180,1,3946,16,0,False,False,3998.0,-52.0,850.530029296875,149.2900390625,1294.375,10090.526861429214
2957,set04,video_0004,4_4_1180,1,3954,16,0,False,False,3998.0,-44.0,855.1500244140625,152.44000244140625,1311.27001953125,10551.892502978444
2958,set04,video_0004,4_4_1180,1,3962,16,0,False,False,3998.0,-36.0,861.7100219726562,155.59002685546875,1334.4550170898438,11023.549604125321
2959,set04,video_0004,4_4_1187,0,4568,16,0,False,False,,,863.9600219726562,160.3900146484375,651.9800109863281,11439.017019458115
2960,set04,video_0004,4_4_1187,0,4576,16,0,False,False,,,878.4400024414062,182.8599853515625,625.5849914550781,15402.304155565798
2961,set04,video_0004,4_4_1187,0,4584,16,0,False,False,,,892.8400268554688,201.0400390625,593.7650146484375,19627.53999531269
2962,set04,video_0004,4_4_1187,0,4592,16,0,False,False,,,914.1199951171875,228.03997802734375,551.52001953125,23889.47032509744
2963,set04,video_0004,4_4_1188,0,5019,16,0,False,False,,,911.8400268554688,204.0400390625,1268.4249877929688,15823.290084958076
2964,set04,video_0004,4_4_1188,0,5027,16,0,False,False,,,924.2000122070312,221.29998779296875,1299.5050048828125,17480.48387463391
2965,set04,video_0004,4_4_1188,0,5035,16,0,False,False,,,939.219970703125,243.01995849609375,1336.8300170898438,19786.695700339973
2966,set04,video_0004,4_4_1188,0,5043,16,0,False,False,,,963.9000244140625,268.84002685546875,1379.8049926757812,28343.81847102195
2967,set04,video_0004,4_4_1195,0,13022,16,0,False,False,,,777.7999877929688,57.07000732421875,1256.0450439453125,1097.455126196146
2968,set04,video_0004,4_4_1195,0,13030,16,0,False,False,,,782.4000244140625,60.77001953125,1291.3350219726562,1113.9117874503136
2969,set04,video_0004,4_4_1195,0,13038,16,0,False,False,,,791.3800048828125,67.92999267578125,1334.4099731445312,1218.6683805659413
2970,set04,video_0004,4_4_1195,0,13046,16,0,False,False,,,795.6199951171875,75.03997802734375,1383.27001953125,1628.3638591319323
2971,set04,video_0004,4_4_1196,0,13021,16,0,False,False,,,776.6900024414062,54.58001708984375,1263.2250366210938,799.5985828861594
2972,set04,video_0004,4_4_1196,0,13029,16,0,False,False,,,780.489990234375,59.52001953125,1298.97998046875,911.8507679700851
2973,set04,video_0004,4_4_1196,0,13037,16,0,False,False,,,790.0999755859375,65.699951171875,1339.2449951171875,1105.7353110313416
2974,set04,video_0004,4_4_1196,0,13045,16,0,False,False,,,797.3200073242188,73.91998291015625,1393.2650146484375,1391.919053196907
2975,set04,video_0004,4_4_1197,0,13019,16,0,False,False,,,772.9600219726562,51.95001220703125,1298.9249877929688,784.9639234617352
2976,set04,video_0004,4_4_1197,0,13027,16,0,False,False,,,774.0599975585938,58.46002197265625,1335.4650268554688,1058.7101415768266
2977,set04,video_0004,4_4_1197,0,13035,16,0,False,False,,,781.4299926757812,64.78997802734375,1379.5199584960938,1370.9581495597959
2978,set04,video_0004,4_4_1197,0,13043,16,0,False,False,,,790.1199951171875,72.04998779296875,1431.0199584960938,1683.086659424007
2979,set04,video_0004,4_4_1198,0,13020,16,0,False,False,,,772.6199951171875,52.32000732421875,1292.9749755859375,807.2941364496946
2980,set04,video_0004,4_4_1198,0,13028,16,0,False,False,,,772.9000244140625,56.08001708984375,1327.635009765625,859.7110432386398
2981,set04,video_0004,4_4_1198,0,13036,16,0,False,False,,,783.0999755859375,63.03997802734375,1371.5150146484375,1097.5204768329859
2982,set04,video_0004,4_4_1198,0,13044,16,0,False,False,,,787.47998046875,68.91998291015625,1423.5050048828125,1402.5283826887608
2983,set04,video_0004,4_4_1199,0,13499,16,0,False,False,,,796.22998046875,68.55999755859375,1077.1699829101562,1574.1432349607348
2984,set04,video_0004,4_4_1199,0,13507,16,0,False,False,,,801.8099975585938,78.47998046875,1093.6700439453125,2023.2161957025528
2985,set04,video_0004,4_4_1199,0,13515,16,0,False,False,,,813.2000122070312,91.73004150390625,1114.9400024414062,2744.5668729022145
2986,set04,video_0004,4_4_1199,0,13523,16,0,False,False,,,831.760009765625,108.6400146484375,1144.2300415039062,3874.106635645032
2987,set04,video_0004,4_4_1201,0,15596,16,0,False,False,,,870.719970703125,175.62994384765625,1292.7000122070312,8763.938485838473
2988,set04,video_0004,4_4_1201,0,15604,16,0,False,False,,,881.5999755859375,192.92999267578125,1323.3800048828125,9615.647791698575
2989,set04,video_0004,4_4_1201,0,15612,16,0,False,False,,,889.52001953125,214.71002197265625,1366.72998046875,11873.474698975682
2990,set04,video_0004,4_4_1201,0,15620,16,0,False,False,,,905.5999755859375,244.28997802734375,1418.2449951171875,16658.11928781867
2991,set04,video_0004,4_4_1204,0,15804,16,0,False,False,,,789.3599853515625,54.219970703125,613.4349975585938,1147.8391624987125
2992,set04,video_0004,4_4_1204,0,15812,16,0,False,False,,,800.3699951171875,68.70001220703125,588.5950012207031,1892.684497680515
2993,set04,video_0004,4_4_1204,0,15820,16,0,False,False,,,808.8400268554688,76.4300537109375,553.8800048828125,2531.3630057126284
2994,set04,video_0004,4_4_1204,0,15828,16,0,False,False,,,807.4000244140625,78.9300537109375,515.4250183105469,2285.026018433273
2995,set04,video_0005,4_5_1205,0,4378,16,0,False,False,,,806.530029296875,100.5,1259.7750244140625,3261.2200927734375
2996,set04,video_0005,4_5_1205,0,4386,16,0,False,False,,,810.4500122070312,108.8599853515625,1292.0599975585938,3905.8968059569597
2997,set04,video_0005,4_5_1205,0,4394,16,0,False,False,,,815.9000244140625,120.74005126953125,1330.010009765625,4761.980547457933
2998,set04,video_0005,4_5_1205,0,4402,16,0,False,False,,,824.9500122070312,135.41998291015625,1376.0750122070312,5951.718167357147
2999,set04,video_0005,4_5_1206,0,4375,16,0,False,False,,,805.8699951171875,68.95001220703125,1267.375,1368.6644757092
3000,set04,video_0005,4_5_1206,0,4383,16,0,False,False,,,810.0599975585938,77.3699951171875,1300.9299926757812,1692.8558709472418
3001,set04,video_0005,4_5_1206,0,4391,16,0,False,False,,,814.7000122070312,83.54998779296875,1339.530029296875,2008.544970214367
3002,set04,video_0005,4_5_1206,0,4399,16,0,False,False,,,824.22998046875,91.38995361328125,1386.3699951171875,2429.1521068811417
3003,set04,video_0005,4_5_1207,0,4382,16,0,False,False,,,791.530029296875,88.69000244140625,1316.10498046875,2438.0873010009527
3004,set04,video_0005,4_5_1207,0,4390,16,0,False,False,,,796.27001953125,99.0,1341.2650146484375,2794.76806640625
3005,set04,video_0005,4_5_1207,0,4398,16,0,False,False,,,798.7999877929688,102.260009765625,1370.780029296875,3215.048715233803
3006,set04,video_0005,4_5_1207,0,4406,16,0,False,False,,,810.0999755859375,119.30999755859375,1411.385009765625,3869.215064868331
3007,set04,video_0005,4_5_1209,0,9498,16,0,False,False,,,829.3200073242188,85.47003173828125,1176.9849853515625,2604.2693630605936
3008,set04,video_0005,4_5_1209,0,9506,16,0,False,False,,,835.0999755859375,94.05999755859375,1219.7699584960938,3166.0627327635884
3009,set04,video_0005,4_5_1209,0,9514,16,0,False,False,,,840.5700073242188,99.42999267578125,1275.7899780273438,3320.9641828611493
3010,set04,video_0005,4_5_1209,0,9522,16,0,False,False,,,846.219970703125,113.7099609375,1343.675048828125,4408.53740644455
3011,set04,video_0005,4_5_1210,0,9502,16,0,False,False,,,827.1599731445312,77.79998779296875,1139.0149536132812,1662.5853592529893
3012,set04,video_0005,4_5_1210,0,9510,16,0,False,False,,,833.3200073242188,85.83001708984375,1180.760009765625,2083.955329492688
3013,set04,video_0005,4_5_1210,0,9518,16,0,False,False,,,839.760009765625,92.739990234375,1233.635009765625,2471.5116831064224
3014,set04,video_0005,4_5_1210,0,9526,16,0,False,False,,,840.0,102.83001708984375,1296.7899780273438,3230.923655860126
3015,set04,video_0005,4_5_1211,1,11005,16,0,False,False,11065.0,-60.0,824.4299926757812,93.29998779296875,966.9599914550781,3121.8196416012943
3016,set04,video_0005,4_5_1211,1,11013,16,0,False,False,11065.0,-52.0,827.719970703125,98.52996826171875,995.4299926757812,3505.6919408217072
3017,set04,video_0005,4_5_1211,1,11021,16,0,False,False,11065.0,-44.0,827.9000244140625,102.300048828125,1032.5349731445312,3511.9561806619167
3018,set04,video_0005,4_5_1211,1,11029,16,0,False,False,11065.0,-36.0,836.260009765625,111.79998779296875,1075.9600219726562,3872.753214843571
3019,set04,video_0005,4_5_1214,1,11043,16,0,False,False,11103.0,-60.0,838.780029296875,193.08001708984375,1302.510009765625,17319.268105223775
3020,set04,video_0005,4_5_1214,1,11051,16,0,False,False,11103.0,-52.0,842.8599853515625,205.52996826171875,1324.0650024414062,11696.717518724501
3021,set04,video_0005,4_5_1214,1,11059,16,0,False,False,11103.0,-44.0,854.4000244140625,211.8699951171875,1332.0399780273438,19686.969256982207
3022,set04,video_0005,4_5_1214,1,11067,16,0,False,False,11103.0,-36.0,856.6799926757812,223.02996826171875,1340.1300048828125,14992.067932471633
3023,set04,video_0005,4_5_1215,1,11079,16,0,False,False,11139.0,-60.0,839.4199829101562,183.30999755859375,1517.7650146484375,11554.034516528249
3024,set04,video_0005,4_5_1215,1,11087,16,0,False,False,11139.0,-52.0,843.4500122070312,181.239990234375,1518.7849731445312,15106.348761230707
3025,set04,video_0005,4_5_1215,1,11095,16,0,False,False,11139.0,-44.0,855.02001953125,199.5400390625,1504.2099609375,14410.775775194168
3026,set04,video_0005,4_5_1215,1,11103,16,0,False,False,11139.0,-36.0,862.0999755859375,198.3699951171875,1500.6500244140625,20769.328802734613
3027,set04,video_0005,4_5_1219,1,11339,16,0,False,False,11399.0,-60.0,829.780029296875,194.010009765625,1776.864990234375,13982.314666211605
3028,set04,video_0005,4_5_1219,1,11347,16,0,False,False,11399.0,-52.0,834.739990234375,196.04998779296875,1733.2000122070312,18060.12391821295
3029,set04,video_0005,4_5_1219,1,11355,16,0,False,False,11399.0,-44.0,849.9600219726562,209.24005126953125,1690.5449829101562,16929.61969997734
3030,set04,video_0005,4_5_1219,1,11363,16,0,False,False,11399.0,-36.0,862.6300048828125,212.77001953125,1643.7249755859375,15274.768013477325
3031,set04,video_0005,4_5_1217,1,11061,16,0,False,False,11121.0,-60.0,772.280029296875,94.59002685546875,174.87000274658203,2724.1930621033534
3032,set04,video_0005,4_5_1217,1,11069,16,0,False,False,11121.0,-52.0,771.1799926757812,95.8399658203125,162.8550033569336,2795.651627490297
3033,set04,video_0005,4_5_1217,1,11077,16,0,False,False,11121.0,-44.0,775.9000244140625,100.86004638671875,150.3550033569336,3087.326081457548
3034,set04,video_0005,4_5_1217,1,11085,16,0,False,False,11121.0,-36.0,778.4400024414062,107.280029296875,136.06000137329102,3651.8122954834253
3035,set04,video_0005,4_5_1218,1,11059,16,0,False,False,11119.0,-60.0,772.3900146484375,91.8800048828125,196.48500061035156,2696.6787041015923
3036,set04,video_0005,4_5_1218,1,11067,16,0,False,False,11119.0,-52.0,774.6500244140625,94.6500244140625,183.7750015258789,2832.8759817201644
3037,set04,video_0005,4_5_1218,1,11075,16,0,False,False,11119.0,-44.0,780.7999877929688,104.70001220703125,173.36000061035156,3337.8369003906846
3038,set04,video_0005,4_5_1218,1,11083,16,0,False,False,11119.0,-36.0,782.1199951171875,107.3399658203125,163.6649932861328,3515.3838806152344
3039,set04,video_0005,4_5_1221,1,13475,16,0,False,False,13535.0,-60.0,845.239990234375,196.80999755859375,132.25499725341797,10543.110007611103
3040,set04,video_0005,4_5_1221,1,13483,16,0,False,False,13535.0,-52.0,844.8400268554688,203.77001953125,86.81000137329102,10298.5369736664
3041,set04,video_0005,4_5_1221,1,13491,16,0,False,False,13535.0,-44.0,857.1699829101562,222.45001220703125,52.980000495910645,15171.091426525149
3042,set04,video_0005,4_5_1221,1,13499,16,0,False,False,13535.0,-36.0,864.0900268554688,232.5,30.040000677108765,12099.300323724747
3043,set04,video_0005,4_5_1222,1,13480,16,0,False,False,13540.0,-60.0,858.719970703125,136.42999267578125,90.31000137329102,7020.687298190314
3044,set04,video_0005,4_5_1222,1,13488,16,0,False,False,13540.0,-52.0,865.5800170898438,147.17999267578125,51.970001220703125,7097.019426489249
3045,set04,video_0005,4_5_1222,1,13496,16,0,False,False,13540.0,-44.0,870.1400146484375,155.27001953125,27.93500018119812,7994.85334416409
3046,set04,video_0005,4_5_1222,1,13504,16,0,False,False,13540.0,-36.0,879.010009765625,159.72998046875,21.040000915527344,6721.4378705993295
3047,set04,video_0005,4_5_1225,1,14964,16,0,False,False,15024.0,-60.0,856.0800170898438,141.54998779296875,1264.1950073242188,6116.386722289026
3048,set04,video_0005,4_5_1225,1,14972,16,0,False,False,15024.0,-52.0,866.4000244140625,152.1700439453125,1284.010009765625,7240.262579202652
3049,set04,video_0005,4_5_1225,1,14980,16,0,False,False,15024.0,-44.0,876.4400024414062,169.1099853515625,1314.8800048828125,9098.125469237566
3050,set04,video_0005,4_5_1225,1,14988,16,0,False,False,15024.0,-36.0,884.5999755859375,181.8199462890625,1347.9400024414062,10640.084613189101
3051,set04,video_0005,4_5_1226,1,14905,16,0,False,False,14965.0,-60.0,789.0800170898438,66.46002197265625,1213.635009765625,1594.3752781003714
3052,set04,video_0005,4_5_1226,1,14913,16,0,False,False,14965.0,-52.0,792.2100219726562,70.80999755859375,1222.14501953125,1824.7750200927258
3053,set04,video_0005,4_5_1226,1,14921,16,0,False,False,14965.0,-44.0,801.6599731445312,76.66998291015625,1231.6150512695312,1906.782100610435
3054,set04,video_0005,4_5_1226,1,14929,16,0,False,False,14965.0,-36.0,808.1199951171875,80.40997314453125,1242.3450317382812,2360.030748657882
3055,set04,video_0005,4_5_1228,1,14937,16,0,False,False,14981.0,-44.0,791.8200073242188,76.0,1303.8099975585938,1945.59814453125
3056,set04,video_0005,4_5_1228,1,14945,16,0,False,False,14981.0,-36.0,804.0399780273438,84.76995849609375,1304.0449829101562,2981.363165549934
3057,set04,video_0005,4_5_1213,1,11000,16,0,False,False,11060.0,-60.0,820.7999877929688,97.0899658203125,911.7550048828125,3581.6502613276243
3058,set04,video_0005,4_5_1213,1,11008,16,0,False,False,11060.0,-52.0,825.4199829101562,105.22998046875,910.9250183105469,3753.5516049563885
3059,set04,video_0005,4_5_1213,1,11016,16,0,False,False,11060.0,-44.0,831.0999755859375,116.5699462890625,928.7250061035156,3290.7744218483567
3060,set04,video_0005,4_5_1213,1,11024,16,0,False,False,11060.0,-36.0,829.9199829101562,116.57000732421875,962.2200012207031,3289.609306421131
3061,set04,video_0005,4_5_1216,1,11098,16,0,False,False,11158.0,-60.0,825.5999755859375,161.7099609375,1547.7000122070312,9288.630421042442
3062,set04,video_0005,4_5_1216,1,11106,16,0,False,False,11158.0,-52.0,831.0399780273438,172.02996826171875,1537.3450317382812,13444.146219603717
3063,set04,video_0005,4_5_1216,1,11114,16,0,False,False,11158.0,-44.0,839.9000244140625,177.6800537109375,1521.489990234375,10579.077338576317
3064,set04,video_0005,4_5_1216,1,11122,16,0,False,False,11158.0,-36.0,845.739990234375,184.33001708984375,1504.5349731445312,9878.239315502346
3065,set04,video_0006,4_6_1255,0,9448,16,0,False,False,,,819.5399780273438,135.88995361328125,1416.8049926757812,6744.219061352313
3066,set04,video_0006,4_6_1255,0,9456,16,0,False,False,,,830.739990234375,150.80999755859375,1468.0,8234.240594238043
3067,set04,video_0006,4_6_1255,0,9464,16,0,False,False,,,840.4400024414062,166.59002685546875,1521.9199829101562,10315.261783741415
3068,set04,video_0006,4_6_1255,0,9472,16,0,False,False,,,849.4000244140625,181.1300048828125,1582.8600463867188,10302.675562158227
3069,set04,video_0006,4_6_1256,0,9417,16,0,False,False,,,809.9000244140625,112.8699951171875,1325.125,3895.1446337401867
3070,set04,video_0006,4_6_1256,0,9425,16,0,False,False,,,817.0999755859375,126.0999755859375,1384.4500122070312,5939.305771484971
3071,set04,video_0006,4_6_1256,0,9433,16,0,False,False,,,821.719970703125,142.90997314453125,1448.7899780273438,6599.590235643089
3072,set04,video_0006,4_6_1256,0,9441,16,0,False,False,,,829.4400024414062,162.17999267578125,1521.0599975585938,7272.145328320563
3073,set04,video_0006,4_6_1257,0,9443,16,0,False,False,,,808.5,121.989990234375,1428.72998046875,3993.951088964939
3074,set04,video_0006,4_6_1257,0,9451,16,0,False,False,,,818.3200073242188,137.07000732421875,1480.5400390625,5000.311190038919
3075,set04,video_0006,4_6_1257,0,9459,16,0,False,False,,,827.4199829101562,152.15997314453125,1535.1849975585938,6224.8697021231055
3076,set04,video_0006,4_6_1257,0,9467,16,0,False,False,,,834.8599853515625,165.3800048828125,1592.3600463867188,7382.565840527415
3077,set04,video_0006,4_6_1258,0,9423,16,0,False,False,,,810.1199951171875,105.41998291015625,1363.4600219726562,4067.0983079597354
3078,set04,video_0006,4_6_1258,0,9431,16,0,False,False,,,816.5999755859375,119.50994873046875,1414.25,4887.945232182741
3079,set04,video_0006,4_6_1258,0,9439,16,0,False,False,,,822.3699951171875,137.05999755859375,1470.530029296875,6206.080704882741
3080,set04,video_0006,4_6_1258,0,9447,16,0,False,False,,,833.3200073242188,156.8699951171875,1539.72998046875,8091.3666036129
3081,set04,video_0006,4_6_1260,0,9449,16,0,False,False,,,817.0999755859375,97.02996826171875,1525.6300048828125,5641.311931595206
3082,set04,video_0006,4_6_1260,0,9457,16,0,False,False,,,825.0599975585938,103.96002197265625,1590.8250122070312,6960.131085328758
3083,set04,video_0006,4_6_1265,0,13438,16,0,False,False,,,795.5999755859375,77.2099609375,1248.0900268554688,1499.4208344221115
3084,set04,video_0006,4_6_1265,0,13446,16,0,False,False,,,793.1199951171875,84.69000244140625,1292.3450317382812,2211.2547231689095
3085,set04,video_0006,4_6_1265,0,13454,16,0,False,False,,,806.0,97.42999267578125,1350.3150024414062,2736.8051641359925
3086,set04,video_0006,4_6_1277,0,17728,16,0,False,False,,,805.2999877929688,70.28997802734375,1264.77001953125,1528.1034358888865
3087,set04,video_0006,4_6_1277,0,17736,16,0,False,False,,,813.7000122070312,79.2900390625,1303.135009765625,1818.115175485611
3088,set04,video_0006,4_6_1277,0,17744,16,0,False,False,,,818.5,90.760009765625,1350.4600219726562,2504.974053710699
3089,set04,video_0006,4_6_1277,0,17752,16,0,False,False,,,830.9600219726562,102.73004150390625,1409.3400268554688,3176.4173978045583
3090,set04,video_0006,4_6_1234,1,3029,16,0,False,False,3089.0,-60.0,821.5599975585938,145.08001708984375,154.82999801635742,7924.270931921434
3091,set04,video_0006,4_6_1234,1,3037,16,0,False,False,3089.0,-52.0,829.7999877929688,149.78997802734375,213.95999908447266,6093.4574946714565
3092,set04,video_0006,4_6_1234,1,3045,16,0,False,False,3089.0,-44.0,839.9600219726562,156.4000244140625,306.35499572753906,10017.424427490681
3093,set04,video_0006,4_6_1234,1,3053,16,0,False,False,3089.0,-36.0,847.4199829101562,163.3499755859375,414.67999267578125,9781.39733569324
3094,set04,video_0006,4_6_1235,1,3051,16,0,False,False,3098.0,-47.0,779.9000244140625,101.6600341796875,193.83499908447266,3321.2331305053085
3095,set04,video_0006,4_6_1235,1,3059,16,0,False,False,3098.0,-39.0,791.0,108.71002197265625,309.82501220703125,3668.9632415771484
3096,set04,video_0006,4_6_1235,1,3067,16,0,False,False,3098.0,-31.0,789.27001953125,108.71002197265625,429.4750061035156,3668.9632415771484
3097,set04,video_0006,4_6_1236,0,3706,16,0,False,False,,,847.8499755859375,108.00994873046875,739.2599792480469,4069.814077075571
3098,set04,video_0006,4_6_1236,0,3714,16,0,False,False,,,852.6099853515625,120.3299560546875,718.2999877929688,4945.5582561045885
3099,set04,video_0006,4_6_1236,0,3722,16,0,False,False,,,857.5399780273438,135.0799560546875,690.7349853515625,5744.954488426447
3100,set04,video_0006,4_6_1236,0,3730,16,0,False,False,,,859.4600219726562,157.32000732421875,650.1099853515625,7390.890871435404
3101,set04,video_0006,4_6_1237,0,3703,16,0,False,False,,,836.780029296875,99.72003173828125,707.7149963378906,4893.262687768787
3102,set04,video_0006,4_6_1237,0,3711,16,0,False,False,,,840.6199951171875,109.1400146484375,679.3500061035156,4998.611338622868
3103,set04,video_0006,4_6_1237,0,3719,16,0,False,False,,,847.489990234375,127.32000732421875,643.8299865722656,5655.5525494627655
3104,set04,video_0006,4_6_1237,0,3727,16,0,False,False,,,856.5900268554688,152.32000732421875,602.7749938964844,7687.595604028553
3105,set04,video_0006,4_6_1238,1,5604,16,0,False,False,5664.0,-60.0,871.77001953125,230.3800048828125,1216.7999877929688,13514.098960742354
3106,set04,video_0006,4_6_1238,1,5612,16,0,False,False,5664.0,-52.0,876.3400268554688,241.22003173828125,1231.8849487304688,15165.502217553556
3107,set04,video_0006,4_6_1238,1,5620,16,0,False,False,5664.0,-44.0,886.219970703125,253.29998779296875,1250.3450317382812,16760.871323607862
3108,set04,video_0006,4_6_1238,1,5628,16,0,False,False,5664.0,-36.0,896.0900268554688,265.37005615234375,1268.8150024414062,18435.28242019564
3109,set04,video_0006,4_6_1239,1,5615,16,0,False,False,5675.0,-60.0,879.97998046875,216.25,1178.6799926757812,16512.84683227539
3110,set04,video_0006,4_6_1239,1,5623,16,0,False,False,5675.0,-52.0,888.489990234375,227.54998779296875,1191.9949951171875,19303.083241820335
3111,set04,video_0006,4_6_1239,1,5631,16,0,False,False,5675.0,-44.0,897.239990234375,239.40997314453125,1206.2249755859375,21180.593310132623
3112,set04,video_0006,4_6_1239,1,5639,16,0,False,False,5675.0,-36.0,905.47998046875,249.8299560546875,1220.4000244140625,23244.188870310783
3113,set04,video_0006,4_6_1240,1,6075,16,0,False,False,6135.0,-60.0,802.719970703125,78.5,694.9850158691406,1898.9151916503906
3114,set04,video_0006,4_6_1240,1,6083,16,0,False,False,6135.0,-52.0,806.0800170898438,83.71002197265625,678.5199890136719,2002.3422949947417
3115,set04,video_0006,4_6_1240,1,6091,16,0,False,False,6135.0,-44.0,809.8400268554688,88.1800537109375,656.1499938964844,2287.390808545053
3116,set04,video_0006,4_6_1240,1,6099,16,0,False,False,6135.0,-36.0,811.1799926757812,95.82000732421875,631.0799865722656,2533.4812275879085
3117,set04,video_0006,4_6_1241,1,6111,16,0,False,False,6171.0,-60.0,807.0,111.260009765625,527.6050109863281,3154.225351318717
3118,set04,video_0006,4_6_1241,1,6119,16,0,False,False,6171.0,-52.0,806.3699951171875,113.989990234375,487.8300018310547,3652.240261144936
3119,set04,video_0006,4_6_1241,1,6127,16,0,False,False,6171.0,-44.0,812.4000244140625,125.52001953125,444.7049865722656,4793.609852343798
3120,set04,video_0006,4_6_1241,1,6135,16,0,False,False,6171.0,-36.0,816.2000122070312,133.30999755859375,396.7100067138672,5676.337905993685
3121,set04,video_0006,4_6_1242,1,6079,16,0,False,False,6139.0,-60.0,797.8400268554688,82.80999755859375,647.8200073242188,1922.8457172363997
3122,set04,video_0006,4_6_1242,1,6087,16,0,False,False,6139.0,-52.0,799.0,86.010009765625,630.2699890136719,2447.846767798066
3123,set04,video_0006,4_6_1242,1,6095,16,0,False,False,6139.0,-44.0,799.9500122070312,91.8699951171875,606.5499877929688,2673.4146149903536
3124,set04,video_0006,4_6_1242,1,6103,16,0,False,False,6139.0,-36.0,804.9099731445312,99.63995361328125,581.7849731445312,2952.3323120847344
3125,set04,video_0006,4_6_1243,1,6060,16,0,False,False,6120.0,-60.0,797.8900146484375,67.69000244140625,745.0700073242188,1843.8750054687262
3126,set04,video_0006,4_6_1243,1,6068,16,0,False,False,6120.0,-52.0,798.3499755859375,68.7099609375,736.0999755859375,2044.8091084957123
3127,set04,video_0006,4_6_1243,1,6076,16,0,False,False,6120.0,-44.0,799.2999877929688,71.2099609375,728.3700256347656,2104.9662714600563
3128,set04,video_0006,4_6_1243,1,6084,16,0,False,False,6120.0,-36.0,801.3599853515625,76.15997314453125,719.1099853515625,2149.2322108894587
3129,set04,video_0006,4_6_1244,1,6053,16,0,False,False,6113.0,-60.0,793.9199829101562,63.27996826171875,742.8499755859375,1028.932901903987
3130,set04,video_0006,4_6_1244,1,6061,16,0,False,False,6113.0,-52.0,794.1699829101562,64.72998046875,732.4949951171875,1094.5861821770668
3131,set04,video_0006,4_6_1244,1,6069,16,0,False,False,6113.0,-44.0,795.8400268554688,67.6500244140625,719.5899963378906,1194.6976143792272
3132,set04,video_0006,4_6_1244,1,6077,16,0,False,False,6113.0,-36.0,796.0999755859375,71.90997314453125,704.4250183105469,1405.8390971682966
3133,set04,video_0006,4_6_1245,1,6073,16,0,False,False,6133.0,-60.0,796.4400024414062,71.3800048828125,681.72998046875,1623.180613964796
3134,set04,video_0006,4_6_1245,1,6081,16,0,False,False,6133.0,-52.0,799.8599853515625,78.53997802734375,666.5849914550781,2104.0842856206
3135,set04,video_0006,4_6_1245,1,6089,16,0,False,False,6133.0,-44.0,800.1199951171875,81.3399658203125,648.7699890136719,2506.898342333734
3136,set04,video_0006,4_6_1245,1,6097,16,0,False,False,6133.0,-36.0,801.1799926757812,83.719970703125,634.5499877929688,2501.5531333982944
3137,set04,video_0006,4_6_1246,1,6120,16,0,False,False,6180.0,-60.0,813.47998046875,137.54998779296875,1254.8049926757812,4966.928044311702
3138,set04,video_0006,4_6_1246,1,6128,16,0,False,False,6180.0,-52.0,815.7999877929688,146.91998291015625,1251.8699951171875,5650.536803662777
3139,set04,video_0006,4_6_1246,1,6136,16,0,False,False,6180.0,-44.0,826.2000122070312,159.3599853515625,1254.7050170898438,6382.355741456151
3140,set04,video_0006,4_6_1246,1,6144,16,0,False,False,6180.0,-36.0,836.6699829101562,171.3699951171875,1258.4000244140625,7365.479043066502
3141,set04,video_0006,4_6_1247,1,6095,16,0,False,False,6155.0,-60.0,796.7000122070312,93.58001708984375,1234.864990234375,2346.0574255138636
3142,set04,video_0006,4_6_1247,1,6103,16,0,False,False,6155.0,-52.0,800.47998046875,101.02996826171875,1252.030029296875,2960.1830031722784
3143,set04,video_0006,4_6_1247,1,6111,16,0,False,False,6155.0,-44.0,804.02001953125,108.489990234375,1266.3499755859375,3469.5077687501907
3144,set04,video_0006,4_6_1247,1,6119,16,0,False,False,6155.0,-36.0,807.4500122070312,110.70001220703125,1271.2550048828125,3866.7438590079546
3145,set04,video_0006,4_6_1250,1,6245,16,0,False,False,6305.0,-60.0,866.7999877929688,232.8699951171875,1597.0,20539.122198730707
3146,set04,video_0006,4_6_1250,1,6253,16,0,False,False,6305.0,-52.0,872.0800170898438,240.48004150390625,1580.2949829101562,17345.82656789571
3147,set04,video_0006,4_6_1250,1,6261,16,0,False,False,6305.0,-44.0,888.1799926757812,252.8599853515625,1553.800048828125,19343.78887939453
3148,set04,video_0006,4_6_1250,1,6269,16,0,False,False,6305.0,-36.0,894.9000244140625,262.6300048828125,1535.510009765625,21210.00175908208
3149,set04,video_0006,4_6_1251,0,7143,16,0,False,False,,,837.9000244140625,118.71002197265625,691.1150207519531,6506.4960145018995
3150,set04,video_0006,4_6_1251,0,7151,16,0,False,False,,,845.8200073242188,131.32000732421875,879.9300231933594,5785.9592020995915
3151,set04,video_0006,4_6_1251,0,7159,16,0,False,False,,,858.0,145.1300048828125,1072.4600219726562,6850.1468601077795
3152,set04,video_0006,4_6_1251,0,7167,16,0,False,False,,,867.5999755859375,165.94000244140625,1247.3500366210938,9309.2300856933
3153,set04,video_0006,4_6_1252,0,7139,16,0,False,False,,,836.1400146484375,109.25,641.7999877929688,4221.421600341797
3154,set04,video_0006,4_6_1252,0,7147,16,0,False,False,,,842.1400146484375,120.17999267578125,818.3650207519531,4546.411176782101
3155,set04,video_0006,4_6_1252,0,7155,16,0,False,False,,,853.219970703125,131.3699951171875,1019.1649780273438,5332.303611621261
3156,set04,video_0006,4_6_1252,0,7163,16,0,False,False,,,862.5,148.41998291015625,1218.3999633789062,7213.207545898855
3157,set04,video_0006,4_6_1253,1,7502,16,0,False,False,7562.0,-60.0,833.6500244140625,131.83001708984375,692.5299987792969,6710.143042113632
3158,set04,video_0006,4_6_1253,1,7510,16,0,False,False,7562.0,-52.0,836.5800170898438,135.83001708984375,697.989990234375,7131.075897216797
3159,set04,video_0006,4_6_1253,1,7518,16,0,False,False,7562.0,-44.0,844.489990234375,145.39996337890625,708.9349975585938,7864.679049439728
3160,set04,video_0006,4_6_1253,1,7526,16,0,False,False,7562.0,-36.0,845.8400268554688,148.530029296875,723.5049743652344,8271.63769416511
3161,set04,video_0006,4_6_1254,1,8098,16,0,False,False,8158.0,-60.0,749.0,37.79998779296875,868.4800109863281,485.3528583981097
3162,set04,video_0006,4_6_1254,1,8106,16,0,False,False,8158.0,-52.0,760.2999877929688,38.77996826171875,869.72998046875,591.7826943844557
3163,set04,video_0006,4_6_1254,1,8114,16,0,False,False,8158.0,-44.0,773.52001953125,42.10003662109375,873.1499938964844,527.9335341788828
3164,set04,video_0006,4_6_1254,1,8122,16,0,False,False,8158.0,-36.0,773.3599853515625,43.03997802734375,875.7949829101562,553.0626668706536
3165,set04,video_0006,4_6_1259,0,9443,16,0,False,False,,,810.5599975585938,131.760009765625,1470.2349853515625,5677.55040127039
3166,set04,video_0006,4_6_1259,0,9451,16,0,False,False,,,814.2000122070312,142.739990234375,1525.25,7065.6295166015625
3167,set04,video_0006,4_6_1259,0,9459,16,0,False,False,,,827.0999755859375,162.8599853515625,1584.25,8843.305156737566
3168,set04,video_0006,4_6_1261,0,9415,16,0,False,False,,,796.739990234375,103.8399658203125,1354.9049682617188,3886.735497996211
3169,set04,video_0006,4_6_1261,0,9423,16,0,False,False,,,806.2000122070312,119.42999267578125,1402.5799560546875,4989.788592919707
3170,set04,video_0006,4_6_1261,0,9431,16,0,False,False,,,808.0,127.30999755859375,1454.4349975585938,6585.759227953851
3171,set04,video_0006,4_6_1261,0,9439,16,0,False,False,,,815.5700073242188,143.47003173828125,1506.635009765625,7783.249221801758
3172,set04,video_0006,4_6_1263,0,11905,16,0,False,False,,,792.989990234375,124.33001708984375,190.78499603271484,4447.285242498852
3173,set04,video_0006,4_6_1263,0,11913,16,0,False,False,,,812.0999755859375,148.75994873046875,176.25499725341797,5749.573380370624
3174,set04,video_0006,4_6_1263,0,11921,16,0,False,False,,,814.4400024414062,152.25,154.80500030517578,5783.9783363342285
3175,set04,video_0006,4_6_1263,0,11929,16,0,False,False,,,812.1400146484375,154.85003662109375,127.62499618530273,5960.177578750532
3176,set04,video_0006,4_6_1264,0,12079,16,0,False,False,,,816.0800170898438,94.4000244140625,809.0449829101562,3514.51106518507
3177,set04,video_0006,4_6_1264,0,12087,16,0,False,False,,,825.0599975585938,104.94000244140625,849.6600036621094,4352.915656689554
3178,set04,video_0006,4_6_1264,0,12095,16,0,False,False,,,835.5999755859375,117.02996826171875,893.375,5061.546127319336
3179,set04,video_0006,4_6_1264,0,12103,16,0,False,False,,,842.780029296875,133.84002685546875,967.239990234375,6890.081968456507
3180,set04,video_0006,4_6_1262,0,11890,16,0,False,False,,,811.6699829101562,162.0999755859375,191.4499969482422,6701.212397094816
3181,set04,video_0006,4_6_1262,0,11898,16,0,False,False,,,807.22998046875,162.0999755859375,175.21500396728516,6699.592287780717
3182,set04,video_0006,4_6_1262,0,11906,16,0,False,False,,,814.7000122070312,178.030029296875,155.34500122070312,8280.178401172161
3183,set04,video_0006,4_6_1262,0,11914,16,0,False,False,,,809.030029296875,178.2900390625,131.81999588012695,8368.933508627117
3184,set04,video_0006,4_6_1275,0,17721,16,0,False,False,,,798.0999755859375,72.739990234375,1303.0700073242188,1386.4195965826511
3185,set04,video_0006,4_6_1275,0,17729,16,0,False,False,,,806.6400146484375,82.27001953125,1343.4549560546875,1725.199899315834
3186,set04,video_0006,4_6_1275,0,17737,16,0,False,False,,,814.0399780273438,92.17999267578125,1390.6700439453125,2048.2367366701365
3187,set04,video_0006,4_6_1275,0,17745,16,0,False,False,,,818.3599853515625,104.52996826171875,1449.4249877929688,2800.349172927439
3188,set04,video_0006,4_6_1276,0,17726,16,0,False,False,,,793.9600219726562,71.5400390625,1345.5499877929688,1855.7531543970108
3189,set04,video_0006,4_6_1276,0,17734,16,0,False,False,,,801.1599731445312,79.4599609375,1385.9349975585938,2292.4179331064224
3190,set04,video_0006,4_6_1276,0,17742,16,0,False,False,,,800.8599853515625,85.51995849609375,1436.0150146484375,2720.3948906958103
3191,set04,video_0006,4_6_1276,0,17750,16,0,False,False,,,811.2999877929688,98.20001220703125,1494.2900390625,3556.8015651851892
3192,set04,video_0006,4_6_1279,0,17743,16,0,False,False,,,809.4400024414062,88.09002685546875,1213.9200439453125,2684.9822980463505
3193,set04,video_0006,4_6_1279,0,17751,16,0,False,False,,,820.7000122070312,100.3599853515625,1248.7750244140625,3485.5003311038017
3194,set04,video_0006,4_6_1279,0,17759,16,0,False,False,,,844.2999877929688,114.64996337890625,1290.125,4534.411649778485
3195,set04,video_0006,4_6_1279,0,17767,16,0,False,False,,,845.5399780273438,132.8599853515625,1345.6900024414062,5917.572719141841
3196,set04,video_0006,4_6_1280,0,17746,16,0,False,False,,,812.97998046875,88.41998291015625,1196.9000244140625,2061.960045799613
3197,set04,video_0006,4_6_1280,0,17754,16,0,False,False,,,824.8400268554688,99.780029296875,1232.60498046875,2800.8322432637215
3198,set04,video_0006,4_6_1280,0,17762,16,0,False,False,,,842.6799926757812,115.6199951171875,1279.4700317382812,3544.9130021482706
3199,set04,video_0006,4_6_1280,0,17770,16,0,False,False,,,846.4400024414062,132.05999755859375,1331.675048828125,4950.928018823266
3200,set04,video_0006,4_6_1281,0,17744,16,0,False,False,,,817.6799926757812,89.66998291015625,1163.4749755859375,2084.827102661133
3201,set04,video_0006,4_6_1281,0,17752,16,0,False,False,,,825.0,99.8499755859375,1196.0599975585938,2324.4981682151556
3202,set04,video_0006,4_6_1281,0,17760,16,0,False,False,,,851.22998046875,114.19000244140625,1237.6650390625,3280.6765398681164
3203,set04,video_0006,4_6_1281,0,17768,16,0,False,False,,,858.0800170898438,135.1500244140625,1287.0050048828125,4431.574579834938
3204,set04,video_0006,4_6_1282,0,17752,16,0,False,False,,,812.9299926757812,84.8399658203125,1206.405029296875,2335.6467445790768
3205,set04,video_0006,4_6_1282,0,17760,16,0,False,False,,,840.219970703125,98.5799560546875,1242.9049682617188,2619.2641375511885
3206,set04,video_0006,4_6_1282,0,17768,16,0,False,False,,,839.5700073242188,113.530029296875,1289.2099609375,3571.650286912918
3207,set04,video_0006,4_6_1282,0,17776,16,0,False,False,,,841.27001953125,127.6500244140625,1336.7750244140625,4823.899408936501
3208,set04,video_0006,4_6_1283,0,17754,16,0,False,False,,,821.280029296875,93.71002197265625,1150.5050048828125,2825.3480111062527
3209,set04,video_0006,4_6_1283,0,17762,16,0,False,False,,,840.7999877929688,107.65997314453125,1183.3499755859375,3718.5796778798103
3210,set04,video_0006,4_6_1283,0,17770,16,0,False,False,,,845.280029296875,125.22003173828125,1220.2899780273438,5181.605524756014
3211,set04,video_0006,4_6_1283,0,17778,16,0,False,False,,,851.7000122070312,146.19000244140625,1267.5700073242188,7113.610515527427
3212,set04,video_0006,4_6_1284,0,17757,16,0,False,False,,,837.6799926757812,94.510009765625,1139.280029296875,2910.9129155278206
3213,set04,video_0006,4_6_1284,0,17765,16,0,False,False,,,841.0,108.95001220703125,1169.4550170898438,3496.2021678462625
3214,set04,video_0006,4_6_1284,0,17773,16,0,False,False,,,848.0800170898438,125.6400146484375,1206.9149780273438,5041.934401318431
3215,set04,video_0006,4_6_1284,0,17781,16,0,False,False,,,858.02001953125,151.10003662109375,1251.7000122070312,6624.220440916717
3216,set04,video_0007,4_7_1321,0,6730,16,0,False,False,,,845.3800048828125,212.6500244140625,1696.4249877929688,14419.784657225013
3217,set04,video_0007,4_7_1321,0,6738,16,0,False,False,,,850.219970703125,218.78997802734375,1715.8500366210938,14860.224922411144
3218,set04,video_0007,4_7_1321,0,6746,16,0,False,False,,,855.0599975585938,224.92999267578125,1735.27001953125,15304.245487987995
3219,set04,video_0007,4_7_1321,0,6754,16,0,False,False,,,859.9000244140625,231.07000732421875,1754.6900024414062,15749.739597119391
3220,set04,video_0007,4_7_1322,0,6811,16,0,False,False,,,823.1099853515625,118.77996826171875,1184.260009765625,6024.516510352492
3221,set04,video_0007,4_7_1322,0,6819,16,0,False,False,,,826.6300048828125,124.41998291015625,1101.0449829101562,6393.944744311273
3222,set04,video_0007,4_7_1322,0,6827,16,0,False,False,,,831.2000122070312,133.22003173828125,994.8249816894531,7688.130958814174
3223,set04,video_0007,4_7_1322,0,6835,16,0,False,False,,,836.5,144.1099853515625,852.5650024414062,8685.511631786823
3224,set04,video_0007,4_7_1323,0,6809,16,0,False,False,,,825.4199829101562,89.78997802734375,1176.2650146484375,2315.687040746212
3225,set04,video_0007,4_7_1323,0,6817,16,0,False,False,,,827.5999755859375,93.3399658203125,1092.5950317382812,2573.377844288945
3226,set04,video_0007,4_7_1323,0,6825,16,0,False,False,,,833.5999755859375,98.469970703125,993.4049987792969,2996.440487280488
3227,set04,video_0007,4_7_1323,0,6833,16,0,False,False,,,835.6400146484375,106.75,856.2999877929688,3351.952606201172
3228,set04,video_0007,4_7_1324,0,6808,16,0,False,False,,,829.5399780273438,120.91998291015625,1149.1900024414062,4592.5533499494195
3229,set04,video_0007,4_7_1324,0,6816,16,0,False,False,,,832.0,128.58001708984375,1064.7000122070312,5117.475262694061
3230,set04,video_0007,4_7_1324,0,6824,16,0,False,False,,,837.280029296875,136.08001708984375,967.25,5679.978584423661
3231,set04,video_0007,4_7_1324,0,6832,16,0,False,False,,,839.3599853515625,147.1199951171875,832.8299865722656,6735.148707129061
3232,set04,video_0007,4_7_1348,0,12904,16,0,False,False,,,846.6400146484375,146.94000244140625,1239.449951171875,5145.84175541997
3233,set04,video_0007,4_7_1351,0,13137,16,0,False,False,,,777.0700073242188,73.239990234375,489.4499969482422,1494.0953537598252
3234,set04,video_0007,4_7_1351,0,13145,16,0,False,False,,,779.2999877929688,84.3699951171875,446.0050048828125,2294.0203732177615
3235,set04,video_0007,4_7_1351,0,13153,16,0,False,False,,,788.4199829101562,92.7099609375,396.9199981689453,2988.9710645377636
3236,set04,video_0007,4_7_1351,0,13161,16,0,False,False,,,794.0599975585938,103.96002197265625,336.77000427246094,3299.693254785612
3237,set04,video_0007,4_7_1287,1,1083,16,0,False,False,1143.0,-60.0,794.9600219726562,64.17999267578125,894.9949951171875,1571.7673938721418
3238,set04,video_0007,4_7_1287,1,1091,16,0,False,False,1143.0,-52.0,798.1799926757812,64.70001220703125,898.6000061035156,1688.6726879887283
3239,set04,video_0007,4_7_1287,1,1099,16,0,False,False,1143.0,-44.0,800.3300170898438,65.3800048828125,901.5099792480469,1786.1822122558951
3240,set04,video_0007,4_7_1287,1,1107,16,0,False,False,1143.0,-36.0,794.3499755859375,66.14996337890625,899.4100036621094,1883.9537025131285
3241,set04,video_0007,4_7_1288,1,1100,16,0,False,False,1160.0,-60.0,798.8300170898438,59.4000244140625,888.3099975585938,1149.9836025387049
3242,set04,video_0007,4_7_1288,1,1108,16,0,False,False,1160.0,-52.0,789.8400268554688,59.4000244140625,890.1499938964844,1149.9872280284762
3243,set04,video_0007,4_7_1288,1,1116,16,0,False,False,1160.0,-44.0,792.2100219726562,59.4000244140625,894.6699829101562,1149.9836025387049
3244,set04,video_0007,4_7_1288,1,1124,16,0,False,False,1160.0,-36.0,793.760009765625,59.91998291015625,896.0099792480469,1157.654508691281
3245,set04,video_0007,4_7_1289,1,1043,16,0,False,False,1103.0,-60.0,789.1699829101562,75.6099853515625,1103.6950073242188,2308.3658381849527
3246,set04,video_0007,4_7_1289,1,1051,16,0,False,False,1103.0,-52.0,790.0999755859375,76.6199951171875,1098.614990234375,2349.929264307022
3247,set04,video_0007,4_7_1289,1,1059,16,0,False,False,1103.0,-44.0,791.780029296875,77.75,1093.2150268554688,2482.5616760253906
3248,set04,video_0007,4_7_1289,1,1067,16,0,False,False,1103.0,-36.0,794.0599975585938,78.6300048828125,1086.3949584960938,2347.1037260740995
3249,set04,video_0007,4_7_1294,1,2302,16,0,False,False,2362.0,-60.0,790.2999877929688,56.07000732421875,1055.35498046875,1047.9451515376568
3250,set04,video_0007,4_7_1294,1,2310,16,0,False,False,2362.0,-52.0,790.239990234375,58.4599609375,1054.2999877929688,1245.1928862333298
3251,set04,video_0007,4_7_1294,1,2318,16,0,False,False,2362.0,-44.0,789.97998046875,62.489990234375,1051.9099731445312,1413.523273974657
3252,set04,video_0007,4_7_1294,1,2326,16,0,False,False,2362.0,-36.0,789.02001953125,65.6700439453125,1050.25,1724.4959953129292
3253,set04,video_0007,4_7_1295,1,2520,16,0,False,False,2580.0,-60.0,783.6799926757812,65.5999755859375,1024.7449951171875,1522.572870850563
3254,set04,video_0007,4_7_1295,1,2528,16,0,False,False,2580.0,-52.0,783.5700073242188,68.30999755859375,1027.5799865722656,1605.2807733155787
3255,set04,video_0007,4_7_1295,1,2536,16,0,False,False,2580.0,-44.0,784.9299926757812,70.17999267578125,1031.1949768066406,1736.9505352787673
3256,set04,video_0007,4_7_1295,1,2544,16,0,False,False,2580.0,-36.0,787.9000244140625,72.82000732421875,1033.9700317382812,1814.6777826175094
3257,set04,video_0007,4_7_1299,0,3668,16,0,False,False,,,849.260009765625,195.3599853515625,344.2850036621094,13048.089129053056
3258,set04,video_0007,4_7_1299,0,3676,16,0,False,False,,,857.219970703125,215.16998291015625,311.1750030517578,15554.63990318589
3259,set04,video_0007,4_7_1299,0,3684,16,0,False,False,,,865.7999877929688,233.1400146484375,265.10499572753906,18508.982063207775
3260,set04,video_0007,4_7_1299,0,3692,16,0,False,False,,,868.5999755859375,262.5899658203125,213.6750030517578,21366.94423662126
3261,set04,video_0007,4_7_1300,1,3657,16,0,False,False,3717.0,-60.0,796.5,77.030029296875,1082.385009765625,2159.153977930546
3262,set04,video_0007,4_7_1300,1,3665,16,0,False,False,3717.0,-52.0,802.719970703125,79.02996826171875,1089.6300048828125,2171.7419842779636
3263,set04,video_0007,4_7_1300,1,3673,16,0,False,False,3717.0,-44.0,808.8200073242188,83.35003662109375,1094.9949951171875,2104.588424682617
3264,set04,video_0007,4_7_1300,1,3681,16,0,False,False,3717.0,-36.0,811.219970703125,86.47998046875,1100.5150146484375,2377.3338185548782
3265,set04,video_0007,4_7_1301,1,3758,16,0,False,False,3818.0,-60.0,799.6599731445312,71.97998046875,1082.239990234375,1885.8719736337662
3266,set04,video_0007,4_7_1301,1,3766,16,0,False,False,3818.0,-52.0,800.3499755859375,72.66998291015625,1081.89501953125,1853.8119737058878
3267,set04,video_0007,4_7_1301,1,3774,16,0,False,False,3818.0,-44.0,801.1799926757812,73.8399658203125,1078.905029296875,2119.942534327507
3268,set04,video_0007,4_7_1301,1,3782,16,0,False,False,3818.0,-36.0,803.3599853515625,76.32000732421875,1076.2100219726562,2227.0219129398465
3269,set04,video_0007,4_7_1303,0,6215,16,0,False,False,,,969.5700073242188,364.8900146484375,406.75999450683594,36846.59768800065
3270,set04,video_0007,4_7_1303,0,6223,16,0,False,False,,,969.8200073242188,364.8900146484375,401.24000549316406,36846.59768800065
3271,set04,video_0007,4_7_1303,0,6231,16,0,False,False,,,970.0800170898438,364.8900146484375,395.72999572753906,36846.59768800065
3272,set04,video_0007,4_7_1303,0,6239,16,0,False,False,,,970.3300170898438,364.8900146484375,390.2200012207031,36846.58655244112
3273,set04,video_0007,4_7_1304,0,6211,16,0,False,False,,,995.2999877929688,454.5,386.0349884033203,57962.38444519043
3274,set04,video_0007,4_7_1304,0,6219,16,0,False,False,,,992.3499755859375,454.469970703125,378.06500244140625,67157.0364471674
3275,set04,video_0007,4_7_1304,0,6227,16,0,False,False,,,1006.760009765625,468.52001953125,369.47999572753906,71458.66823159158
3276,set04,video_0007,4_7_1304,0,6235,16,0,False,False,,,1018.4400024414062,481.6500244140625,353.3999938964844,78393.36267724633
3277,set04,video_0007,4_7_1305,1,4577,16,0,False,False,4637.0,-60.0,950.25,295.22998046875,530.5350036621094,26656.308449536562
3278,set04,video_0007,4_7_1305,1,4585,16,0,False,False,4637.0,-52.0,952.0399780273438,298.28997802734375,529.7749938964844,27541.118768993765
3279,set04,video_0007,4_7_1305,1,4593,16,0,False,False,4637.0,-44.0,953.8300170898438,301.34002685546875,529.0200042724609,28434.449716089293
3280,set04,video_0007,4_7_1305,1,4601,16,0,False,False,4637.0,-36.0,955.22998046875,303.30999755859375,530.6849822998047,29709.20870709233
3281,set04,video_0007,4_7_1308,1,4561,16,0,False,False,4621.0,-60.0,936.1699829101562,291.54998779296875,585.2900085449219,22571.795072387904
3282,set04,video_0007,4_7_1308,1,4569,16,0,False,False,4621.0,-52.0,939.1300048828125,295.780029296875,580.5400085449219,23342.95485727489
3283,set04,video_0007,4_7_1308,1,4577,16,0,False,False,4621.0,-44.0,942.0900268554688,300.0,575.7900085449219,24125.994873046875
3284,set04,video_0007,4_7_1308,1,4585,16,0,False,False,4621.0,-36.0,943.3800048828125,302.1199951171875,576.0800170898438,24918.85129648447
3285,set04,video_0007,4_7_1311,0,6230,16,0,False,False,,,955.5499877929688,333.69000244140625,517.4200134277344,34984.068817358464
3286,set04,video_0007,4_7_1311,0,6238,16,0,False,False,,,957.030029296875,334.95001220703125,514.9949951171875,35327.16797448695
3287,set04,video_0007,4_7_1311,0,6246,16,0,False,False,,,966.1599731445312,352.3699951171875,490.70501708984375,38461.1935698241
3288,set04,video_0007,4_7_1311,0,6254,16,0,False,False,,,977.8400268554688,375.1600341796875,459.12998962402344,42708.21691713855
3289,set04,video_0007,4_7_1312,0,6222,16,0,False,False,,,973.52001953125,376.07000732421875,452.6000061035156,35508.52366457507
3290,set04,video_0007,4_7_1312,0,6230,16,0,False,False,,,973.9299926757812,376.47998046875,450.0899963378906,35562.30722734332
3291,set04,video_0007,4_7_1312,0,6238,16,0,False,False,,,974.3499755859375,376.89996337890625,447.5749969482422,35620.80771753006
3292,set04,video_0007,4_7_1312,0,6246,16,0,False,False,,,975.4000244140625,384.35003662109375,421.2900085449219,37212.77336071804
3293,set04,video_0007,4_7_1309,1,4921,16,0,False,False,4981.0,-60.0,828.3200073242188,210.25,239.38499450683594,13752.453269958496
3294,set04,video_0007,4_7_1309,1,4929,16,0,False,False,4981.0,-52.0,837.8499755859375,219.14996337890625,269.0499954223633,14823.303389190696
3295,set04,video_0007,4_7_1309,1,4937,16,0,False,False,4981.0,-44.0,850.8599853515625,230.42999267578125,307.86500549316406,16832.915184265003
3296,set04,video_0007,4_7_1309,1,4945,16,0,False,False,4981.0,-36.0,864.3599853515625,236.77996826171875,349.1850128173828,19304.670523339882
3297,set04,video_0007,4_7_1310,1,4927,16,0,False,False,4987.0,-60.0,831.0800170898438,224.30999755859375,190.9949951171875,14622.769288476557
3298,set04,video_0007,4_7_1310,1,4935,16,0,False,False,4987.0,-52.0,846.2999877929688,233.05999755859375,227.8699951171875,15936.64377104491
3299,set04,video_0007,4_7_1310,1,4943,16,0,False,False,4987.0,-44.0,857.989990234375,243.15997314453125,264.2000045776367,20182.281481322832
3300,set04,video_0007,4_7_1310,1,4951,16,0,False,False,4987.0,-36.0,873.4500122070312,249.55999755859375,307.6300048828125,24911.08078413084
3301,set04,video_0007,4_7_1315,1,5857,16,0,False,False,5917.0,-60.0,914.4099731445312,323.8499755859375,254.04500579833984,38249.92081411742
3302,set04,video_0007,4_7_1315,1,5865,16,0,False,False,5917.0,-52.0,937.5399780273438,367.0899658203125,240.9800033569336,44946.501912603155
3303,set04,video_0007,4_7_1315,1,5873,16,0,False,False,5917.0,-44.0,945.5800170898438,385.239990234375,233.13999938964844,49511.039312548935
3304,set04,video_0007,4_7_1315,1,5881,16,0,False,False,5917.0,-36.0,956.739990234375,396.39996337890625,235.51499938964844,58623.58429357968
3305,set04,video_0007,4_7_1317,0,6192,16,0,False,False,,,876.2899780273438,207.3599853515625,1865.9199829101562,10807.601424023509
3306,set04,video_0007,4_7_1317,0,6200,16,0,False,False,,,876.3499755859375,207.3699951171875,1866.0800170898438,10808.123132959008
3307,set04,video_0007,4_7_1317,0,6208,16,0,False,False,,,876.4000244140625,207.36004638671875,1866.2300415039062,10807.604605175555
3308,set04,video_0007,4_7_1317,0,6216,16,0,False,False,,,876.4500122070312,207.3599853515625,1866.3899536132812,10807.601424023509
3309,set04,video_0007,4_7_1318,0,6188,16,0,False,False,,,885.3400268554688,232.86004638671875,1892.719970703125,11573.13293530047
3310,set04,video_0007,4_7_1318,0,6196,16,0,False,False,,,885.5599975585938,232.80999755859375,1893.1399536132812,11556.691689111292
3311,set04,video_0007,4_7_1318,0,6204,16,0,False,False,,,885.780029296875,232.75,1893.5599975585938,11539.734771728516
3312,set04,video_0007,4_7_1318,0,6212,16,0,False,False,,,885.989990234375,232.67999267578125,1893.9849853515625,11519.988709643483
3313,set04,video_0007,4_7_1325,0,6805,16,0,False,False,,,831.780029296875,121.52001953125,1135.3150024414062,5338.3809849619865
3314,set04,video_0007,4_7_1325,0,6813,16,0,False,False,,,834.3400268554688,128.1700439453125,1053.4550170898438,5717.6637829095125
3315,set04,video_0007,4_7_1325,0,6821,16,0,False,False,,,837.4600219726562,135.8699951171875,960.4100036621094,6171.212856225669
3316,set04,video_0007,4_7_1325,0,6829,16,0,False,False,,,841.1400146484375,144.71002197265625,836.8800048828125,7322.323578856885
3317,set04,video_0007,4_7_1326,0,6802,16,0,False,False,,,826.0,125.03997802734375,1079.5549926757812,4787.770379371941
3318,set04,video_0007,4_7_1326,0,6810,16,0,False,False,,,827.4400024414062,133.08001708984375,999.5149841308594,5212.741995092481
3319,set04,video_0007,4_7_1326,0,6818,16,0,False,False,,,829.5,139.8699951171875,905.6900024414062,5854.955946728587
3320,set04,video_0007,4_7_1326,0,6826,16,0,False,False,,,831.8200073242188,148.489990234375,792.6199951171875,6604.831865429878
3321,set04,video_0007,4_7_1327,0,6800,16,0,False,False,,,827.0999755859375,112.52996826171875,1050.6099853515625,4183.856527492404
3322,set04,video_0007,4_7_1327,0,6808,16,0,False,False,,,829.52001953125,117.71002197265625,971.6300048828125,4367.038941405714
3323,set04,video_0007,4_7_1327,0,6816,16,0,False,False,,,830.780029296875,125.36004638671875,878.8099975585938,4751.148818604648
3324,set04,video_0007,4_7_1327,0,6824,16,0,False,False,,,832.9400024414062,133.25,770.6000061035156,6705.140975952148
3325,set04,video_0007,4_7_1328,1,8066,16,0,False,False,8126.0,-60.0,781.3200073242188,61.17999267578125,1162.64501953125,1604.7500129640102
3326,set04,video_0007,4_7_1328,1,8074,16,0,False,False,8126.0,-52.0,788.25,68.260009765625,1167.739990234375,1789.775456249714
3327,set04,video_0007,4_7_1328,1,8082,16,0,False,False,8126.0,-44.0,789.0499877929688,68.260009765625,1172.9100341796875,1789.775456249714
3328,set04,video_0007,4_7_1328,1,8090,16,0,False,False,8126.0,-36.0,791.6799926757812,72.53997802734375,1177.0899658203125,1974.536076709628
3329,set04,video_0007,4_7_1330,1,10557,16,0,False,False,10617.0,-60.0,867.5,214.33001708984375,1540.7150268554688,21769.488323949277
3330,set04,video_0007,4_7_1330,1,10565,16,0,False,False,10617.0,-52.0,886.8800048828125,241.84002685546875,1616.3099975585938,27487.54571840912
3331,set04,video_0007,4_7_1330,1,10573,16,0,False,False,10617.0,-44.0,903.7000122070312,273.3800048828125,1690.9349975585938,31091.535987451673
3332,set04,video_0007,4_7_1330,1,10581,16,0,False,False,10617.0,-36.0,917.7000122070312,291.3900146484375,1756.1699829101562,35298.99064292014
3333,set04,video_0007,4_7_1331,1,10526,16,0,False,False,10586.0,-60.0,821.4299926757812,122.5999755859375,1331.010009765625,3977.136024415493
3334,set04,video_0007,4_7_1331,1,10534,16,0,False,False,10586.0,-52.0,827.7000122070312,134.08001708984375,1363.3599853515625,4623.076370507479
3335,set04,video_0007,4_7_1331,1,10542,16,0,False,False,10586.0,-44.0,836.6400146484375,148.79998779296875,1407.1700439453125,5687.131174072623
3336,set04,video_0007,4_7_1331,1,10550,16,0,False,False,10586.0,-36.0,843.6799926757812,164.0999755859375,1456.530029296875,6350.661042481661
3337,set04,video_0007,4_7_1332,1,10583,16,0,False,False,10643.0,-60.0,885.8699951171875,251.29998779296875,1788.75,15666.063325926661
3338,set04,video_0007,4_7_1332,1,10591,16,0,False,False,10643.0,-52.0,889.5499877929688,267.44000244140625,1821.9049682617188,17536.02659562975
3339,set04,video_0007,4_7_1332,1,10599,16,0,False,False,10643.0,-44.0,893.1199951171875,283.58001708984375,1856.6900024414062,19515.961544774473
3340,set04,video_0007,4_7_1332,1,10607,16,0,False,False,10643.0,-36.0,897.5,299.72998046875,1880.0900268554688,21598.523366749287
3341,set04,video_0007,4_7_1335,1,10859,16,0,False,False,10919.0,-60.0,847.8300170898438,181.030029296875,1750.155029296875,9140.204411327839
3342,set04,video_0007,4_7_1335,1,10867,16,0,False,False,10919.0,-52.0,848.4000244140625,181.030029296875,1748.4349975585938,9140.226509720087
3343,set04,video_0007,4_7_1335,1,10875,16,0,False,False,10919.0,-44.0,848.6900024414062,181.030029296875,1747.574951171875,9140.204411327839
3344,set04,video_0007,4_7_1335,1,10883,16,0,False,False,10919.0,-36.0,848.6900024414062,181.030029296875,1745.5099487304688,8392.549506396055
3345,set04,video_0007,4_7_1336,1,11527,16,0,False,False,11587.0,-60.0,835.4199829101562,170.67999267578125,1724.9550170898438,8095.361219994724
3346,set04,video_0007,4_7_1336,1,11535,16,0,False,False,11587.0,-52.0,835.4199829101562,170.67999267578125,1724.9550170898438,8095.361219994724
3347,set04,video_0007,4_7_1336,1,11543,16,0,False,False,11587.0,-44.0,835.4199829101562,170.67999267578125,1724.9550170898438,8095.361219994724
3348,set04,video_0007,4_7_1336,1,11551,16,0,False,False,11587.0,-36.0,835.4199829101562,170.67999267578125,1724.9550170898438,8095.361219994724
3349,set04,video_0007,4_7_1337,1,11063,16,0,False,False,11123.0,-60.0,818.3300170898438,176.79998779296875,1890.47998046875,7517.538934081793
3350,set04,video_0007,4_7_1337,1,11071,16,0,False,False,11123.0,-52.0,828.5,176.80999755859375,1864.7100219726562,7800.85622895509
3351,set04,video_0007,4_7_1337,1,11079,16,0,False,False,11123.0,-44.0,835.52001953125,176.82000732421875,1836.0299682617188,10064.60258730501
3352,set04,video_0007,4_7_1337,1,11087,16,0,False,False,11123.0,-36.0,837.8800048828125,178.54998779296875,1828.5999755859375,10712.999267578125
3353,set04,video_0007,4_7_1338,1,11564,16,0,False,False,11624.0,-60.0,834.0,195.69000244140625,1835.2749633789062,10107.393403686583
3354,set04,video_0007,4_7_1338,1,11572,16,0,False,False,11624.0,-52.0,834.0,195.69000244140625,1835.2749633789062,10107.393403686583
3355,set04,video_0007,4_7_1338,1,11580,16,0,False,False,11624.0,-44.0,834.0,195.69000244140625,1829.9949951171875,9011.534167602658
3356,set04,video_0007,4_7_1338,1,11588,16,0,False,False,11624.0,-36.0,835.239990234375,195.69000244140625,1824.4249877929688,9011.510279662907
3357,set04,video_0007,4_7_1339,1,11554,16,0,False,False,11614.0,-60.0,900.3800048828125,271.47003173828125,1885.2050170898438,18891.59022990614
3358,set04,video_0007,4_7_1339,1,11562,16,0,False,False,11614.0,-52.0,901.5599975585938,271.22998046875,1884.1400146484375,19452.606253027916
3359,set04,video_0007,4_7_1339,1,11570,16,0,False,False,11614.0,-44.0,901.9099731445312,270.3199462890625,1882.5400390625,20009.087704002857
3360,set04,video_0007,4_7_1339,1,11578,16,0,False,False,11614.0,-36.0,900.8699951171875,268.28997802734375,1880.0549926757812,20548.32024704665
3361,set04,video_0007,4_7_1340,1,11107,16,0,False,False,11150.0,-43.0,832.719970703125,181.39996337890625,1863.3399658203125,8848.695528075099
3362,set04,video_0007,4_7_1340,1,11115,16,0,False,False,11150.0,-35.0,833.5999755859375,174.55999755859375,1843.7099609375,8679.117964550853
3363,set04,video_0007,4_7_1341,1,11639,16,0,False,False,11679.0,-40.0,832.4600219726562,192.32000732421875,1876.385009765625,8421.700633227825
3364,set04,video_0007,4_7_1341,1,11647,16,0,False,False,11679.0,-32.0,839.8599853515625,191.79998779296875,1851.8599853515625,12670.31843188405
3365,set04,video_0007,4_7_1342,1,11803,16,0,False,False,11863.0,-60.0,838.9299926757812,195.719970703125,1872.7099609375,9500.255023241043
3366,set04,video_0007,4_7_1342,1,11811,16,0,False,False,11863.0,-52.0,847.2000122070312,201.8800048828125,1863.8800048828125,10182.815617382526
3367,set04,video_0007,4_7_1342,1,11819,16,0,False,False,11863.0,-44.0,853.239990234375,205.94000244140625,1845.594970703125,12037.183087036014
3368,set04,video_0007,4_7_1342,1,11827,16,0,False,False,11863.0,-36.0,859.2000122070312,209.66998291015625,1832.5700073242188,12089.578381054103
3369,set04,video_0007,4_7_1343,1,11885,16,0,False,False,11930.0,-45.0,858.47998046875,225.52996826171875,1893.4249877929688,8937.753743432462
3370,set04,video_0007,4_7_1343,1,11893,16,0,False,False,11930.0,-37.0,861.760009765625,225.54998779296875,1887.510009765625,12310.53595483303
3371,set04,video_0007,4_7_1344,1,11995,16,0,False,False,12033.0,-38.0,860.1199951171875,214.260009765625,1882.02001953125,14372.578194141388
3372,set04,video_0007,4_7_1344,1,12003,16,0,False,False,12033.0,-30.0,866.6400146484375,219.59002685546875,1861.9349975585938,17648.449386157095
3373,set04,video_0007,4_7_1346,0,12667,16,0,False,False,,,789.7000122070312,85.0400390625,476.4750061035156,2232.301025390625
3374,set04,video_0007,4_7_1346,0,12675,16,0,False,False,,,801.0,99.67999267578125,441.1699981689453,3255.5489258300513
3375,set04,video_0007,4_7_1346,0,12683,16,0,False,False,,,814.239990234375,115.8399658203125,397.38999938964844,3899.1736737303436
3376,set04,video_0007,4_7_1346,0,12691,16,0,False,False,,,820.719970703125,127.47998046875,351.61500549316406,4723.1356105953455
3377,set04,video_0007,4_7_1347,0,12896,16,0,False,False,,,830.0,106.44000244140625,1167.2999877929688,2852.584269531071
3378,set04,video_0007,4_7_1347,0,12904,16,0,False,False,,,840.47998046875,125.6300048828125,1216.93994140625,4585.495178222656
3379,set04,video_0007,4_7_1350,0,13153,16,0,False,False,,,788.0700073242188,69.53997802734375,449.2150115966797,2227.365411328152
3380,set04,video_0007,4_7_1350,0,13161,16,0,False,False,,,791.27001953125,74.47003173828125,402.9550018310547,2520.8110288698226
3381,set04,video_0007,4_7_1350,0,13169,16,0,False,False,,,795.6199951171875,82.70001220703125,350.875,3037.5698331296444
3382,set04,video_0007,4_7_1350,0,13177,16,0,False,False,,,786.5999755859375,88.25994873046875,297.50999450683594,3510.9806527588516
3383,set04,video_0007,4_7_1352,0,13174,16,0,False,False,,,823.2000122070312,134.85003662109375,1154.9849853515625,5451.977762326598
3384,set04,video_0007,4_7_1352,0,13182,16,0,False,False,,,837.0,155.25,1195.0099487304688,7045.245758056641
3385,set04,video_0007,4_7_1352,0,13190,16,0,False,False,,,864.6799926757812,181.77001953125,1242.77001953125,9302.977173924446
3386,set04,video_0007,4_7_1352,0,13198,16,0,False,False,,,883.239990234375,219.72998046875,1308.2100219726562,13882.551967918873
3387,set04,video_0007,4_7_1353,0,13188,16,0,False,False,,,844.739990234375,135.54998779296875,1186.9749755859375,6480.652858763933
3388,set04,video_0007,4_7_1353,0,13196,16,0,False,False,,,858.780029296875,161.0,1229.844970703125,9941.75
3389,set04,video_0007,4_7_1353,0,13204,16,0,False,False,,,869.7000122070312,187.82000732421875,1285.3299560546875,14413.305527880788
3390,set04,video_0007,4_7_1353,0,13212,16,0,False,False,,,895.3200073242188,223.239990234375,1349.1050415039062,20955.536793261766
3391,set04,video_0007,4_7_1354,1,13195,16,0,False,False,13255.0,-60.0,849.0,197.09002685546875,1590.8099975585938,16472.775783397257
3392,set04,video_0007,4_7_1354,1,13203,16,0,False,False,13255.0,-52.0,845.2999877929688,212.45001220703125,1625.9949951171875,18553.276163697243
3393,set04,video_0007,4_7_1354,1,13211,16,0,False,False,13255.0,-44.0,850.9000244140625,235.52001953125,1667.1749877929688,24741.360801756382
3394,set04,video_0007,4_7_1354,1,13219,16,0,False,False,13255.0,-36.0,846.8499755859375,230.52996826171875,1702.39501953125,20182.909977659583
3395,set04,video_0007,4_7_1369,0,14756,16,0,False,False,,,854.9400024414062,111.52001953125,1263.2950439453125,4740.717119336128
3396,set04,video_0007,4_7_1369,0,14764,16,0,False,False,,,856.7999877929688,120.95001220703125,1292.60498046875,5252.8507620841265
3397,set04,video_0007,4_7_1369,0,14772,16,0,False,False,,,869.5800170898438,134.52001953125,1334.8499755859375,6352.031381249428
3398,set04,video_0007,4_7_1369,0,14780,16,0,False,False,,,888.4199829101562,154.3499755859375,1382.9249877929688,8290.150000974536
3399,set04,video_0007,4_7_1370,0,14762,16,0,False,False,,,842.2000122070312,110.73004150390625,1289.1499633789062,4329.5419194325805
3400,set04,video_0007,4_7_1370,0,14770,16,0,False,False,,,849.22998046875,117.32000732421875,1311.1099853515625,5122.181208446622
3401,set04,video_0007,4_7_1370,0,14778,16,0,False,False,,,861.5900268554688,134.8800048828125,1344.1749877929688,7524.944276317954
3402,set04,video_0007,4_7_1370,0,14786,16,0,False,False,,,873.9500122070312,152.44000244140625,1377.2449951171875,10355.238945141435
3403,set04,video_0007,4_7_1368,0,14752,16,0,False,False,,,849.5,110.45001220703125,1210.0150146484375,4856.483800902963
3404,set04,video_0007,4_7_1368,0,14760,16,0,False,False,,,859.6099853515625,123.239990234375,1237.8700561523438,6332.071299999952
3405,set04,video_0007,4_7_1368,0,14768,16,0,False,False,,,872.9199829101562,138.510009765625,1272.8450317382812,8057.13335493207
3406,set04,video_0007,4_7_1368,0,14776,16,0,False,False,,,889.0399780273438,156.0799560546875,1321.35498046875,9597.354973584414
3407,set04,video_0007,4_7_1355,0,14648,16,0,False,False,,,821.280029296875,109.35003662109375,1302.875,3137.2461434304714
3408,set04,video_0007,4_7_1355,0,14656,16,0,False,False,,,826.719970703125,120.63995361328125,1332.6599731445312,3841.1719996109605
3409,set04,video_0007,4_7_1355,0,14664,16,0,False,False,,,831.6199951171875,130.27001953125,1368.1950073242188,4961.980591356754
3410,set04,video_0007,4_7_1355,0,14672,16,0,False,False,,,839.7000122070312,146.52001953125,1415.25,6139.174509763718
3411,set04,video_0007,4_7_1356,0,14621,16,0,False,False,,,795.0999755859375,81.65997314453125,342.0299987792969,2575.5537586919963
3412,set04,video_0007,4_7_1356,0,14629,16,0,False,False,,,795.739990234375,83.70001220703125,317.4049987792969,2516.8599801026285
3413,set04,video_0007,4_7_1356,0,14637,16,0,False,False,,,796.8800048828125,88.72003173828125,285.5,2604.8188322260976
3414,set04,video_0007,4_7_1356,0,14645,16,0,False,False,,,795.5999755859375,93.75994873046875,248.74999237060547,2634.6537009282038
3415,set04,video_0007,4_7_1357,0,14616,16,0,False,False,,,788.7000122070312,57.52001953125,316.1750030517578,893.2858331054449
3416,set04,video_0007,4_7_1357,0,14624,16,0,False,False,,,790.6199951171875,59.03997802734375,295.00999450683594,997.775268310681
3417,set04,video_0007,4_7_1357,0,14632,16,0,False,False,,,790.3200073242188,59.77001953125,269.7799987792969,1042.3892865478992
3418,set04,video_0007,4_7_1357,0,14640,16,0,False,False,,,790.7999877929688,63.14996337890625,237.45999908447266,1167.0110534364358
3419,set04,video_0007,4_7_1358,0,14649,16,0,False,False,,,822.5999755859375,129.969970703125,1323.7000122070312,4304.604795068502
3420,set04,video_0007,4_7_1358,0,14657,16,0,False,False,,,827.8200073242188,141.5,1360.0899658203125,5408.1258544921875
3421,set04,video_0007,4_7_1358,0,14665,16,0,False,False,,,835.2000122070312,158.20001220703125,1402.0999755859375,7150.632827147841
3422,set04,video_0007,4_7_1358,0,14673,16,0,False,False,,,841.2100219726562,177.800048828125,1455.75,8946.910611331463
3423,set04,video_0007,4_7_1360,0,14621,16,0,False,False,,,801.280029296875,94.83001708984375,413.24000549316406,3091.4591359253973
3424,set04,video_0007,4_7_1360,0,14629,16,0,False,False,,,804.3400268554688,99.6600341796875,388.74000549316406,3280.8096634037793
3425,set04,video_0007,4_7_1360,0,14637,16,0,False,False,,,805.2999877929688,104.25,357.7449951171875,3551.7982635498047
3426,set04,video_0007,4_7_1360,0,14645,16,0,False,False,,,805.1799926757812,110.70001220703125,318.375,4088.150640014559
3427,set04,video_0007,4_7_1359,0,14751,16,0,False,False,,,810.9000244140625,84.280029296875,550.3499755859375,2297.4744216799736
3428,set04,video_0007,4_7_1359,0,14759,16,0,False,False,,,814.739990234375,91.8900146484375,517.4100036621094,2787.9455121830106
3429,set04,video_0007,4_7_1359,0,14767,16,0,False,False,,,817.8599853515625,99.8900146484375,475.8349914550781,3201.4737501218915
3430,set04,video_0007,4_7_1359,0,14775,16,0,False,False,,,821.1400146484375,109.5400390625,429.385009765625,3964.254281103611
3431,set04,video_0007,4_7_1363,1,16679,16,0,False,False,16739.0,-60.0,869.780029296875,196.8800048828125,1781.7150268554688,12468.402057275176
3432,set04,video_0007,4_7_1363,1,16687,16,0,False,False,16739.0,-52.0,874.9000244140625,205.1199951171875,1787.9199829101562,14678.373830273747
3433,set04,video_0007,4_7_1363,1,16695,16,0,False,False,16739.0,-44.0,880.219970703125,214.47998046875,1798.2750244140625,14895.624170899391
3434,set04,video_0007,4_7_1363,1,16703,16,0,False,False,16739.0,-36.0,885.02001953125,221.05999755859375,1804.8599853515625,15978.223099902272
3435,set04,video_0007,4_7_1365,1,17290,16,0,False,False,17350.0,-60.0,841.0,248.17999267578125,83.57499885559082,16848.938604550203
3436,set04,video_0007,4_7_1365,1,17298,16,0,False,False,17350.0,-52.0,856.7999877929688,263.14996337890625,98.50000381469727,19525.72848731978
3437,set04,video_0007,4_7_1365,1,17306,16,0,False,False,17350.0,-44.0,866.1400146484375,270.84002685546875,119.6500015258789,23611.835690259002
3438,set04,video_0007,4_7_1365,1,17314,16,0,False,False,17350.0,-36.0,880.780029296875,280.6300048828125,140.68000030517578,24684.21711360477
3439,set04,video_0007,4_7_1366,1,17388,16,0,False,False,17435.0,-47.0,876.0999755859375,296.55999755859375,41.8299994468689,23398.583411422733
3440,set04,video_0007,4_7_1366,1,17396,16,0,False,False,17435.0,-39.0,886.2000122070312,302.5,71.78000164031982,28144.600853919983
3441,set04,video_0007,4_7_1366,1,17404,16,0,False,False,17435.0,-31.0,905.52001953125,317.96002197265625,98.14500045776367,29617.97653192142
3442,set04,video_0007,4_7_1367,0,17979,16,0,False,False,,,780.5,68.3599853515625,896.7149963378906,1608.5082856938243
3443,set04,video_0007,4_7_1367,0,17987,16,0,False,False,,,786.1400146484375,72.5,873.1099853515625,2582.4496459960938
3444,set04,video_0007,4_7_1367,0,17995,16,0,False,False,,,790.2999877929688,85.6199951171875,828.7000122070312,2298.0377424806356
3445,set04,video_0007,4_7_1367,0,18003,16,0,False,False,,,798.7000122070312,96.1600341796875,776.64501953125,3833.9000932127237
3446,set04,video_0007,4_7_1302,0,3906,16,0,False,False,,,850.780029296875,158.22003173828125,1456.135009765625,9140.374323755503
3447,set04,video_0007,4_7_1302,0,3914,16,0,False,False,,,860.3800048828125,171.25,1475.7750244140625,11941.259155273438
3448,set04,video_0007,4_7_1302,0,3922,16,0,False,False,,,873.739990234375,189.54998779296875,1493.0150146484375,10806.246655151248
3449,set04,video_0007,4_7_1302,0,3930,16,0,False,False,,,890.8800048828125,213.030029296875,1525.0999755859375,14332.66661220789
3450,set04,video_0008,4_8_1373,0,4415,16,0,False,False,,,778.0399780273438,71.79998779296875,1179.8350219726562,1890.4905233159661
3451,set04,video_0008,4_8_1373,0,4423,16,0,False,False,,,795.0999755859375,81.3299560546875,1209.9199829101562,2150.369200631976
3452,set04,video_0008,4_8_1373,0,4431,16,0,False,False,,,808.9000244140625,91.44000244140625,1245.2249755859375,2372.863598510623
3453,set04,video_0008,4_8_1373,0,4439,16,0,False,False,,,816.3599853515625,103.969970703125,1289.8450317382812,3750.1912589371204
3454,set04,video_0008,4_8_1388,0,9591,16,0,False,False,,,805.0800170898438,106.0,1380.9099731445312,2851.402587890625
3455,set04,video_0008,4_8_1388,0,9599,16,0,False,False,,,803.9099731445312,113.3199462890625,1423.780029296875,3320.2799594700336
3456,set04,video_0008,4_8_1388,0,9607,16,0,False,False,,,816.7000122070312,120.32000732421875,1480.344970703125,3695.0227249264717
3457,set04,video_0008,4_8_1388,0,9615,16,0,False,False,,,814.5399780273438,130.40997314453125,1537.6499633789062,4906.022552929819
3458,set04,video_0008,4_8_1390,0,8372,16,0,False,False,,,834.1400146484375,147.6300048828125,1305.364990234375,6872.183935791254
3459,set04,video_0008,4_8_1390,0,8380,16,0,False,False,,,843.97998046875,172.32000732421875,1365.4550170898438,7507.973463647068
3460,set04,video_0008,4_8_1390,0,8388,16,0,False,False,,,863.5,201.6099853515625,1433.2100219726562,9955.502061083913
3461,set04,video_0008,4_8_1390,0,8396,16,0,False,False,,,884.2999877929688,234.40997314453125,1512.8049926757812,13630.945661254227
3462,set04,video_0008,4_8_1385,0,9588,16,0,False,False,,,803.6599731445312,93.72998046875,412.27000427246094,2600.071603283286
3463,set04,video_0008,4_8_1385,0,9596,16,0,False,False,,,803.25,99.04998779296875,390.11000061035156,2866.503865784034
3464,set04,video_0008,4_8_1385,0,9604,16,0,False,False,,,812.8699951171875,104.3800048828125,367.2949981689453,3144.9668713621795
3465,set04,video_0008,4_8_1385,0,9612,16,0,False,False,,,820.52001953125,118.19000244140625,334.1300048828125,3746.6245201416314
3466,set04,video_0008,4_8_1374,0,4409,16,0,False,False,,,779.0900268554688,63.6500244140625,1193.7300415039062,1519.9628937989473
3467,set04,video_0008,4_8_1374,0,4417,16,0,False,False,,,783.510009765625,71.9000244140625,1227.8999633789062,1876.5888818353415
3468,set04,video_0008,4_8_1374,0,4425,16,0,False,False,,,795.5900268554688,80.1700439453125,1264.2100219726562,2270.4113385230303
3469,set04,video_0008,4_8_1374,0,4433,16,0,False,False,,,812.0999755859375,91.949951171875,1310.8500366210938,2631.6071535646915
3470,set04,video_0008,4_8_1375,0,4407,16,0,False,False,,,775.1300048828125,63.8599853515625,1207.4449462890625,1437.4888938963413
3471,set04,video_0008,4_8_1375,0,4415,16,0,False,False,,,778.260009765625,72.91998291015625,1243.3349609375,1930.1898113042116
3472,set04,video_0008,4_8_1375,0,4423,16,0,False,False,,,794.8099975585938,81.969970703125,1283.2349853515625,2494.3406050801277
3473,set04,video_0008,4_8_1375,0,4431,16,0,False,False,,,806.280029296875,91.030029296875,1329.7849731445312,3130.524040967226
3474,set04,video_0008,4_8_1372,0,4421,16,0,False,False,,,793.5499877929688,69.6199951171875,1160.3099975585938,1548.3565100580454
3475,set04,video_0008,4_8_1372,0,4429,16,0,False,False,,,803.030029296875,77.71002197265625,1186.25,1967.6230685561895
3476,set04,video_0008,4_8_1372,0,4437,16,0,False,False,,,813.3400268554688,88.4300537109375,1218.9549560546875,2478.696996241808
3477,set04,video_0008,4_8_1372,0,4445,16,0,False,False,,,821.3699951171875,101.1300048828125,1263.10498046875,3269.5409586429596
3478,set04,video_0008,4_8_1379,0,6048,16,0,False,False,,,797.1400146484375,101.69000244140625,1437.5549926757812,2935.7898739501834
3479,set04,video_0008,4_8_1379,0,6056,16,0,False,False,,,805.8499755859375,111.63995361328125,1469.5,3672.943571537733
3480,set04,video_0008,4_8_1379,0,6064,16,0,False,False,,,808.2000122070312,121.29998779296875,1508.7050170898438,4651.851570434868
3481,set04,video_0008,4_8_1379,0,6072,16,0,False,False,,,808.760009765625,131.52001953125,1552.1000366210938,5542.255549609661
3482,set04,video_0008,4_8_1380,0,6052,16,0,False,False,,,802.9000244140625,94.46002197265625,1409.3499755859375,2667.5500980466604
3483,set04,video_0008,4_8_1380,0,6060,16,0,False,False,,,806.2000122070312,97.4100341796875,1438.375,2849.2434997558594
3484,set04,video_0008,4_8_1380,0,6068,16,0,False,False,,,808.1300048828125,109.030029296875,1478.9900512695312,3964.330268114805
3485,set04,video_0008,4_8_1380,0,6076,16,0,False,False,,,811.7000122070312,119.84002685546875,1520.4650268554688,4442.463358812034
3486,set04,video_0008,4_8_1383,0,6163,16,0,False,False,,,836.7899780273438,85.30999755859375,1232.7650146484375,1961.2760107666254
3487,set04,video_0008,4_8_1383,0,6171,16,0,False,False,,,827.5,94.1500244140625,1260.2850341796875,2330.213104248047
3488,set04,video_0008,4_8_1383,0,6179,16,0,False,False,,,822.2999877929688,102.6199951171875,1296.1900024414062,3289.9905294924974
3489,set04,video_0008,4_8_1383,0,6187,16,0,False,False,,,842.3800048828125,114.75,1344.489990234375,4528.030517578125
3490,set04,video_0008,4_8_1384,0,6173,16,0,False,False,,,818.02001953125,86.45001220703125,1207.22998046875,2318.5952370613813
3491,set04,video_0008,4_8_1384,0,6181,16,0,False,False,,,817.5399780273438,94.3299560546875,1231.8099975585938,2435.594398781657
3492,set04,video_0008,4_8_1384,0,6189,16,0,False,False,,,840.239990234375,105.66998291015625,1268.2899780273438,2897.4755750969052
3493,set04,video_0008,4_8_1384,0,6197,16,0,False,False,,,850.9000244140625,121.9200439453125,1316.6099853515625,3655.1605362296104
3494,set04,video_0008,4_8_1386,0,9597,16,0,False,False,,,820.8400268554688,117.58001708984375,1283.574951171875,3674.375534057617
3495,set04,video_0008,4_8_1386,0,9605,16,0,False,False,,,837.489990234375,129.78997802734375,1329.0150146484375,5117.609961256385
3496,set04,video_0008,4_8_1386,0,9613,16,0,False,False,,,845.0999755859375,144.63995361328125,1381.9849853515625,6542.062276929617
3497,set04,video_0008,4_8_1386,0,9621,16,0,False,False,,,855.780029296875,163.280029296875,1438.8599853515625,8405.652719140053
3498,set04,video_0008,4_8_1387,0,9583,16,0,False,False,,,820.1799926757812,102.55999755859375,1341.0549926757812,3984.453401245177
3499,set04,video_0008,4_8_1387,0,9591,16,0,False,False,,,807.7000122070312,111.66998291015625,1384.5249633789062,5041.902454711497
3500,set04,video_0008,4_8_1387,0,9599,16,0,False,False,,,816.02001953125,120.35003662109375,1439.5449829101562,5756.336962766945
3501,set04,video_0008,4_8_1387,0,9607,16,0,False,False,,,830.280029296875,134.25,1501.1949462890625,7116.593811035156
3502,set04,video_0008,4_8_1391,0,8356,16,0,False,False,,,798.4199829101562,111.219970703125,1334.844970703125,5195.080487012863
3503,set04,video_0008,4_8_1391,0,8364,16,0,False,False,,,811.239990234375,130.27996826171875,1381.2750244140625,7161.4860385507345
3504,set04,video_0008,4_8_1391,0,8372,16,0,False,False,,,816.2999877929688,145.260009765625,1439.52001953125,7663.919533789158
3505,set04,video_0008,4_8_1391,0,8380,16,0,False,False,,,821.75,164.969970703125,1507.739990234375,9126.150056540966
3506,set04,video_0008,4_8_1392,1,8408,16,0,False,False,8468.0,-60.0,778.780029296875,68.510009765625,1015.7149963378906,1549.0144987553358
3507,set04,video_0008,4_8_1392,1,8416,16,0,False,False,8468.0,-52.0,784.9199829101562,75.3599853515625,1002.7149963378906,2005.3327059075236
3508,set04,video_0008,4_8_1392,1,8424,16,0,False,False,8468.0,-44.0,794.0999755859375,78.00994873046875,991.2050170898438,2339.5176006108522
3509,set04,video_0008,4_8_1392,1,8432,16,0,False,False,8468.0,-36.0,799.6799926757812,82.469970703125,971.7300109863281,2399.879167601466
3510,set04,video_0008,4_8_1396,1,10310,16,0,False,False,10370.0,-60.0,883.219970703125,288.8499755859375,1784.7899780273438,22720.948952391744
3511,set04,video_0008,4_8_1396,1,10318,16,0,False,False,10370.0,-52.0,891.780029296875,297.4100341796875,1771.675048828125,23200.959670752287
3512,set04,video_0008,4_8_1396,1,10326,16,0,False,False,10370.0,-44.0,900.3200073242188,308.53997802734375,1755.52001953125,23214.54493369162
3513,set04,video_0008,4_8_1396,1,10334,16,0,False,False,10370.0,-36.0,905.9600219726562,308.550048828125,1743.7900390625,23215.302660644054
3514,set04,video_0008,4_8_1400,0,11158,16,0,False,False,,,808.9000244140625,87.59002685546875,1116.0650024414062,2481.4216116443276
3515,set04,video_0008,4_8_1400,0,11166,16,0,False,False,,,825.02001953125,103.45001220703125,1140.905029296875,3640.399868041277
3516,set04,video_0008,4_8_1400,0,11174,16,0,False,False,,,840.5399780273438,120.949951171875,1165.0050048828125,5088.37271386385
3517,set04,video_0008,4_8_1400,0,11182,16,0,False,False,,,855.0999755859375,137.6300048828125,1199.4249877929688,7204.927395507693
3518,set04,video_0008,4_8_1401,0,12437,16,0,False,False,,,847.5999755859375,137.19000244140625,1360.3349609375,4940.213327661157
3519,set04,video_0008,4_8_1401,0,12445,16,0,False,False,,,858.9600219726562,156.3699951171875,1406.6900024414062,6861.516149267554
3520,set04,video_0008,4_8_1401,0,12453,16,0,False,False,,,860.239990234375,170.760009765625,1460.4299926757812,8073.5174197256565
3521,set04,video_0008,4_8_1401,0,12461,16,0,False,False,,,889.5,206.69000244140625,1527.1099853515625,10165.000190868974
3522,set04,video_0008,4_8_1402,0,12417,16,0,False,False,,,848.5599975585938,128.25,1230.3900146484375,6727.989990234375
3523,set04,video_0008,4_8_1402,0,12425,16,0,False,False,,,859.4199829101562,141.38995361328125,1260.0700073242188,7903.701858885586
3524,set04,video_0008,4_8_1402,0,12433,16,0,False,False,,,873.5800170898438,162.59002685546875,1304.6600341796875,9833.441648632288
3525,set04,video_0008,4_8_1402,0,12441,16,0,False,False,,,894.2999877929688,189.8399658203125,1358.4349975585938,13860.19458462298
3526,set04,video_0008,4_8_1403,0,12423,16,0,False,False,,,849.9000244140625,129.3900146484375,1237.0250244140625,4910.344738036394
3527,set04,video_0008,4_8_1403,0,12431,16,0,False,False,,,864.52001953125,147.1400146484375,1267.8150024414062,6828.773109033704
3528,set04,video_0008,4_8_1403,0,12439,16,0,False,False,,,878.7000122070312,165.35003662109375,1310.155029296875,9836.672063842416
3529,set04,video_0008,4_8_1403,0,12447,16,0,False,False,,,897.4199829101562,191.69000244140625,1366.1500244140625,12271.997700244188
3530,set04,video_0008,4_8_1404,1,14916,16,0,False,False,14976.0,-60.0,802.5,246.1500244140625,11.71500015258789,5767.29514714051
3531,set04,video_0008,4_8_1404,1,14924,16,0,False,False,14976.0,-52.0,802.5,246.1500244140625,11.760000228881836,5789.448686897289
3532,set04,video_0008,4_8_1404,1,14932,16,0,False,False,14976.0,-44.0,802.5,246.1500244140625,11.8100004196167,5814.063783237478
3533,set04,video_0008,4_8_1404,1,14940,16,0,False,False,14976.0,-36.0,802.5,246.1500244140625,12.289999961853027,6050.3675813179
3534,set04,video_0008,4_8_1406,0,15934,16,0,False,False,,,799.1300048828125,120.8800048828125,523.2050170898438,4473.770161181688
3535,set04,video_0008,4_8_1406,0,15942,16,0,False,False,,,816.3800048828125,129.6199951171875,485.86000061035156,5335.159473706037
3536,set04,video_0008,4_8_1406,0,15950,16,0,False,False,,,828.3400268554688,141.550048828125,439.68499755859375,6390.988160401583
3537,set04,video_0008,4_8_1406,0,15958,16,0,False,False,,,831.6799926757812,152.90997314453125,390.63999938964844,7290.751066027209
3538,set04,video_0008,4_8_1408,0,15909,16,0,False,False,,,832.9299926757812,99.5999755859375,1582.1950073242188,3520.8567053228617
3539,set04,video_0008,4_8_1408,0,15917,16,0,False,False,,,834.5,103.0999755859375,1609.510009765625,3686.856133788824
3540,set04,video_0008,4_8_1408,0,15925,16,0,False,False,,,820.239990234375,108.08001708984375,1641.1199951171875,3938.429489940405
3541,set04,video_0008,4_8_1408,0,15933,16,0,False,False,,,823.780029296875,115.9100341796875,1678.4949951171875,4317.648773193359
3542,set04,video_0008,4_8_1409,0,15904,16,0,False,False,,,820.97998046875,94.260009765625,1598.550048828125,2497.8902587890625
3543,set04,video_0008,4_8_1409,0,15912,16,0,False,False,,,834.5,98.79998779296875,1622.7049560546875,2714.032770141959
3544,set04,video_0008,4_8_1409,0,15920,16,0,False,False,,,825.1400146484375,102.60003662109375,1652.9299926757812,2895.3825520053506
3545,set04,video_0008,4_8_1409,0,15928,16,0,False,False,,,816.5,106.80999755859375,1686.1949462890625,3205.369069799781
3546,set04,video_0008,4_8_1410,0,15932,16,0,False,False,,,823.5999755859375,99.97998046875,1581.0199584960938,2715.4596868157387
3547,set04,video_0008,4_8_1410,0,15940,16,0,False,False,,,833.5,103.8599853515625,1613.4449462890625,3322.479917138815
3548,set04,video_0008,4_8_1410,0,15948,16,0,False,False,,,840.52001953125,111.73004150390625,1644.114990234375,3782.072816044092
3549,set04,video_0008,4_8_1410,0,15956,16,0,False,False,,,841.719970703125,116.15997314453125,1680.844970703125,5026.244306713343
3550,set04,video_0008,4_8_1411,0,15916,16,0,False,False,,,843.260009765625,108.1600341796875,1529.4600219726562,4577.326837107539
3551,set04,video_0008,4_8_1411,0,15924,16,0,False,False,,,830.52001953125,114.260009765625,1558.9249877929688,4852.6332150399685
3552,set04,video_0008,4_8_1411,0,15932,16,0,False,False,,,830.5999755859375,121.989990234375,1595.9199829101562,5606.670077294111
3553,set04,video_0008,4_8_1411,0,15940,16,0,False,False,,,845.2000122070312,131.3900146484375,1635.7449951171875,5296.339189112186
3554,set04,video_0008,4_8_1378,0,6044,16,0,False,False,,,797.4099731445312,104.28997802734375,1456.3200073242188,3274.7078562006354
3555,set04,video_0008,4_8_1378,0,6052,16,0,False,False,,,803.6099853515625,111.15997314453125,1485.4600219726562,3603.8112143054605
3556,set04,video_0008,4_8_1378,0,6060,16,0,False,False,,,806.8900146484375,119.7900390625,1522.1799926757812,4420.255365967751
3557,set04,video_0008,4_8_1378,0,6068,16,0,False,False,,,804.2899780273438,125.0799560546875,1568.4600219726562,5025.719352439046
3558,set04,video_0008,4_8_1393,0,8761,16,0,False,False,,,800.4000244140625,83.25,1248.4400024414062,3206.781463623047
3559,set04,video_0008,4_8_1393,0,8769,16,0,False,False,,,809.0,91.03997802734375,1130.72998046875,3122.6756916493177
3560,set04,video_0008,4_8_1393,0,8777,16,0,False,False,,,815.0999755859375,95.8199462890625,993.3450012207031,3981.317598633468
3561,set04,video_0008,4_8_1393,0,8785,16,0,False,False,,,822.3800048828125,107.21002197265625,837.0400085449219,4640.046348314732
3562,set04,video_0008,4_8_1405,1,14923,16,0,False,False,14983.0,-60.0,794.780029296875,217.6700439453125,18.8799991607666,8219.220494023059
3563,set04,video_0008,4_8_1405,1,14931,16,0,False,False,14983.0,-52.0,794.780029296875,217.6700439453125,18.915000915527344,8234.458161016926
3564,set04,video_0008,4_8_1405,1,14939,16,0,False,False,14983.0,-44.0,794.7899780273438,217.67999267578125,18.94499969482422,8247.894789624028
3565,set04,video_0008,4_8_1405,1,14947,16,0,False,False,14983.0,-36.0,794.7999877929688,217.69000244140625,18.979999542236328,8263.512293374632
3566,set04,video_0008,4_8_1407,0,15938,16,0,False,False,,,801.8599853515625,116.65997314453125,524.4299926757812,4286.086274072528
3567,set04,video_0008,4_8_1407,0,15946,16,0,False,False,,,817.6199951171875,124.91998291015625,485.80499267578125,4660.764257397503
3568,set04,video_0008,4_8_1407,0,15954,16,0,False,False,,,823.5,135.75,441.2300109863281,5286.105331420898
3569,set04,video_0008,4_8_1407,0,15962,16,0,False,False,,,830.0999755859375,150.42999267578125,388.3349914550781,6382.7434874512255
3570,set04,video_0009,4_9_1412,0,4618,16,0,False,False,,,837.719970703125,118.969970703125,1358.3450317382812,5105.005509227514
3571,set04,video_0009,4_9_1412,0,4626,16,0,False,False,,,844.3400268554688,126.48004150390625,1372.6699829101562,6741.376948483288
3572,set04,video_0009,4_9_1412,0,4634,16,0,False,False,,,850.9000244140625,139.6400146484375,1404.1400146484375,7724.895156055689
3573,set04,video_0009,4_9_1412,0,4642,16,0,False,False,,,858.5,155.3699951171875,1449.8350219726562,9858.237569823861
3574,set04,video_0009,4_9_1413,1,4892,16,0,False,False,4952.0,-60.0,808.0999755859375,109.90997314453125,1543.5650024414062,4867.903587184846
3575,set04,video_0009,4_9_1413,1,4900,16,0,False,False,4952.0,-52.0,807.719970703125,109.90997314453125,1580.3150024414062,4867.903587184846
3576,set04,video_0009,4_9_1413,1,4908,16,0,False,False,4952.0,-44.0,803.6599731445312,109.91998291015625,1626.4299926757812,4869.447192139924
3577,set04,video_0009,4_9_1413,1,4916,16,0,False,False,4952.0,-36.0,799.4000244140625,109.9100341796875,1665.594970703125,4867.9197071790695
3578,set04,video_0009,4_9_1417,1,4854,16,0,False,False,4914.0,-60.0,789.0800170898438,69.85003662109375,654.6700134277344,1610.741673950106
3579,set04,video_0009,4_9_1417,1,4862,16,0,False,False,4914.0,-52.0,785.260009765625,73.6600341796875,639.9299926757812,1701.544991210103
3580,set04,video_0009,4_9_1417,1,4870,16,0,False,False,4914.0,-44.0,788.219970703125,82.5,620.1000061035156,2220.8985900878906
3581,set04,video_0009,4_9_1417,1,4878,16,0,False,False,4914.0,-36.0,796.1199951171875,89.82000732421875,593.0399780273438,2504.1822427734733
3582,set04,video_0009,4_9_1421,1,3973,16,0,False,False,4011.0,-38.0,780.5399780273438,94.739990234375,617.7250061035156,3555.588826611638
3583,set04,video_0009,4_9_1421,1,3981,16,0,False,False,4011.0,-30.0,788.22998046875,102.3699951171875,594.1900024414062,5740.904827490449
3584,set04,video_0009,4_9_1443,0,9275,16,0,False,False,,,820.2999877929688,107.989990234375,619.7999877929688,2915.729736328125
3585,set04,video_0009,4_9_1443,0,9283,16,0,False,False,,,829.4199829101562,120.53997802734375,573.4949951171875,3872.950082592666
3586,set04,video_0009,4_9_1443,0,9291,16,0,False,False,,,835.260009765625,136.260009765625,514.8600006103516,4998.0203185305
3587,set04,video_0009,4_9_1444,0,9294,16,0,False,False,,,834.0,151.83001708984375,502.12501525878906,4486.579785095528
3588,set04,video_0009,4_9_1445,0,9263,16,0,False,False,,,801.0999755859375,92.75994873046875,647.6849975585938,2395.9853993430734
3589,set04,video_0009,4_9_1445,0,9271,16,0,False,False,,,806.5999755859375,103.97998046875,610.8500061035156,2838.652197510004
3590,set04,video_0009,4_9_1445,0,9279,16,0,False,False,,,814.2999877929688,113.54998779296875,566.0800170898438,3106.7260026857257
3591,set04,video_0009,4_9_1445,0,9287,16,0,False,False,,,816.0999755859375,124.17999267578125,516.4000091552734,4097.943547973409
3592,set04,video_0009,4_9_1447,0,9355,16,0,False,False,,,807.219970703125,107.949951171875,699.5999755859375,4615.940966308117
3593,set04,video_0009,4_9_1447,0,9363,16,0,False,False,,,816.8800048828125,119.92999267578125,672.510009765625,5336.884674072266
3594,set04,video_0009,4_9_1447,0,9371,16,0,False,False,,,824.9600219726562,133.75,638.3999938964844,6259.49836730957
3595,set04,video_0009,4_9_1447,0,9379,16,0,False,False,,,835.780029296875,152.59002685546875,598.114990234375,8888.369064331055
3596,set04,video_0009,4_9_1449,0,9348,16,0,False,False,,,804.280029296875,100.2900390625,635.4100036621094,3117.0161280035973
3597,set04,video_0009,4_9_1449,0,9356,16,0,False,False,,,806.0800170898438,109.8699951171875,608.6099853515625,3654.2771105468273
3598,set04,video_0009,4_9_1449,0,9364,16,0,False,False,,,811.6199951171875,120.3800048828125,572.4450073242188,4260.250136181712
3599,set04,video_0009,4_9_1449,0,9372,16,0,False,False,,,820.5,135.22998046875,525.3849792480469,5229.341033667326
3600,set04,video_0009,4_9_1452,0,9869,16,0,False,False,,,788.0999755859375,106.04998779296875,386.67999267578125,2825.1732282713056
3601,set04,video_0009,4_9_1422,1,5641,16,0,False,False,5696.0,-55.0,827.8900146484375,239.97003173828125,24.28499945998192,11199.401127770605
3602,set04,video_0009,4_9_1422,1,5649,16,0,False,False,5696.0,-47.0,832.1699829101562,241.20001220703125,30.269999027252197,12614.760224380472
3603,set04,video_0009,4_9_1422,1,5657,16,0,False,False,5696.0,-39.0,831.1300048828125,237.1199951171875,37.359999656677246,12150.028495532228
3604,set04,video_0009,4_9_1422,1,5665,16,0,False,False,5696.0,-31.0,837.6500244140625,237.49005126953125,51.119998931884766,14035.661667648237
3605,set04,video_0009,4_9_1429,0,6914,16,0,False,False,,,789.25,67.9000244140625,766.1400146484375,1324.0504760742188
3606,set04,video_0009,4_9_1429,0,6922,16,0,False,False,,,790.7000122070312,86.9100341796875,745.7200012207031,2134.5102272704244
3607,set04,video_0009,4_9_1429,0,6930,16,0,False,False,,,818.8200073242188,104.57000732421875,721.2950134277344,3067.040101904422
3608,set04,video_0009,4_9_1429,0,6938,16,0,False,False,,,837.0399780273438,120.50994873046875,679.4450073242188,4901.14491071552
3609,set04,video_0009,4_9_1431,0,7063,16,0,False,False,,,813.0,96.52001953125,709.9949951171875,2857.956364452839
3610,set04,video_0009,4_9_1431,0,7071,16,0,False,False,,,818.3200073242188,107.84002685546875,684.5199890136719,3731.268878418952
3611,set04,video_0009,4_9_1431,0,7079,16,0,False,False,,,834.7999877929688,123.39996337890625,650.625,4544.815228395164
3612,set04,video_0009,4_9_1431,0,7087,16,0,False,False,,,853.3599853515625,141.9599609375,601.6650085449219,6341.349029004574
3613,set04,video_0009,4_9_1432,0,7069,16,0,False,False,,,816.8200073242188,102.280029296875,722.9400024414062,3469.34308847785
3614,set04,video_0009,4_9_1432,0,7077,16,0,False,False,,,831.0999755859375,119.90997314453125,701.2149963378906,4979.8573789559305
3615,set04,video_0009,4_9_1432,0,7085,16,0,False,False,,,852.0599975585938,138.80999755859375,669.9249877929688,6056.2808712646365
3616,set04,video_0009,4_9_1432,0,7093,16,0,False,False,,,868.9400024414062,156.20001220703125,622.47998046875,7441.370869629085
3617,set04,video_0009,4_9_1433,0,7064,16,0,False,False,,,822.47998046875,104.6300048828125,1246.0750122070312,3788.661161914468
3618,set04,video_0009,4_9_1433,0,7072,16,0,False,False,,,825.0399780273438,115.219970703125,1277.7349853515625,5522.4853194355965
3619,set04,video_0009,4_9_1433,0,7080,16,0,False,False,,,843.47998046875,131.010009765625,1316.0249633789062,8068.902023583651
3620,set04,video_0009,4_9_1433,0,7088,16,0,False,False,,,862.2000122070312,156.82000732421875,1354.39501953125,9285.306507885456
3621,set04,video_0009,4_9_1434,0,8609,16,0,False,False,,,814.239990234375,89.6300048828125,1358.2049560546875,1884.9216285645962
3622,set04,video_0009,4_9_1434,0,8617,16,0,False,False,,,819.6799926757812,99.3699951171875,1395.77001953125,2605.4783607423306
3623,set04,video_0009,4_9_1434,0,8625,16,0,False,False,,,823.780029296875,103.97003173828125,1440.219970703125,3148.21560703218
3624,set04,video_0009,4_9_1434,0,8633,16,0,False,False,,,830.0,116.42999267578125,1493.0099487304688,4002.863716699183
3625,set04,video_0009,4_9_1435,0,8615,16,0,False,False,,,806.0,90.97998046875,1447.0599975585938,2569.2848659157753
3626,set04,video_0009,4_9_1435,0,8623,16,0,False,False,,,814.7000122070312,97.60003662109375,1468.6849975585938,3828.859444461763
3627,set04,video_0009,4_9_1435,0,8631,16,0,False,False,,,819.5,108.07000732421875,1505.2349853515625,3299.3804897218943
3628,set04,video_0009,4_9_1435,0,8639,16,0,False,False,,,823.2999877929688,114.30999755859375,1545.1549682617188,3759.6574941650033
3629,set04,video_0009,4_9_1436,0,8696,16,0,False,False,,,810.47998046875,80.67999267578125,1359.7149658203125,1891.941888794303
3630,set04,video_0009,4_9_1436,0,8704,16,0,False,False,,,814.4000244140625,87.9300537109375,1397.3299560546875,2175.388670116663
3631,set04,video_0009,4_9_1436,0,8712,16,0,False,False,,,817.9199829101562,96.27996826171875,1444.4550170898438,2677.5398058369756
3632,set04,video_0009,4_9_1436,0,8720,16,0,False,False,,,806.1400146484375,104.260009765625,1499.9299926757812,3042.3126848638058
3633,set04,video_0009,4_9_1437,0,8684,16,0,False,False,,,805.0,83.3499755859375,1414.0650024414062,1839.5294843763113
3634,set04,video_0009,4_9_1437,0,8692,16,0,False,False,,,806.9199829101562,91.0,1455.5299682617188,2285.9195556640625
3635,set04,video_0009,4_9_1437,0,8700,16,0,False,False,,,809.280029296875,98.70001220703125,1498.4199829101562,2745.8290383294225
3636,set04,video_0009,4_9_1437,0,8708,16,0,False,False,,,814.719970703125,106.719970703125,1551.3150024414062,2999.896813184023
3637,set04,video_0009,4_9_1438,0,8686,16,0,False,False,,,806.9400024414062,72.32000732421875,1393.875,1918.651913061738
3638,set04,video_0009,4_9_1438,0,8694,16,0,False,False,,,808.5999755859375,77.16998291015625,1432.8200073242188,2111.3696020022035
3639,set04,video_0009,4_9_1438,0,8702,16,0,False,False,,,810.0,82.96002197265625,1476.3999633789062,2372.6546030268073
3640,set04,video_0009,4_9_1438,0,8710,16,0,False,False,,,814.0599975585938,91.0,1528.9299926757812,2946.5804443359375
3641,set04,video_0009,4_9_1439,0,9259,16,0,False,False,,,821.8300170898438,83.07000732421875,1369.4249877929688,2155.6727742925286
3642,set04,video_0009,4_9_1439,0,9267,16,0,False,False,,,830.4000244140625,90.20001220703125,1397.9549560546875,2571.603228881955
3643,set04,video_0009,4_9_1439,0,9275,16,0,False,False,,,834.77001953125,98.1199951171875,1433.8050537109375,3187.9176831543446
3644,set04,video_0009,4_9_1439,0,9283,16,0,False,False,,,839.5499877929688,106.02996826171875,1480.3699951171875,3865.8485010266304
3645,set04,video_0009,4_9_1440,0,8836,16,0,False,False,,,803.2000122070312,82.92999267578125,1306.1300048828125,2997.0810268074274
3646,set04,video_0009,4_9_1440,0,8844,16,0,False,False,,,816.3599853515625,91.6199951171875,1343.9450073242188,3542.9492374509573
3647,set04,video_0009,4_9_1440,0,8852,16,0,False,False,,,820.739990234375,100.28997802734375,1389.844970703125,4487.976516723633
3648,set04,video_0009,4_9_1440,0,8860,16,0,False,False,,,827.7000122070312,112.70001220703125,1444.864990234375,5498.6379979252815
3649,set04,video_0009,4_9_1442,0,9267,16,0,False,False,,,808.5,87.83001708984375,676.739990234375,2336.276310302317
3650,set04,video_0009,4_9_1442,0,9275,16,0,False,False,,,817.9000244140625,99.1700439453125,642.0249938964844,3097.084588356316
3651,set04,video_0009,4_9_1442,0,9283,16,0,False,False,,,825.5999755859375,109.4599609375,601.6050109863281,3808.10963588953
3652,set04,video_0009,4_9_1442,0,9291,16,0,False,False,,,830.0700073242188,123.82000732421875,548.5,4680.402322754264
3653,set04,video_0009,4_9_1448,0,9343,16,0,False,False,,,814.0,98.46002197265625,627.4750061035156,4252.4885893799365
3654,set04,video_0009,4_9_1448,0,9351,16,0,False,False,,,811.0999755859375,108.6099853515625,606.1749877929688,3893.665323242545
3655,set04,video_0009,4_9_1448,0,9359,16,0,False,False,,,819.530029296875,122.58001708984375,570.510009765625,5020.872711718082
3656,set04,video_0009,4_9_1448,0,9367,16,0,False,False,,,828.7000122070312,136.96002197265625,530.3150177001953,5742.736897876486
3657,set04,video_0009,4_9_1451,0,9845,16,0,False,False,,,772.2999877929688,79.219970703125,552.2550048828125,1496.4664070308208
3658,set04,video_0009,4_9_1451,0,9853,16,0,False,False,,,779.719970703125,85.04998779296875,513.7999877929688,1932.3332309573889
3659,set04,video_0009,4_9_1451,0,9861,16,0,False,False,,,784.2000122070312,95.25,467.625,2563.1749420166016
3660,set04,video_0009,4_9_1451,0,9869,16,0,False,False,,,788.760009765625,107.58001708984375,412.97999572753906,3171.460085717961
3661,set04,video_0009,4_9_1456,0,9874,16,0,False,False,,,810.0399780273438,96.199951171875,1386.25,3195.759559571743
3662,set04,video_0009,4_9_1456,0,9882,16,0,False,False,,,813.6400146484375,108.6400146484375,1438.0499877929688,3756.766932323575
3663,set04,video_0009,4_9_1456,0,9890,16,0,False,False,,,821.47998046875,123.78997802734375,1495.7400512695312,4040.5066961422563
3664,set04,video_0009,4_9_1456,0,9898,16,0,False,False,,,829.3599853515625,140.1400146484375,1563.8299560546875,4624.6204833984375
3665,set04,video_0009,4_9_1441,0,9256,16,0,False,False,,,822.719970703125,89.8399658203125,1374.7100219726562,1942.3396223634481
3666,set04,video_0009,4_9_1441,0,9264,16,0,False,False,,,829.260009765625,98.0400390625,1403.47998046875,2188.2603738307953
3667,set04,video_0009,4_9_1441,0,9272,16,0,False,False,,,832.3099975585938,107.07000732421875,1438.0499877929688,2644.637022949755
3668,set04,video_0009,4_9_1441,0,9280,16,0,False,False,,,840.5700073242188,118.44000244140625,1483.8550415039062,3272.497845776379
3669,set04,video_0009,4_9_1453,1,10230,16,0,False,False,10290.0,-60.0,817.5,107.0,1120.5999755859375,4686.605224609375
3670,set04,video_0009,4_9_1453,1,10238,16,0,False,False,10290.0,-52.0,822.3400268554688,114.30999755859375,1113.4749755859375,4520.965984985232
3671,set04,video_0009,4_9_1453,1,10246,16,0,False,False,10290.0,-44.0,825.27001953125,121.510009765625,1098.155029296875,5561.5155202150345
3672,set04,video_0009,4_9_1453,1,10254,16,0,False,False,10290.0,-36.0,832.6500244140625,127.9300537109375,1078.4550170898438,6149.590810641646
3673,set04,video_0009,4_9_1454,1,10242,16,0,False,False,10302.0,-60.0,820.3499755859375,99.469970703125,1128.2049560546875,2881.6421371102333
3674,set04,video_0009,4_9_1454,1,10250,16,0,False,False,10302.0,-52.0,828.489990234375,105.33001708984375,1112.14501953125,3104.072517797351
3675,set04,video_0009,4_9_1454,1,10258,16,0,False,False,10302.0,-44.0,832.510009765625,111.010009765625,1091.72998046875,3328.0779246091843
3676,set04,video_0009,4_9_1454,1,10266,16,0,False,False,10302.0,-36.0,839.3599853515625,116.2099609375,1069.6950073242188,4277.681285500526
3677,set04,video_0009,4_9_1457,0,10767,16,0,False,False,,,808.760009765625,108.1300048828125,710.2949829101562,4365.207769140601
3678,set04,video_0009,4_9_1457,0,10775,16,0,False,False,,,819.239990234375,127.41998291015625,676.0549926757812,5556.783588208258
3679,set04,video_0009,4_9_1457,0,10783,16,0,False,False,,,836.9000244140625,151.050048828125,634.4200134277344,7395.413709595799
3680,set04,video_0009,4_9_1457,0,10791,16,0,False,False,,,844.2999877929688,178.1400146484375,579.4400024414062,10424.757136523724
3681,set04,video_0009,4_9_1458,0,10772,16,0,False,False,,,808.4400024414062,108.260009765625,715.6000061035156,3182.840322509408
3682,set04,video_0009,4_9_1458,0,10780,16,0,False,False,,,821.739990234375,123.8800048828125,681.9850158691406,4156.1726516112685
3683,set04,video_0009,4_9_1458,0,10788,16,0,False,False,,,833.5,141.95001220703125,642.5449829101562,5608.446368530393
3684,set04,video_0009,4_9_1458,0,10796,16,0,False,False,,,841.1199951171875,164.78997802734375,591.7349853515625,7990.664425268769
3685,set04,video_0009,4_9_1462,0,12379,16,0,False,False,,,819.489990234375,96.30999755859375,1425.1900024414062,3122.374353222549
3686,set04,video_0009,4_9_1462,0,12387,16,0,False,False,,,837.739990234375,114.989990234375,1441.3599853515625,4401.820195019245
3687,set04,video_0009,4_9_1462,0,12395,16,0,False,False,,,840.9400024414062,125.47003173828125,1463.655029296875,5270.997258618474
3688,set04,video_0009,4_9_1462,0,12403,16,0,False,False,,,850.9400024414062,135.47003173828125,1498.5599975585938,5922.762355618179
3689,set04,video_0009,4_9_1463,0,12373,16,0,False,False,,,813.5399780273438,118.5999755859375,483.00999450683594,3811.8013332523406
3690,set04,video_0009,4_9_1463,0,12381,16,0,False,False,,,816.4199829101562,123.38995361328125,458.19500732421875,4324.816367920488
3691,set04,video_0009,4_9_1463,0,12389,16,0,False,False,,,820.219970703125,131.3599853515625,420.74000549316406,4849.812423046678
3692,set04,video_0009,4_9_1463,0,12397,16,0,False,False,,,823.0999755859375,142.8399658203125,371.9649963378906,5295.07857915014
3693,set04,video_0009,4_9_1464,1,14579,16,0,False,False,14639.0,-60.0,780.280029296875,98.02001953125,666.39501953125,3725.7418996095657
3694,set04,video_0009,4_9_1464,1,14587,16,0,False,False,14639.0,-52.0,779.760009765625,97.8800048828125,665.4900207519531,3811.4476291015744
3695,set04,video_0009,4_9_1464,1,14595,16,0,False,False,14639.0,-44.0,779.22998046875,97.719970703125,664.5750122070312,3896.0947547852993
3696,set04,video_0009,4_9_1464,1,14603,16,0,False,False,14639.0,-36.0,778.7100219726562,97.58001708984375,663.6700134277344,3981.263506103307
3697,set04,video_0009,4_9_1465,1,14569,16,0,False,False,14629.0,-60.0,784.2999877929688,86.1300048828125,742.7049865722656,2372.880583129823
3698,set04,video_0009,4_9_1465,1,14577,16,0,False,False,14629.0,-52.0,784.2999877929688,86.1300048828125,742.0050048828125,2372.885840088129
3699,set04,video_0009,4_9_1465,1,14585,16,0,False,False,14629.0,-44.0,784.2999877929688,86.1300048828125,741.3150024414062,2372.885840088129
3700,set04,video_0009,4_9_1465,1,14593,16,0,False,False,14629.0,-36.0,784.2999877929688,86.1300048828125,740.6150207519531,2372.880583129823
3701,set04,video_0009,4_9_1466,1,14553,16,0,False,False,14613.0,-60.0,771.969970703125,100.41998291015625,579.9599914550781,3454.4437346197665
3702,set04,video_0009,4_9_1466,1,14561,16,0,False,False,14613.0,-52.0,771.760009765625,100.41998291015625,579.3399963378906,3454.4437346197665
3703,set04,video_0009,4_9_1466,1,14569,16,0,False,False,14613.0,-44.0,771.5499877929688,100.41998291015625,578.7200012207031,3454.4437346197665
3704,set04,video_0009,4_9_1466,1,14577,16,0,False,False,14613.0,-36.0,771.3499755859375,100.41998291015625,578.1000061035156,3454.4437346197665
3705,set04,video_0009,4_9_1467,1,14640,16,0,False,False,14700.0,-60.0,763.510009765625,80.22998046875,667.7449951171875,2247.2425364255905
3706,set04,video_0009,4_9_1467,1,14648,16,0,False,False,14700.0,-52.0,762.510009765625,81.3800048828125,663.4450073242188,2386.871966943145
3707,set04,video_0009,4_9_1467,1,14656,16,0,False,False,14700.0,-44.0,759.6400146484375,83.239990234375,657.1699829101562,2415.6261423826218
3708,set04,video_0009,4_9_1467,1,14664,16,0,False,False,14700.0,-36.0,755.4299926757812,85.33001708984375,650.239990234375,2402.8961978033185
3709,set04,video_0009,4_9_1471,1,15763,16,0,False,False,15823.0,-60.0,787.280029296875,178.6300048828125,67.05499839782715,8804.67242279509
3710,set04,video_0009,4_9_1471,1,15771,16,0,False,False,15823.0,-52.0,795.280029296875,185.8900146484375,83.54999732971191,9030.536542881746
3711,set04,video_0009,4_9_1471,1,15779,16,0,False,False,15823.0,-44.0,799.7000122070312,190.05999755859375,106.3550033569336,12066.910289025865
3712,set04,video_0009,4_9_1471,1,15787,16,0,False,False,15823.0,-36.0,810.3200073242188,196.85003662109375,126.57499694824219,12364.150319579989
3713,set04,video_0009,4_9_1468,1,15428,16,0,False,False,15488.0,-60.0,793.5999755859375,162.69000244140625,228.9699935913086,7786.3436161438
3714,set04,video_0009,4_9_1468,1,15436,16,0,False,False,15488.0,-52.0,795.3599853515625,163.8299560546875,221.8550033569336,12406.841872064397
3715,set04,video_0009,4_9_1468,1,15444,16,0,False,False,15488.0,-44.0,797.4400024414062,165.5999755859375,218.12000274658203,13459.968340331689
3716,set04,video_0009,4_9_1468,1,15452,16,0,False,False,15488.0,-36.0,803.5999755859375,170.51995849609375,210.81999969482422,11649.922211450525
3717,set04,video_0009,4_9_1472,1,16579,16,0,False,False,16639.0,-60.0,772.9400024414062,74.75,542.9750061035156,1974.145492553711
3718,set04,video_0009,4_9_1472,1,16587,16,0,False,False,16639.0,-52.0,772.9600219726562,74.75,542.375,1974.1500549316406
3719,set04,video_0009,4_9_1472,1,16595,16,0,False,False,16639.0,-44.0,772.97998046875,74.75,541.7749938964844,1974.145492553711
3720,set04,video_0009,4_9_1472,1,16603,16,0,False,False,16639.0,-36.0,773.010009765625,74.75,541.1749877929688,1974.1500549316406
3721,set04,video_0009,4_9_1469,1,15432,16,0,False,False,15492.0,-60.0,797.1799926757812,174.42999267578125,172.55999755859375,8016.800972888246
3722,set04,video_0009,4_9_1469,1,15440,16,0,False,False,15492.0,-52.0,801.4299926757812,177.469970703125,169.0250015258789,8580.671458709985
3723,set04,video_0009,4_9_1469,1,15448,16,0,False,False,15492.0,-44.0,804.5800170898438,177.47003173828125,168.73500061035156,8580.67711773701
3724,set04,video_0009,4_9_1469,1,15456,16,0,False,False,15492.0,-36.0,813.3200073242188,183.70001220703125,180.75,11738.429658813402
3725,set04,video_0009,4_9_1470,1,15472,16,0,False,False,15532.0,-60.0,794.5800170898438,194.36004638671875,61.809998512268066,11758.782435684116
3726,set04,video_0009,4_9_1470,1,15480,16,0,False,False,15532.0,-52.0,800.4000244140625,203.36004638671875,81.0049991607666,8742.448735498125
3727,set04,video_0009,4_9_1470,1,15488,16,0,False,False,15532.0,-44.0,811.3200073242188,205.59002685546875,95.91999816894531,9703.848640167154
3728,set04,video_0009,4_9_1470,1,15496,16,0,False,False,15532.0,-36.0,812.3599853515625,209.55999755859375,116.5150032043457,9977.15321048582
3729,set04,video_0009,4_9_1473,1,16571,16,0,False,False,16631.0,-60.0,773.8800048828125,73.1300048828125,567.4200134277344,1557.6682113036513
3730,set04,video_0009,4_9_1473,1,16579,16,0,False,False,16631.0,-52.0,773.8800048828125,73.1300048828125,567.3099975585938,1557.672674804926
3731,set04,video_0009,4_9_1473,1,16587,16,0,False,False,16631.0,-44.0,773.8800048828125,73.1300048828125,567.1999816894531,1557.6682113036513
3732,set04,video_0009,4_9_1473,1,16595,16,0,False,False,16631.0,-36.0,773.8800048828125,73.1300048828125,567.0799865722656,1557.6682113036513
3733,set04,video_0010,4_10_1475,0,509,16,0,False,False,,,816.530029296875,129.32000732421875,1376.9949951171875,6400.045899584889
3734,set04,video_0010,4_10_1475,0,517,16,0,False,False,,,827.8699951171875,150.21002197265625,1414.0999755859375,7660.711120605469
3735,set04,video_0010,4_10_1475,0,525,16,0,False,False,,,846.47998046875,180.04998779296875,1467.0899658203125,12833.968404784799
3736,set04,video_0010,4_10_1475,0,533,16,0,False,False,,,862.0,204.3900146484375,1522.25,16943.9122543931
3737,set04,video_0010,4_10_1476,0,499,16,0,False,False,,,810.6199951171875,108.219970703125,1375.3350219726562,4377.505741208792
3738,set04,video_0010,4_10_1476,0,507,16,0,False,False,,,818.5999755859375,121.8399658203125,1416.844970703125,5764.255922019482
3739,set04,video_0010,4_10_1476,0,515,16,0,False,False,,,827.530029296875,138.27001953125,1461.5499877929688,5987.081718504429
3740,set04,video_0010,4_10_1476,0,523,16,0,False,False,,,826.0599975585938,146.92999267578125,1510.9700317382812,9233.07571772486
3741,set04,video_0010,4_10_1500,0,7284,16,0,False,False,,,841.5800170898438,187.57000732421875,1607.4750366210938,9207.805248461664
3742,set04,video_0010,4_10_1500,0,7292,16,0,False,False,,,850.97998046875,200.5799560546875,1644.375,9573.677384912968
3743,set04,video_0010,4_10_1500,0,7300,16,0,False,False,,,857.8599853515625,214.0,1675.9450073242188,10329.758056640625
3744,set04,video_0010,4_10_1500,0,7308,16,0,False,False,,,865.2000122070312,226.07000732421875,1710.0449829101562,11671.995582006872
3745,set04,video_0010,4_10_1502,0,7337,16,0,False,False,,,798.8300170898438,60.95001220703125,1026.7699584960938,1300.6711772456765
3746,set04,video_0010,4_10_1502,0,7345,16,0,False,False,,,796.6400146484375,62.739990234375,963.4150085449219,1486.310521826148
3747,set04,video_0010,4_10_1502,0,7353,16,0,False,False,,,798.6599731445312,69.489990234375,887.1749877929688,1857.466081738472
3748,set04,video_0010,4_10_1502,0,7361,16,0,False,False,,,807.0,76.84002685546875,799.7950134277344,2136.920959252864
3749,set04,video_0010,4_10_1504,0,7333,16,0,False,False,,,813.0999755859375,88.5999755859375,1005.7449951171875,2501.1755803227425
3750,set04,video_0010,4_10_1504,0,7341,16,0,False,False,,,812.9199829101562,93.55999755859375,945.89501953125,2747.856671459973
3751,set04,video_0010,4_10_1504,0,7349,16,0,False,False,,,812.5999755859375,97.79998779296875,873.64501953125,3042.556187622249
3752,set04,video_0010,4_10_1504,0,7357,16,0,False,False,,,817.6599731445312,103.3599853515625,790.5150146484375,3511.1356742680073
3753,set04,video_0010,4_10_1505,0,7337,16,0,False,False,,,806.1799926757812,87.260009765625,966.125,2355.146811425686
3754,set04,video_0010,4_10_1505,0,7345,16,0,False,False,,,802.5399780273438,88.469970703125,903.0600280761719,2836.347044751048
3755,set04,video_0010,4_10_1505,0,7353,16,0,False,False,,,804.7999877929688,95.55999755859375,830.6900024414062,3105.699920654297
3756,set04,video_0010,4_10_1505,0,7361,16,0,False,False,,,812.7999877929688,102.760009765625,749.4649963378906,3706.554304882884
3757,set04,video_0010,4_10_1508,0,10486,16,0,False,False,,,839.1900024414062,156.29998779296875,1349.4600219726562,7199.167516358197
3758,set04,video_0010,4_10_1508,0,10494,16,0,False,False,,,845.3200073242188,167.03997802734375,1378.875,7979.503012865782
3759,set04,video_0010,4_10_1508,0,10502,16,0,False,False,,,850.7000122070312,183.8599853515625,1414.6000366210938,10126.99991337955
3760,set04,video_0010,4_10_1508,0,10510,16,0,False,False,,,861.0999755859375,207.8499755859375,1463.2899780273438,13597.554536864161
3761,set04,video_0010,4_10_1514,0,13748,16,0,False,False,,,816.0900268554688,104.44000244140625,1254.1900024414062,2652.778611816466
3762,set04,video_0010,4_10_1514,0,13756,16,0,False,False,,,826.8200073242188,117.489990234375,1272.7449951171875,3319.0922241210938
3763,set04,video_0010,4_10_1514,0,13764,16,0,False,False,,,839.260009765625,135.489990234375,1305.7950439453125,4163.604753613472
3764,set04,video_0010,4_10_1514,0,13772,16,0,False,False,,,852.8400268554688,158.44000244140625,1354.2849731445312,5198.406422875822
3765,set04,video_0010,4_10_1516,0,13738,16,0,False,False,,,794.510009765625,79.10003662109375,641.8699951171875,1563.0174960941076
3766,set04,video_0010,4_10_1516,0,13746,16,0,False,False,,,798.6400146484375,91.1199951171875,581.7350158691406,2009.1947800293565
3767,set04,video_0010,4_10_1516,0,13754,16,0,False,False,,,802.5999755859375,103.64996337890625,515.1100158691406,2572.5928502194583
3768,set04,video_0010,4_10_1516,0,13762,16,0,False,False,,,804.4099731445312,116.15997314453125,443.67999267578125,3208.3378910645843
3769,set04,video_0010,4_10_1501,0,7339,16,0,False,False,,,809.4600219726562,90.9000244140625,1076.614990234375,3935.0656076669693
3770,set04,video_0010,4_10_1501,0,7347,16,0,False,False,,,807.780029296875,92.69000244140625,1013.4149780273438,4320.279656030238
3771,set04,video_0010,4_10_1501,0,7355,16,0,False,False,,,814.260009765625,99.60003662109375,941.2949829101562,4618.453211791813
3772,set04,video_0010,4_10_1501,0,7363,16,0,False,False,,,822.02001953125,105.760009765625,845.0800170898438,5474.139138281345
3773,set04,video_0010,4_10_1477,0,793,16,0,False,False,,,823.2000122070312,111.739990234375,1425.4049682617188,4736.659822851419
3774,set04,video_0010,4_10_1477,0,801,16,0,False,False,,,829.5999755859375,125.53997802734375,1446.8250122070312,5065.5350484624505
3775,set04,video_0010,4_10_1477,0,809,16,0,False,False,,,838.9000244140625,138.77001953125,1475.4749755859375,6445.860631346703
3776,set04,video_0010,4_10_1477,0,817,16,0,False,False,,,859.469970703125,169.29998779296875,1519.7799682617188,10222.33408959955
3777,set04,video_0010,4_10_1478,1,834,16,0,False,False,894.0,-60.0,805.5800170898438,95.35003662109375,970.8600158691406,3104.596959594637
3778,set04,video_0010,4_10_1478,1,842,16,0,False,False,894.0,-52.0,811.010009765625,104.97003173828125,956.1950073242188,3553.233011595905
3779,set04,video_0010,4_10_1478,1,850,16,0,False,False,894.0,-44.0,817.489990234375,115.17999267578125,932.9750061035156,4308.880432788283
3780,set04,video_0010,4_10_1478,1,858,16,0,False,False,894.0,-36.0,824.530029296875,127.83001708984375,905.77001953125,5414.877651415765
3781,set04,video_0010,4_10_1479,1,850,16,0,False,False,910.0,-60.0,814.4000244140625,99.1800537109375,968.1700134277344,3477.2524409666657
3782,set04,video_0010,4_10_1479,1,858,16,0,False,False,910.0,-52.0,819.9199829101562,112.8599853515625,942.0650024414062,4143.085653662682
3783,set04,video_0010,4_10_1479,1,866,16,0,False,False,910.0,-44.0,829.4000244140625,123.0,917.4950256347656,5359.110900878906
3784,set04,video_0010,4_10_1479,1,874,16,0,False,False,910.0,-36.0,840.9600219726562,134.6700439453125,903.2550048828125,6761.777645945549
3785,set04,video_0010,4_10_1480,0,1092,16,0,False,False,,,866.7999877929688,161.03997802734375,837.0050048828125,10037.614753492177
3786,set04,video_0010,4_10_1480,0,1100,16,0,False,False,,,870.0,161.30999755859375,844.0350036621094,10806.165006738156
3787,set04,video_0010,4_10_1480,0,1108,16,0,False,False,,,878.6599731445312,169.9599609375,839.3900146484375,11791.822919726372
3788,set04,video_0010,4_10_1480,0,1116,16,0,False,False,,,889.9000244140625,178.1300048828125,806.2949829101562,12538.573653027415
3789,set04,video_0010,4_10_1481,0,1089,16,0,False,False,,,867.3699951171875,153.77001953125,765.1850280761719,7179.522587329149
3790,set04,video_0010,4_10_1481,0,1097,16,0,False,False,,,870.2999877929688,153.760009765625,771.7850036621094,7179.05523134768
3791,set04,video_0010,4_10_1481,0,1105,16,0,False,False,,,875.7999877929688,158.8900146484375,773.0349731445312,8162.179276660085
3792,set04,video_0010,4_10_1481,0,1113,16,0,False,False,,,882.2999877929688,165.3900146484375,758.3250122070312,9154.333272948861
3793,set04,video_0010,4_10_1484,1,2677,16,0,False,False,2737.0,-60.0,799.9000244140625,74.010009765625,1155.6749877929688,2232.8852470219135
3794,set04,video_0010,4_10_1484,1,2685,16,0,False,False,2737.0,-52.0,810.1799926757812,83.19000244140625,1175.010009765625,2913.315510302782
3795,set04,video_0010,4_10_1484,1,2693,16,0,False,False,2737.0,-44.0,814.02001953125,89.9000244140625,1196.635009765625,3172.5753732919693
3796,set04,video_0010,4_10_1484,1,2701,16,0,False,False,2737.0,-36.0,820.3800048828125,102.67999267578125,1226.2999877929688,3969.6120264157653
3797,set04,video_0010,4_10_1485,0,3125,16,0,False,False,,,868.8800048828125,170.9100341796875,1577.510009765625,8261.806073635817
3798,set04,video_0010,4_10_1485,0,3133,16,0,False,False,,,880.0,187.80999755859375,1612.1799926757812,9848.768193505704
3799,set04,video_0010,4_10_1485,0,3141,16,0,False,False,,,895.4400024414062,208.5999755859375,1643.1099853515625,12186.394276857376
3800,set04,video_0010,4_10_1485,0,3149,16,0,False,False,,,914.0,236.52001953125,1674.699951171875,15969.836338281631
3801,set04,video_0010,4_10_1490,1,5465,16,0,False,False,5525.0,-60.0,910.5999755859375,291.3199462890625,1547.875,20523.4759914577
3802,set04,video_0010,4_10_1490,1,5473,16,0,False,False,5525.0,-52.0,934.0999755859375,326.22998046875,1583.4149780273438,28254.773829638958
3803,set04,video_0010,4_10_1490,1,5481,16,0,False,False,5525.0,-44.0,945.8400268554688,342.97003173828125,1609.7300415039062,37596.37320449203
3804,set04,video_0010,4_10_1490,1,5489,16,0,False,False,5525.0,-36.0,952.239990234375,355.77996826171875,1627.9099731445312,37221.69854233414
3805,set04,video_0010,4_10_1491,1,5440,16,0,False,False,5500.0,-60.0,873.5599975585938,191.17999267578125,1384.6300048828125,11321.673565283418
3806,set04,video_0010,4_10_1491,1,5448,16,0,False,False,5500.0,-52.0,884.0999755859375,210.13995361328125,1423.6749877929688,14123.523725606501
3807,set04,video_0010,4_10_1491,1,5456,16,0,False,False,5500.0,-44.0,895.0999755859375,227.2099609375,1462.9849853515625,16365.94014286995
3808,set04,video_0010,4_10_1491,1,5464,16,0,False,False,5500.0,-36.0,906.52001953125,248.59002685546875,1498.5050048828125,20570.82472229004
3809,set04,video_0010,4_10_1492,1,5431,16,0,False,False,5491.0,-60.0,818.7100219726562,160.11004638671875,1472.6050415039062,8986.97768547386
3810,set04,video_0010,4_10_1492,1,5439,16,0,False,False,5491.0,-52.0,829.9199829101562,170.3399658203125,1501.3800048828125,10918.808443844318
3811,set04,video_0010,4_10_1492,1,5447,16,0,False,False,5491.0,-44.0,841.9000244140625,187.1800537109375,1534.5900268554688,11818.551333203912
3812,set04,video_0010,4_10_1492,1,5455,16,0,False,False,5491.0,-36.0,845.9000244140625,198.9100341796875,1551.9650268554688,11375.677480861545
3813,set04,video_0010,4_10_1493,1,5430,16,0,False,False,5490.0,-60.0,806.3099975585938,165.6500244140625,1558.7900390625,7288.60107421875
3814,set04,video_0010,4_10_1493,1,5438,16,0,False,False,5490.0,-52.0,824.3499755859375,188.94000244140625,1578.0499877929688,9326.075752831995
3815,set04,video_0010,4_10_1493,1,5446,16,0,False,False,5490.0,-44.0,832.9000244140625,196.20001220703125,1609.4299926757812,12662.732501707971
3816,set04,video_0010,4_10_1493,1,5454,16,0,False,False,5490.0,-36.0,841.6300048828125,214.010009765625,1617.5950317382812,15808.918376415968
3817,set04,video_0010,4_10_1499,0,7287,16,0,False,False,,,856.8200073242188,197.59002685546875,1577.6749877929688,10948.470141626894
3818,set04,video_0010,4_10_1499,0,7295,16,0,False,False,,,865.3599853515625,208.15997314453125,1612.7599487304688,12980.852876074612
3819,set04,video_0010,4_10_1499,0,7303,16,0,False,False,,,878.9600219726562,231.24005126953125,1642.614990234375,15819.111583516002
3820,set04,video_0010,4_10_1499,0,7311,16,0,False,False,,,888.4199829101562,245.969970703125,1676.0700073242188,17390.09494408965
3821,set04,video_0010,4_10_1503,0,7335,16,0,False,False,,,813.6199951171875,92.02996826171875,1020.8599853515625,2602.6101986318827
3822,set04,video_0010,4_10_1503,0,7343,16,0,False,False,,,812.1199951171875,95.489990234375,960.3600158691406,2849.4238730221987
3823,set04,video_0010,4_10_1503,0,7351,16,0,False,False,,,811.8800048828125,100.739990234375,885.0950012207031,3003.058862939477
3824,set04,video_0010,4_10_1503,0,7359,16,0,False,False,,,818.6599731445312,106.26995849609375,800.6099853515625,3398.5111971199512
3825,set04,video_0010,4_10_1506,0,7331,16,0,False,False,,,811.47998046875,81.47998046875,981.8500061035156,2276.5508532226086
3826,set04,video_0010,4_10_1506,0,7339,16,0,False,False,,,812.2000122070312,86.73004150390625,927.1399841308594,2671.2842196039855
3827,set04,video_0010,4_10_1506,0,7347,16,0,False,False,,,811.0599975585938,90.5,857.2050170898438,2884.2345581054688
3828,set04,video_0010,4_10_1506,0,7355,16,0,False,False,,,814.2999877929688,95.760009765625,776.3450012207031,3362.1383848637342
3829,set04,video_0010,4_10_1509,0,12832,16,0,False,False,,,789.2999877929688,70.08001708984375,1287.9199829101562,1356.7481042966247
3830,set04,video_0010,4_10_1509,0,12840,16,0,False,False,,,799.4600219726562,83.05999755859375,1331.2200317382812,2269.1946720704436
3831,set04,video_0010,4_10_1509,0,12848,16,0,False,False,,,806.4000244140625,92.6500244140625,1378.39501953125,2828.607959717512
3832,set04,video_0010,4_10_1509,0,12856,16,0,False,False,,,813.2000122070312,104.82000732421875,1435.8250122070312,3973.730060376227
3833,set04,video_0010,4_10_1510,0,12834,16,0,False,False,,,789.3599853515625,79.1199951171875,1306.3899536132812,1889.3858697265387
3834,set04,video_0010,4_10_1510,0,12842,16,0,False,False,,,798.7999877929688,89.90997314453125,1347.5449829101562,2575.922925658524
3835,set04,video_0010,4_10_1510,0,12850,16,0,False,False,,,804.5,100.08001708984375,1397.6050415039062,2941.353168286383
3836,set04,video_0010,4_10_1510,0,12858,16,0,False,False,,,807.2000122070312,109.59002685546875,1451.4049682617188,3361.1309396252036
3837,set04,video_0010,4_10_1511,0,12836,16,0,False,False,,,798.3499755859375,84.04998779296875,1241.9400024414062,3077.9101425781846
3838,set04,video_0010,4_10_1511,0,12844,16,0,False,False,,,808.4400024414062,95.25,1278.219970703125,3672.8455810546875
3839,set04,video_0010,4_10_1511,0,12852,16,0,False,False,,,818.5999755859375,110.97998046875,1321.3300170898438,5275.979059278965
3840,set04,video_0010,4_10_1511,0,12860,16,0,False,False,,,827.47998046875,128.16998291015625,1378.0950317382812,6901.950450561941
3841,set04,video_0010,4_10_1512,0,13469,16,0,False,False,,,815.6500244140625,95.24005126953125,1004.3949890136719,3265.779265355319
3842,set04,video_0010,4_10_1512,0,13477,16,0,False,False,,,817.239990234375,101.8499755859375,970.7000122070312,3629.9346218258142
3843,set04,video_0010,4_10_1512,0,13485,16,0,False,False,,,817.7999877929688,108.3800048828125,914.260009765625,4322.195123925805
3844,set04,video_0010,4_10_1512,0,13493,16,0,False,False,,,820.8200073242188,116.27001953125,822.2950134277344,4993.798758178949
3845,set04,video_0010,4_10_1513,0,13756,16,0,False,False,,,813.9199829101562,104.05999755859375,1335.199951171875,3121.7999267578125
3846,set04,video_0010,4_10_1513,0,13764,16,0,False,False,,,815.2999877929688,111.94000244140625,1367.0799560546875,3944.76459287107
3847,set04,video_0010,4_10_1513,0,13772,16,0,False,False,,,825.2000122070312,130.95001220703125,1410.385009765625,5084.799204468727
3848,set04,video_0010,4_10_1513,0,13780,16,0,False,False,,,834.2000122070312,147.91998291015625,1464.4349975585938,6433.056668870151
3849,set04,video_0010,4_10_1515,0,13742,16,0,False,False,,,791.3200073242188,79.4100341796875,627.625,1633.4601378887892
3850,set04,video_0010,4_10_1515,0,13750,16,0,False,False,,,799.510009765625,93.41998291015625,565.3650207519531,2200.039457153529
3851,set04,video_0010,4_10_1515,0,13758,16,0,False,False,,,809.7999877929688,109.69000244140625,500.42498779296875,3043.8975677490234
3852,set04,video_0010,4_10_1515,0,13766,16,0,False,False,,,806.7999877929688,121.469970703125,438.11500549316406,4879.450354211032
3853,set04,video_0010,4_10_1519,1,14312,16,0,False,False,14372.0,-60.0,778.969970703125,64.719970703125,1057.7049560546875,1438.723684668541
3854,set04,video_0010,4_10_1519,1,14320,16,0,False,False,14372.0,-52.0,780.9199829101562,65.77996826171875,1058.114990234375,1479.3908438235521
3855,set04,video_0010,4_10_1519,1,14328,16,0,False,False,14372.0,-44.0,785.6799926757812,69.15997314453125,1055.9500122070312,1701.333650879562
3856,set04,video_0010,4_10_1519,1,14336,16,0,False,False,14372.0,-36.0,787.3400268554688,71.010009765625,1054.7050170898438,1831.3422574698925
3857,set04,video_0010,4_10_1520,1,14392,16,0,False,False,14452.0,-60.0,792.4600219726562,79.8800048828125,1021.6650085449219,2034.5462596192956
3858,set04,video_0010,4_10_1520,1,14400,16,0,False,False,14452.0,-52.0,794.02001953125,83.95001220703125,1019.0600280761719,2182.7054412849247
3859,set04,video_0010,4_10_1520,1,14408,16,0,False,False,14452.0,-44.0,791.7999877929688,88.83001708984375,1016.1849670410156,2489.9025597162545
3860,set04,video_0010,4_10_1520,1,14416,16,0,False,False,14452.0,-36.0,794.1400146484375,93.260009765625,1014.1000061035156,2969.401215478778
3861,set04,video_0010,4_10_1521,1,14421,16,0,False,False,14481.0,-60.0,814.1599731445312,108.75994873046875,953.5750122070312,3844.6615323498845
3862,set04,video_0010,4_10_1521,1,14429,16,0,False,False,14481.0,-52.0,817.8400268554688,114.35003662109375,944.260009765625,4061.7155341804028
3863,set04,video_0010,4_10_1521,1,14437,16,0,False,False,14481.0,-44.0,822.4600219726562,118.5400390625,935.9150085449219,4225.948051512241
3864,set04,video_0010,4_10_1521,1,14445,16,0,False,False,14481.0,-36.0,829.9199829101562,118.53997802734375,930.4700012207031,4224.75931821391
3865,set04,video_0010,4_10_1522,1,14486,16,0,False,False,14546.0,-60.0,831.469970703125,115.29998779296875,879.614990234375,4859.897300414741
3866,set04,video_0010,4_10_1522,1,14494,16,0,False,False,14546.0,-52.0,832.989990234375,116.510009765625,876.875,5090.315499901772
3867,set04,video_0010,4_10_1522,1,14502,16,0,False,False,14546.0,-44.0,834.510009765625,117.71002197265625,874.1400146484375,5322.843745067716
3868,set04,video_0010,4_10_1522,1,14510,16,0,False,False,14546.0,-36.0,836.1500244140625,120.1800537109375,872.989990234375,5439.350404590368
3869,set04,video_0011,4_11_1523,0,567,16,0,False,False,,,804.75,90.82000732421875,1132.47998046875,2446.685675829649
3870,set04,video_0011,4_11_1523,0,575,16,0,False,False,,,818.0900268554688,100.510009765625,1153.4949951171875,2992.1849538087845
3871,set04,video_0011,4_11_1523,0,583,16,0,False,False,,,832.77001953125,114.19000244140625,1186.8499755859375,3992.078024804592
3872,set04,video_0011,4_11_1523,0,591,16,0,False,False,,,841.8800048828125,132.280029296875,1228.64501953125,5549.140770018101
3873,set04,video_0011,4_11_1524,0,569,16,0,False,False,,,807.8900146484375,83.09002685546875,1123.6000366210938,2319.8772012218833
3874,set04,video_0011,4_11_1524,0,577,16,0,False,False,,,819.1799926757812,94.57000732421875,1147.4550170898438,3134.998051635921
3875,set04,video_0011,4_11_1524,0,585,16,0,False,False,,,829.72998046875,106.15997314453125,1173.8550415039062,4071.232378296554
3876,set04,video_0011,4_11_1524,0,593,16,0,False,False,,,844.25,122.4000244140625,1211.864990234375,5780.950762450695
3877,set04,video_0011,4_11_1525,0,573,16,0,False,False,,,810.5499877929688,83.510009765625,1116.7449951171875,2704.8802455067635
3878,set04,video_0011,4_11_1525,0,581,16,0,False,False,,,820.9299926757812,94.77996826171875,1141.9649658203125,3411.1301321536303
3879,set04,video_0011,4_11_1525,0,589,16,0,False,False,,,831.7999877929688,108.6300048828125,1170.9450073242188,4326.72832070291
3880,set04,video_0011,4_11_1525,0,597,16,0,False,False,,,848.219970703125,125.8399658203125,1206.4599609375,5818.838790625334
3881,set04,video_0011,4_11_1534,0,13819,16,0,False,False,,,812.8800048828125,95.6199951171875,954.0899963378906,3352.43679536134
3882,set04,video_0011,4_11_1534,0,13827,16,0,False,False,,,816.2000122070312,104.3800048828125,1046.2999877929688,4112.5747407227755
3883,set04,video_0011,4_11_1534,0,13835,16,0,False,False,,,829.1400146484375,112.48004150390625,1142.405029296875,4327.1039013415575
3884,set04,video_0011,4_11_1534,0,13843,16,0,False,False,,,834.7999877929688,122.219970703125,1248.7250366210938,4750.689664453268
3885,set04,video_0011,4_11_1540,0,13831,16,0,False,False,,,812.9000244140625,89.760009765625,963.6650085449219,3022.217994824052
3886,set04,video_0011,4_11_1540,0,13839,16,0,False,False,,,823.52001953125,97.60003662109375,1054.969970703125,3583.8704853504896
3887,set04,video_0011,4_11_1540,0,13847,16,0,False,False,,,827.280029296875,105.75,1152.0650024414062,4076.654754638672
3888,set04,video_0011,4_11_1540,0,13855,16,0,False,False,,,836.47998046875,116.0,1260.7349853515625,4288.5166015625
3889,set04,video_0011,4_11_1526,0,702,16,0,False,False,,,788.7000122070312,85.1400146484375,541.7099914550781,3148.481275342405
3890,set04,video_0011,4_11_1526,0,710,16,0,False,False,,,797.0599975585938,98.02001953125,503.4849853515625,4162.907357811928
3891,set04,video_0011,4_11_1526,0,718,16,0,False,False,,,805.52001953125,111.8699951171875,468.6549987792969,4234.276583984494
3892,set04,video_0011,4_11_1526,0,726,16,0,False,False,,,813.2000122070312,126.82000732421875,417.9100036621094,6267.442594628781
3893,set04,video_0011,4_11_1531,0,3494,16,0,False,False,,,955.22998046875,323.02996826171875,530.6100158691406,34144.27158850059
3894,set04,video_0011,4_11_1531,0,3502,16,0,False,False,,,973.0700073242188,355.1500244140625,493.739990234375,39634.73405395448
3895,set04,video_0011,4_11_1531,0,3510,16,0,False,False,,,993.010009765625,389.8699951171875,452.72499084472656,49478.40250806883
3896,set04,video_0011,4_11_1531,0,3518,16,0,False,False,,,1016.9000244140625,428.25,403.3000030517578,59869.3578414917
3897,set04,video_0011,4_11_1532,1,4622,16,0,False,False,4682.0,-60.0,817.2000122070312,111.08001708984375,1393.0800170898438,4403.213504590094
3898,set04,video_0011,4_11_1532,1,4630,16,0,False,False,4682.0,-52.0,817.489990234375,111.3399658203125,1393.5599975585938,4524.857841894031
3899,set04,video_0011,4_11_1532,1,4638,16,0,False,False,4682.0,-44.0,817.77001953125,111.59002685546875,1394.0399780273438,4644.376372851431
3900,set04,video_0011,4_11_1532,1,4646,16,0,False,False,4682.0,-36.0,818.0499877929688,111.8399658203125,1394.5149536132812,4765.499305322766
3901,set04,video_0011,4_11_1533,0,13810,16,0,False,False,,,764.3099975585938,132.83001708984375,63.29999923706055,5799.358019168023
3902,set04,video_0011,4_11_1533,0,13818,16,0,False,False,,,775.5,137.739990234375,83.48499870300293,6012.35025846865
3903,set04,video_0011,4_11_1533,0,13826,16,0,False,False,,,770.5,139.6300048828125,96.80500030517578,8404.330334790051
3904,set04,video_0011,4_11_1533,0,13834,16,0,False,False,,,789.5,153.72998046875,104.96499633789062,9972.463082373142
3905,set04,video_0011,4_11_1536,0,13859,16,0,False,False,,,825.6199951171875,95.78997802734375,975.4500122070312,3111.2566154301167
3906,set04,video_0011,4_11_1536,0,13867,16,0,False,False,,,823.3900146484375,102.3800048828125,1047.5,3370.341762304306
3907,set04,video_0011,4_11_1536,0,13875,16,0,False,False,,,834.2100219726562,117.4100341796875,1120.7350463867188,4361.785636231303
3908,set04,video_0011,4_11_1536,0,13883,16,0,False,False,,,851.5999755859375,133.449951171875,1200.4500122070312,5778.373111575842
3909,set04,video_0011,4_11_1537,0,13843,16,0,False,False,,,820.5,109.96002197265625,951.0999755859375,5278.0810546875
3910,set04,video_0011,4_11_1537,0,13851,16,0,False,False,,,826.72998046875,119.13995361328125,1040.5849914550781,5848.583522435278
3911,set04,video_0011,4_11_1537,0,13859,16,0,False,False,,,837.1500244140625,132.5,1128.5800170898438,8305.107116699219
3912,set04,video_0011,4_11_1537,0,13867,16,0,False,False,,,841.5999755859375,145.67999267578125,1219.6599731445312,11345.558540917933
3913,set04,video_0011,4_11_1538,0,13836,16,0,False,False,,,830.7100219726562,110.98004150390625,908.510009765625,5673.299179784954
3914,set04,video_0011,4_11_1538,0,13844,16,0,False,False,,,837.9000244140625,118.2900390625,994.3400268554688,6638.436414599419
3915,set04,video_0011,4_11_1538,0,13852,16,0,False,False,,,847.0999755859375,131.3699951171875,1094.405029296875,7681.199765771627
3916,set04,video_0011,4_11_1538,0,13860,16,0,False,False,,,859.0,146.19000244140625,1200.5399780273438,9952.608941845596
3917,set04,video_0011,4_11_1539,0,13833,16,0,False,False,,,826.219970703125,112.03997802734375,926.8450012207031,4157.808781761676
3918,set04,video_0011,4_11_1539,0,13841,16,0,False,False,,,835.030029296875,121.1500244140625,1015.7750244140625,4762.41455835104
3919,set04,video_0011,4_11_1539,0,13849,16,0,False,False,,,840.5999755859375,132.449951171875,1110.75,5814.539921879768
3920,set04,video_0011,4_11_1539,0,13857,16,0,False,False,,,856.8300170898438,149.6600341796875,1215.989990234375,6707.772962599993
3921,set04,video_0012,4_12_1634,0,20787,16,0,False,False,,,799.3400268554688,84.550048828125,1073.8300170898438,1831.3569475114346
3922,set04,video_0012,4_12_1634,0,20795,16,0,False,False,,,807.2000122070312,95.97003173828125,1094.5800170898438,2261.0478559061885
3923,set04,video_0012,4_12_1634,0,20803,16,0,False,False,,,813.1799926757812,110.95001220703125,1119.9750366210938,3478.2801739498973
3924,set04,video_0012,4_12_1634,0,20811,16,0,False,False,,,830.52001953125,127.550048828125,1155.1900024414062,4456.606802493334
3925,set04,video_0012,4_12_1546,0,1110,16,0,False,False,,,820.9000244140625,122.19000244140625,1269.155029296875,4209.439617797732
3926,set04,video_0012,4_12_1546,0,1118,16,0,False,False,,,829.4199829101562,135.80999755859375,1310.2949829101562,5792.299711547792
3927,set04,video_0012,4_12_1546,0,1126,16,0,False,False,,,839.97998046875,154.1199951171875,1361.0650024414062,7988.03257407248
3928,set04,video_0012,4_12_1546,0,1134,16,0,False,False,,,848.719970703125,176.47998046875,1423.1749877929688,8889.295754492283
3929,set04,video_0012,4_12_1547,0,1114,16,0,False,False,,,819.2999877929688,114.41998291015625,1274.6500244140625,4437.210289403796
3930,set04,video_0012,4_12_1547,0,1122,16,0,False,False,,,825.260009765625,127.60003662109375,1314.0250244140625,5495.742299929261
3931,set04,video_0012,4_12_1547,0,1130,16,0,False,False,,,832.3200073242188,143.6600341796875,1360.489990234375,6306.661471188068
3932,set04,video_0012,4_12_1547,0,1138,16,0,False,False,,,840.75,165.219970703125,1414.885009765625,9405.961637794971
3933,set04,video_0012,4_12_1548,0,1452,16,0,False,False,,,864.5,157.6300048828125,1175.1199951171875,8095.893983691931
3934,set04,video_0012,4_12_1548,0,1460,16,0,False,False,,,880.0999755859375,174.1099853515625,1202.425048828125,9964.31106108427
3935,set04,video_0012,4_12_1548,0,1468,16,0,False,False,,,901.1599731445312,200.949951171875,1242.3099975585938,12012.769438236952
3936,set04,video_0012,4_12_1548,0,1476,16,0,False,False,,,924.9199829101562,227.3499755859375,1287.4199829101562,14468.55577661097
3937,set04,video_0012,4_12_1557,1,4010,16,0,False,False,4070.0,-60.0,829.3699951171875,150.02001953125,1469.0399780273438,6960.932568848133
3938,set04,video_0012,4_12_1557,1,4018,16,0,False,False,4070.0,-52.0,848.530029296875,168.0400390625,1456.219970703125,9033.834141016006
3939,set04,video_0012,4_12_1557,1,4026,16,0,False,False,4070.0,-44.0,856.7000122070312,172.54998779296875,1447.5450439453125,12207.911636352539
3940,set04,video_0012,4_12_1557,1,4034,16,0,False,False,4070.0,-36.0,865.5399780273438,179.57000732421875,1422.7200317382812,11880.357822217047
3941,set04,video_0012,4_12_1562,0,4566,16,0,False,False,,,898.2899780273438,200.1099853515625,1217.2050170898438,14698.093080565333
3942,set04,video_0012,4_12_1562,0,4574,16,0,False,False,,,914.1500244140625,220.20001220703125,1247.3999633789062,18408.715644530952
3943,set04,video_0012,4_12_1562,0,4582,16,0,False,False,,,932.1400146484375,243.58001708984375,1286.280029296875,23076.768440380692
3944,set04,video_0012,4_12_1562,0,4590,16,0,False,False,,,953.3099975585938,269.3499755859375,1334.4700317382812,28906.624912843108
3945,set04,video_0012,4_12_1568,0,4665,16,0,False,False,,,875.3400268554688,189.94000244140625,1284.9349975585938,10919.672071509063
3946,set04,video_0012,4_12_1568,0,4673,16,0,False,False,,,890.6099853515625,212.76995849609375,1321.9600219726562,13744.934124268591
3947,set04,video_0012,4_12_1568,0,4681,16,0,False,False,,,905.0900268554688,232.5400390625,1368.6799926757812,16584.743095993996
3948,set04,video_0012,4_12_1568,0,4689,16,0,False,False,,,925.030029296875,262.02001953125,1421.530029296875,21234.112617969513
3949,set04,video_0012,4_12_1569,0,4660,16,0,False,False,,,869.7000122070312,187.22003173828125,1293.1849975585938,10677.141040988266
3950,set04,video_0012,4_12_1569,0,4668,16,0,False,False,,,884.1799926757812,209.1099853515625,1335.3150024414062,14213.22510419786
3951,set04,video_0012,4_12_1569,0,4676,16,0,False,False,,,899.1900024414062,233.80999755859375,1377.625,17739.191914379597
3952,set04,video_0012,4_12_1569,0,4684,16,0,False,False,,,919.9099731445312,260.87994384765625,1434.3300170898438,21345.182993508875
3953,set04,video_0012,4_12_1574,1,5378,16,0,False,False,5438.0,-60.0,813.8699951171875,101.8499755859375,1135.3099975585938,3546.4106794446707
3954,set04,video_0012,4_12_1574,1,5386,16,0,False,False,5438.0,-52.0,816.030029296875,103.62005615234375,1139.2849731445312,3646.396353445947
3955,set04,video_0012,4_12_1574,1,5394,16,0,False,False,5438.0,-44.0,818.4000244140625,106.46002197265625,1141.77001953125,3804.8801456540823
3956,set04,video_0012,4_12_1574,1,5402,16,0,False,False,5438.0,-36.0,821.1500244140625,109.05999755859375,1144.6199951171875,4085.3832483887672
3957,set04,video_0012,4_12_1575,1,5424,16,0,False,False,5484.0,-60.0,824.3900146484375,109.5400390625,1223.905029296875,4404.600691795349
3958,set04,video_0012,4_12_1575,1,5432,16,0,False,False,5484.0,-52.0,826.0999755859375,112.77996826171875,1231.9450073242188,4839.392292894423
3959,set04,video_0012,4_12_1575,1,5440,16,0,False,False,5484.0,-44.0,830.0999755859375,116.5,1231.239990234375,5032.7943115234375
3960,set04,video_0012,4_12_1575,1,5448,16,0,False,False,5484.0,-36.0,830.239990234375,117.41998291015625,1231.3399658203125,5081.940300390124
3961,set04,video_0012,4_12_1576,1,5444,16,0,False,False,5504.0,-60.0,823.3300170898438,108.3699951171875,1207.7899780273438,3730.099994286895
3962,set04,video_0012,4_12_1576,1,5452,16,0,False,False,5504.0,-52.0,822.7000122070312,108.3599853515625,1212.0599975585938,3729.7554577142
3963,set04,video_0012,4_12_1576,1,5460,16,0,False,False,5504.0,-44.0,824.7999877929688,113.75,1211.2250366210938,3793.5597229003906
3964,set04,video_0012,4_12_1576,1,5468,16,0,False,False,5504.0,-36.0,825.8800048828125,114.77001953125,1211.675048828125,3985.9605367183685
3965,set04,video_0012,4_12_1578,0,6006,16,0,False,False,,,827.0999755859375,137.699951171875,1137.3200073242188,5447.401327639818
3966,set04,video_0012,4_12_1578,0,6014,16,0,False,False,,,844.4000244140625,156.86004638671875,1168.614990234375,7254.777145385742
3967,set04,video_0012,4_12_1578,0,6022,16,0,False,False,,,857.8400268554688,182.05999755859375,1209.3350219726562,9811.215935327113
3968,set04,video_0012,4_12_1578,0,6030,16,0,False,False,,,879.280029296875,208.6600341796875,1259.0549926757812,13331.292640283704
3969,set04,video_0012,4_12_1579,0,6010,16,0,False,False,,,828.0,123.6199951171875,1149.7899780273438,4435.486028417945
3970,set04,video_0012,4_12_1579,0,6018,16,0,False,False,,,839.7999877929688,145.83001708984375,1171.6050415039062,6356.725460521877
3971,set04,video_0012,4_12_1579,0,6026,16,0,False,False,,,853.27001953125,164.8900146484375,1211.0800170898438,7964.1756306141615
3972,set04,video_0012,4_12_1579,0,6034,16,0,False,False,,,876.219970703125,193.5699462890625,1252.75,10847.66735136509
3973,set04,video_0012,4_12_1581,1,6434,16,0,False,False,6494.0,-60.0,832.02001953125,124.83001708984375,1078.5800170898438,6920.584071241319
3974,set04,video_0012,4_12_1581,1,6442,16,0,False,False,6494.0,-52.0,838.3200073242188,132.75,1079.9550170898438,8056.605926513672
3975,set04,video_0012,4_12_1581,1,6450,16,0,False,False,6494.0,-44.0,842.4199829101562,139.16998291015625,1083.4600219726562,9341.088573388755
3976,set04,video_0012,4_12_1581,1,6458,16,0,False,False,6494.0,-36.0,845.780029296875,145.08001708984375,1087.6749877929688,10728.67788977176
3977,set04,video_0012,4_12_1590,0,12831,16,0,False,False,,,951.4199829101562,220.76995849609375,1532.2799682617188,19560.21293286234
3978,set04,video_0012,4_12_1590,0,12839,16,0,False,False,,,970.4600219726562,236.2900390625,1551.9450073242188,18069.121208548546
3979,set04,video_0012,4_12_1590,0,12847,16,0,False,False,,,988.7000122070312,261.29998779296875,1573.0349731445312,26676.106822632253
3980,set04,video_0012,4_12_1590,0,12855,16,0,False,False,,,988.3499755859375,271.0999755859375,1615.5349731445312,24916.808022215962
3981,set04,video_0012,4_12_1591,0,12814,16,0,False,False,,,936.1599731445312,237.94000244140625,1572.7150268554688,20446.19718977064
3982,set04,video_0012,4_12_1591,0,12822,16,0,False,False,,,945.8800048828125,257.69000244140625,1594.3400268554688,17605.36712602526
3983,set04,video_0012,4_12_1591,0,12830,16,0,False,False,,,963.7999877929688,291.04998779296875,1618.6699829101562,17364.052219726145
3984,set04,video_0012,4_12_1591,0,12838,16,0,False,False,,,985.9000244140625,316.11004638671875,1649.1300048828125,26420.502373099327
3985,set04,video_0012,4_12_1599,1,12996,16,0,False,False,13051.0,-55.0,816.030029296875,98.550048828125,753.25,4357.880271971226
3986,set04,video_0012,4_12_1599,1,13004,16,0,False,False,13051.0,-47.0,816.989990234375,97.80999755859375,754.5950012207031,4353.517976660281
3987,set04,video_0012,4_12_1599,1,13012,16,0,False,False,13051.0,-39.0,822.2000122070312,102.6199951171875,755.375,5320.844241455197
3988,set04,video_0012,4_12_1599,1,13020,16,0,False,False,13051.0,-31.0,824.3599853515625,106.28997802734375,749.760009765625,6564.470080956817
3989,set04,video_0012,4_12_1558,0,4421,16,0,False,False,,,909.4400024414062,261.32000732421875,268.18499755859375,23223.507774926722
3990,set04,video_0012,4_12_1558,0,4429,16,0,False,False,,,915.7000122070312,271.510009765625,234.76000213623047,23480.18448451534
3991,set04,video_0012,4_12_1558,0,4437,16,0,False,False,,,922.2999877929688,296.40997314453125,195.8949966430664,27071.12339003291
3992,set04,video_0012,4_12_1558,0,4445,16,0,False,False,,,934.97998046875,322.63995361328125,161.6099967956543,35548.47018757323
3993,set04,video_0012,4_12_1559,0,4447,16,0,False,False,,,936.1500244140625,273.73004150390625,299.0699920654297,23288.948255578056
3994,set04,video_0012,4_12_1559,0,4455,16,0,False,False,,,953.47998046875,293.8699951171875,286.93499755859375,30506.64347565919
3995,set04,video_0012,4_12_1559,0,4463,16,0,False,False,,,959.97998046875,306.64996337890625,259.75,32523.29436730966
3996,set04,video_0012,4_12_1559,0,4471,16,0,False,False,,,967.2000122070312,332.27001953125,222.77000427246094,34841.83952088654
3997,set04,video_0012,4_12_1600,0,14984,16,0,False,False,,,863.1799926757812,183.219970703125,365.2100067138672,10300.626976586878
3998,set04,video_0012,4_12_1600,0,14992,16,0,False,False,,,873.0999755859375,194.239990234375,330.6599884033203,10737.586423046887
3999,set04,video_0012,4_12_1600,0,15000,16,0,False,False,,,874.260009765625,209.94000244140625,292.0,11932.995376806706
4000,set04,video_0012,4_12_1600,0,15008,16,0,False,False,,,881.9199829101562,225.79998779296875,248.48500061035156,14159.915305053815
4001,set04,video_0012,4_12_1601,0,14974,16,0,False,False,,,860.2000122070312,189.57000732421875,390.22499084472656,8949.598425915465
4002,set04,video_0012,4_12_1601,0,14982,16,0,False,False,,,868.25,202.469970703125,351.5899963378906,9884.585452660918
4003,set04,video_0012,4_12_1601,0,14990,16,0,False,False,,,876.719970703125,216.7099609375,309.260009765625,11216.909694433212
4004,set04,video_0012,4_12_1601,0,14998,16,0,False,False,,,883.2999877929688,231.7099609375,265.4199981689453,13531.860304504633
4005,set04,video_0012,4_12_1611,0,17667,16,0,False,False,,,875.0800170898438,197.09002685546875,1222.0900268554688,13193.218908302486
4006,set04,video_0012,4_12_1611,0,17675,16,0,False,False,,,890.280029296875,221.1800537109375,1247.6749877929688,17891.257784619927
4007,set04,video_0012,4_12_1611,0,17683,16,0,False,False,,,907.8200073242188,247.82000732421875,1267.2949829101562,20492.252136401832
4008,set04,video_0012,4_12_1611,0,17691,16,0,False,False,,,929.0999755859375,286.1199951171875,1311.2999877929688,27295.85451953113
4009,set04,video_0012,4_12_1614,1,17836,16,0,False,False,17896.0,-60.0,920.4000244140625,225.96002197265625,713.9400024414062,16160.665184766054
4010,set04,video_0012,4_12_1614,1,17844,16,0,False,False,17896.0,-52.0,943.2999877929688,248.33001708984375,788.0899963378906,19185.964388597757
4011,set04,video_0012,4_12_1614,1,17852,16,0,False,False,17896.0,-44.0,962.739990234375,263.52996826171875,871.614990234375,22465.929794311523
4012,set04,video_0012,4_12_1614,1,17860,16,0,False,False,17896.0,-36.0,986.1799926757812,283.67999267578125,958.5499877929688,38325.160084716976
4013,set04,video_0012,4_12_1615,0,17671,16,0,False,False,,,872.5999755859375,190.3800048828125,1282.7699584960938,10535.62296308577
4014,set04,video_0012,4_12_1615,0,17679,16,0,False,False,,,886.6799926757812,210.6300048828125,1312.6699829101562,15304.383354052901
4015,set04,video_0012,4_12_1615,0,17687,16,0,False,False,,,900.0399780273438,234.219970703125,1345.260009765625,15767.704438865185
4016,set04,video_0012,4_12_1615,0,17695,16,0,False,False,,,914.6799926757812,263.55999755859375,1394.4049682617188,19353.224776782095
4017,set04,video_0012,4_12_1624,0,18838,16,0,False,False,,,834.1400146484375,153.08001708984375,1205.8350219726562,14721.711970679462
4018,set04,video_0012,4_12_1624,0,18846,16,0,False,False,,,849.5800170898438,169.280029296875,1234.9249877929688,17616.963556736708
4019,set04,video_0012,4_12_1624,0,18854,16,0,False,False,,,870.8300170898438,195.09002685546875,1282.4949951171875,22804.052282199264
4020,set04,video_0012,4_12_1624,0,18862,16,0,False,False,,,892.7999877929688,222.989990234375,1332.8300170898438,29019.920595556498
4021,set04,video_0012,4_12_1627,0,19908,16,0,False,False,,,921.7000122070312,301.1400146484375,1751.5549926757812,28478.79501079023
4022,set04,video_0012,4_12_1627,0,19916,16,0,False,False,,,942.7999877929688,320.30999755859375,1732.239990234375,31813.21085371077
4023,set04,video_0012,4_12_1627,0,19924,16,0,False,False,,,954.0399780273438,340.75994873046875,1726.2850341796875,36880.442595630884
4024,set04,video_0012,4_12_1627,0,19932,16,0,False,False,,,995.02001953125,377.57000732421875,1716.9199829101562,40641.64111918956
4025,set04,video_0012,4_12_1633,0,20793,16,0,False,False,,,797.760009765625,88.35003662109375,1069.8800048828125,3063.9732304662466
4026,set04,video_0012,4_12_1633,0,20801,16,0,False,False,,,802.280029296875,96.6600341796875,1093.844970703125,3772.643965870142
4027,set04,video_0012,4_12_1633,0,20809,16,0,False,False,,,812.2000122070312,107.8699951171875,1126.3900146484375,4467.966770410538
4028,set04,video_0012,4_12_1633,0,20817,16,0,False,False,,,829.3800048828125,127.42999267578125,1172.8599853515625,4653.745821386576
4029,set04,video_0012,4_12_1602,0,15026,16,0,False,False,,,837.719970703125,174.16998291015625,266.61000061035156,12926.89634420164
4030,set04,video_0012,4_12_1602,0,15034,16,0,False,False,,,842.7000122070312,184.48004150390625,243.0199966430664,13791.726889452897
4031,set04,video_0012,4_12_1602,0,15042,16,0,False,False,,,860.5999755859375,204.28997802734375,214.99000549316406,15162.402418566868
4032,set04,video_0012,4_12_1602,0,15050,16,0,False,False,,,873.1599731445312,217.28997802734375,184.68000030517578,17861.23553073127
4033,set04,video_0012,4_12_1587,0,12540,16,0,False,False,,,920.3800048828125,299.52001953125,79.61499977111816,25797.65960214846
4034,set04,video_0012,4_12_1587,0,12548,16,0,False,False,,,929.5,311.80999755859375,77.96500015258789,26463.315349209588
4035,set04,video_0012,4_12_1587,0,12556,16,0,False,False,,,928.3800048828125,318.94000244140625,65.70499897003174,27017.406706483453
4036,set04,video_0012,4_12_1587,0,12564,16,0,False,False,,,930.4199829101562,321.6099853515625,56.189998626708984,28468.91482369695
4037,set04,video_0012,4_12_1589,1,12533,16,0,False,False,12593.0,-60.0,828.0800170898438,133.35003662109375,422.2900085449219,9102.47480200231
4038,set04,video_0012,4_12_1589,1,12541,16,0,False,False,12593.0,-52.0,832.3599853515625,139.969970703125,436.89500427246094,7845.319420836866
4039,set04,video_0012,4_12_1589,1,12549,16,0,False,False,12593.0,-44.0,835.9000244140625,139.77001953125,458.05999755859375,10465.979744970798
4040,set04,video_0012,4_12_1589,1,12557,16,0,False,False,12593.0,-36.0,837.4000244140625,148.1800537109375,473.1699981689453,8259.559268873185
4041,set04,video_0013,4_13_1641,0,6364,16,0,False,False,,,804.8800048828125,80.29998779296875,1149.9249877929688,2054.8739429935813
4042,set04,video_0013,4_13_1641,0,6372,16,0,False,False,,,813.72998046875,91.6099853515625,1188.550048828125,2566.9135788083076
4043,set04,video_0013,4_13_1641,0,6380,16,0,False,False,,,823.1199951171875,102.91998291015625,1228.1749877929688,3133.9210176989436
4044,set04,video_0013,4_13_1641,0,6388,16,0,False,False,,,830.8099975585938,120.71002197265625,1273.5399780273438,4183.813487403095
4045,set04,video_0013,4_13_1646,0,7991,16,0,False,False,,,772.6300048828125,63.54998779296875,528.4249877929688,993.2866195067763
4046,set04,video_0013,4_13_1646,0,7999,16,0,False,False,,,772.0399780273438,69.15997314453125,484.97999572753906,1170.1876742672175
4047,set04,video_0013,4_13_1646,0,8007,16,0,False,False,,,767.3800048828125,75.96002197265625,433.54998779296875,1362.7229796387255
4048,set04,video_0013,4_13_1646,0,8015,16,0,False,False,,,773.0900268554688,84.11004638671875,377.2449951171875,1570.3331286124885
4049,set04,video_0013,4_13_1647,0,7990,16,0,False,False,,,775.6799926757812,62.219970703125,541.635009765625,1072.048879981041
4050,set04,video_0013,4_13_1647,0,7998,16,0,False,False,,,775.260009765625,68.41998291015625,495.7849884033203,1187.0871210936457
4051,set04,video_0013,4_13_1647,0,8006,16,0,False,False,,,770.8599853515625,74.6199951171875,446.55499267578125,1302.1198256835341
4052,set04,video_0013,4_13_1647,0,8014,16,0,False,False,,,778.0800170898438,81.780029296875,388.9700012207031,1650.3203922361135
4053,set04,video_0013,4_13_1648,0,12511,16,0,False,False,,,797.8900146484375,83.8599853515625,502.85499572753906,2623.979658227414
4054,set04,video_0013,4_13_1648,0,12519,16,0,False,False,,,799.4500122070312,90.20001220703125,461.36000061035156,3055.9741013180465
4055,set04,video_0013,4_13_1648,0,12527,16,0,False,False,,,801.02001953125,96.5400390625,419.86500549316406,3520.8153424561024
4056,set04,video_0013,4_13_1648,0,12535,16,0,False,False,,,801.7999877929688,104.8499755859375,372.1850128173828,4046.1601738892496
4057,set04,video_0013,4_13_1649,0,12530,16,0,False,False,,,807.02001953125,87.95001220703125,1277.5850219726562,2458.209282837808
4058,set04,video_0013,4_13_1649,0,12538,16,0,False,False,,,809.8400268554688,95.19000244140625,1309.1749877929688,2887.1085908934474
4059,set04,video_0013,4_13_1649,0,12546,16,0,False,False,,,810.9600219726562,102.4000244140625,1350.0449829101562,3320.838291749358
4060,set04,video_0013,4_13_1649,0,12554,16,0,False,False,,,813.9000244140625,111.6600341796875,1401.5399780273438,3948.297172948718
4061,set04,video_0013,4_13_1639,0,2447,16,0,False,False,,,805.47998046875,98.010009765625,1095.5599975585938,3453.8837511241436
4062,set04,video_0013,4_13_1639,0,2455,16,0,False,False,,,813.8900146484375,110.94000244140625,1122.1400146484375,4293.372677490115
4063,set04,video_0013,4_13_1639,0,2463,16,0,False,False,,,830.4600219726562,124.300048828125,1159.3699951171875,5717.80224609375
4064,set04,video_0013,4_13_1639,0,2471,16,0,False,False,,,844.27001953125,147.010009765625,1207.6050415039062,8137.000451415777
4065,set04,video_0013,4_13_1640,0,2449,16,0,False,False,,,804.6099853515625,82.6099853515625,1088.614990234375,2168.5121154785156
4066,set04,video_0013,4_13_1640,0,2457,16,0,False,False,,,814.969970703125,96.449951171875,1117.2750244140625,2917.6110229492188
4067,set04,video_0013,4_13_1640,0,2465,16,0,False,False,,,827.6500244140625,110.52001953125,1152.2200317382812,3854.938820898533
4068,set04,video_0013,4_13_1640,0,2473,16,0,False,False,,,847.6799926757812,131.44000244140625,1196.4600219726562,5378.530676074326
4069,set04,video_0013,4_13_1642,0,6359,16,0,False,False,,,801.989990234375,71.83001708984375,1181.4099731445312,1407.866581298411
4070,set04,video_0013,4_13_1642,0,6367,16,0,False,False,,,809.5800170898438,81.19000244140625,1221.5999755859375,1786.1800537109375
4071,set04,video_0013,4_13_1642,0,6375,16,0,False,False,,,818.7000122070312,91.10003662109375,1269.5399780273438,2239.2348967269063
4072,set04,video_0013,4_13_1642,0,6383,16,0,False,False,,,825.5999755859375,102.3599853515625,1320.1649780273438,2873.2392909675837
4073,set04,video_0013,4_13_1650,0,12537,16,0,False,False,,,807.7999877929688,88.80999755859375,1220.635009765625,2888.991822436452
4074,set04,video_0013,4_13_1650,0,12545,16,0,False,False,,,817.4000244140625,94.6300048828125,1249.0350341796875,3381.1282262206078
4075,set04,video_0013,4_13_1650,0,12553,16,0,False,False,,,821.719970703125,110.50994873046875,1286.2749633789062,4514.328707642853
4076,set04,video_0013,4_13_1650,0,12561,16,0,False,False,,,831.5700073242188,121.1099853515625,1337.5800170898438,5667.93844409287
4077,set04,video_0013,4_13_1651,0,12535,16,0,False,False,,,805.0399780273438,88.3800048828125,1236.0950317382812,2201.5489424318075
4078,set04,video_0013,4_13_1651,0,12543,16,0,False,False,,,811.8300170898438,96.83001708984375,1269.7850341796875,2731.5709996819496
4079,set04,video_0013,4_13_1651,0,12551,16,0,False,False,,,817.6199951171875,107.90997314453125,1306.3800048828125,3362.4652789086103
4080,set04,video_0013,4_13_1651,0,12559,16,0,False,False,,,827.3599853515625,123.77996826171875,1359.0650024414062,4350.868906371295
4081,set04,video_0013,4_13_1652,0,12533,16,0,False,False,,,811.0499877929688,98.3399658203125,1350.0099487304688,3135.078590527177
4082,set04,video_0013,4_13_1652,0,12541,16,0,False,False,,,814.5800170898438,108.9000244140625,1385.0399780273438,3711.308046385646
4083,set04,video_0013,4_13_1652,0,12549,16,0,False,False,,,825.219970703125,123.5799560546875,1431.06005859375,4819.6182861328125
4084,set04,video_0014,4_14_1659,0,3605,16,0,False,False,,,789.2000122070312,65.72003173828125,678.7749938964844,1580.5659610591829
4085,set04,video_0014,4_14_1659,0,3613,16,0,False,False,,,793.8300170898438,72.989990234375,647.5499877929688,2135.687827050686
4086,set04,video_0014,4_14_1659,0,3621,16,0,False,False,,,799.2000122070312,82.10003662109375,611.3499755859375,2586.151153564453
4087,set04,video_0014,4_14_1659,0,3629,16,0,False,False,,,810.0499877929688,92.69000244140625,556.2699890136719,3043.9421694092453
4088,set04,video_0014,4_14_1664,0,12140,16,0,False,False,,,831.4600219726562,82.85003662109375,1182.875,2231.1458226293325
4089,set04,video_0014,4_14_1664,0,12148,16,0,False,False,,,838.5499877929688,92.6099853515625,1210.050048828125,2707.9150672852993
4090,set04,video_0014,4_14_1664,0,12156,16,0,False,False,,,846.7000122070312,104.77001953125,1243.3199462890625,3327.496843457222
4091,set04,video_0014,4_14_1664,0,12164,16,0,False,False,,,859.4199829101562,120.70001220703125,1286.1099853515625,4465.900451660156
4092,set04,video_0014,4_14_1667,0,16587,16,0,False,False,,,785.1599731445312,70.87994384765625,547.364990234375,1730.1818519756198
4093,set04,video_0014,4_14_1667,0,16595,16,0,False,False,,,789.5399780273438,77.239990234375,500.3300018310547,1994.3347563967109
4094,set04,video_0014,4_14_1667,0,16603,16,0,False,False,,,793.010009765625,84.9000244140625,443.25,2484.1755434572697
4095,set04,video_0014,4_14_1667,0,16611,16,0,False,False,,,793.2999877929688,93.72998046875,373.3000030517578,2967.491524890065
4096,set04,video_0014,4_14_1668,0,16585,16,0,False,False,,,781.0700073242188,67.97003173828125,535.9250183105469,1245.8918433599174
4097,set04,video_0014,4_14_1668,0,16593,16,0,False,False,,,783.7899780273438,73.39996337890625,493.3000030517578,1522.316763671115
4098,set04,video_0014,4_14_1668,0,16601,16,0,False,False,,,786.2999877929688,80.08001708984375,438.2550048828125,1762.5619581788778
4099,set04,video_0014,4_14_1668,0,16609,16,0,False,False,,,787.02001953125,89.44000244140625,372.375,2070.5382401123643
4100,set04,video_0014,4_14_1669,0,16591,16,0,False,False,,,787.239990234375,67.27996826171875,535.9950256347656,1475.4492112062871
4101,set04,video_0014,4_14_1669,0,16599,16,0,False,False,,,791.5599975585938,74.77996826171875,487.94000244140625,1959.2360812984407
4102,set04,video_0014,4_14_1669,0,16607,16,0,False,False,,,793.8499755859375,82.69000244140625,427.7049865722656,2496.4113755859435
4103,set04,video_0014,4_14_1669,0,16615,16,0,False,False,,,791.7999877929688,87.40997314453125,358.69000244140625,3026.1328434571624
4104,set04,video_0014,4_14_1660,0,4034,16,0,False,False,,,799.0,75.15997314453125,1147.7949829101562,2453.974958129227
4105,set04,video_0014,4_14_1660,0,4042,16,0,False,False,,,806.1900024414062,82.84002685546875,1190.85498046875,3100.6965423077345
4106,set04,video_0014,4_14_1660,0,4050,16,0,False,False,,,816.02001953125,93.3900146484375,1238.0750122070312,3975.6079075187445
4107,set04,video_0014,4_14_1660,0,4058,16,0,False,False,,,825.219970703125,105.04998779296875,1288.9949951171875,5066.558859497309
4108,set04,video_0014,4_14_1661,0,8332,16,0,False,False,,,772.3400268554688,61.4000244140625,499.2850036621094,1102.1311877444386
4109,set04,video_0014,4_14_1661,0,8340,16,0,False,False,,,774.1699829101562,66.7099609375,464.4399871826172,1278.1630958616734
4110,set04,video_0014,4_14_1661,0,8348,16,0,False,False,,,773.5599975585938,71.33001708984375,423.68499755859375,1515.7628631591797
4111,set04,video_0014,4_14_1661,0,8356,16,0,False,False,,,776.1199951171875,79.489990234375,375.75,1909.3511179685593
4112,set04,video_0014,4_14_1662,0,8336,16,0,False,False,,,768.8499755859375,60.04998779296875,448.6499938964844,1166.1697366945446
4113,set04,video_0014,4_14_1662,0,8344,16,0,False,False,,,767.719970703125,61.42999267578125,417.2899932861328,1192.9712826292962
4114,set04,video_0014,4_14_1662,0,8352,16,0,False,False,,,767.9000244140625,68.99005126953125,381.7050018310547,1296.3236528690904
4115,set04,video_0014,4_14_1662,0,8360,16,0,False,False,,,774.5,76.780029296875,337.26499938964844,1705.2837946042418
4116,set04,video_0014,4_14_1665,0,12573,16,0,False,False,,,784.5,54.8499755859375,570.9100036621094,854.5635570064187
4117,set04,video_0014,4_14_1665,0,12581,16,0,False,False,,,785.1699829101562,58.17999267578125,536.2699890136719,882.0071265138686
4118,set04,video_0014,4_14_1665,0,12589,16,0,False,False,,,789.2000122070312,64.6500244140625,494.0399932861328,1153.3561987914145
4119,set04,video_0014,4_14_1665,0,12597,16,0,False,False,,,791.52001953125,70.71002197265625,438.9600067138672,1425.5143019165844
4120,set04,video_0014,4_14_1666,0,15419,16,0,False,False,,,821.4600219726562,133.6600341796875,1589.1300048828125,4774.332505077124
4121,set04,video_0014,4_14_1666,0,15427,16,0,False,False,,,823.5399780273438,135.739990234375,1604.7949829101562,4700.676524609327
4122,set04,video_0014,4_14_1666,0,15435,16,0,False,False,,,824.0800170898438,141.52001953125,1629.2850341796875,4883.857256054878
4123,set04,video_0014,4_14_1666,0,15443,16,0,False,False,,,825.5,150.260009765625,1659.239990234375,5217.023136913776
4124,set04,video_0014,4_14_1670,0,16742,16,0,False,False,,,822.6099853515625,117.1099853515625,1147.0850219726562,4908.083488866687
4125,set04,video_0014,4_14_1670,0,16750,16,0,False,False,,,833.510009765625,123.25,1111.5149536132812,5379.865509033203
4126,set04,video_0014,4_14_1670,0,16758,16,0,False,False,,,837.4500122070312,131.34002685546875,1042.4450378417969,6169.045229908079
4127,set04,video_0014,4_14_1670,0,16766,16,0,False,False,,,842.1099853515625,139.739990234375,940.85498046875,7284.64637324214
4128,set04,video_0014,4_14_1671,0,16738,16,0,False,False,,,824.0999755859375,110.75994873046875,1071.4849853515625,5031.816899344325
4129,set04,video_0014,4_14_1671,0,16746,16,0,False,False,,,830.969970703125,113.6199951171875,1040.10498046875,5284.467082470655
4130,set04,video_0014,4_14_1671,0,16754,16,0,False,False,,,839.75,121.17999267578125,982.8949890136719,5963.270102221519
4131,set04,video_0014,4_14_1671,0,16762,16,0,False,False,,,840.4000244140625,128.08001708984375,888.0499877929688,6680.658069141209
4132,set04,video_0015,4_15_1672,0,838,16,0,False,False,,,829.3900146484375,128.10003662109375,441.6750030517578,4669.243989257142
4133,set04,video_0015,4_15_1672,0,846,16,0,False,False,,,834.6300048828125,136.8800048828125,414.19000244140625,5404.019919335842
4134,set04,video_0015,4_15_1672,0,854,16,0,False,False,,,840.3300170898438,149.11004638671875,377.7799987792969,6516.110847290605
4135,set04,video_0015,4_15_1672,0,862,16,0,False,False,,,846.22998046875,163.3699951171875,337.4750061035156,7751.908262573183
4136,set04,video_0015,4_15_1673,0,835,16,0,False,False,,,821.760009765625,119.9000244140625,1396.0900268554688,3757.662666991353
4137,set04,video_0015,4_15_1673,0,843,16,0,False,False,,,827.6500244140625,126.6700439453125,1438.2249755859375,4302.977681785822
4138,set04,video_0015,4_15_1673,0,851,16,0,False,False,,,834.1699829101562,139.42999267578125,1484.3050537109375,4672.300416186452
4139,set04,video_0015,4_15_1673,0,859,16,0,False,False,,,838.72998046875,153.510009765625,1541.06494140625,5795.002868652344
4140,set04,video_0015,4_15_1674,0,1009,16,0,False,False,,,828.7999877929688,134.40997314453125,1252.4600219726562,8239.32150927931
4141,set04,video_0015,4_15_1674,0,1017,16,0,False,False,,,839.739990234375,148.2099609375,1283.5499877929688,10404.350113034248
4142,set04,video_0015,4_15_1674,0,1025,16,0,False,False,,,855.030029296875,166.8900146484375,1328.3450317382812,13155.932520702481
4143,set04,video_0015,4_15_1674,0,1033,16,0,False,False,,,868.2000122070312,185.5400390625,1384.844970703125,16225.467356443405
4144,set04,video_0015,4_15_1675,0,992,16,0,False,False,,,859.25,132.90997314453125,1313.5750122070312,4459.11986438185
4145,set04,video_0015,4_15_1675,0,1000,16,0,False,False,,,859.5999755859375,146.29998779296875,1347.97998046875,5372.131265625358
4146,set04,video_0015,4_15_1675,0,1008,16,0,False,False,,,847.7100219726562,161.5400390625,1387.3550415039062,6521.370588183403
4147,set04,video_0015,4_15_1675,0,1016,16,0,False,False,,,858.5,182.3599853515625,1440.219970703125,8290.077810645103
4148,set04,video_0015,4_15_1676,0,996,16,0,False,False,,,855.530029296875,137.08001708984375,1309.3650512695312,5259.759586401284
4149,set04,video_0015,4_15_1676,0,1004,16,0,False,False,,,848.72998046875,151.27996826171875,1342.4200439453125,6468.732920214534
4150,set04,video_0015,4_15_1676,0,1012,16,0,False,False,,,841.8400268554688,167.9100341796875,1382.75,7774.242781251669
4151,set04,video_0015,4_15_1676,0,1020,16,0,False,False,,,857.989990234375,188.30999755859375,1435.5250244140625,9688.540179565549
4152,set04,video_0015,4_15_1677,0,981,16,0,False,False,,,856.7999877929688,131.95001220703125,1418.7100219726562,6014.275757811964
4153,set04,video_0015,4_15_1677,0,989,16,0,False,False,,,869.1400146484375,141.1199951171875,1446.010009765625,6610.072974413633
4154,set04,video_0015,4_15_1677,0,997,16,0,False,False,,,875.6599731445312,150.14996337890625,1481.5599975585938,7087.089268796146
4155,set04,video_0015,4_15_1677,0,1005,16,0,False,False,,,862.0499877929688,164.739990234375,1521.0050048828125,9101.884460449219
4156,set04,video_0015,4_15_1678,1,2542,16,0,False,False,2602.0,-60.0,809.5999755859375,104.22998046875,525.5899963378906,4108.744048804045
4157,set04,video_0015,4_15_1678,1,2550,16,0,False,False,2602.0,-52.0,807.3599853515625,103.3499755859375,532.6600036621094,3559.373411498964
4158,set04,video_0015,4_15_1678,1,2558,16,0,False,False,2602.0,-44.0,808.8200073242188,104.04998779296875,539.2249755859375,5409.557849243283
4159,set04,video_0015,4_15_1678,1,2566,16,0,False,False,2602.0,-36.0,809.4600219726562,104.52001953125,547.5650024414062,3657.1544626951218
4160,set04,video_0015,4_15_1679,1,3572,16,0,False,False,3632.0,-60.0,806.219970703125,96.699951171875,1201.5999755859375,3044.1125742197037
4161,set04,video_0015,4_15_1679,1,3580,16,0,False,False,3632.0,-52.0,825.4199829101562,107.52996826171875,1220.8550415039062,3665.69294270128
4162,set04,video_0015,4_15_1679,1,3588,16,0,False,False,3632.0,-44.0,832.8599853515625,117.92999267578125,1241.905029296875,4102.789051830769
4163,set04,video_0015,4_15_1679,1,3596,16,0,False,False,3632.0,-36.0,840.2000122070312,129.0,1269.1400146484375,6130.08251953125
4164,set04,video_0015,4_15_1680,1,3615,16,0,False,False,3675.0,-60.0,845.2999877929688,245.8599853515625,230.32000732421875,18626.354891210794
4165,set04,video_0015,4_15_1680,1,3623,16,0,False,False,3675.0,-52.0,855.739990234375,280.28997802734375,165.83999633789062,24497.342368835583
4166,set04,video_0015,4_15_1680,1,3631,16,0,False,False,3675.0,-44.0,866.5599975585938,310.02001953125,99.37500381469727,26491.212088104337
4167,set04,video_0015,4_15_1680,1,3639,16,0,False,False,3675.0,-36.0,876.239990234375,331.8800048828125,67.39000129699707,35092.99227335816
4168,set04,video_0015,4_15_1681,1,3664,16,0,False,False,3724.0,-60.0,841.47998046875,176.3499755859375,1622.4199829101562,10552.776511475444
4169,set04,video_0015,4_15_1681,1,3672,16,0,False,False,3724.0,-52.0,848.52001953125,187.6199951171875,1636.2250366210938,12069.586040869355
4170,set04,video_0015,4_15_1681,1,3680,16,0,False,False,3724.0,-44.0,857.989990234375,195.54998779296875,1630.4049682617188,12978.651734985411
4171,set04,video_0015,4_15_1681,1,3688,16,0,False,False,3724.0,-36.0,867.7999877929688,202.989990234375,1621.7750244140625,13813.478747069836
4172,set04,video_0015,4_15_1682,0,4456,16,0,False,False,,,881.6400146484375,194.9000244140625,1313.6099853515625,15213.907325685024
4173,set04,video_0015,4_15_1682,0,4464,16,0,False,False,,,899.0800170898438,221.27001953125,1351.3849487304688,18894.25020903349
4174,set04,video_0015,4_15_1682,0,4472,16,0,False,False,,,918.47998046875,248.79998779296875,1392.0599975585938,23297.634501464665
4175,set04,video_0015,4_15_1682,0,4480,16,0,False,False,,,941.0800170898438,279.989990234375,1437.9900512695312,29012.561420947313
4176,set04,video_0015,4_15_1683,0,4450,16,0,False,False,,,868.4199829101562,179.04998779296875,1354.3499755859375,9883.55058349669
4177,set04,video_0015,4_15_1683,0,4458,16,0,False,False,,,887.4199829101562,205.719970703125,1389.4349975585938,12555.070726662874
4178,set04,video_0015,4_15_1683,0,4466,16,0,False,False,,,906.4199829101562,232.39996337890625,1424.5149536132812,15540.584416382015
4179,set04,video_0015,4_15_1683,0,4474,16,0,False,False,,,922.239990234375,254.29998779296875,1467.2649536132812,17508.547951050103
4180,set04,video_0015,4_15_1689,1,6358,16,0,False,False,6418.0,-60.0,823.219970703125,128.0699462890625,1082.1650390625,8295.092922508717
4181,set04,video_0015,4_15_1689,1,6366,16,0,False,False,6418.0,-52.0,830.8499755859375,141.1199951171875,1091.5599975585938,10256.608824804425
4182,set04,video_0015,4_15_1689,1,6374,16,0,False,False,6418.0,-44.0,837.4600219726562,155.69000244140625,1098.364990234375,13689.811271801591
4183,set04,video_0015,4_15_1689,1,6382,16,0,False,False,6418.0,-36.0,844.52001953125,170.69000244140625,1105.2949829101562,18204.092927612364
4184,set04,video_0015,4_15_1691,1,6438,16,0,False,False,6498.0,-60.0,896.7000122070312,283.10003662109375,147.28500366210938,23992.728103637695
4185,set04,video_0015,4_15_1691,1,6446,16,0,False,False,6498.0,-52.0,894.7999877929688,271.760009765625,157.91500091552734,21363.054533544928
4186,set04,video_0015,4_15_1691,1,6454,16,0,False,False,6498.0,-44.0,895.280029296875,272.24005126953125,184.12000274658203,21071.38246069383
4187,set04,video_0015,4_15_1691,1,6462,16,0,False,False,6498.0,-36.0,893.8400268554688,265.30999755859375,208.1050033569336,24777.3005100647
4188,set04,video_0015,4_15_1692,1,7215,16,0,False,False,7275.0,-60.0,782.8699951171875,64.02996826171875,1111.5799560546875,1936.2656149417162
4189,set04,video_0015,4_15_1692,1,7223,16,0,False,False,7275.0,-52.0,780.8800048828125,66.0,1112.8300170898438,1448.044189453125
4190,set04,video_0015,4_15_1692,1,7231,16,0,False,False,7275.0,-44.0,785.5,68.19000244140625,1111.6199951171875,2165.715143457055
4191,set04,video_0015,4_15_1692,1,7239,16,0,False,False,7275.0,-36.0,791.2000122070312,68.6500244140625,1106.2449951171875,1763.6151047348976
4192,set04,video_0015,4_15_1693,1,7475,16,0,False,False,7519.0,-44.0,786.6199951171875,68.260009765625,1071.35498046875,1720.8321797847748
4193,set04,video_0015,4_15_1693,1,7483,16,0,False,False,7519.0,-36.0,788.0599975585938,70.1300048828125,1069.9450073242188,1901.2234050780535
4194,set04,video_0015,4_15_1694,0,9361,16,0,False,False,,,940.260009765625,289.72998046875,168.3400001525879,28758.598480258137
4195,set04,video_0015,4_15_1694,0,9369,16,0,False,False,,,948.0700073242188,295.1099853515625,160.31499862670898,31922.044323605485
4196,set04,video_0015,4_15_1694,0,9377,16,0,False,False,,,971.1599731445312,330.39996337890625,141.41500091552734,38818.6935123289
4197,set04,video_0015,4_15_1694,0,9385,16,0,False,False,,,981.9400024414062,342.70001220703125,128.08499908447266,40174.72096685786
4198,set04,video_0015,4_15_1697,1,9493,16,0,False,False,9553.0,-60.0,857.6699829101562,189.38995361328125,1452.780029296875,12836.856604442
4199,set04,video_0015,4_15_1697,1,9501,16,0,False,False,9553.0,-52.0,863.8400268554688,199.2900390625,1476.6500244140625,14655.7972574234
4200,set04,video_0015,4_15_1697,1,9509,16,0,False,False,9553.0,-44.0,870.02001953125,209.19000244140625,1500.510009765625,16588.777407959104
4201,set04,video_0015,4_15_1697,1,9517,16,0,False,False,9553.0,-36.0,876.2000122070312,219.09002685546875,1524.3699951171875,18635.810521632433
4202,set04,video_0015,4_15_1698,1,9539,16,0,False,False,9573.0,-34.0,832.4199829101562,186.75,1619.6949462890625,9242.255676269531
4203,set04,video_0015,4_15_1699,1,9485,16,0,False,False,9545.0,-60.0,817.489990234375,168.28997802734375,1430.1100463867188,9191.997778125107
4204,set04,video_0015,4_15_1699,1,9493,16,0,False,False,9545.0,-52.0,829.3300170898438,184.47003173828125,1449.1000366210938,10994.409387938678
4205,set04,video_0015,4_15_1699,1,9501,16,0,False,False,9545.0,-44.0,841.1699829101562,200.63995361328125,1468.0850219726562,12955.311028249562
4206,set04,video_0015,4_15_1699,1,9509,16,0,False,False,9545.0,-36.0,853.02001953125,216.83001708984375,1487.0750122070312,15080.511807493865
4207,set04,video_0015,4_15_1700,1,9555,16,0,False,False,9585.0,-30.0,850.5,196.280029296875,1659.2750244140625,16889.9061049819
4208,set04,video_0015,4_15_1696,0,11582,16,0,False,False,,,851.530029296875,165.84002685546875,630.22998046875,7005.081114843488
4209,set04,video_0015,4_15_1696,0,11590,16,0,False,False,,,862.6099853515625,184.45001220703125,592.6499938964844,8883.107634399086
4210,set04,video_0015,4_15_1696,0,11598,16,0,False,False,,,875.27001953125,206.2900390625,554.1499938964844,11453.214406907558
4211,set04,video_0015,4_15_1696,0,11606,16,0,False,False,,,885.5999755859375,227.969970703125,499.2099914550781,14083.977554664016
4212,set04,video_0016,4_16_1723,0,11954,16,0,False,False,,,791.760009765625,66.83001708984375,1064.02001953125,1487.6368330568075
4213,set04,video_0016,4_16_1723,0,11962,16,0,False,False,,,805.8099975585938,75.79998779296875,1085.1699829101562,1881.3516257330775
4214,set04,video_0016,4_16_1723,0,11970,16,0,False,False,,,809.6400146484375,89.239990234375,1112.4400024414062,2575.464810937643
4215,set04,video_0016,4_16_1723,0,11978,16,0,False,False,,,825.2999877929688,103.32000732421875,1149.1449584960938,3420.923929028213
4216,set04,video_0016,4_16_1724,0,11952,16,0,False,False,,,792.4299926757812,51.33001708984375,1076.5849609375,1349.4681543707848
4217,set04,video_0016,4_16_1724,0,11960,16,0,False,False,,,800.4199829101562,57.52996826171875,1101.5049438476562,1660.8899028077722
4218,set04,video_0016,4_16_1724,0,11968,16,0,False,False,,,808.0999755859375,64.42999267578125,1129.760009765625,2105.5677562505007
4219,set04,video_0016,4_16_1724,0,11976,16,0,False,False,,,825.239990234375,78.739990234375,1169.4200439453125,3069.2832814455032
4220,set04,video_0016,4_16_1713,0,807,16,0,False,False,,,781.6500244140625,64.55999755859375,1192.5549926757812,1655.965513549745
4221,set04,video_0016,4_16_1713,0,815,16,0,False,False,,,789.4000244140625,74.47003173828125,1219.875,2059.0891050994396
4222,set04,video_0016,4_16_1713,0,823,16,0,False,False,,,796.3499755859375,81.8599853515625,1256.0650024414062,2099.7106228023767
4223,set04,video_0016,4_16_1713,0,831,16,0,False,False,,,805.280029296875,93.9300537109375,1305.6099853515625,3319.496353715658
4224,set04,video_0016,4_16_1714,0,2449,16,0,False,False,,,970.52001953125,383.42999267578125,1648.0050048828125,51291.4376091063
4225,set04,video_0016,4_16_1714,0,2457,16,0,False,False,,,969.0800170898438,383.05999755859375,1652.8200073242188,50556.297756396234
4226,set04,video_0016,4_16_1714,0,2465,16,0,False,False,,,968.0,375.8699951171875,1666.52001953125,43149.89379248023
4227,set04,video_0016,4_16_1714,0,2473,16,0,False,False,,,973.4000244140625,389.2900390625,1684.530029296875,44277.84524130821
4228,set04,video_0016,4_16_1715,0,3142,16,0,False,False,,,821.780029296875,122.31005859375,1120.4950561523438,5793.8268783688545
4229,set04,video_0016,4_16_1715,0,3150,16,0,False,False,,,830.6199951171875,137.1400146484375,1144.9450073242188,7305.434518113732
4230,set04,video_0016,4_16_1715,0,3158,16,0,False,False,,,840.3599853515625,157.52996826171875,1176.050048828125,9568.3687338382
4231,set04,video_0016,4_16_1715,0,3166,16,0,False,False,,,858.2000122070312,188.239990234375,1215.6749877929688,13110.919915527105
4232,set04,video_0016,4_16_1718,0,8696,16,0,False,False,,,861.0900268554688,176.10003662109375,1222.780029296875,10439.215330079198
4233,set04,video_0016,4_16_1718,0,8704,16,0,False,False,,,870.5,193.92999267578125,1241.2050170898438,13068.945047192276
4234,set04,video_0016,4_16_1718,0,8712,16,0,False,False,,,881.77001953125,214.3699951171875,1266.125,16105.592611670494
4235,set04,video_0016,4_16_1718,0,8720,16,0,False,False,,,895.1699829101562,237.8399658203125,1299.9199829101562,19778.779686912894
4236,set04,video_0016,4_16_1720,0,11893,16,0,False,False,,,790.4000244140625,55.97003173828125,1122.9349975585938,807.650564186275
4237,set04,video_0016,4_16_1720,0,11901,16,0,False,False,,,795.4099731445312,63.9599609375,1141.3350219726562,1080.2846771478653
4238,set04,video_0016,4_16_1720,0,11909,16,0,False,False,,,801.4500122070312,75.04998779296875,1164.4249877929688,1572.3027410879731
4239,set04,video_0016,4_16_1720,0,11917,16,0,False,False,,,809.75,84.4000244140625,1197.655029296875,1999.43163305521
4240,set04,video_0016,4_16_1721,0,11891,16,0,False,False,,,789.3499755859375,66.04998779296875,1131.0900268554688,1180.9741042479873
4241,set04,video_0016,4_16_1721,0,11899,16,0,False,False,,,793.8900146484375,71.989990234375,1151.1299438476562,1448.4382520020008
4242,set04,video_0016,4_16_1721,0,11907,16,0,False,False,,,797.4199829101562,82.15997314453125,1173.3099975585938,1940.6181645020843
4243,set04,video_0016,4_16_1721,0,11915,16,0,False,False,,,805.8099975585938,97.219970703125,1214.0299682617188,2947.70428994298
4244,set04,video_0016,4_16_1725,0,11951,16,0,False,False,,,789.6500244140625,56.05999755859375,1089.8499755859375,956.3868431150913
4245,set04,video_0016,4_16_1725,0,11959,16,0,False,False,,,794.7999877929688,62.3800048828125,1114.760009765625,1156.5277272462845
4246,set04,video_0016,4_16_1725,0,11967,16,0,False,False,,,803.5800170898438,69.6600341796875,1147.4749755859375,1409.2211309075356
4247,set04,video_0016,4_16_1725,0,11975,16,0,False,False,,,818.0800170898438,83.780029296875,1186.5150146484375,2078.5874358415604
4248,set04,video_0016,4_16_1726,0,11949,16,0,False,False,,,789.6199951171875,59.79998779296875,1097.7250366210938,1021.9797474369407
4249,set04,video_0016,4_16_1726,0,11957,16,0,False,False,,,793.4000244140625,67.86004638671875,1124.1849975585938,1494.9505262896419
4250,set04,video_0016,4_16_1726,0,11965,16,0,False,False,,,807.3300170898438,74.44000244140625,1155.9249877929688,2147.592253051698
4251,set04,video_0016,4_16_1726,0,11973,16,0,False,False,,,817.239990234375,90.58001708984375,1194.0599975585938,3123.208277247846
4252,set04,video_0016,4_16_1727,0,11948,16,0,False,False,,,793.030029296875,43.95001220703125,1098.7650146484375,595.5248114019632
4253,set04,video_0016,4_16_1727,0,11956,16,0,False,False,,,792.7000122070312,46.91998291015625,1124.6099853515625,702.8604275882244
4254,set04,video_0016,4_16_1727,0,11964,16,0,False,False,,,812.0,53.260009765625,1157.1300048828125,923.5332503914833
4255,set04,video_0016,4_16_1727,0,11972,16,0,False,False,,,817.25,62.3900146484375,1197.6150512695312,1177.2992717772722
4256,set04,video_0016,4_16_1728,0,12991,16,0,False,False,,,764.6799926757812,42.96002197265625,639.3600158691406,673.6128298826516
4257,set04,video_0016,4_16_1728,0,12999,16,0,False,False,,,768.260009765625,48.6099853515625,610.4150085449219,1003.7944173589349
4258,set04,video_0016,4_16_1728,0,13007,16,0,False,False,,,771.9000244140625,53.21002197265625,575.9750061035156,1467.0006955079734
4259,set04,video_0016,4_16_1728,0,13015,16,0,False,False,,,773.2000122070312,59.239990234375,527.375,1448.4148686528206
4260,set04,video_0016,4_16_1729,0,12985,16,0,False,False,,,762.5999755859375,45.05999755859375,633.4100036621094,656.9755344726145
4261,set04,video_0016,4_16_1729,0,12993,16,0,False,False,,,761.8499755859375,46.76995849609375,599.5799865722656,761.4134399183095
4262,set04,video_0016,4_16_1729,0,13001,16,0,False,False,,,766.760009765625,54.95001220703125,561.3000183105469,1014.378432739526
4263,set04,video_0016,4_16_1729,0,13009,16,0,False,False,,,771.7999877929688,62.969970703125,512.2499847412109,1303.4772405400872
4264,set04,video_0016,4_16_1730,0,12984,16,0,False,False,,,758.780029296875,23.33001708984375,630.4100036621094,226.76850656792521
4265,set04,video_0016,4_16_1730,0,12992,16,0,False,False,,,761.3699951171875,25.69000244140625,596.6950073242188,276.6818280518055
4266,set04,video_0016,4_16_1730,0,13000,16,0,False,False,,,765.8400268554688,29.6300048828125,559.1000061035156,357.93096535652876
4267,set04,video_0016,4_16_1730,0,13008,16,0,False,False,,,771.0,36.45001220703125,510.2749938964844,475.67221435531974
4268,set04,video_0016,4_16_1717,1,16960,16,0,False,False,17020.0,-60.0,859.7999877929688,190.010009765625,1724.02001953125,10404.949990332127
4269,set04,video_0016,4_16_1717,1,16968,16,0,False,False,17020.0,-52.0,856.9600219726562,196.760009765625,1745.925048828125,10867.051496386528
4270,set04,video_0016,4_16_1717,1,16976,16,0,False,False,17020.0,-44.0,866.6900024414062,210.72003173828125,1759.2950439453125,11271.412439867854
4271,set04,video_0016,4_16_1717,1,16984,16,0,False,False,17020.0,-36.0,866.6900024414062,212.78997802734375,1769.2150268554688,12267.34742834419
4272,set05,video_0001,5_1_1733,0,1744,16,0,False,False,,,824.5999755859375,108.69000244140625,1200.0599975585938,4660.627835400403
4273,set05,video_0001,5_1_1733,0,1752,16,0,False,False,,,830.6500244140625,116.33001708984375,1232.2750244140625,5612.923324584961
4274,set05,video_0001,5_1_1733,0,1760,16,0,False,False,,,845.4199829101562,130.94000244140625,1269.8200073242188,6232.740919433534
4275,set05,video_0001,5_1_1733,0,1768,16,0,False,False,,,855.9000244140625,141.260009765625,1319.050048828125,7557.4105224609375
4276,set05,video_0001,5_1_1732,0,1735,16,0,False,False,,,829.719970703125,116.02996826171875,1200.300048828125,5105.318603515625
4277,set05,video_0001,5_1_1732,0,1743,16,0,False,False,,,836.760009765625,130.1199951171875,1232.2999877929688,5704.456138476729
4278,set05,video_0001,5_1_1732,0,1751,16,0,False,False,,,847.2999877929688,145.1400146484375,1272.6649780273438,7319.418734326959
4279,set05,video_0001,5_1_1732,0,1759,16,0,False,False,,,865.0800170898438,162.94000244140625,1327.550048828125,9408.154149755836
4280,set05,video_0001,5_1_1739,1,2265,16,0,False,False,2324.0,-59.0,812.6199951171875,106.6300048828125,1230.0900268554688,4781.2857743650675
4281,set05,video_0001,5_1_1739,1,2273,16,0,False,False,2324.0,-51.0,813.0800170898438,109.33001708984375,1226.6000366210938,4902.354229442775
4282,set05,video_0001,5_1_1739,1,2281,16,0,False,False,2324.0,-43.0,813.8200073242188,112.030029296875,1213.8999633789062,5023.422684520483
4283,set05,video_0001,5_1_1739,1,2289,16,0,False,False,2324.0,-35.0,817.5599975585938,110.55999755859375,1192.8049926757812,4715.386595092714
4284,set05,video_0001,5_1_1740,1,2932,16,0,False,False,2974.0,-42.0,813.530029296875,108.59002685546875,1225.8200073242188,4406.578517772257
4285,set05,video_0001,5_1_1740,1,2940,16,0,False,False,2974.0,-34.0,813.8599853515625,108.5899658203125,1198.4149780273438,4405.489080861211
4286,set05,video_0001,5_1_1741,0,3519,16,0,False,False,,,805.7100219726562,112.07000732421875,292.13999938964844,3200.722555676475
4287,set05,video_0001,5_1_1741,0,3527,16,0,False,False,,,808.0399780273438,116.66998291015625,268.64500427246094,3561.9344358276576
4288,set05,video_0001,5_1_1741,0,3535,16,0,False,False,,,805.9600219726562,120.94000244140625,245.1449966430664,4558.227141882293
4289,set05,video_0001,5_1_1741,0,3543,16,0,False,False,,,806.0499877929688,128.47998046875,214.1999969482422,4797.442000195384
4290,set05,video_0001,5_1_1742,1,3598,16,0,False,False,3658.0,-60.0,784.4199829101562,54.53997802734375,1394.3550415039062,1246.2371663823724
4291,set05,video_0001,5_1_1742,1,3606,16,0,False,False,3658.0,-52.0,784.1799926757812,55.77996826171875,1386.39501953125,1323.6575573980808
4292,set05,video_0001,5_1_1742,1,3614,16,0,False,False,3658.0,-44.0,787.739990234375,61.89996337890625,1363.9599609375,1455.8883476555347
4293,set05,video_0001,5_1_1742,1,3622,16,0,False,False,3658.0,-36.0,790.239990234375,61.89996337890625,1323.1300048828125,1455.8883476555347
4294,set05,video_0001,5_1_1746,0,7378,16,0,False,False,,,800.8099975585938,77.0999755859375,683.3099975585938,1882.7847919911146
4295,set05,video_0001,5_1_1746,0,7386,16,0,False,False,,,796.7899780273438,85.76995849609375,663.6749877929688,2088.4963953867555
4296,set05,video_0001,5_1_1746,0,7394,16,0,False,False,,,812.0599975585938,92.1099853515625,635.3199768066406,2332.2255037352443
4297,set05,video_0001,5_1_1746,0,7402,16,0,False,False,,,816.5,107.239990234375,596.8150024414062,3385.5607317388058
4298,set05,video_0001,5_1_1744,0,10367,16,0,False,False,,,823.9000244140625,121.32000732421875,1506.3499755859375,8795.70053100586
4299,set05,video_0001,5_1_1744,0,10375,16,0,False,False,,,831.9500122070312,131.6500244140625,1521.3699951171875,6682.556524902582
4300,set05,video_0001,5_1_1744,0,10383,16,0,False,False,,,841.2999877929688,136.04998779296875,1541.3350219726562,9024.189711548388
4301,set05,video_0001,5_1_1744,0,10391,16,0,False,False,,,841.8300170898438,152.95001220703125,1574.1799926757812,8311.298435546458
4302,set05,video_0001,5_1_1745,0,10362,16,0,False,False,,,816.3300170898438,113.45001220703125,1535.8049926757812,5383.211388550699
4303,set05,video_0001,5_1_1745,0,10370,16,0,False,False,,,821.7999877929688,118.5,1545.5650024414062,5980.705993652344
4304,set05,video_0001,5_1_1745,0,10378,16,0,False,False,,,841.1599731445312,126.27996826171875,1570.875,7757.369817897677
4305,set05,video_0001,5_1_1745,0,10386,16,0,False,False,,,844.6300048828125,139.8499755859375,1595.1299438476562,8793.767147704959
4306,set05,video_0001,5_1_1749,0,15747,16,0,False,False,,,808.2999877929688,103.20001220703125,1133.39501953125,3732.7363790273666
4307,set05,video_0001,5_1_1749,0,15755,16,0,False,False,,,815.3800048828125,116.72998046875,1155.8999633789062,4571.150024950504
4308,set05,video_0001,5_1_1749,0,15763,16,0,False,False,,,825.3400268554688,133.9100341796875,1182.0399780273438,5779.561652198434
4309,set05,video_0001,5_1_1749,0,15771,16,0,False,False,,,841.9000244140625,156.11004638671875,1213.6050415039062,7897.6019109115
4310,set05,video_0001,5_1_1731,1,547,16,0,False,False,603.0,-56.0,767.8300170898438,71.67999267578125,495.2749938964844,2541.056615356356
4311,set05,video_0001,5_1_1731,1,555,16,0,False,False,603.0,-48.0,771.0,74.94000244140625,526.02001953125,2529.9752142578363
4312,set05,video_0001,5_1_1731,1,563,16,0,False,False,603.0,-40.0,772.2899780273438,76.22998046875,560.1849975585938,3229.863900244236
4313,set05,video_0001,5_1_1731,1,571,16,0,False,False,603.0,-32.0,775.0800170898438,75.04998779296875,594.3450012207031,2387.3399284668267
4314,set05,video_0002,5_2_1752,1,1374,16,0,False,False,1405.0,-31.0,838.3800048828125,130.69000244140625,1374.64501953125,6313.6416755616665
4315,set05,video_0002,5_2_1751,0,6755,16,0,False,False,,,793.8800048828125,79.27001953125,1319.7400512695312,2210.0485315918922
4316,set05,video_0002,5_2_1751,0,6763,16,0,False,False,,,804.2899780273438,100.78997802734375,1373.4199829101562,3662.7043565437198
4317,set05,video_0002,5_2_1751,0,6771,16,0,False,False,,,814.7000122070312,122.29998779296875,1427.0999755859375,5479.045424804091
4318,set05,video_0002,5_2_1751,0,6779,16,0,False,False,,,819.2999877929688,128.5999755859375,1497.4199829101562,6154.792947754264
4319,set06,video_0001,6_1_1754,1,13901,16,0,False,False,13961.0,-60.0,858.8400268554688,125.87005615234375,1171.5599975585938,5132.969212494791
4320,set06,video_0001,6_1_1754,1,13909,16,0,False,False,13961.0,-52.0,863.8699951171875,130.02001953125,1189.0549926757812,5178.691664159298
4321,set06,video_0001,6_1_1754,1,13917,16,0,False,False,13961.0,-44.0,870.22998046875,134.26995849609375,1207.8200073242188,5024.387747459114
4322,set06,video_0001,6_1_1754,1,13925,16,0,False,False,13961.0,-36.0,874.4000244140625,136.9200439453125,1224.3099975585938,4915.432920411229
4323,set06,video_0001,6_1_1757,1,14228,16,0,False,False,14288.0,-60.0,797.0999755859375,81.1199951171875,550.3450012207031,2101.8168949708343
4324,set06,video_0001,6_1_1757,1,14236,16,0,False,False,14288.0,-52.0,805.4199829101562,86.13995361328125,517.6499938964844,2492.8904678709805
4325,set06,video_0001,6_1_1757,1,14244,16,0,False,False,14288.0,-44.0,810.1599731445312,90.0899658203125,512.2899932861328,2634.226971473545
4326,set06,video_0001,6_1_1757,1,14252,16,0,False,False,14288.0,-36.0,819.2000122070312,94.47003173828125,522.9400024414062,3108.0663505867124
4327,set06,video_0001,6_1_1758,1,14206,16,0,False,False,14252.0,-46.0,799.9000244140625,74.95001220703125,697.8500061035156,1851.266216430813
4328,set06,video_0001,6_1_1758,1,14214,16,0,False,False,14252.0,-38.0,800.7999877929688,78.3499755859375,629.2650146484375,2368.51823168993
4329,set06,video_0001,6_1_1758,1,14222,16,0,False,False,14252.0,-30.0,800.3499755859375,83.41998291015625,570.0850219726562,2366.6245078369975
4330,set06,video_0002,6_2_1765,0,2886,16,0,False,False,,,870.6799926757812,148.6300048828125,1175.0650024414062,8116.6823894530535
4331,set06,video_0002,6_2_1765,0,2894,16,0,False,False,,,898.9400024414062,167.97998046875,1188.2649536132812,10601.214106738567
4332,set06,video_0002,6_2_1765,0,2902,16,0,False,False,,,905.72998046875,190.28997802734375,1210.5050048828125,13759.879460960627
4333,set06,video_0002,6_2_1765,0,2910,16,0,False,False,,,927.1400146484375,214.84002685546875,1253.3349609375,16647.951582983136
4334,set06,video_0002,6_2_1796,0,14008,16,0,False,False,,,846.3699951171875,127.8900146484375,1270.8350219726562,3981.2167804688215
4335,set06,video_0002,6_2_1796,0,14016,16,0,False,False,,,856.5599975585938,145.239990234375,1316.60498046875,5148.750562012196
4336,set06,video_0002,6_2_1796,0,14024,16,0,False,False,,,868.0800170898438,166.20001220703125,1373.4100341796875,6684.559621825814
4337,set06,video_0002,6_2_1796,0,14032,16,0,False,False,,,889.52001953125,199.19000244140625,1441.7099609375,8911.758764013648
4338,set06,video_0002,6_2_1803,1,68,16,0,False,False,128.0,-60.0,781.0499877929688,47.66998291015625,668.2400207519531,1068.7602021731436
4339,set06,video_0002,6_2_1803,1,76,16,0,False,False,128.0,-52.0,779.8499755859375,48.8499755859375,665.14501953125,1202.1971835941076
4340,set06,video_0002,6_2_1803,1,84,16,0,False,False,128.0,-44.0,782.5999755859375,53.54998779296875,661.2950134277344,1403.546356689185
4341,set06,video_0002,6_2_1803,1,92,16,0,False,False,128.0,-36.0,783.2000122070312,57.23004150390625,657.3099975585938,1681.4188988283277
4342,set06,video_0002,6_2_1804,1,73,16,0,False,False,133.0,-60.0,778.5399780273438,48.2099609375,596.1000061035156,774.25185495615
4343,set06,video_0002,6_2_1804,1,81,16,0,False,False,133.0,-52.0,777.9500122070312,48.21002197265625,601.6700134277344,774.2528351806104
4344,set06,video_0002,6_2_1804,1,89,16,0,False,False,133.0,-44.0,788.2000122070312,58.46002197265625,605.6699829101562,1739.770824804902
4345,set06,video_0002,6_2_1804,1,97,16,0,False,False,133.0,-36.0,788.47998046875,61.01995849609375,608.2999877929688,1952.638671875
4346,set06,video_0002,6_2_1805,1,159,16,0,False,False,219.0,-60.0,804.9400024414062,71.6500244140625,1086.8150024414062,1981.1249243170023
4347,set06,video_0002,6_2_1805,1,167,16,0,False,False,219.0,-52.0,807.0999755859375,72.97998046875,1088.75,2077.007393360138
4348,set06,video_0002,6_2_1805,1,175,16,0,False,False,219.0,-44.0,809.77001953125,73.550048828125,1089.8900146484375,2113.827685058117
4349,set06,video_0002,6_2_1805,1,183,16,0,False,False,219.0,-36.0,812.4299926757812,74.1099853515625,1091.0250244140625,2151.4150459468365
4350,set06,video_0002,6_2_1806,1,278,16,0,False,False,338.0,-60.0,810.9000244140625,65.11004638671875,1047.1050415039062,1327.5947995856404
4351,set06,video_0002,6_2_1806,1,286,16,0,False,False,338.0,-52.0,811.7000122070312,65.71002197265625,1046.77001953125,1347.0554504394531
4352,set06,video_0002,6_2_1806,1,294,16,0,False,False,338.0,-44.0,812.5,66.30999755859375,1046.4299926757812,1367.3118258789182
4353,set06,video_0002,6_2_1806,1,302,16,0,False,False,338.0,-36.0,812.5999755859375,66.38995361328125,1046.3849487304688,1369.6250672116876
4354,set06,video_0002,6_2_1763,0,955,16,0,False,False,,,804.739990234375,64.90997314453125,716.9349975585938,1670.132341235876
4355,set06,video_0002,6_2_1763,0,963,16,0,False,False,,,809.2000122070312,72.239990234375,679.9250183105469,1501.8678096681833
4356,set06,video_0002,6_2_1763,0,971,16,0,False,False,,,809.7999877929688,81.02996826171875,640.4150085449219,2752.5905936025083
4357,set06,video_0002,6_2_1763,0,979,16,0,False,False,,,816.5599975585938,92.08001708984375,577.9800109863281,2766.0816901363432
4358,set06,video_0002,6_2_1764,0,953,16,0,False,False,,,802.239990234375,63.010009765625,693.8250122070312,1360.3839571774006
4359,set06,video_0002,6_2_1764,0,961,16,0,False,False,,,806.5,70.5999755859375,653.5299987792969,2218.2500263676047
4360,set06,video_0002,6_2_1764,0,969,16,0,False,False,,,806.7999877929688,80.01995849609375,611.3099975585938,1742.8370403796434
4361,set06,video_0002,6_2_1764,0,977,16,0,False,False,,,811.0599975585938,87.52001953125,553.239990234375,3140.2187281250954
4362,set06,video_0002,6_2_1770,1,6521,16,0,False,False,6581.0,-60.0,896.7000122070312,197.34002685546875,655.0499877929688,13419.121826171875
4363,set06,video_0002,6_2_1770,1,6529,16,0,False,False,6581.0,-52.0,898.0599975585938,198.70001220703125,659.1000061035156,14302.435125488788
4364,set06,video_0002,6_2_1770,1,6537,16,0,False,False,6581.0,-44.0,898.760009765625,199.4000244140625,662.6549987792969,13920.115217529237
4365,set06,video_0002,6_2_1770,1,6545,16,0,False,False,6581.0,-36.0,899.239990234375,199.8800048828125,666.0500183105469,13108.134136132896
4366,set06,video_0002,6_2_1773,1,6986,16,0,False,False,7046.0,-60.0,824.5999755859375,71.88995361328125,1070.2050170898438,2141.5957507118583
4367,set06,video_0002,6_2_1773,1,6994,16,0,False,False,7046.0,-52.0,825.239990234375,75.3599853515625,1064.6499633789062,2367.8140514642
4368,set06,video_0002,6_2_1773,1,7002,16,0,False,False,7046.0,-44.0,829.3800048828125,77.59002685546875,1059.0549926757812,2570.5579685792327
4369,set06,video_0002,6_2_1773,1,7010,16,0,False,False,7046.0,-36.0,830.5,82.530029296875,1053.5900268554688,2791.161158055067
4370,set06,video_0002,6_2_1775,1,7639,16,0,False,False,7699.0,-60.0,791.3300170898438,34.3699951171875,789.6950073242188,471.21129047870636
4371,set06,video_0002,6_2_1775,1,7647,16,0,False,False,7699.0,-52.0,791.7100219726562,34.94000244140625,789.0499877929688,481.47425727546215
4372,set06,video_0002,6_2_1775,1,7655,16,0,False,False,7699.0,-44.0,792.4000244140625,36.36004638671875,787.4450073242188,481.77061462402344
4373,set06,video_0002,6_2_1775,1,7663,16,0,False,False,7699.0,-36.0,793.5599975585938,38.71002197265625,785.7699890136719,525.682759936899
4374,set06,video_0002,6_2_1776,0,7781,16,0,False,False,,,807.0999755859375,118.28997802734375,453.1449890136719,5951.168505761772
4375,set06,video_0002,6_2_1776,0,7789,16,0,False,False,,,804.2000122070312,131.3599853515625,423.0749969482422,4788.069060791284
4376,set06,video_0002,6_2_1776,0,7797,16,0,False,False,,,814.1799926757812,147.1400146484375,374.49501037597656,7434.984760571271
4377,set06,video_0002,6_2_1776,0,7805,16,0,False,False,,,821.5999755859375,162.63995361328125,316.14500427246094,7395.238889330998
4378,set06,video_0002,6_2_1777,0,7857,16,0,False,False,,,814.9199829101562,128.40997314453125,494.61500549316406,6668.332883654162
4379,set06,video_0002,6_2_1777,0,7865,16,0,False,False,,,819.5999755859375,138.94000244140625,461.74000549316406,7324.917098315433
4380,set06,video_0002,6_2_1777,0,7873,16,0,False,False,,,821.1599731445312,150.1199951171875,415.00999450683594,8139.506318505853
4381,set06,video_0002,6_2_1777,0,7881,16,0,False,False,,,823.6199951171875,159.33001708984375,368.5699920654297,10111.081523058936
4382,set06,video_0002,6_2_1778,1,8145,16,0,False,False,8194.0,-49.0,800.25,51.3800048828125,1134.1900024414062,1013.2184629887342
4383,set06,video_0002,6_2_1778,1,8153,16,0,False,False,8194.0,-41.0,799.2000122070312,54.96002197265625,1139.0800170898438,1145.3649793937802
4384,set06,video_0002,6_2_1778,1,8161,16,0,False,False,8194.0,-33.0,801.780029296875,56.050048828125,1137.969970703125,1077.2802963852882
4385,set06,video_0002,6_2_1779,1,8246,16,0,False,False,8306.0,-60.0,798.4199829101562,65.8800048828125,1406.3800048828125,1504.7051017582417
4386,set06,video_0002,6_2_1779,1,8254,16,0,False,False,8306.0,-52.0,791.5800170898438,67.780029296875,1388.2100219726562,1843.6217612326145
4387,set06,video_0002,6_2_1779,1,8262,16,0,False,False,8306.0,-44.0,796.0399780273438,73.94000244140625,1390.280029296875,2092.5056794434786
4388,set06,video_0002,6_2_1779,1,8270,16,0,False,False,8306.0,-36.0,796.530029296875,80.1300048828125,1404.6349487304688,2355.022017285228
4389,set06,video_0002,6_2_1780,1,8270,16,0,False,False,8330.0,-60.0,796.8499755859375,88.50994873046875,1443.4299926757812,2295.953688375652
4390,set06,video_0002,6_2_1780,1,8278,16,0,False,False,8330.0,-52.0,771.3300170898438,96.4000244140625,1447.6300048828125,2519.886282712221
4391,set06,video_0002,6_2_1780,1,8286,16,0,False,False,8330.0,-44.0,790.2000122070312,96.280029296875,1442.614990234375,3609.5373581051826
4392,set06,video_0002,6_2_1780,1,8294,16,0,False,False,8330.0,-36.0,807.7999877929688,101.3399658203125,1431.6950073242188,2676.391961082816
4393,set06,video_0002,6_2_1781,1,8248,16,0,False,False,8308.0,-60.0,798.0,65.0,1452.114990234375,1539.84619140625
4394,set06,video_0002,6_2_1781,1,8256,16,0,False,False,8308.0,-52.0,794.989990234375,66.80999755859375,1451.9550170898438,1584.0705878660083
4395,set06,video_0002,6_2_1781,1,8264,16,0,False,False,8308.0,-44.0,798.0900268554688,66.80999755859375,1452.0050048828125,1584.0624323487282
4396,set06,video_0002,6_2_1781,1,8272,16,0,False,False,8308.0,-36.0,777.1799926757812,66.80999755859375,1452.8200073242188,1584.7393402829766
4397,set06,video_0002,6_2_1782,1,8336,16,0,False,False,8396.0,-60.0,805.8900146484375,74.3900146484375,1031.5950317382812,2021.1799670904875
4398,set06,video_0002,6_2_1782,1,8344,16,0,False,False,8396.0,-52.0,810.0499877929688,83.94000244140625,1010.6650085449219,2848.0836680419743
4399,set06,video_0002,6_2_1782,1,8352,16,0,False,False,8396.0,-44.0,810.1799926757812,90.489990234375,984.5849914550781,3104.7113440185785
4400,set06,video_0002,6_2_1782,1,8360,16,0,False,False,8396.0,-36.0,808.5999755859375,92.44000244140625,956.4549865722656,3484.0639177002013
4401,set06,video_0002,6_2_1784,1,8376,16,0,False,False,8436.0,-60.0,808.9000244140625,113.55999755859375,968.8399963378906,5855.153196875006
4402,set06,video_0002,6_2_1784,1,8384,16,0,False,False,8436.0,-52.0,812.9000244140625,119.60003662109375,956.4599914550781,6348.371987793595
4403,set06,video_0002,6_2_1784,1,8392,16,0,False,False,8436.0,-44.0,817.9000244140625,120.3699951171875,952.5500183105469,6824.980192504823
4404,set06,video_0002,6_2_1784,1,8400,16,0,False,False,8436.0,-36.0,821.5499877929688,126.90997314453125,958.3599853515625,6901.364959277213
4405,set06,video_0002,6_2_1790,0,8728,16,0,False,False,,,837.1199951171875,135.33001708984375,925.6650085449219,6743.497064355761
4406,set06,video_0002,6_2_1790,0,8736,16,0,False,False,,,841.9500122070312,137.9100341796875,905.7549743652344,7092.71204777807
4407,set06,video_0002,6_2_1790,0,8744,16,0,False,False,,,845.3699951171875,144.28997802734375,870.1199951171875,7249.127087011933
4408,set06,video_0002,6_2_1790,0,8752,16,0,False,False,,,847.7999877929688,151.14996337890625,809.0049743652344,8000.366454590112
4409,set06,video_0002,6_2_1786,0,11517,16,0,False,False,,,1003.5,344.33001708984375,1432.7449951171875,48106.33323723078
4410,set06,video_0002,6_2_1786,0,11525,16,0,False,False,,,1025.5999755859375,381.41998291015625,1478.5549926757812,57247.31219816953
4411,set06,video_0002,6_2_1786,0,11533,16,0,False,False,,,1060.800048828125,420.6600341796875,1535.9949951171875,63557.5615362823
4412,set06,video_0002,6_2_1786,0,11541,16,0,False,False,,,1079.8399658203125,453.3699951171875,1588.0,74153.22296601534
4413,set06,video_0002,6_2_1801,0,12702,16,0,False,False,,,949.9000244140625,291.19000244140625,1529.5399780273438,28571.561617724597
4414,set06,video_0002,6_2_1801,0,12710,16,0,False,False,,,973.760009765625,328.1199951171875,1583.3250122070312,36286.77904497087
4415,set06,video_0002,6_2_1801,0,12718,16,0,False,False,,,1006.4400024414062,378.08001708984375,1624.0549926757812,53539.90568181127
4416,set06,video_0002,6_2_1801,0,12726,16,0,False,False,,,1031.239990234375,423.42999267578125,1671.989990234375,57781.24026030302
4417,set06,video_0002,6_2_1797,0,14025,16,0,False,False,,,854.3200073242188,124.71002197265625,1436.8699951171875,5529.653335109353
4418,set06,video_0002,6_2_1797,0,14033,16,0,False,False,,,867.0399780273438,141.219970703125,1496.5449829101562,7279.879146486521
4419,set06,video_0002,6_2_1797,0,14041,16,0,False,False,,,880.5999755859375,165.89996337890625,1564.6699829101562,8570.397778563201
4420,set06,video_0002,6_2_1797,0,14049,16,0,False,False,,,895.6199951171875,185.97998046875,1619.4949951171875,9959.237035155296
4421,set06,video_0002,6_2_1802,1,1749,16,0,False,False,1809.0,-60.0,794.9600219726562,87.300048828125,580.2150268554688,2640.8264770507812
4422,set06,video_0002,6_2_1802,1,1757,16,0,False,False,1809.0,-52.0,792.9000244140625,94.0,546.0849914550781,2941.2579345703125
4423,set06,video_0002,6_2_1802,1,1765,16,0,False,False,1809.0,-44.0,796.1900024414062,99.97003173828125,506.3349914550781,3306.009681787342
4424,set06,video_0002,6_2_1802,1,1773,16,0,False,False,1809.0,-36.0,794.4000244140625,105.5400390625,460.61000061035156,3607.3609829843044
4425,set06,video_0003,6_3_1809,0,379,16,0,False,False,,,850.1300048828125,122.8699951171875,1427.2000122070312,4583.041818603873
4426,set06,video_0003,6_3_1809,0,387,16,0,False,False,,,858.3499755859375,140.78997802734375,1472.8900146484375,5958.241494432092
4427,set06,video_0003,6_3_1810,0,339,16,0,False,False,,,819.5499877929688,95.1199951171875,661.4349975585938,2426.5120043456554
4428,set06,video_0003,6_3_1810,0,347,16,0,False,False,,,820.27001953125,102.10003662109375,620.5199890136719,2887.3857951648533
4429,set06,video_0003,6_3_1810,0,355,16,0,False,False,,,817.02001953125,110.510009765625,566.9849853515625,3663.409521728754
4430,set06,video_0003,6_3_1810,0,363,16,0,False,False,,,820.5700073242188,121.280029296875,510.54998779296875,4196.28605273366
4431,set06,video_0003,6_3_1811,0,432,16,0,False,False,,,847.219970703125,96.26995849609375,1133.1749877929688,2409.628129862249
4432,set06,video_0003,6_3_1811,0,440,16,0,False,False,,,850.3800048828125,105.47003173828125,1172.7899780273438,2832.9235075190663
4433,set06,video_0003,6_3_1811,0,448,16,0,False,False,,,857.5599975585938,120.8499755859375,1213.0599975585938,3789.8534641116858
4434,set06,video_0003,6_3_1811,0,456,16,0,False,False,,,868.8699951171875,137.66998291015625,1258.22998046875,4782.653861865401
4435,set06,video_0003,6_3_1812,1,3302,16,0,False,False,3359.0,-57.0,797.8300170898438,120.59002685546875,350.19000244140625,3132.926542431116
4436,set06,video_0003,6_3_1812,1,3310,16,0,False,False,3359.0,-49.0,799.22998046875,132.04998779296875,293.8000030517578,4072.421139953658
4437,set06,video_0003,6_3_1812,1,3318,16,0,False,False,3359.0,-41.0,801.510009765625,142.29998779296875,235.68500518798828,5115.684126892127
4438,set06,video_0003,6_3_1812,1,3326,16,0,False,False,3359.0,-33.0,807.989990234375,152.3599853515625,177.98500061035156,6385.407544042915
4439,set06,video_0003,6_3_1814,0,4342,16,0,False,False,,,843.0399780273438,106.89996337890625,1109.7550048828125,3306.408559694886
4440,set06,video_0003,6_3_1814,0,4350,16,0,False,False,,,853.22998046875,118.65997314453125,1129.824951171875,4185.139570385218
4441,set06,video_0003,6_3_1814,0,4358,16,0,False,False,,,866.7100219726562,137.8900146484375,1156.0750122070312,5588.669501170516
4442,set06,video_0003,6_3_1814,0,4366,16,0,False,False,,,882.280029296875,160.4000244140625,1190.8200073242188,7564.470633789897
4443,set06,video_0003,6_3_1815,1,10907,16,0,False,False,10967.0,-60.0,901.239990234375,173.0899658203125,1218.1900024414062,12157.85863803327
4444,set06,video_0003,6_3_1815,1,10915,16,0,False,False,10967.0,-52.0,911.1599731445312,185.0699462890625,1222.9550170898438,14837.065726950765
4445,set06,video_0003,6_3_1815,1,10923,16,0,False,False,10967.0,-44.0,921.0800170898438,197.05999755859375,1227.7150268554688,17753.128444604576
4446,set06,video_0003,6_3_1815,1,10931,16,0,False,False,10967.0,-36.0,928.969970703125,205.719970703125,1230.6600341796875,19395.28486484289
4447,set06,video_0003,6_3_1816,1,11142,16,0,False,False,11202.0,-60.0,814.7100219726562,81.59002685546875,717.7950134277344,2778.1394184567034
4448,set06,video_0003,6_3_1816,1,11150,16,0,False,False,11202.0,-52.0,814.739990234375,81.5899658203125,717.1349792480469,2778.137340210378
4449,set06,video_0003,6_3_1816,1,11158,16,0,False,False,11202.0,-44.0,814.77001953125,81.59002685546875,716.4750061035156,2778.1394184567034
4450,set06,video_0003,6_3_1816,1,11166,16,0,False,False,11202.0,-36.0,814.7999877929688,81.5899658203125,715.8150024414062,2778.1423200666904
4451,set06,video_0003,6_3_1817,0,12519,16,0,False,False,,,820.780029296875,79.58001708984375,1245.5449829101562,2144.687289185822
4452,set06,video_0003,6_3_1817,0,12527,16,0,False,False,,,825.030029296875,88.73004150390625,1265.9749755859375,2437.41164059937
4453,set06,video_0003,6_3_1817,0,12535,16,0,False,False,,,827.6699829101562,98.28997802734375,1295.1900024414062,3577.757599852979
4454,set06,video_0003,6_3_1817,0,12543,16,0,False,False,,,835.4099731445312,112.04998779296875,1345.1649780273438,4326.24838732928
4455,set06,video_0003,6_3_1818,1,13273,16,0,False,False,13315.0,-42.0,838.6199951171875,147.8399658203125,1332.0549926757812,9510.538504347205
4456,set06,video_0003,6_3_1818,1,13281,16,0,False,False,13315.0,-34.0,834.239990234375,152.89996337890625,1355.2699584960938,7467.628985352814
4457,set06,video_0003,6_3_1819,0,14281,16,0,False,False,,,832.989990234375,102.08001708984375,756.4149780273438,2869.4677850827575
4458,set06,video_0003,6_3_1819,0,14289,16,0,False,False,,,841.530029296875,116.1600341796875,733.364990234375,3437.171441063285
4459,set06,video_0003,6_3_1819,0,14297,16,0,False,False,,,856.530029296875,135.050048828125,703.7850036621094,4571.44909851253
4460,set06,video_0003,6_3_1819,0,14305,16,0,False,False,,,872.2000122070312,155.9100341796875,670.0299987792969,7430.6680419668555
4461,set06,video_0003,6_3_1820,1,17381,16,0,False,False,17441.0,-60.0,783.75,52.41998291015625,730.5749816894531,822.4696598388255
4462,set06,video_0003,6_3_1820,1,17389,16,0,False,False,17441.0,-52.0,786.9199829101562,57.91998291015625,724.7300109863281,986.955236133188
4463,set06,video_0003,6_3_1820,1,17397,16,0,False,False,17441.0,-44.0,790.0900268554688,63.4200439453125,718.8800048828125,1165.660717383027
4464,set06,video_0003,6_3_1820,1,17405,16,0,False,False,17441.0,-36.0,793.260009765625,68.91998291015625,713.0299987792969,1360.483996141702
4465,set06,video_0004,6_4_1822,1,306,16,0,False,False,366.0,-60.0,804.9500122070312,53.1600341796875,1169.3300170898438,871.825858399272
4466,set06,video_0004,6_4_1822,1,314,16,0,False,False,366.0,-52.0,807.5700073242188,56.29998779296875,1175.114990234375,958.7904415279627
4467,set06,video_0004,6_4_1822,1,322,16,0,False,False,366.0,-44.0,808.4600219726562,59.46002197265625,1184.3699951171875,1050.0587620586157
4468,set06,video_0004,6_4_1822,1,330,16,0,False,False,366.0,-36.0,809.4000244140625,62.6199951171875,1195.614990234375,1145.3221567869186
4469,set06,video_0004,6_4_1823,1,314,16,0,False,False,374.0,-60.0,806.969970703125,62.26995849609375,1188.1300048828125,1387.376499608159
4470,set06,video_0004,6_4_1823,1,322,16,0,False,False,374.0,-52.0,806.3499755859375,65.03997802734375,1199.4599609375,1300.799560546875
4471,set06,video_0004,6_4_1823,1,330,16,0,False,False,374.0,-44.0,807.8900146484375,70.3900146484375,1211.6900024414062,1376.8242184072733
4472,set06,video_0004,6_4_1823,1,338,16,0,False,False,374.0,-36.0,810.97998046875,74.26995849609375,1230.7699584960938,1605.7161400392652
4473,set06,video_0004,6_4_1826,0,6703,16,0,False,False,,,841.2999877929688,102.15997314453125,1028.3649597167969,3795.239261109382
4474,set06,video_0004,6_4_1826,0,6711,16,0,False,False,,,853.27001953125,115.510009765625,1068.4650268554688,4485.248603075743
4475,set06,video_0004,6_4_1826,0,6719,16,0,False,False,,,860.6199951171875,131.6500244140625,1113.2000122070312,5342.352205321193
4476,set06,video_0004,6_4_1826,0,6727,16,0,False,False,,,880.9600219726562,152.69000244140625,1165.9949951171875,6747.362261205912
4477,set06,video_0004,6_4_1829,0,7320,16,0,False,False,,,892.1699829101562,161.79998779296875,1239.7449951171875,9447.483906373382
4478,set06,video_0004,6_4_1833,0,16066,16,0,False,False,,,828.5599975585938,87.79998779296875,1052.7000122070312,2293.335252441466
4479,set06,video_0004,6_4_1833,0,16074,16,0,False,False,,,838.5800170898438,101.73004150390625,1097.8300170898438,3322.506632618606
4480,set06,video_0004,6_4_1833,0,16082,16,0,False,False,,,850.9600219726562,118.4000244140625,1147.9949951171875,4121.511787354946
4481,set06,video_0004,6_4_1833,0,16090,16,0,False,False,,,861.2000122070312,133.1099853515625,1195.9300537109375,5289.789517968893
4482,set06,video_0004,6_4_1836,0,16060,16,0,False,False,,,805.7100219726562,78.10003662109375,453.09999084472656,2194.611505737528
4483,set06,video_0004,6_4_1836,0,16068,16,0,False,False,,,810.9099731445312,83.199951171875,447.4049987792969,2626.623067870736
4484,set06,video_0004,6_4_1836,0,16076,16,0,False,False,,,815.4000244140625,89.05999755859375,426.17498779296875,3139.3649139404297
4485,set06,video_0004,6_4_1836,0,16084,16,0,False,False,,,821.0,97.79998779296875,397.68499755859375,3418.110767211765
4486,set06,video_0004,6_4_1837,0,16055,16,0,False,False,,,805.6900024414062,62.33001708984375,434.3350067138672,2330.5183498654515
4487,set06,video_0004,6_4_1837,0,16063,16,0,False,False,,,809.6400146484375,66.77001953125,421.26499938964844,2849.077629968524
4488,set06,video_0004,6_4_1837,0,16071,16,0,False,False,,,812.8900146484375,71.33001708984375,405.75,3506.581724535674
4489,set06,video_0004,6_4_1837,0,16079,16,0,False,False,,,820.4099731445312,78.87994384765625,378.9750061035156,4411.75468166545
4490,set06,video_0004,6_4_1841,0,6786,16,0,False,False,,,813.0900268554688,76.23004150390625,1077.4949951171875,2432.493924483657
4491,set06,video_0004,6_4_1841,0,6794,16,0,False,False,,,831.4000244140625,83.94000244140625,1093.5,2775.0613990724087
4492,set06,video_0004,6_4_1841,0,6802,16,0,False,False,,,828.530029296875,91.98004150390625,1115.2899780273438,2912.0912578627467
4493,set06,video_0004,6_4_1841,0,6810,16,0,False,False,,,846.1500244140625,108.36004638671875,1150.7449951171875,3793.6862822026014
4494,set06,video_0004,6_4_1845,0,9961,16,0,False,False,,,916.2000122070312,203.83001708984375,1659.7899780273438,12718.998042725027
4495,set06,video_0004,6_4_1845,0,9969,16,0,False,False,,,920.8800048828125,214.02001953125,1679.3900146484375,13050.936610937119
4496,set06,video_0004,6_4_1845,0,9977,16,0,False,False,,,926.6400146484375,224.6500244140625,1700.905029296875,12533.233637452126
4497,set06,video_0004,6_4_1845,0,9985,16,0,False,False,,,933.6799926757812,237.6099853515625,1736.1749877929688,14487.102850779891
4498,set06,video_0004,6_4_1846,0,10118,16,0,False,False,,,881.280029296875,155.02001953125,1385.1100463867188,7884.315922558308
4499,set06,video_0004,6_4_1846,0,10126,16,0,False,False,,,887.0,170.719970703125,1428.030029296875,10581.22044980526
4500,set06,video_0004,6_4_1846,0,10134,16,0,False,False,,,896.969970703125,189.6199951171875,1474.6900024414062,13610.905657812953
4501,set06,video_0004,6_4_1846,0,10142,16,0,False,False,,,906.8300170898438,210.530029296875,1537.4449462890625,16107.654597461224
4502,set06,video_0004,6_4_1847,0,10128,16,0,False,False,,,862.8900146484375,138.52001953125,1412.1799926757812,5513.086631834507
4503,set06,video_0004,6_4_1847,0,10136,16,0,False,False,,,866.22998046875,151.3499755859375,1455.75,6644.249147951603
4504,set06,video_0004,6_4_1847,0,10144,16,0,False,False,,,869.3099975585938,164.30999755859375,1503.5250244140625,7717.635771557689
4505,set06,video_0004,6_4_1847,0,10152,16,0,False,False,,,876.72998046875,178.89996337890625,1556.4950561523438,8968.256037719548
4506,set06,video_0004,6_4_1850,0,10083,16,0,False,False,,,815.5700073242188,93.02001953125,387.64500427246094,2642.699095532298
4507,set06,video_0004,6_4_1850,0,10091,16,0,False,False,,,814.7999877929688,99.739990234375,349.76499938964844,2925.3725742921233
4508,set06,video_0004,6_4_1850,0,10099,16,0,False,False,,,817.8699951171875,107.05999755859375,306.05999755859375,3201.0965407714248
4509,set06,video_0004,6_4_1850,0,10107,16,0,False,False,,,816.3599853515625,114.510009765625,257.0550079345703,3532.634500183165
4510,set06,video_0004,6_4_1851,0,10088,16,0,False,False,,,818.7999877929688,110.94000244140625,384.0150146484375,4021.5750885009766
4511,set06,video_0004,6_4_1851,0,10096,16,0,False,False,,,814.4299926757812,113.71002197265625,344.1000061035156,4243.658852856606
4512,set06,video_0004,6_4_1851,0,10104,16,0,False,False,,,817.1599731445312,121.90997314453125,298.0349884033203,4758.1461030151695
4513,set06,video_0004,6_4_1851,0,10112,16,0,False,False,,,822.5499877929688,132.82000732421875,248.92499542236328,5415.072266076691
4514,set06,video_0004,6_4_1831,1,8137,16,0,False,False,8197.0,-60.0,800.6900024414062,139.08001708984375,91.49499893188477,5773.211806506384
4515,set06,video_0004,6_4_1831,1,8145,16,0,False,False,8197.0,-52.0,799.1400146484375,139.08001708984375,83.92499923706055,5773.211806506384
4516,set06,video_0004,6_4_1831,1,8153,16,0,False,False,8197.0,-44.0,800.5399780273438,143.75,74.81999778747559,5971.374583244324
4517,set06,video_0004,6_4_1831,1,8161,16,0,False,False,8197.0,-36.0,804.77001953125,146.86004638671875,72.76500129699707,6102.034815322841
4518,set06,video_0004,6_4_1842,1,8062,16,0,False,False,8122.0,-60.0,813.6099853515625,103.3900146484375,437.38999938964844,3579.3649575076997
4519,set06,video_0004,6_4_1842,1,8070,16,0,False,False,8122.0,-52.0,815.0700073242188,104.6500244140625,434.2200012207031,3654.377064086497
4520,set06,video_0004,6_4_1842,1,8078,16,0,False,False,8122.0,-44.0,816.52001953125,105.25,434.0400085449219,3662.698715209961
4521,set06,video_0004,6_4_1842,1,8086,16,0,False,False,8122.0,-36.0,817.510009765625,105.85003662109375,434.77000427246094,3672.994332579896
4522,set06,video_0004,6_4_1843,1,8093,16,0,False,False,8153.0,-60.0,811.3400268554688,87.4300537109375,474.1300048828125,3060.0518798828125
4523,set06,video_0004,6_4_1843,1,8101,16,0,False,False,8153.0,-52.0,811.510009765625,87.1400146484375,474.1199951171875,3016.7868816405535
4524,set06,video_0004,6_4_1843,1,8109,16,0,False,False,8153.0,-44.0,811.6699829101562,86.8399658203125,474.11000061035156,2973.4022317864
4525,set06,video_0004,6_4_1843,1,8117,16,0,False,False,8153.0,-36.0,811.8300170898438,86.5400390625,474.11000061035156,2930.2470959722996
4526,set06,video_0004,6_4_1844,1,8139,16,0,False,False,8199.0,-60.0,801.1400146484375,85.530029296875,426.9149932861328,2837.0322202518582
4527,set06,video_0004,6_4_1844,1,8147,16,0,False,False,8199.0,-52.0,803.0,86.969970703125,429.5449981689453,2914.3619134649634
4528,set06,video_0004,6_4_1844,1,8155,16,0,False,False,8199.0,-44.0,804.5599975585938,88.25,433.1750030517578,2941.3713150024414
4529,set06,video_0004,6_4_1844,1,8163,16,0,False,False,8199.0,-36.0,805.2000122070312,89.05999755859375,439.7949981689453,2815.1879361327738
4530,set06,video_0004,6_4_1832,0,12914,16,0,False,False,,,835.8400268554688,130.75,530.3299865722656,5499.344680786133
4531,set06,video_0004,6_4_1832,0,12922,16,0,False,False,,,843.760009765625,142.780029296875,499.635009765625,6637.842167675495
4532,set06,video_0004,6_4_1832,0,12930,16,0,False,False,,,850.0999755859375,155.0,461.3399963378906,7954.601135253906
4533,set06,video_0004,6_4_1832,0,12938,16,0,False,False,,,856.2999877929688,169.20001220703125,414.2250061035156,8620.742687378079
4534,set06,video_0004,6_4_1834,0,16073,16,0,False,False,,,826.3800048828125,81.8800048828125,1069.2100219726562,2428.563743457198
4535,set06,video_0004,6_4_1834,0,16081,16,0,False,False,,,835.8599853515625,92.3800048828125,1114.135009765625,3115.9757604002953
4536,set06,video_0004,6_4_1834,0,16089,16,0,False,False,,,843.5,105.3699951171875,1155.1849975585938,4038.8272823244333
4537,set06,video_0004,6_4_1834,0,16097,16,0,False,False,,,848.3400268554688,122.30999755859375,1196.344970703125,5470.923801928759
4538,set06,video_0004,6_4_1835,0,16045,16,0,False,False,,,794.6799926757812,69.79998779296875,393.114990234375,1622.8497161865234
4539,set06,video_0004,6_4_1835,0,16053,16,0,False,False,,,800.9199829101562,74.6099853515625,382.87001037597656,1484.7382531128824
4540,set06,video_0004,6_4_1835,0,16061,16,0,False,False,,,805.739990234375,81.05999755859375,367.32501220703125,1672.2681454345584
4541,set06,video_0004,6_4_1835,0,16069,16,0,False,False,,,809.9000244140625,89.10003662109375,344.5850067138672,2158.89486621134
4542,set06,video_0005,6_5_1857,0,700,16,0,False,False,,,808.5,76.760009765625,517.6699829101562,2080.1943906247616
4543,set06,video_0005,6_5_1870,0,13399,16,0,False,False,,,818.1300048828125,84.6400146484375,648.1549987792969,2489.2605577632785
4544,set06,video_0005,6_5_1870,0,13407,16,0,False,False,,,823.0999755859375,92.55999755859375,614.9700012207031,2782.3533006347716
4545,set06,video_0005,6_5_1870,0,13415,16,0,False,False,,,831.1799926757812,103.239990234375,576.5650024414062,3360.4667231440544
4546,set06,video_0005,6_5_1870,0,13423,16,0,False,False,,,838.2999877929688,114.44000244140625,527.2300109863281,4112.973967138678
4547,set06,video_0005,6_5_1856,0,684,16,0,False,False,,,811.969970703125,66.89996337890625,1148.8700561523438,1412.9268999025226
4548,set06,video_0005,6_5_1856,0,692,16,0,False,False,,,821.5499877929688,75.16998291015625,1173.5999755859375,1764.98973056674
4549,set06,video_0005,6_5_1856,0,700,16,0,False,False,,,829.6699829101562,85.77996826171875,1205.8349609375,2275.745071068406
4550,set06,video_0005,6_5_1856,0,708,16,0,False,False,,,830.0700073242188,99.530029296875,1249.0399780273438,3222.7828346192837
4551,set06,video_0005,6_5_1858,0,736,16,0,False,False,,,811.8499755859375,60.41998291015625,1165.010009765625,1100.85031850636
4552,set06,video_0005,6_5_1858,0,744,16,0,False,False,,,817.9099731445312,67.30999755859375,1190.6749877929688,1356.2980941161513
4553,set06,video_0005,6_5_1858,0,752,16,0,False,False,,,826.2999877929688,76.64996337890625,1224.1699829101562,1693.9623193368316
4554,set06,video_0005,6_5_1858,0,760,16,0,False,False,,,832.8499755859375,86.97998046875,1265.969970703125,2092.7434265613556
4555,set06,video_0005,6_5_1860,0,738,16,0,False,False,,,808.02001953125,61.77001953125,1155.7949829101562,1060.593949854374
4556,set06,video_0005,6_5_1860,0,746,16,0,False,False,,,814.9099731445312,68.8299560546875,1179.9600219726562,1328.4131105989218
4557,set06,video_0005,6_5_1860,0,754,16,0,False,False,,,824.4199829101562,79.91998291015625,1211.9049682617188,1787.8096274659038
4558,set06,video_0005,6_5_1860,0,762,16,0,False,False,,,832.0999755859375,92.0699462890625,1253.3099975585938,2263.0752337425947
4559,set06,video_0005,6_5_1863,1,2264,16,0,False,False,2324.0,-60.0,885.4500122070312,229.21002197265625,1521.1649780273438,14653.409015797079
4560,set06,video_0005,6_5_1863,1,2272,16,0,False,False,2324.0,-52.0,885.3499755859375,229.7099609375,1514.7850341796875,14598.079233884811
4561,set06,video_0005,6_5_1863,1,2280,16,0,False,False,2324.0,-44.0,886.8099975585938,230.30999755859375,1508.4650268554688,15101.414169751108
4562,set06,video_0005,6_5_1863,1,2288,16,0,False,False,2324.0,-36.0,889.3599853515625,231.489990234375,1502.0249633789062,16109.38050815463
4563,set06,video_0005,6_5_1867,0,5778,16,0,False,False,,,824.3400268554688,114.57000732421875,657.9200134277344,5132.73492956534
4564,set06,video_0005,6_5_1867,0,5786,16,0,False,False,,,825.0,124.239990234375,620.77001953125,5995.823141992092
4565,set06,video_0005,6_5_1867,0,5794,16,0,False,False,,,829.7999877929688,142.89996337890625,576.5899963378906,7719.450090821832
4566,set06,video_0005,6_5_1867,0,5802,16,0,False,False,,,836.280029296875,158.3900146484375,516.6900024414062,9804.345773681998
4567,set06,video_0005,6_5_1871,0,13705,16,0,False,False,,,876.3599853515625,149.03997802734375,1253.344970703125,6141.931672632694
4568,set06,video_0005,6_5_1871,0,13713,16,0,False,False,,,892.2899780273438,169.0999755859375,1298.75,8238.545856446028
4569,set06,video_0005,6_5_1871,0,13721,16,0,False,False,,,908.219970703125,189.14996337890625,1344.1600341796875,10634.005399659276
4570,set06,video_0005,6_5_1871,0,13729,16,0,False,False,,,928.75,215.57000732421875,1400.6500244140625,13322.236978515983
4571,set06,video_0005,6_5_1874,0,16098,16,0,False,False,,,837.7999877929688,116.76995849609375,1337.260009765625,5193.925473242998
4572,set06,video_0005,6_5_1874,0,16106,16,0,False,False,,,854.3200073242188,128.46002197265625,1362.594970703125,5997.790898948908
4573,set06,video_0005,6_5_1874,0,16114,16,0,False,False,,,866.8800048828125,143.72003173828125,1392.0900268554688,7050.895634226501
4574,set06,video_0005,6_5_1874,0,16122,16,0,False,False,,,876.2000122070312,165.8699951171875,1435.2249755859375,9326.866585791111
4575,set06,video_0005,6_5_1861,1,2291,16,0,False,False,2351.0,-60.0,968.3599853515625,329.27996826171875,1472.6799926757812,39724.340194530785
4576,set06,video_0005,6_5_1861,1,2299,16,0,False,False,2351.0,-52.0,968.6799926757812,330.0999755859375,1472.75,39948.705492675304
4577,set06,video_0005,6_5_1861,1,2307,16,0,False,False,2351.0,-44.0,968.989990234375,330.91998291015625,1472.8250122070312,40177.006435863674
4578,set06,video_0005,6_5_1861,1,2315,16,0,False,False,2351.0,-36.0,969.3099975585938,331.739990234375,1472.89501953125,40402.6263692379
4579,set06,video_0006,6_6_1884,0,7077,16,0,False,False,,,814.6699829101562,86.77996826171875,1166.3200073242188,2528.7695463374257
4580,set06,video_0006,6_6_1884,0,7085,16,0,False,False,,,831.6900024414062,95.80999755859375,1190.77001953125,3035.254173144698
4581,set06,video_0006,6_6_1884,0,7093,16,0,False,False,,,838.8699951171875,106.54998779296875,1219.635009765625,3617.3668829351664
4582,set06,video_0006,6_6_1884,0,7101,16,0,False,False,,,850.8099975585938,124.760009765625,1261.5150146484375,4677.251547753811
4583,set06,video_0006,6_6_1888,0,16636,16,0,False,False,,,803.25,59.969970703125,1152.9450073242188,1235.9802177250385
4584,set06,video_0006,6_6_1888,0,16644,16,0,False,False,,,814.22998046875,69.219970703125,1176.3250122070312,1560.9052695333958
4585,set06,video_0006,6_6_1888,0,16652,16,0,False,False,,,828.469970703125,81.65997314453125,1214.1300048828125,2515.1311601549387
4586,set06,video_0006,6_6_1888,0,16660,16,0,False,False,,,836.3200073242188,92.8800048828125,1249.6199951171875,2929.438982129097
4587,set06,video_0006,6_6_1890,0,16641,16,0,False,False,,,805.1799926757812,62.22998046875,1156.5599975585938,1045.4591140151024
4588,set06,video_0006,6_6_1890,0,16649,16,0,False,False,,,814.5399780273438,68.89996337890625,1181.5700073242188,1393.1636516079307
4589,set06,video_0006,6_6_1890,0,16657,16,0,False,False,,,821.1099853515625,79.1199951171875,1213.5499877929688,1906.789950683713
4590,set06,video_0006,6_6_1890,0,16665,16,0,False,False,,,827.6799926757812,91.1099853515625,1254.8399658203125,2487.3070488274097
4591,set06,video_0006,6_6_1882,0,4311,16,0,False,False,,,807.3200073242188,56.27001953125,602.9499816894531,980.2227785885334
4592,set06,video_0006,6_6_1882,0,4319,16,0,False,False,,,808.3300170898438,62.1400146484375,573.4249877929688,1135.2992812991142
4593,set06,video_0006,6_6_1882,0,4327,16,0,False,False,,,807.5999755859375,68.8199462890625,540.9949951171875,1377.0877973139286
4594,set06,video_0006,6_6_1882,0,4335,16,0,False,False,,,812.7899780273438,76.5,499.2449951171875,1722.0157470703125
4595,set06,video_0006,6_6_1885,0,16242,16,0,False,False,,,804.97998046875,56.1199951171875,608.5850219726562,847.9723041504622
4596,set06,video_0006,6_6_1885,0,16250,16,0,False,False,,,813.0800170898438,61.08001708984375,575.4349975585938,1129.368919506669
4597,set06,video_0006,6_6_1885,0,16258,16,0,False,False,,,815.0,68.41998291015625,538.4649963378906,1537.3991875238717
4598,set06,video_0006,6_6_1885,0,16266,16,0,False,False,,,811.239990234375,76.42999267578125,491.5399932861328,1922.978895617649
4599,set06,video_0006,6_6_1887,0,16223,16,0,False,False,,,814.1500244140625,66.75,1227.905029296875,1300.9568481445312
4600,set06,video_0006,6_6_1887,0,16231,16,0,False,False,,,821.02001953125,73.69000244140625,1255.3300170898438,1665.392256103456
4601,set06,video_0006,6_6_1887,0,16239,16,0,False,False,,,820.7000122070312,80.4000244140625,1287.344970703125,1970.6053835451603
4602,set06,video_0006,6_6_1887,0,16247,16,0,False,False,,,828.3800048828125,92.6199951171875,1335.5950317382812,2623.9203914552927
4603,set06,video_0006,6_6_1889,0,16636,16,0,False,False,,,801.0800170898438,60.0400390625,1171.675048828125,1154.568778514862
4604,set06,video_0006,6_6_1889,0,16644,16,0,False,False,,,810.0,66.91998291015625,1197.9549560546875,1337.7298048585653
4605,set06,video_0006,6_6_1889,0,16652,16,0,False,False,,,821.7899780273438,75.3399658203125,1229.260009765625,1689.1161477565765
4606,set06,video_0006,6_6_1889,0,16660,16,0,False,False,,,830.0999755859375,89.8499755859375,1270.844970703125,2266.9131291508675
4607,set06,video_0006,6_6_1891,0,16960,16,0,False,False,,,811.9600219726562,70.74005126953125,1147.8699951171875,2964.0012399852276
4608,set06,video_0006,6_6_1891,0,16968,16,0,False,False,,,817.6599731445312,79.5899658203125,1166.0750122070312,3731.974663183093
4609,set06,video_0006,6_6_1891,0,16976,16,0,False,False,,,824.4000244140625,95.6600341796875,1196.074951171875,5285.216888427734
4610,set06,video_0006,6_6_1891,0,16984,16,0,False,False,,,833.3599853515625,110.16998291015625,1236.3099975585938,6537.483020313084
4611,set06,video_0006,6_6_1892,0,251,16,0,False,False,,,846.3699951171875,151.3499755859375,1442.89501953125,8401.438622802496
4612,set06,video_0006,6_6_1892,0,259,16,0,False,False,,,855.9500122070312,169.25,1493.8499755859375,9298.585083007812
4613,set06,video_0006,6_6_1892,0,267,16,0,False,False,,,867.6400146484375,188.280029296875,1550.60498046875,10455.195542871952
4614,set06,video_0006,6_6_1892,0,275,16,0,False,False,,,874.97998046875,211.9599609375,1611.3799438476562,11789.211992383003
4615,set06,video_0006,6_6_1893,0,248,16,0,False,False,,,815.3800048828125,117.46002197265625,441.8900146484375,3582.5306701660156
4616,set06,video_0006,6_6_1893,0,256,16,0,False,False,,,821.0999755859375,130.19000244140625,391.0900115966797,4585.292044909671
4617,set06,video_0006,6_6_1893,0,264,16,0,False,False,,,825.5800170898438,145.08001708984375,335.5950012207031,5938.124036889523
4618,set06,video_0006,6_6_1893,0,272,16,0,False,False,,,829.280029296875,158.11004638671875,278.0400085449219,6868.300801049918
4619,set06,video_0006,6_6_1894,0,243,16,0,False,False,,,793.97998046875,100.14996337890625,410.76499938964844,3243.855724548921
4620,set06,video_0006,6_6_1894,0,251,16,0,False,False,,,795.3200073242188,108.59002685546875,364.25498962402344,3749.613494763151
4621,set06,video_0006,6_6_1894,0,259,16,0,False,False,,,798.9500122070312,118.0,316.7149963378906,4381.340576171875
4622,set06,video_0006,6_6_1894,0,267,16,0,False,False,,,800.239990234375,129.0,267.18499755859375,4862.010314941406
4623,set06,video_0007,6_7_1895,1,2481,16,0,False,False,2541.0,-60.0,799.739990234375,101.1099853515625,133.4749984741211,2993.866727972403
4624,set06,video_0007,6_7_1895,1,2489,16,0,False,False,2541.0,-52.0,800.2899780273438,101.1099853515625,134.31499862670898,3022.1766290375963
4625,set06,video_0007,6_7_1895,1,2497,16,0,False,False,2541.0,-44.0,800.8499755859375,101.1099853515625,135.15500259399414,3050.4888443266973
4626,set06,video_0007,6_7_1895,1,2505,16,0,False,False,2541.0,-36.0,801.4000244140625,101.10003662109375,135.9900016784668,3077.4861329044215
4627,set06,video_0007,6_7_1897,0,12503,16,0,False,False,,,790.52001953125,48.58001708984375,632.7099914550781,694.6936513669789
4628,set06,video_0007,6_7_1897,0,12511,16,0,False,False,,,784.6199951171875,53.0999755859375,599.0299987792969,794.3768015131354
4629,set06,video_0007,6_7_1897,0,12519,16,0,False,False,,,790.6500244140625,57.94000244140625,558.1700134277344,886.4813300780952
4630,set06,video_0007,6_7_1897,0,12527,16,0,False,False,,,794.25,68.1199951171875,506.30499267578125,1232.2883833497763
4631,set06,video_0007,6_7_1898,0,12501,16,0,False,False,,,793.6199951171875,46.92999267578125,637.8099975585938,622.2921611815691
4632,set06,video_0007,6_7_1898,0,12509,16,0,False,False,,,790.27001953125,53.25,608.6650085449219,801.4118499755859
4633,set06,video_0007,6_7_1898,0,12517,16,0,False,False,,,788.4099731445312,55.66998291015625,574.7250061035156,877.9133199714124
4634,set06,video_0007,6_7_1898,0,12525,16,0,False,False,,,792.5,59.41998291015625,527.8349914550781,962.0096683837473
4635,set06,video_0007,6_7_1900,0,12885,16,0,False,False,,,808.5999755859375,50.449951171875,1192.655029296875,690.6568754911423
4636,set06,video_0007,6_7_1900,0,12893,16,0,False,False,,,815.3599853515625,60.51995849609375,1218.4750366210938,948.3504092022777
4637,set06,video_0007,6_7_1900,0,12901,16,0,False,False,,,821.3300170898438,70.71002197265625,1248.4450073242188,1256.5098399147391
4638,set06,video_0007,6_7_1900,0,12909,16,0,False,False,,,823.9099731445312,81.8199462890625,1290.3099975585938,1682.2129020541906
4639,set06,video_0007,6_7_1901,0,12887,16,0,False,False,,,813.6599731445312,58.949951171875,1196.3499755859375,841.8070297837257
4640,set06,video_0007,6_7_1901,0,12895,16,0,False,False,,,814.7000122070312,64.1099853515625,1221.114990234375,998.196854442358
4641,set06,video_0007,6_7_1901,0,12903,16,0,False,False,,,819.469970703125,73.15997314453125,1252.1000366210938,1360.7737143561244
4642,set06,video_0007,6_7_1901,0,12911,16,0,False,False,,,821.5,82.6400146484375,1294.4099731445312,1763.5350879877806
4643,set06,video_0007,6_7_1903,0,13414,16,0,False,False,,,794.52001953125,45.33001708984375,598.1199951171875,630.9958299323916
4644,set06,video_0007,6_7_1903,0,13422,16,0,False,False,,,794.3599853515625,49.91998291015625,564.1699829101562,797.7203519046307
4645,set06,video_0007,6_7_1903,0,13430,16,0,False,False,,,789.9199829101562,51.07000732421875,523.635009765625,816.6089183837175
4646,set06,video_0007,6_7_1903,0,13438,16,0,False,False,,,796.9000244140625,64.300048828125,474.0950012207031,1325.2230644524097
4647,set06,video_0007,6_7_1905,0,13695,16,0,False,False,,,809.3499755859375,69.30999755859375,1211.1849975585938,1470.0708014890552
4648,set06,video_0007,6_7_1905,0,13703,16,0,False,False,,,812.47998046875,76.32000732421875,1236.9400024414062,1735.525537647307
4649,set06,video_0007,6_7_1905,0,13711,16,0,False,False,,,816.969970703125,85.75994873046875,1271.7650146484375,2062.53095446527
4650,set06,video_0007,6_7_1905,0,13719,16,0,False,False,,,826.6500244140625,98.05999755859375,1314.760009765625,2673.1164910644293
4651,set06,video_0007,6_7_1896,0,12102,16,0,False,False,,,846.3400268554688,117.0,1538.3300170898438,4497.4874267578125
4652,set06,video_0007,6_7_1896,0,12110,16,0,False,False,,,841.6400146484375,117.0,1569.3250122070312,4498.6585693359375
4653,set06,video_0007,6_7_1896,0,12118,16,0,False,False,,,836.9400024414062,117.0,1600.3250122070312,4498.6585693359375
4654,set06,video_0007,6_7_1896,0,12126,16,0,False,False,,,858.0399780273438,143.16998291015625,1635.7649536132812,7500.6775018796325
4655,set06,video_0007,6_7_1899,0,12742,16,0,False,False,,,808.8599853515625,61.52996826171875,696.1000061035156,1198.6063354723155
4656,set06,video_0007,6_7_1899,0,12750,16,0,False,False,,,812.4400024414062,68.6500244140625,671.2149963378906,1489.0191971436143
4657,set06,video_0007,6_7_1899,0,12758,16,0,False,False,,,817.8800048828125,77.780029296875,638.5199890136719,1869.8301952630281
4658,set06,video_0007,6_7_1899,0,12766,16,0,False,False,,,822.1199951171875,87.3699951171875,589.4249877929688,2085.5213568359613
4659,set06,video_0007,6_7_1906,0,13691,16,0,False,False,,,809.6400146484375,59.25,1220.2200317382812,1017.9181823730469
4660,set06,video_0007,6_7_1906,0,13699,16,0,False,False,,,812.02001953125,65.46002197265625,1246.3400268554688,1269.926024414599
4661,set06,video_0007,6_7_1906,0,13707,16,0,False,False,,,816.77001953125,73.0,1281.510009765625,1581.173583984375
4662,set06,video_0007,6_7_1906,0,13715,16,0,False,False,,,822.989990234375,84.6199951171875,1326.375,2036.8090670406818
4663,set06,video_0007,6_7_1908,0,15420,16,0,False,False,,,828.5999755859375,88.19000244140625,1269.2550048828125,2988.7497092038393
4664,set06,video_0007,6_7_1908,0,15428,16,0,False,False,,,838.760009765625,96.1099853515625,1284.9649658203125,4593.099954247475
4665,set06,video_0007,6_7_1908,0,15436,16,0,False,False,,,841.9000244140625,108.10003662109375,1313.0899658203125,5861.180818602443
4666,set06,video_0007,6_7_1908,0,15444,16,0,False,False,,,848.2999877929688,117.0899658203125,1352.9299926757812,5187.076909914613
4667,set06,video_0007,6_7_1912,1,16220,16,0,False,False,16280.0,-60.0,812.5,167.04998779296875,1866.885009765625,7522.265844359994
4668,set06,video_0007,6_7_1912,1,16228,16,0,False,False,16280.0,-52.0,823.1199951171875,177.40997314453125,1873.0750122070312,7928.46296120435
4669,set06,video_0007,6_7_1912,1,16236,16,0,False,False,16280.0,-44.0,827.3400268554688,184.6400146484375,1883.0799560546875,8862.720703125
4670,set06,video_0007,6_7_1912,1,16244,16,0,False,False,16280.0,-36.0,839.4199829101562,193.6300048828125,1892.3049926757812,10337.908797070384
4671,set06,video_0007,6_7_1914,0,17363,16,0,False,False,,,800.780029296875,45.71002197265625,726.3699951171875,641.7704940438271
4672,set06,video_0007,6_7_1914,0,17371,16,0,False,False,,,802.47998046875,49.6300048828125,702.6399841308594,715.6638222411275
4673,set06,video_0007,6_7_1914,0,17379,16,0,False,False,,,806.9199829101562,57.6199951171875,667.5850219726562,1058.479028955102
4674,set06,video_0007,6_7_1914,0,17387,16,0,False,False,,,812.0,66.760009765625,631.9649963378906,1528.1335267573595
4675,set06,video_0007,6_7_1917,0,18967,16,0,False,False,,,813.8699951171875,69.29998779296875,1220.114990234375,1593.2060426026583
4676,set06,video_0007,6_7_1917,0,18975,16,0,False,False,,,815.0999755859375,74.92999267578125,1246.25,1963.1621494144201
4677,set06,video_0007,6_7_1917,0,18983,16,0,False,False,,,819.9000244140625,83.05999755859375,1278.6900024414062,2302.430838085711
4678,set06,video_0007,6_7_1917,0,18991,16,0,False,False,,,825.6099853515625,94.40997314453125,1323.4450073242188,2920.1055402085185
4679,set06,video_0007,6_7_1918,0,19038,16,0,False,False,,,821.1199951171875,60.07000732421875,1162.219970703125,1293.910304248333
4680,set06,video_0007,6_7_1918,0,19046,16,0,False,False,,,824.52001953125,69.1700439453125,1189.4000244140625,1586.7567551732063
4681,set06,video_0007,6_7_1918,0,19054,16,0,False,False,,,831.3400268554688,78.780029296875,1224.5150146484375,1926.1678696274757
4682,set06,video_0007,6_7_1918,0,19062,16,0,False,False,,,842.4500122070312,89.91998291015625,1270.9849853515625,2358.599395483732
4683,set06,video_0008,6_8_1919,0,1187,16,0,False,False,,,862.030029296875,131.550048828125,1179.60498046875,6107.859774410725
4684,set06,video_0008,6_8_1919,0,1195,16,0,False,False,,,868.27001953125,149.73004150390625,1219.614990234375,8278.579843580723
4685,set06,video_0008,6_8_1919,0,1203,16,0,False,False,,,880.5399780273438,174.3399658203125,1271.010009765625,10418.558059960604
4686,set06,video_0008,6_8_1919,0,1211,16,0,False,False,,,895.5,203.21002197265625,1336.2550048828125,14608.746650412679
4687,set06,video_0008,6_8_1922,0,3894,16,0,False,False,,,807.510009765625,66.4100341796875,1252.2349853515625,2487.0525373518467
4688,set06,video_0008,6_8_1922,0,3902,16,0,False,False,,,812.780029296875,74.69000244140625,1286.0599975585938,3015.982663281262
4689,set06,video_0008,6_8_1922,0,3910,16,0,False,False,,,818.5800170898438,84.1600341796875,1320.1700439453125,3679.474228709936
4690,set06,video_0008,6_8_1922,0,3918,16,0,False,False,,,821.5,87.1099853515625,1365.7300415039062,4015.7681979984045
4691,set06,video_0008,6_8_1923,0,11800,16,0,False,False,,,808.22998046875,62.54998779296875,1120.0050048828125,1021.446187376976
4692,set06,video_0008,6_8_1923,0,11808,16,0,False,False,,,814.0999755859375,70.77996826171875,1145.510009765625,1357.5549527853727
4693,set06,video_0008,6_8_1923,0,11816,16,0,False,False,,,820.9400024414062,80.6400146484375,1179.1399536132812,1943.4223842769861
4694,set06,video_0008,6_8_1923,0,11824,16,0,False,False,,,829.4099731445312,95.28997802734375,1222.3999633789062,2866.3183515146375
4695,set06,video_0008,6_8_1932,0,14911,16,0,False,False,,,808.8900146484375,67.3599853515625,553.155029296875,1161.9597473144531
4696,set06,video_0008,6_8_1932,0,14919,16,0,False,False,,,813.489990234375,75.05999755859375,521.4550170898438,1474.9307845458388
4697,set06,video_0008,6_8_1932,0,14927,16,0,False,False,,,815.9199829101562,81.8699951171875,483.5800018310547,1835.5263898558915
4698,set06,video_0008,6_8_1932,0,14935,16,0,False,False,,,818.4000244140625,90.20001220703125,433.2899932861328,2298.2973020020872
4699,set06,video_0008,6_8_1920,0,2491,16,0,False,False,,,803.8499755859375,55.5699462890625,1128.47998046875,1274.7713118195534
4700,set06,video_0008,6_8_1920,0,2499,16,0,False,False,,,809.8800048828125,63.78997802734375,1147.3250122070312,1650.2464200928807
4701,set06,video_0008,6_8_1920,0,2507,16,0,False,False,,,815.4500122070312,69.96002197265625,1171.0950317382812,1809.8654268309474
4702,set06,video_0008,6_8_1920,0,2515,16,0,False,False,,,825.8499755859375,83.199951171875,1199.14501953125,3062.5950776338577
4703,set06,video_0008,6_8_1921,0,3885,16,0,False,False,,,796.4600219726562,65.84002685546875,487.9250030517578,1268.736594164744
4704,set06,video_0008,6_8_1921,0,3893,16,0,False,False,,,801.510009765625,72.80999755859375,452.27000427246094,1475.129039587453
4705,set06,video_0008,6_8_1921,0,3901,16,0,False,False,,,804.0399780273438,75.78997802734375,412.7300109863281,1567.3361905030906
4706,set06,video_0008,6_8_1921,0,3909,16,0,False,False,,,799.969970703125,75.77996826171875,366.0299987792969,1567.1291886232793
4707,set06,video_0008,6_8_1924,1,12181,16,0,False,False,12241.0,-60.0,894.760009765625,223.2900390625,1635.4400024414062,10767.066398978233
4708,set06,video_0008,6_8_1924,1,12189,16,0,False,False,12241.0,-52.0,894.9000244140625,221.9000244140625,1635.1300048828125,11037.305047363043
4709,set06,video_0008,6_8_1924,1,12197,16,0,False,False,12241.0,-44.0,894.9000244140625,221.9000244140625,1635.1300048828125,11037.305047363043
4710,set06,video_0008,6_8_1924,1,12205,16,0,False,False,12241.0,-36.0,894.9000244140625,221.9000244140625,1635.1300048828125,11037.305047363043
4711,set06,video_0008,6_8_1925,1,12137,16,0,False,False,12197.0,-60.0,908.8800048828125,242.91998291015625,1656.4500122070312,19156.666293896735
4712,set06,video_0008,6_8_1925,1,12145,16,0,False,False,12197.0,-52.0,912.9500122070312,253.80999755859375,1677.344970703125,18708.325005590916
4713,set06,video_0008,6_8_1925,1,12153,16,0,False,False,12197.0,-44.0,915.7999877929688,259.90997314453125,1687.14501953125,19178.767071068287
4714,set06,video_0008,6_8_1925,1,12161,16,0,False,False,12197.0,-36.0,918.489990234375,256.469970703125,1688.7249755859375,19412.197054982185
4715,set06,video_0008,6_8_1926,1,12226,16,0,False,False,12286.0,-60.0,899.02001953125,250.1500244140625,1871.89501953125,20744.924424558878
4716,set06,video_0008,6_8_1926,1,12234,16,0,False,False,12286.0,-52.0,899.7899780273438,250.02996826171875,1871.5599975585938,20722.484990380704
4717,set06,video_0008,6_8_1926,1,12242,16,0,False,False,12286.0,-44.0,900.5599975585938,249.90997314453125,1871.2200317382812,20702.533633448184
4718,set06,video_0008,6_8_1926,1,12250,16,0,False,False,12286.0,-36.0,903.7899780273438,249.78997802734375,1853.8999633789062,19828.329675488174
4719,set06,video_0008,6_8_1927,1,12230,16,0,False,False,12290.0,-60.0,902.2999877929688,209.08001708984375,1800.1400146484375,13556.766684278846
4720,set06,video_0008,6_8_1927,1,12238,16,0,False,False,12290.0,-52.0,902.2999877929688,207.8499755859375,1798.7900390625,15173.048217773438
4721,set06,video_0008,6_8_1927,1,12246,16,0,False,False,12290.0,-44.0,902.2999877929688,207.8499755859375,1797.9349975585938,14817.607506349683
4722,set06,video_0008,6_8_1927,1,12254,16,0,False,False,12290.0,-36.0,903.3599853515625,207.8499755859375,1794.864990234375,14551.578820556402
4723,set06,video_0008,6_8_1931,0,13685,16,0,False,False,,,813.8300170898438,63.96002197265625,1091.5150146484375,1279.8406642824411
4724,set06,video_0008,6_8_1931,0,13693,16,0,False,False,,,820.5499877929688,73.6300048828125,1105.2949829101562,1773.7443009763956
4725,set06,video_0008,6_8_1931,0,13701,16,0,False,False,,,829.3800048828125,84.97003173828125,1120.0499877929688,2408.047795213759
4726,set06,video_0008,6_8_1931,0,13709,16,0,False,False,,,844.52001953125,101.32000732421875,1137.7750244140625,3348.6311893314123
4727,set06,video_0008,6_8_1934,0,16213,16,0,False,False,,,806.3499755859375,66.25994873046875,1153.2000122070312,1380.8550667986274
4728,set06,video_0008,6_8_1934,0,16221,16,0,False,False,,,811.6500244140625,73.9000244140625,1181.4200439453125,1829.7653261721134
4729,set06,video_0008,6_8_1934,0,16229,16,0,False,False,,,818.4000244140625,86.70001220703125,1214.5950317382812,2480.486079223454
4730,set06,video_0008,6_8_1934,0,16237,16,0,False,False,,,827.72998046875,98.91998291015625,1258.7150268554688,3354.380001537502
4731,set06,video_0008,6_8_1935,0,16268,16,0,False,False,,,801.9000244140625,61.58001708984375,1172.1099853515625,1168.7875216305256
4732,set06,video_0008,6_8_1935,0,16276,16,0,False,False,,,805.9500122070312,69.4000244140625,1193.6950073242188,1462.254786863923
4733,set06,video_0008,6_8_1935,0,16284,16,0,False,False,,,806.3800048828125,77.84002685546875,1227.010009765625,1835.4739145040512
4734,set06,video_0008,6_8_1935,0,16292,16,0,False,False,,,822.9199829101562,88.5899658203125,1271.3949584960938,2357.377692773938
4735,set06,video_0008,6_8_1936,0,16254,16,0,False,False,,,801.7100219726562,52.0,649.4200134277344,1386.318603515625
4736,set06,video_0008,6_8_1936,0,16262,16,0,False,False,,,804.5,60.3599853515625,624.8150024414062,2074.572401806712
4737,set06,video_0008,6_8_1936,0,16270,16,0,False,False,,,813.4000244140625,66.25,591.1499938964844,2391.627426147461
4738,set06,video_0008,6_8_1936,0,16278,16,0,False,False,,,818.6799926757812,70.82000732421875,542.0750122070312,2629.547217749059
4739,set06,video_0008,6_8_1938,0,17414,16,0,False,False,,,837.2999877929688,82.58001708984375,1121.3099975585938,2657.4293854013085
4740,set06,video_0008,6_8_1938,0,17422,16,0,False,False,,,841.5,94.489990234375,1145.9750366210938,3179.590478271246
4741,set06,video_0008,6_8_1938,0,17430,16,0,False,False,,,855.989990234375,105.1099853515625,1177.625,4443.001133739948
4742,set06,video_0008,6_8_1938,0,17438,16,0,False,False,,,871.77001953125,120.4100341796875,1213.6500244140625,5989.193924218416
4743,set06,video_0009,6_9_1939,0,1758,16,0,False,False,,,812.0999755859375,84.5999755859375,373.9649963378906,1956.7978483885527
4744,set06,video_0009,6_9_1939,0,1766,16,0,False,False,,,812.3699951171875,87.489990234375,343.49000549316406,2134.7552277222276
4745,set06,video_0009,6_9_1939,0,1774,16,0,False,False,,,809.4400024414062,91.8699951171875,304.61000061035156,2394.1346521116793
4746,set06,video_0009,6_9_1939,0,1782,16,0,False,False,,,805.8900146484375,98.1600341796875,259.59000396728516,2626.7619754392654
4747,set06,video_0009,6_9_1940,0,1782,16,0,False,False,,,859.8599853515625,132.3599853515625,1324.219970703125,5752.359793066978
4748,set06,video_0009,6_9_1940,0,1790,16,0,False,False,,,867.3699951171875,145.5899658203125,1356.5799560546875,6801.95893779397
4749,set06,video_0009,6_9_1940,0,1798,16,0,False,False,,,874.2000122070312,158.82000732421875,1394.324951171875,7939.410615161061
4750,set06,video_0009,6_9_1940,0,1806,16,0,False,False,,,880.9099731445312,174.469970703125,1437.3900146484375,9379.507328808308
4751,set06,video_0009,6_9_1941,0,1789,16,0,False,False,,,862.27001953125,114.3800048828125,1279.0700073242188,4929.775417968631
4752,set06,video_0009,6_9_1941,0,1797,16,0,False,False,,,870.1300048828125,126.08001708984375,1307.5750122070312,5773.193516917527
4753,set06,video_0009,6_9_1941,0,1805,16,0,False,False,,,876.4199829101562,139.3699951171875,1342.7000122070312,6700.903240576386
4754,set06,video_0009,6_9_1941,0,1813,16,0,False,False,,,884.9299926757812,157.22998046875,1390.7550048828125,8253.00013935566
4755,set06,video_0009,6_9_1942,0,2196,16,0,False,False,,,856.1199951171875,113.67999267578125,1186.739990234375,5065.587134569883
4756,set06,video_0009,6_9_1942,0,2204,16,0,False,False,,,863.1199951171875,125.6199951171875,1222.1449584960938,6701.823672607541
4757,set06,video_0009,6_9_1943,0,2662,16,0,False,False,,,836.9400024414062,103.8599853515625,1201.9849853515625,2983.8953506350517
4758,set06,video_0009,6_9_1943,0,2670,16,0,False,False,,,839.6799926757812,112.77996826171875,1233.75,3390.172454148531
4759,set06,video_0009,6_9_1943,0,2678,16,0,False,False,,,846.4500122070312,126.59002685546875,1278.4299926757812,4349.63146840781
4760,set06,video_0009,6_9_1943,0,2686,16,0,False,False,,,856.4600219726562,144.80999755859375,1324.6500244140625,5870.60295766592
4761,set06,video_0009,6_9_1944,0,2658,16,0,False,False,,,815.4600219726562,76.98004150390625,505.7649841308594,1581.9389132075012
4762,set06,video_0009,6_9_1944,0,2666,16,0,False,False,,,812.47998046875,79.0799560546875,472.99000549316406,1777.7182809077203
4763,set06,video_0009,6_9_1944,0,2674,16,0,False,False,,,811.5499877929688,87.77996826171875,429.1650085449219,2270.867350317538
4764,set06,video_0009,6_9_1944,0,2682,16,0,False,False,,,810.6199951171875,96.489990234375,385.3399963378906,2823.2980565428734
4765,set06,video_0009,6_9_1945,0,2663,16,0,False,False,,,809.7999877929688,71.54998779296875,516.8999938964844,1647.077749390155
4766,set06,video_0009,6_9_1945,0,2671,16,0,False,False,,,812.5999755859375,82.89996337890625,484.3500061035156,2160.372843261808
4767,set06,video_0009,6_9_1945,0,2679,16,0,False,False,,,814.2000122070312,93.8900146484375,447.98500061035156,2894.627890881151
4768,set06,video_0009,6_9_1945,0,2687,16,0,False,False,,,813.5,102.4000244140625,401.1999969482422,3461.1227001957595
4769,set06,video_0009,6_9_1946,0,2591,16,0,False,False,,,821.3800048828125,92.3599853515625,1174.2549438476562,2389.352370068431
4770,set06,video_0009,6_9_1946,0,2599,16,0,False,False,,,826.8099975585938,103.6199951171875,1208.6599731445312,3152.1248050779104
4771,set06,video_0009,6_9_1946,0,2607,16,0,False,False,,,833.760009765625,117.46002197265625,1243.6100463867188,4099.357634522021
4772,set06,video_0009,6_9_1946,0,2615,16,0,False,False,,,845.8599853515625,135.6300048828125,1291.8900146484375,5322.120067089796
4773,set06,video_0009,6_9_1947,0,2583,16,0,False,False,,,807.1900024414062,66.239990234375,534.8799743652344,1180.397111132741
4774,set06,video_0009,6_9_1947,0,2591,16,0,False,False,,,811.3300170898438,73.04998779296875,509.00001525878906,1373.3411080930382
4775,set06,video_0009,6_9_1947,0,2599,16,0,False,False,,,810.530029296875,75.6300048828125,473.7749938964844,1483.1032878905535
4776,set06,video_0009,6_9_1947,0,2607,16,0,False,False,,,814.739990234375,84.82000732421875,428.3199920654297,2069.6076610106975
4777,set06,video_0009,6_9_1948,0,2596,16,0,False,False,,,805.6300048828125,64.1199951171875,514.2749938964844,1271.500598974526
4778,set06,video_0009,6_9_1948,0,2604,16,0,False,False,,,810.6699829101562,73.760009765625,477.3999938964844,1784.9931367188692
4779,set06,video_0009,6_9_1948,0,2612,16,0,False,False,,,815.7100219726562,83.3900146484375,440.5249938964844,2382.453329272568
4780,set06,video_0009,6_9_1948,0,2620,16,0,False,False,,,820.5499877929688,95.66998291015625,392.31500244140625,3412.546655420214
4781,set06,video_0009,6_9_1950,0,3537,16,0,False,False,,,822.25,93.6500244140625,1232.2100219726562,4034.438936278224
4782,set06,video_0009,6_9_1950,0,3545,16,0,False,False,,,829.4500122070312,105.55999755859375,1272.4700317382812,4864.20004863292
4783,set06,video_0009,6_9_1950,0,3553,16,0,False,False,,,837.1400146484375,119.4200439453125,1317.885009765625,5501.689588040113
4784,set06,video_0009,6_9_1950,0,3561,16,0,False,False,,,843.7899780273438,135.1199951171875,1373.0399780273438,6783.03365136683
4785,set06,video_0009,6_9_1956,0,4822,16,0,False,False,,,839.3400268554688,111.12005615234375,1462.6200561523438,4069.215913720429
4786,set06,video_0009,6_9_1956,0,4830,16,0,False,False,,,852.7899780273438,128.1300048828125,1504.2999877929688,5179.020428076386
4787,set06,video_0009,6_9_1956,0,4838,16,0,False,False,,,861.6199951171875,145.1500244140625,1559.155029296875,6417.076909422874
4788,set06,video_0009,6_9_1960,0,8041,16,0,False,False,,,848.0900268554688,95.37005615234375,1232.5249633789062,3897.7737292721868
4789,set06,video_0009,6_9_1960,0,8049,16,0,False,False,,,859.1799926757812,107.6300048828125,1265.4400024414062,4879.940742626786
4790,set06,video_0009,6_9_1960,0,8057,16,0,False,False,,,858.8099975585938,120.52996826171875,1307.97998046875,6057.837381884456
4791,set06,video_0009,6_9_1960,0,8065,16,0,False,False,,,864.72998046875,139.27996826171875,1357.675048828125,7837.286534398794
4792,set06,video_0009,6_9_1962,0,8544,16,0,False,False,,,810.489990234375,81.7099609375,427.5500030517578,2162.0448682010174
4793,set06,video_0009,6_9_1962,0,8552,16,0,False,False,,,814.4199829101562,88.52996826171875,396.34999084472656,2477.069484582171
4794,set06,video_0009,6_9_1962,0,8560,16,0,False,False,,,814.9000244140625,94.48004150390625,361.67999267578125,2800.389814160764
4795,set06,video_0009,6_9_1962,0,8568,16,0,False,False,,,810.9000244140625,101.4300537109375,317.7949981689453,3291.403385680169
4796,set06,video_0009,6_9_1964,0,8566,16,0,False,False,,,835.6799926757812,95.47998046875,1317.5349731445312,3018.120783984661
4797,set06,video_0009,6_9_1964,0,8574,16,0,False,False,,,841.2000122070312,104.58001708984375,1350.7449951171875,3755.4592220932245
4798,set06,video_0009,6_9_1964,0,8582,16,0,False,False,,,852.7999877929688,111.70001220703125,1382.27001953125,4050.243533447385
4799,set06,video_0009,6_9_1964,0,8590,16,0,False,False,,,861.7000122070312,127.260009765625,1429.7999877929688,5464.552897363901
4800,set06,video_0009,6_9_1970,0,9546,16,0,False,False,,,783.4000244140625,71.45001220703125,418.3399963378906,1733.3779938966036
4801,set06,video_0009,6_9_1970,0,9554,16,0,False,False,,,784.8699951171875,76.8900146484375,391.3450012207031,2012.210369311273
4802,set06,video_0009,6_9_1970,0,9562,16,0,False,False,,,787.1699829101562,82.26995849609375,356.27000427246094,2306.8503392208368
4803,set06,video_0009,6_9_1970,0,9570,16,0,False,False,,,790.5499877929688,88.5,313.625,2675.353271484375
4804,set06,video_0009,6_9_1971,0,12268,16,0,False,False,,,799.9000244140625,59.98004150390625,1147.6849975585938,1135.4254072532058
4805,set06,video_0009,6_9_1971,0,12276,16,0,False,False,,,809.75,67.55999755859375,1170.3550415039062,1480.2418556883931
4806,set06,video_0009,6_9_1971,0,12284,16,0,False,False,,,814.0700073242188,76.8599853515625,1202.5700073242188,1757.018139258027
4807,set06,video_0009,6_9_1971,0,12292,16,0,False,False,,,821.280029296875,90.69000244140625,1242.8600463867188,2368.8224209472537
4808,set06,video_0009,6_9_1977,0,11797,16,0,False,False,,,830.7100219726562,77.85003662109375,1329.4149780273438,1764.8637513443828
4809,set06,video_0009,6_9_1977,0,11805,16,0,False,False,,,835.9000244140625,82.6600341796875,1282.4099731445312,1916.0640320330858
4810,set06,video_0009,6_9_1977,0,11813,16,0,False,False,,,840.6500244140625,88.20001220703125,1265.885009765625,2373.454576537013
4811,set06,video_0009,6_9_1977,0,11821,16,0,False,False,,,849.1199951171875,98.3900146484375,1290.1399536132812,2790.3393741697073
4812,set06,video_0009,6_9_1978,0,11800,16,0,False,False,,,829.0,73.47998046875,1289.6699829101562,1885.498810350895
4813,set06,video_0009,6_9_1978,0,11808,16,0,False,False,,,834.5499877929688,80.51995849609375,1249.4900512695312,2183.7008812502027
4814,set06,video_0009,6_9_1978,0,11816,16,0,False,False,,,839.0999755859375,87.8699951171875,1246.5599975585938,2361.9458978027105
4815,set06,video_0009,6_9_1978,0,11824,16,0,False,False,,,848.6799926757812,97.78997802734375,1283.2250366210938,2870.1334676519036
4816,set06,video_0009,6_9_1984,0,13105,16,0,False,False,,,811.7100219726562,74.4200439453125,1257.5499877929688,1902.1715993136168
4817,set06,video_0009,6_9_1984,0,13113,16,0,False,False,,,812.6099853515625,83.41998291015625,1291.4700317382812,2162.2496229484677
4818,set06,video_0009,6_9_1984,0,13121,16,0,False,False,,,816.4199829101562,93.77996826171875,1343.4299926757812,2680.2273717299104
4819,set06,video_0009,6_9_1984,0,13129,16,0,False,False,,,823.4199829101562,106.38995361328125,1401.5900268554688,3730.0250204131007
4820,set06,video_0009,6_9_1986,0,13203,16,0,False,False,,,833.97998046875,72.38995361328125,1180.4349975585938,1991.4394941702485
4821,set06,video_0009,6_9_1986,0,13211,16,0,False,False,,,844.9000244140625,81.1800537109375,1203.739990234375,2415.919191211462
4822,set06,video_0009,6_9_1986,0,13219,16,0,False,False,,,847.3200073242188,90.8699951171875,1239.5599975585938,2678.856773778796
4823,set06,video_0009,6_9_1986,0,13227,16,0,False,False,,,861.22998046875,101.1199951171875,1283.5849609375,3770.768567919731
4824,set06,video_0009,6_9_1987,0,13099,16,0,False,False,,,799.7100219726562,65.17999267578125,546.9450073242188,1237.76742438972
4825,set06,video_0009,6_9_1987,0,13107,16,0,False,False,,,803.02001953125,70.6300048828125,510.9100036621094,1542.561203442514
4826,set06,video_0009,6_9_1987,0,13115,16,0,False,False,,,806.3400268554688,76.09002685546875,474.864990234375,1878.6629488281906
4827,set06,video_0009,6_9_1987,0,13123,16,0,False,False,,,808.1599731445312,82.63995361328125,433.6850128173828,2058.561547143385
4828,set06,video_0009,6_9_1953,0,4918,16,0,False,False,,,839.3800048828125,114.280029296875,1226.8399658203125,4258.075007617474
4829,set06,video_0009,6_9_1953,0,4926,16,0,False,False,,,864.4199829101562,126.45001220703125,1253.760009765625,5235.018156737089
4830,set06,video_0009,6_9_1953,0,4934,16,0,False,False,,,887.0599975585938,141.67999267578125,1289.114990234375,6235.337861254811
4831,set06,video_0009,6_9_1953,0,4942,16,0,False,False,,,873.5399780273438,163.63995361328125,1339.8250122070312,8452.007599242032
4832,set06,video_0009,6_9_1954,0,4895,16,0,False,False,,,804.77001953125,95.739990234375,473.43499755859375,2526.5797447264194
4833,set06,video_0009,6_9_1954,0,4903,16,0,False,False,,,809.3800048828125,104.08001708984375,437.18499755859375,2869.486833471805
4834,set06,video_0009,6_9_1954,0,4911,16,0,False,False,,,802.9400024414062,112.65997314453125,392.63999938964844,3289.6691529545933
4835,set06,video_0009,6_9_1954,0,4919,16,0,False,False,,,793.6199951171875,121.21002197265625,345.3249969482422,3782.9637500364333
4836,set06,video_0009,6_9_1955,0,4800,16,0,False,False,,,842.469970703125,116.489990234375,1386.0299682617188,4144.7087333500385
4837,set06,video_0009,6_9_1955,0,4808,16,0,False,False,,,846.5999755859375,126.67999267578125,1417.1199951171875,4910.117753222585
4838,set06,video_0009,6_9_1955,0,4816,16,0,False,False,,,853.530029296875,139.4100341796875,1456.4100341796875,5779.934571385384
4839,set06,video_0009,6_9_1955,0,4824,16,0,False,False,,,864.4000244140625,154.1700439453125,1505.5849609375,6738.766598582268
4840,set06,video_0009,6_9_1959,0,7696,16,0,False,False,,,803.8400268554688,84.6400146484375,612.6650085449219,2142.2385641112924
4841,set06,video_0009,6_9_1959,0,7704,16,0,False,False,,,805.4199829101562,94.0,581.5650024414062,2397.94091796875
4842,set06,video_0009,6_9_1959,0,7712,16,0,False,False,,,809.3800048828125,104.530029296875,542.9400024414062,2977.0131927728653
4843,set06,video_0009,6_9_1959,0,7720,16,0,False,False,,,815.780029296875,116.1800537109375,495.8550109863281,4016.345307715237
4844,set06,video_0009,6_9_1965,0,8562,16,0,False,False,,,836.780029296875,102.74005126953125,1279.0449829101562,2664.055047683418
4845,set06,video_0009,6_9_1965,0,8570,16,0,False,False,,,842.0399780273438,111.90997314453125,1308.635009765625,3181.592886403203
4846,set06,video_0009,6_9_1965,0,8578,16,0,False,False,,,855.25,124.1099853515625,1344.7949829101562,4022.4088672846556
4847,set06,video_0009,6_9_1965,0,8586,16,0,False,False,,,869.5999755859375,136.739990234375,1394.0050048828125,5003.328260838985
4848,set06,video_0009,6_9_1966,0,8670,16,0,False,False,,,824.9400024414062,75.1400146484375,1300.3900146484375,2652.4461860358715
4849,set06,video_0009,6_9_1966,0,8678,16,0,False,False,,,832.6900024414062,81.91998291015625,1328.8350219726562,2976.1493791267276
4850,set06,video_0009,6_9_1966,0,8686,16,0,False,False,,,836.0999755859375,90.0699462890625,1368.14501953125,3018.2447797358036
4851,set06,video_0009,6_9_1966,0,8694,16,0,False,False,,,839.2000122070312,100.45001220703125,1412.0150146484375,3633.2690938711166
4852,set06,video_0009,6_9_1967,0,8674,16,0,False,False,,,824.8599853515625,76.17999267578125,1281.1749877929688,1986.0083173587918
4853,set06,video_0009,6_9_1967,0,8682,16,0,False,False,,,829.4199829101562,83.25,1308.6300048828125,2380.9581298828125
4854,set06,video_0009,6_9_1967,0,8690,16,0,False,False,,,830.030029296875,91.33001708984375,1344.1300048828125,2904.299002930522
4855,set06,video_0009,6_9_1967,0,8698,16,0,False,False,,,835.6599731445312,102.92999267578125,1390.699951171875,3680.777543261647
4856,set06,video_0009,6_9_1968,0,8680,16,0,False,False,,,829.219970703125,84.66998291015625,1241.0850219726562,2271.691920630634
4857,set06,video_0009,6_9_1968,0,8688,16,0,False,False,,,829.4500122070312,93.6199951171875,1268.2899780273438,2932.173218652606
4858,set06,video_0009,6_9_1968,0,8696,16,0,False,False,,,832.75,105.40997314453125,1304.39501953125,3814.780751734972
4859,set06,video_0009,6_9_1968,0,8704,16,0,False,False,,,840.0399780273438,117.8499755859375,1350.7799682617188,4999.201143309474
4860,set06,video_0009,6_9_1969,0,9549,16,0,False,False,,,785.27001953125,65.09002685546875,435.13999938964844,1907.1389786992222
4861,set06,video_0009,6_9_1969,0,9557,16,0,False,False,,,785.97998046875,69.0,410.1199951171875,2198.3389892578125
4862,set06,video_0009,6_9_1969,0,9565,16,0,False,False,,,791.1699829101562,76.219970703125,373.875,2484.010892137885
4863,set06,video_0009,6_9_1969,0,9573,16,0,False,False,,,788.719970703125,78.89996337890625,329.2449951171875,2572.9266500249505
4864,set06,video_0009,6_9_1983,0,11773,16,0,False,False,,,811.0800170898438,78.1500244140625,546.7650146484375,1720.0828005373478
4865,set06,video_0009,6_9_1983,0,11781,16,0,False,False,,,812.8699951171875,78.1500244140625,519.0899963378906,1936.5551246330142
4866,set06,video_0009,6_9_1983,0,11789,16,0,False,False,,,805.4500122070312,78.1400146484375,454.9399871826172,1936.3094676025212
4867,set06,video_0009,6_9_1983,0,11797,16,0,False,False,,,803.2100219726562,89.8900146484375,356.489990234375,2297.588554956019
4868,set06,video_0009,6_9_1988,0,11787,16,0,False,False,,,819.7000122070312,80.04998779296875,570.3049926757812,1712.2704114988446
4869,set06,video_0009,6_9_1988,0,11795,16,0,False,False,,,815.219970703125,83.0699462890625,487.92999267578125,1859.1058035641909
4870,set06,video_0009,6_9_1988,0,11803,16,0,False,False,,,811.9099731445312,87.90997314453125,404.52000427246094,2106.322205359116
4871,set06,video_0009,6_9_1988,0,11811,16,0,False,False,,,808.6099853515625,92.75,321.10499572753906,2367.907386779785
4872,set06,video_0009,6_9_1981,0,11662,16,0,False,False,,,794.8699951171875,116.3599853515625,112.46999740600586,4093.544320178218
4873,set06,video_0009,6_9_1981,0,11670,16,0,False,False,,,794.739990234375,117.92999267578125,103.76499938964844,4112.21826877445
4874,set06,video_0009,6_9_1981,0,11678,16,0,False,False,,,795.5,127.57000732421875,91.61999893188477,4459.847339260858
4875,set06,video_0009,6_9_1981,0,11686,16,0,False,False,,,793.760009765625,127.55999755859375,77.64000129699707,4459.497884466546
4876,set06,video_0009,6_9_1979,0,11640,16,0,False,False,,,801.8800048828125,124.1600341796875,108.36999893188477,4271.105365234427
4877,set06,video_0009,6_9_1979,0,11648,16,0,False,False,,,800.0599975585938,124.8699951171875,98.5,4265.559490490705
4878,set06,video_0009,6_9_1979,0,11656,16,0,False,False,,,802.0999755859375,127.739990234375,87.20999908447266,4235.858543969691
4879,set06,video_0009,6_9_1979,0,11664,16,0,False,False,,,800.97998046875,127.739990234375,76.01999855041504,4235.858056680299
4880,set06,video_0009,6_9_1980,0,11671,16,0,False,False,,,792.9600219726562,104.300048828125,124.48500061035156,3092.4958111569285
4881,set06,video_0009,6_9_1980,0,11679,16,0,False,False,,,793.5999755859375,107.8299560546875,111.89500045776367,3089.3284055022523
4882,set06,video_0009,6_9_1980,0,11687,16,0,False,False,,,793.4000244140625,109.32000732421875,100.48999786376953,3085.0107401367277
4883,set06,video_0009,6_9_1980,0,11695,16,0,False,False,,,792.9000244140625,109.32000732421875,89.04000091552734,3085.0107401367277
4884,set06,video_0009,6_9_1982,0,11778,16,0,False,False,,,815.989990234375,66.510009765625,599.8900146484375,1447.2584620118141
4885,set06,video_0009,6_9_1982,0,11786,16,0,False,False,,,817.0900268554688,69.23004150390625,550.2349853515625,1653.9067056402564
4886,set06,video_0009,6_9_1982,0,11794,16,0,False,False,,,815.6099853515625,76.41998291015625,478.02500915527344,1989.2120618652552
4887,set06,video_0009,6_9_1982,0,11802,16,0,False,False,,,810.9099731445312,80.55999755859375,388.24501037597656,2163.036426147446
4888,set06,video_0009,6_9_1989,0,11768,16,0,False,False,,,809.5900268554688,69.46002197265625,523.3200073242188,1642.0359369143844
4889,set06,video_0009,6_9_1989,0,11776,16,0,False,False,,,812.6300048828125,72.16998291015625,506.125,1712.592284888029
4890,set06,video_0009,6_9_1989,0,11784,16,0,False,False,,,812.8099975585938,72.8499755859375,458.82501220703125,1770.982728637755
4891,set06,video_0009,6_9_1989,0,11792,16,0,False,False,,,804.9000244140625,75.59002685546875,383.68499755859375,2012.9627842530608
4892,set06,video_0009,6_9_1975,0,11675,16,0,False,False,,,869.239990234375,181.0,1669.989990234375,9183.938232421875
4893,set06,video_0009,6_9_1975,0,11683,16,0,False,False,,,871.719970703125,185.4599609375,1692.39501953125,9452.888775587082
4894,set06,video_0009,6_9_1975,0,11691,16,0,False,False,,,874.2000122070312,189.91998291015625,1714.7999877929688,9723.917035154998
4895,set06,video_0009,6_9_1975,0,11699,16,0,False,False,,,876.1699829101562,199.47998046875,1743.5349731445312,11005.319288671017
4896,set06,video_0009,6_9_1976,0,11798,16,0,False,False,,,822.6199951171875,83.27996826171875,1357.2750244140625,2269.379135131836
4897,set06,video_0009,6_9_1976,0,11806,16,0,False,False,,,828.469970703125,88.72998046875,1316.9200439453125,2750.62939453125
4898,set06,video_0009,6_9_1976,0,11814,16,0,False,False,,,832.469970703125,95.219970703125,1303.9200439453125,3094.6490478515625
4899,set06,video_0009,6_9_1976,0,11822,16,0,False,False,,,835.8599853515625,104.010009765625,1336.3099975585938,3582.1113385260105
4900,set06,video_0009,6_9_1985,0,13102,16,0,False,False,,,811.5700073242188,65.22003173828125,1235.5499877929688,1274.3940063938498
4901,set06,video_0009,6_9_1985,0,13110,16,0,False,False,,,812.9099731445312,70.1199951171875,1265.1500244140625,1520.1967007815838
4902,set06,video_0009,6_9_1985,0,13118,16,0,False,False,,,813.9099731445312,77.5,1304.0199584960938,2046.0018920898438
4903,set06,video_0009,6_9_1985,0,13126,16,0,False,False,,,822.7999877929688,88.94000244140625,1357.9700317382812,2655.7471700683236
4904,set06,video_0009,6_9_1973,0,13462,16,0,False,False,,,811.5,72.32000732421875,635.47998046875,2250.5982748046517
4905,set06,video_0009,6_9_1973,0,13470,16,0,False,False,,,817.5800170898438,80.95001220703125,594.4550170898438,2683.4948809817433
