set_id,video_id,ped_id,split,reason
gp_set_0001,gp_set_0001_vid_0001,gp_101,train,track_too_short
gp_set_0001,gp_set_0001_vid_0001,gp_106,train,track_too_short
gp_set_0001,gp_set_0001_vid_0001,gp_107,train,track_too_short
gp_set_0001,gp_set_0001_vid_0001,gp_108,train,track_too_short
gp_set_0001,gp_set_0001_vid_0001,gp_109,train,track_too_short
gp_set_0001,gp_set_0001_vid_0001,gp_113,train,track_too_short
gp_set_0001,gp_set_0001_vid_0001,gp_114,train,track_too_short
gp_set_0001,gp_set_0001_vid_0001,gp_116,train,track_too_short
gp_set_0001,gp_set_0001_vid_0001,gp_117,train,track_too_short
gp_set_0001,gp_set_0001_vid_0001,gp_120,train,track_too_short
gp_set_0001,gp_set_0001_vid_0001,gp_121,train,track_too_short
gp_set_0001,gp_set_0001_vid_0001,gp_124,train,track_too_short
gp_set_0001,gp_set_0001_vid_0001,gp_128,train,track_too_short
gp_set_0001,gp_set_0001_vid_0001,gp_130,train,track_too_short
gp_set_0001,gp_set_0001_vid_0001,gp_132,train,track_too_short
gp_set_0001,gp_set_0001_vid_0001,gp_134,train,track_too_short
gp_set_0001,gp_set_0001_vid_0001,gp_135,train,track_too_short
gp_set_0001,gp_set_0001_vid_0001,gp_137,train,track_too_short
gp_set_0001,gp_set_0001_vid_0001,gp_139,train,track_too_short
gp_set_0001,gp_set_0001_vid_0001,gp_14,train,crossing_point_not_in_track
gp_set_0001,gp_set_0001_vid_0001,gp_141,train,track_too_short
gp_set_0001,gp_set_0001_vid_0001,gp_143,train,track_too_short
gp_set_0001,gp_set_0001_vid_0001,gp_145,train,track_too_short
gp_set_0001,gp_set_0001_vid_0001,gp_147,train,track_too_short
gp_set_0001,gp_set_0001_vid_0001,gp_149,train,track_too_short
gp_set_0001,gp_set_0001_vid_0001,gp_15,train,track_too_short
gp_set_0001,gp_set_0001_vid_0001,gp_150,train,track_too_short
gp_set_0001,gp_set_0001_vid_0001,gp_151,train,track_too_short
gp_set_0001,gp_set_0001_vid_0001,gp_152,train,track_too_short
gp_set_0001,gp_set_0001_vid_0001,gp_165,train,track_too_short
gp_set_0001,gp_set_0001_vid_0001,gp_173,train,track_too_short
gp_set_0001,gp_set_0001_vid_0001,gp_176,train,no_POI_attributes
gp_set_0001,gp_set_0001_vid_0001,gp_184,train,track_too_short
gp_set_0001,gp_set_0001_vid_0001,gp_185,train,track_too_short
gp_set_0001,gp_set_0001_vid_0001,gp_190,train,track_too_short
gp_set_0001,gp_set_0001_vid_0001,gp_192,train,track_too_short
gp_set_0001,gp_set_0001_vid_0001,gp_201,train,track_too_short
gp_set_0001,gp_set_0001_vid_0001,gp_202,train,track_too_short
gp_set_0001,gp_set_0001_vid_0001,gp_204,train,track_too_short
gp_set_0001,gp_set_0001_vid_0001,gp_205,train,track_too_short
gp_set_0001,gp_set_0001_vid_0001,gp_206,train,track_too_short
gp_set_0001,gp_set_0001_vid_0001,gp_210,train,track_too_short
gp_set_0001,gp_set_0001_vid_0001,gp_211,train,track_too_short
gp_set_0001,gp_set_0001_vid_0001,gp_213,train,track_too_short
gp_set_0001,gp_set_0001_vid_0001,gp_215,train,track_too_short
gp_set_0001,gp_set_0001_vid_0001,gp_216,train,track_too_short
gp_set_0001,gp_set_0001_vid_0001,gp_38,train,no_POI_attributes
gp_set_0001,gp_set_0001_vid_0001,gp_40,train,no_POI_attributes
gp_set_0001,gp_set_0001_vid_0001,gp_41,train,no_POI_attributes
gp_set_0001,gp_set_0001_vid_0001,gp_43,train,no_POI_attributes
gp_set_0001,gp_set_0001_vid_0001,gp_52,train,track_too_short
gp_set_0001,gp_set_0001_vid_0001,gp_54,train,track_too_short
gp_set_0001,gp_set_0001_vid_0001,gp_55,train,track_too_short
gp_set_0001,gp_set_0001_vid_0001,gp_57,train,track_too_short
gp_set_0001,gp_set_0001_vid_0001,gp_58,train,track_too_short
gp_set_0001,gp_set_0001_vid_0001,gp_61,train,track_too_short
gp_set_0001,gp_set_0001_vid_0001,gp_62,train,track_too_short
gp_set_0001,gp_set_0001_vid_0001,gp_64,train,track_too_short
gp_set_0001,gp_set_0001_vid_0001,gp_66,train,track_too_short
gp_set_0001,gp_set_0001_vid_0001,gp_68,train,track_too_short
gp_set_0001,gp_set_0001_vid_0001,gp_69,train,track_too_short
gp_set_0001,gp_set_0001_vid_0001,gp_7,train,crossing_point_not_in_track
gp_set_0001,gp_set_0001_vid_0001,gp_70,train,track_too_short
gp_set_0001,gp_set_0001_vid_0001,gp_77,train,track_too_short
gp_set_0001,gp_set_0001_vid_0001,gp_82,train,track_too_short
gp_set_0001,gp_set_0001_vid_0001,gp_83,train,track_too_short
gp_set_0001,gp_set_0001_vid_0001,gp_86,train,track_too_short
gp_set_0001,gp_set_0001_vid_0001,gp_87,train,track_too_short
gp_set_0001,gp_set_0001_vid_0001,gp_88,train,track_too_short
gp_set_0001,gp_set_0001_vid_0001,gp_89,train,track_too_short
gp_set_0001,gp_set_0001_vid_0001,gp_91,train,track_too_short
gp_set_0001,gp_set_0001_vid_0001,gp_92,train,track_too_short
gp_set_0001,gp_set_0001_vid_0001,gp_93,train,track_too_short
gp_set_0001,gp_set_0001_vid_0001,gp_94,train,track_too_short
gp_set_0001,gp_set_0001_vid_0001,gp_95,train,track_too_short
gp_set_0001,gp_set_0001_vid_0001,gp_96,train,track_too_short
gp_set_0001,gp_set_0001_vid_0001,gp_97,train,track_too_short
gp_set_0001,gp_set_0001_vid_0001,gpo_172,train,no_POI_attributes
gp_set_0001,gp_set_0001_vid_0002,gp_391,train,track_too_short
gp_set_0001,gp_set_0001_vid_0002,gp_401,train,track_too_short
gp_set_0001,gp_set_0001_vid_0002,gp_411,train,track_too_short
gp_set_0001,gp_set_0001_vid_0002,gp_415,train,track_too_short
gp_set_0001,gp_set_0001_vid_0002,gp_416,train,track_too_short
gp_set_0001,gp_set_0001_vid_0002,gp_417,train,track_too_short
gp_set_0001,gp_set_0001_vid_0002,gp_421,train,track_too_short
gp_set_0001,gp_set_0001_vid_0002,gp_427,train,track_too_short
gp_set_0001,gp_set_0001_vid_0002,gp_430,train,track_too_short
gp_set_0001,gp_set_0001_vid_0002,gp_431,train,track_too_short
gp_set_0001,gp_set_0001_vid_0002,gp_432,train,track_too_short
gp_set_0001,gp_set_0001_vid_0002,gp_436,train,track_too_short
gp_set_0001,gp_set_0001_vid_0002,gp_437,train,track_too_short
gp_set_0001,gp_set_0001_vid_0002,gp_449,train,track_too_short
gp_set_0001,gp_set_0001_vid_0002,gp_452,train,track_too_short
gp_set_0001,gp_set_0001_vid_0002,gp_453,train,track_too_short
gp_set_0001,gp_set_0001_vid_0002,gp_457,train,track_too_short
gp_set_0001,gp_set_0001_vid_0002,gp_458,train,track_too_short
gp_set_0001,gp_set_0001_vid_0002,gp_459,train,track_too_short
gp_set_0001,gp_set_0001_vid_0002,gp_465,train,no_POI_attributes
gp_set_0001,gp_set_0001_vid_0002,gp_466,train,track_too_short
gp_set_0001,gp_set_0001_vid_0002,gp_467,train,track_too_short
gp_set_0001,gp_set_0001_vid_0002,gp_469,train,track_too_short
gp_set_0001,gp_set_0001_vid_0002,gp_471,train,track_too_short
gp_set_0001,gp_set_0001_vid_0002,gp_485,train,track_too_short
gp_set_0001,gp_set_0001_vid_0002,gp_488,train,track_too_short
gp_set_0001,gp_set_0001_vid_0002,gp_489,train,track_too_short
gp_set_0001,gp_set_0001_vid_0002,gp_490,train,track_too_short
gp_set_0001,gp_set_0001_vid_0002,gp_491,train,track_too_short
gp_set_0001,gp_set_0001_vid_0002,gp_493,train,track_too_short
gp_set_0001,gp_set_0001_vid_0002,gp_494,train,track_too_short
gp_set_0001,gp_set_0001_vid_0002,gp_495,train,track_too_short
gp_set_0001,gp_set_0001_vid_0002,gp_496,train,track_too_short
gp_set_0001,gp_set_0001_vid_0002,gp_499,train,track_too_short
gp_set_0001,gp_set_0001_vid_0002,gp_500,train,track_too_short
gp_set_0001,gp_set_0001_vid_0002,gp_501,train,track_too_short
gp_set_0001,gp_set_0001_vid_0002,gp_502,train,track_too_short
gp_set_0001,gp_set_0001_vid_0002,gp_503,train,track_too_short
gp_set_0001,gp_set_0001_vid_0002,gp_509,train,track_too_short
gp_set_0001,gp_set_0001_vid_0002,gp_510,train,track_too_short
gp_set_0001,gp_set_0001_vid_0002,gp_512,train,track_too_short
gp_set_0001,gp_set_0001_vid_0002,gp_515,train,track_too_short
gp_set_0001,gp_set_0001_vid_0002,gp_516,train,track_too_short
gp_set_0001,gp_set_0001_vid_0002,gp_517,train,track_too_short
gp_set_0001,gp_set_0001_vid_0002,gp_520,train,track_too_short
gp_set_0001,gp_set_0001_vid_0002,gp_524,train,track_too_short
gp_set_0001,gp_set_0001_vid_0002,gp_528,train,track_too_short
gp_set_0001,gp_set_0001_vid_0002,gp_548,train,track_too_short
gp_set_0001,gp_set_0001_vid_0002,gp_5487,train,track_too_short
gp_set_0001,gp_set_0001_vid_0002,gp_5489,train,track_too_short
gp_set_0001,gp_set_0001_vid_0002,gp_5499,train,track_too_short
gp_set_0001,gp_set_0001_vid_0002,gp_5501,train,track_too_short
gp_set_0001,gp_set_0001_vid_0002,gp_5531,train,track_too_short
gp_set_0001,gp_set_0001_vid_0002,gp_5534,train,track_too_short
gp_set_0001,gp_set_0001_vid_0002,gp_560,train,track_too_short
gp_set_0001,gp_set_0001_vid_0002,gp_561,train,track_too_short
gp_set_0001,gp_set_0001_vid_0002,gp_563,train,track_too_short
gp_set_0001,gp_set_0001_vid_0002,gp_566,train,track_too_short
gp_set_0001,gp_set_0001_vid_0002,gp_567,train,track_too_short
gp_set_0001,gp_set_0001_vid_0002,gp_570,train,track_too_short
gp_set_0001,gp_set_0001_vid_0002,gp_572,train,track_too_short
gp_set_0001,gp_set_0001_vid_0002,gp_573,train,track_too_short
gp_set_0001,gp_set_0001_vid_0002,gp_574,train,track_too_short
gp_set_0001,gp_set_0001_vid_0002,gp_575,train,track_too_short
gp_set_0001,gp_set_0001_vid_0002,gp_576,train,track_too_short
gp_set_0001,gp_set_0001_vid_0002,gp_588,train,track_too_short
gp_set_0001,gp_set_0001_vid_0002,gp_592,train,track_too_short
gp_set_0001,gp_set_0001_vid_0002,gp_603,train,track_too_short
gp_set_0001,gp_set_0001_vid_0002,gp_609,train,track_too_short
gp_set_0001,gp_set_0001_vid_0002,gp_611,train,track_too_short
gp_set_0001,gp_set_0001_vid_0002,gp_613,train,track_too_short
gp_set_0001,gp_set_0001_vid_0003,gp-136,train,no_POI_attributes
gp_set_0001,gp_set_0001_vid_0003,gp-73,train,no_POI_attributes
gp_set_0001,gp_set_0001_vid_0003,gp_100,train,track_too_short
gp_set_0001,gp_set_0001_vid_0003,gp_102,train,track_too_short
gp_set_0001,gp_set_0001_vid_0003,gp_110,train,track_too_short
gp_set_0001,gp_set_0001_vid_0003,gp_111,train,track_too_short
gp_set_0001,gp_set_0001_vid_0003,gp_146,train,track_too_short
gp_set_0001,gp_set_0001_vid_0003,gp_15,train,no_POI_attributes
gp_set_0001,gp_set_0001_vid_0003,gp_153,train,track_too_short
gp_set_0001,gp_set_0001_vid_0003,gp_161,train,track_too_short
gp_set_0001,gp_set_0001_vid_0003,gp_164,train,no_POI_attributes
gp_set_0001,gp_set_0001_vid_0003,gp_179,train,track_too_short
gp_set_0001,gp_set_0001_vid_0003,gp_18,train,track_too_short
gp_set_0001,gp_set_0001_vid_0003,gp_187,train,track_too_short
gp_set_0001,gp_set_0001_vid_0003,gp_194,train,track_too_short
gp_set_0001,gp_set_0001_vid_0003,gp_220,train,track_too_short
gp_set_0001,gp_set_0001_vid_0003,gp_25,train,crossing_point_not_in_track
gp_set_0001,gp_set_0001_vid_0003,gp_250,train,track_too_short
gp_set_0001,gp_set_0001_vid_0003,gp_3,train,track_too_short
gp_set_0001,gp_set_0001_vid_0003,gp_32,train,track_too_short
gp_set_0001,gp_set_0001_vid_0003,gp_33,train,crossing_point_not_in_track
gp_set_0001,gp_set_0001_vid_0003,gp_37,train,no_POI_attributes
gp_set_0001,gp_set_0001_vid_0003,gp_533,train,track_too_short
gp_set_0001,gp_set_0001_vid_0003,gp_534,train,track_too_short
gp_set_0001,gp_set_0001_vid_0003,gp_536,train,track_too_short
gp_set_0001,gp_set_0001_vid_0003,gp_544,train,crossing_point_not_in_track
gp_set_0001,gp_set_0001_vid_0003,gp_569,train,track_too_short
gp_set_0001,gp_set_0001_vid_0003,gp_578,train,track_too_short
gp_set_0001,gp_set_0001_vid_0003,gp_582,train,track_too_short
gp_set_0001,gp_set_0001_vid_0003,gp_583,train,track_too_short
gp_set_0001,gp_set_0001_vid_0003,gp_586,train,track_too_short
gp_set_0001,gp_set_0001_vid_0003,gp_67,train,track_too_short
gp_set_0001,gp_set_0001_vid_0005,gp_1115,train,track_too_short
gp_set_0001,gp_set_0001_vid_0005,gp_1121,train,track_too_short
gp_set_0001,gp_set_0001_vid_0005,gp_155,train,track_too_short
gp_set_0001,gp_set_0001_vid_0005,gp_156,train,track_too_short
gp_set_0001,gp_set_0001_vid_0005,gp_347,train,track_too_short
gp_set_0001,gp_set_0001_vid_0005,gp_348,train,track_too_short
gp_set_0001,gp_set_0001_vid_0005,gp_349,train,track_too_short
gp_set_0001,gp_set_0001_vid_0005,gp_350,train,track_too_short
gp_set_0001,gp_set_0001_vid_0005,gp_351,train,track_too_short
gp_set_0001,gp_set_0001_vid_0005,gp_352,train,track_too_short
gp_set_0001,gp_set_0001_vid_0005,gp_354,train,track_too_short
gp_set_0001,gp_set_0001_vid_0005,gp_358,train,track_too_short
gp_set_0001,gp_set_0001_vid_0005,gp_362,train,track_too_short
gp_set_0001,gp_set_0001_vid_0005,gp_363,train,track_too_short
gp_set_0001,gp_set_0001_vid_0005,gp_367,train,track_too_short
gp_set_0001,gp_set_0001_vid_0005,gp_392,train,track_too_short
gp_set_0001,gp_set_0001_vid_0005,gp_393,train,track_too_short
gp_set_0001,gp_set_0001_vid_0005,gp_418,train,track_too_short
gp_set_0001,gp_set_0001_vid_0005,gp_438,train,track_too_short
gp_set_0001,gp_set_0001_vid_0005,gp_439,train,track_too_short
gp_set_0001,gp_set_0001_vid_0005,gp_441,train,track_too_short
gp_set_0001,gp_set_0001_vid_0005,gp_444,train,track_too_short
gp_set_0001,gp_set_0001_vid_0005,gp_455,train,track_too_short
gp_set_0001,gp_set_0001_vid_0005,gp_460,train,track_too_short
gp_set_0001,gp_set_0001_vid_0005,gp_462,train,track_too_short
gp_set_0001,gp_set_0001_vid_0005,gp_463,train,track_too_short
gp_set_0001,gp_set_0001_vid_0005,gp_465,train,track_too_short
gp_set_0001,gp_set_0001_vid_0005,gp_468,train,track_too_short
gp_set_0001,gp_set_0001_vid_0005,gp_476,train,track_too_short
gp_set_0001,gp_set_0001_vid_0005,gp_482,train,track_too_short
gp_set_0001,gp_set_0001_vid_0005,gp_483,train,track_too_short
gp_set_0001,gp_set_0001_vid_0005,gp_484,train,track_too_short
gp_set_0001,gp_set_0001_vid_0005,gp_487,train,track_too_short
gp_set_0001,gp_set_0001_vid_0005,gp_492,train,track_too_short
gp_set_0001,gp_set_0001_vid_0005,gp_507,train,track_too_short
gp_set_0001,gp_set_0001_vid_0005,gp_514,train,track_too_short
gp_set_0001,gp_set_0001_vid_0005,gp_522,train,track_too_short
gp_set_0001,gp_set_0001_vid_0005,gp_525,train,track_too_short
gp_set_0001,gp_set_0001_vid_0005,gp_527,train,track_too_short
gp_set_0001,gp_set_0001_vid_0005,gp_532,train,track_too_short
gp_set_0001,gp_set_0001_vid_0005,gp_543,train,track_too_short
gp_set_0001,gp_set_0001_vid_0005,gp_547,train,track_too_short
gp_set_0001,gp_set_0001_vid_0005,gp_577,train,track_too_short
gp_set_0001,gp_set_0001_vid_0005,gp_579,train,track_too_short
gp_set_0001,gp_set_0001_vid_0005,gp_584,train,crossing_point_not_in_track
gp_set_0001,gp_set_0001_vid_0005,gp_585,train,track_too_short
gp_set_0001,gp_set_0001_vid_0005,gp_595,train,track_too_short
gp_set_0001,gp_set_0001_vid_0005,gp_610,train,track_too_short
gp_set_0001,gp_set_0001_vid_0005,gp_616,train,track_too_short
gp_set_0001,gp_set_0001_vid_0005,gp_624,train,track_too_short
gp_set_0001,gp_set_0001_vid_0005,gp_625,train,track_too_short
gp_set_0001,gp_set_0001_vid_0005,gp_626,train,track_too_short
gp_set_0001,gp_set_0001_vid_0005,gp_628,train,track_too_short
gp_set_0001,gp_set_0001_vid_0005,gp_629,train,track_too_short
gp_set_0001,gp_set_0001_vid_0005,gp_630,train,track_too_short
gp_set_0001,gp_set_0001_vid_0005,gp_631,train,track_too_short
gp_set_0001,gp_set_0001_vid_0005,gp_632,train,track_too_short
gp_set_0001,gp_set_0001_vid_0005,gp_633,train,track_too_short
gp_set_0001,gp_set_0001_vid_0005,gp_634,train,track_too_short
gp_set_0001,gp_set_0001_vid_0005,gp_637,train,track_too_short
gp_set_0001,gp_set_0001_vid_0005,gp_638,train,track_too_short
gp_set_0001,gp_set_0001_vid_0005,gp_639,train,track_too_short
gp_set_0001,gp_set_0001_vid_0005,gp_640,train,track_too_short
gp_set_0001,gp_set_0001_vid_0005,gp_645,train,track_too_short
gp_set_0001,gp_set_0001_vid_0005,gp_646,train,track_too_short
gp_set_0001,gp_set_0001_vid_0005,gp_648,train,track_too_short
gp_set_0001,gp_set_0001_vid_0005,gp_649,train,track_too_short
gp_set_0001,gp_set_0001_vid_0005,gp_650,train,track_too_short
gp_set_0001,gp_set_0001_vid_0005,gp_660,train,track_too_short
gp_set_0001,gp_set_0001_vid_0005,gp_666,train,crossing_point_not_in_track
gp_set_0001,gp_set_0001_vid_0005,gp_668,train,track_too_short
gp_set_0001,gp_set_0001_vid_0005,gp_671,train,track_too_short
gp_set_0001,gp_set_0001_vid_0005,gp_673,train,track_too_short
gp_set_0001,gp_set_0001_vid_0005,gp_676,train,track_too_short
gp_set_0001,gp_set_0001_vid_0005,gp_678,train,track_too_short
gp_set_0001,gp_set_0001_vid_0005,gp_680,train,track_too_short
gp_set_0001,gp_set_0001_vid_0005,gp_682,train,track_too_short
gp_set_0001,gp_set_0001_vid_0005,gp_683,train,track_too_short
gp_set_0001,gp_set_0001_vid_0005,gp_686,train,track_too_short
gp_set_0001,gp_set_0001_vid_0005,gp_687,train,track_too_short
gp_set_0001,gp_set_0001_vid_0005,gp_692,train,track_too_short
gp_set_0001,gp_set_0001_vid_0005,gp_694,train,track_too_short
gp_set_0001,gp_set_0001_vid_0005,gp_695,train,track_too_short
gp_set_0001,gp_set_0001_vid_0005,gp_698,train,track_too_short
gp_set_0001,gp_set_0001_vid_0005,gp_699,train,track_too_short
gp_set_0001,gp_set_0001_vid_0005,gp_708,train,track_too_short
gp_set_0001,gp_set_0001_vid_0005,gp_713,train,track_too_short
gp_set_0001,gp_set_0001_vid_0005,gp_714,train,track_too_short
gp_set_0001,gp_set_0001_vid_0005,gp_717,train,track_too_short
gp_set_0001,gp_set_0001_vid_0005,gp_722,train,track_too_short
gp_set_0001,gp_set_0001_vid_0005,gp_723,train,track_too_short
gp_set_0001,gp_set_0001_vid_0005,gp_726,train,track_too_short
gp_set_0001,gp_set_0001_vid_0005,gp_729,train,track_too_short
gp_set_0001,gp_set_0001_vid_0005,gp_733,train,track_too_short
gp_set_0001,gp_set_0001_vid_0005,gp_735,train,track_too_short
gp_set_0001,gp_set_0001_vid_0005,gp_748,train,track_too_short
gp_set_0001,gp_set_0001_vid_0005,gp_760,train,track_too_short
gp_set_0001,gp_set_0001_vid_0005,gp_762,train,track_too_short
gp_set_0001,gp_set_0001_vid_0005,gp_770,train,track_too_short
gp_set_0001,gp_set_0001_vid_0005,gp_772,train,track_too_short
gp_set_0001,gp_set_0001_vid_0005,gp_773,train,track_too_short
gp_set_0001,gp_set_0001_vid_0005,gp_776,train,track_too_short
gp_set_0001,gp_set_0001_vid_0005,gp_778,train,track_too_short
gp_set_0001,gp_set_0001_vid_0005,gp_779,train,track_too_short
gp_set_0001,gp_set_0001_vid_0005,gp_780,train,track_too_short
gp_set_0001,gp_set_0001_vid_0005,gp_781,train,track_too_short
gp_set_0001,gp_set_0001_vid_0005,gp_785,train,track_too_short
gp_set_0001,gp_set_0001_vid_0005,gp_786,train,track_too_short
gp_set_0001,gp_set_0001_vid_0005,gp_789,train,track_too_short
gp_set_0001,gp_set_0001_vid_0005,gp_791,train,track_too_short
gp_set_0001,gp_set_0001_vid_0005,gp_806,train,track_too_short
gp_set_0001,gp_set_0001_vid_0005,gp_807,train,track_too_short
gp_set_0001,gp_set_0001_vid_0005,gp_809,train,track_too_short
gp_set_0001,gp_set_0001_vid_0005,gp_811,train,track_too_short
gp_set_0001,gp_set_0001_vid_0005,gp_813,train,track_too_short
gp_set_0001,gp_set_0001_vid_0005,gp_818,train,track_too_short
gp_set_0001,gp_set_0001_vid_0005,gp_822,train,track_too_short
gp_set_0001,gp_set_0001_vid_0005,gp_823,train,track_too_short
gp_set_0001,gp_set_0001_vid_0005,gp_827,train,track_too_short
gp_set_0001,gp_set_0001_vid_0005,gp_830,train,track_too_short
gp_set_0001,gp_set_0001_vid_0005,gp_833,train,track_too_short
gp_set_0001,gp_set_0001_vid_0005,gp_834,train,track_too_short
gp_set_0001,gp_set_0001_vid_0005,gp_836,train,track_too_short
gp_set_0001,gp_set_0001_vid_0005,gp_839,train,track_too_short
gp_set_0001,gp_set_0001_vid_0005,gp_840,train,track_too_short
gp_set_0001,gp_set_0001_vid_0005,gp_841,train,track_too_short
gp_set_0001,gp_set_0001_vid_0005,gp_849,train,track_too_short
gp_set_0001,gp_set_0001_vid_0005,gp_850,train,track_too_short
gp_set_0001,gp_set_0001_vid_0005,gp_851,train,track_too_short
gp_set_0001,gp_set_0001_vid_0005,gp_861,train,track_too_short
gp_set_0001,gp_set_0001_vid_0005,gp_863,train,track_too_short
gp_set_0001,gp_set_0001_vid_0005,gp_897,train,track_too_short
gp_set_0001,gp_set_0001_vid_0005,gp_899,train,track_too_short
gp_set_0001,gp_set_0001_vid_0005,gp_900,train,track_too_short
gp_set_0001,gp_set_0001_vid_0005,gp_907,train,track_too_short
gp_set_0001,gp_set_0001_vid_0005,gp_913,train,track_too_short
gp_set_0001,gp_set_0001_vid_0005,gp_915,train,track_too_short
gp_set_0001,gp_set_0001_vid_0005,gp_919,train,track_too_short
gp_set_0001,gp_set_0001_vid_0005,gp_928,train,track_too_short
gp_set_0001,gp_set_0001_vid_0005,gp_929,train,track_too_short
gp_set_0001,gp_set_0001_vid_0005,gp_931,train,track_too_short
gp_set_0001,gp_set_0001_vid_0005,gp_932,train,track_too_short
gp_set_0001,gp_set_0001_vid_0005,gp_945,train,track_too_short
gp_set_0001,gp_set_0001_vid_0005,gp_965,train,track_too_short
gp_set_0001,gp_set_0001_vid_0005,gp_970,train,crossing_point_not_in_track
gp_set_0001,gp_set_0001_vid_0006,gp_1010,train,track_too_short
gp_set_0001,gp_set_0001_vid_0006,gp_1011,train,track_too_short
gp_set_0001,gp_set_0001_vid_0006,gp_1013,train,track_too_short
gp_set_0001,gp_set_0001_vid_0006,gp_1015,train,track_too_short
gp_set_0001,gp_set_0001_vid_0006,gp_1021,train,track_too_short
gp_set_0001,gp_set_0001_vid_0006,gp_1022,train,track_too_short
gp_set_0001,gp_set_0001_vid_0006,gp_1025,train,track_too_short
gp_set_0001,gp_set_0001_vid_0006,gp_1027,train,track_too_short
gp_set_0001,gp_set_0001_vid_0006,gp_1035,train,track_too_short
gp_set_0001,gp_set_0001_vid_0006,gp_1038,train,track_too_short
gp_set_0001,gp_set_0001_vid_0006,gp_1053,train,track_too_short
gp_set_0001,gp_set_0001_vid_0006,gp_1054,train,track_too_short
gp_set_0001,gp_set_0001_vid_0006,gp_1058,train,track_too_short
gp_set_0001,gp_set_0001_vid_0006,gp_1072,train,track_too_short
gp_set_0001,gp_set_0001_vid_0006,gp_1074,train,track_too_short
gp_set_0001,gp_set_0001_vid_0006,gp_1088,train,track_too_short
gp_set_0001,gp_set_0001_vid_0006,gp_1095,train,track_too_short
gp_set_0001,gp_set_0001_vid_0006,gp_608,train,track_too_short
gp_set_0001,gp_set_0001_vid_0006,gp_652,train,track_too_short
gp_set_0001,gp_set_0001_vid_0006,gp_656,train,track_too_short
gp_set_0001,gp_set_0001_vid_0006,gp_657,train,track_too_short
gp_set_0001,gp_set_0001_vid_0006,gp_665,train,track_too_short
gp_set_0001,gp_set_0001_vid_0006,gp_679,train,track_too_short
gp_set_0001,gp_set_0001_vid_0006,gp_688,train,track_too_short
gp_set_0001,gp_set_0001_vid_0006,gp_693,train,track_too_short
gp_set_0001,gp_set_0001_vid_0006,gp_710,train,track_too_short
gp_set_0001,gp_set_0001_vid_0006,gp_711,train,track_too_short
gp_set_0001,gp_set_0001_vid_0006,gp_719,train,track_too_short
gp_set_0001,gp_set_0001_vid_0006,gp_730,train,track_too_short
gp_set_0001,gp_set_0001_vid_0006,gp_731,train,track_too_short
gp_set_0001,gp_set_0001_vid_0006,gp_738,train,track_too_short
gp_set_0001,gp_set_0001_vid_0006,gp_739,train,track_too_short
gp_set_0001,gp_set_0001_vid_0006,gp_740,train,track_too_short
gp_set_0001,gp_set_0001_vid_0006,gp_747,train,track_too_short
gp_set_0001,gp_set_0001_vid_0006,gp_755,train,track_too_short
gp_set_0001,gp_set_0001_vid_0006,gp_768,train,track_too_short
gp_set_0001,gp_set_0001_vid_0006,gp_777,train,track_too_short
gp_set_0001,gp_set_0001_vid_0006,gp_793,train,track_too_short
gp_set_0001,gp_set_0001_vid_0006,gp_808,train,track_too_short
gp_set_0001,gp_set_0001_vid_0006,gp_819,train,track_too_short
gp_set_0001,gp_set_0001_vid_0006,gp_820,train,track_too_short
gp_set_0001,gp_set_0001_vid_0006,gp_821,train,track_too_short
gp_set_0001,gp_set_0001_vid_0006,gp_824,train,track_too_short
gp_set_0001,gp_set_0001_vid_0006,gp_829,train,track_too_short
gp_set_0001,gp_set_0001_vid_0006,gp_835,train,track_too_short
gp_set_0001,gp_set_0001_vid_0006,gp_858,train,track_too_short
gp_set_0001,gp_set_0001_vid_0006,gp_859,train,track_too_short
gp_set_0001,gp_set_0001_vid_0006,gp_862,train,track_too_short
gp_set_0001,gp_set_0001_vid_0006,gp_864,train,track_too_short
gp_set_0001,gp_set_0001_vid_0006,gp_865,train,track_too_short
gp_set_0001,gp_set_0001_vid_0006,gp_866,train,track_too_short
gp_set_0001,gp_set_0001_vid_0006,gp_875,train,track_too_short
gp_set_0001,gp_set_0001_vid_0006,gp_876,train,track_too_short
gp_set_0001,gp_set_0001_vid_0006,gp_877,train,track_too_short
gp_set_0001,gp_set_0001_vid_0006,gp_886,train,track_too_short
gp_set_0001,gp_set_0001_vid_0006,gp_887,train,track_too_short
gp_set_0001,gp_set_0001_vid_0006,gp_898,train,track_too_short
gp_set_0001,gp_set_0001_vid_0006,gp_901,train,track_too_short
gp_set_0001,gp_set_0001_vid_0006,gp_903,train,track_too_short
gp_set_0001,gp_set_0001_vid_0006,gp_904,train,track_too_short
gp_set_0001,gp_set_0001_vid_0006,gp_908,train,track_too_short
gp_set_0001,gp_set_0001_vid_0006,gp_909,train,track_too_short
gp_set_0001,gp_set_0001_vid_0006,gp_911,train,track_too_short
gp_set_0001,gp_set_0001_vid_0006,gp_930,train,track_too_short
gp_set_0001,gp_set_0001_vid_0006,gp_933,train,track_too_short
gp_set_0001,gp_set_0001_vid_0006,gp_959,train,track_too_short
gp_set_0001,gp_set_0001_vid_0006,gp_960,train,track_too_short
gp_set_0001,gp_set_0001_vid_0006,gp_962,train,track_too_short
gp_set_0001,gp_set_0001_vid_0006,gp_983,train,track_too_short
gp_set_0001,gp_set_0001_vid_0006,gp_984,train,track_too_short
gp_set_0001,gp_set_0001_vid_0006,gp_985,train,track_too_short
gp_set_0001,gp_set_0001_vid_0006,gp_989,train,track_too_short
gp_set_0001,gp_set_0001_vid_0006,gp_990,train,track_too_short
gp_set_0001,gp_set_0001_vid_0006,gp_992,train,track_too_short
gp_set_0001,gp_set_0001_vid_0007,gp_1001,train,track_too_short
gp_set_0001,gp_set_0001_vid_0007,gp_1002,train,track_too_short
gp_set_0001,gp_set_0001_vid_0007,gp_1006,train,track_too_short
gp_set_0001,gp_set_0001_vid_0007,gp_1009,train,track_too_short
gp_set_0001,gp_set_0001_vid_0007,gp_1020,train,track_too_short
gp_set_0001,gp_set_0001_vid_0007,gp_1024,train,track_too_short
gp_set_0001,gp_set_0001_vid_0007,gp_1028,train,track_too_short
gp_set_0001,gp_set_0001_vid_0007,gp_1034,train,track_too_short
gp_set_0001,gp_set_0001_vid_0007,gp_1036,train,track_too_short
gp_set_0001,gp_set_0001_vid_0007,gp_1049,train,track_too_short
gp_set_0001,gp_set_0001_vid_0007,gp_1063,train,track_too_short
gp_set_0001,gp_set_0001_vid_0007,gp_1065,train,track_too_short
gp_set_0001,gp_set_0001_vid_0007,gp_1069,train,track_too_short
gp_set_0001,gp_set_0001_vid_0007,gp_1075,train,track_too_short
gp_set_0001,gp_set_0001_vid_0007,gp_1078,train,crossing_point_not_in_track
gp_set_0001,gp_set_0001_vid_0007,gp_1080,train,track_too_short
gp_set_0001,gp_set_0001_vid_0007,gp_1083,train,track_too_short
gp_set_0001,gp_set_0001_vid_0007,gp_1087,train,track_too_short
gp_set_0001,gp_set_0001_vid_0007,gp_1089,train,track_too_short
gp_set_0001,gp_set_0001_vid_0007,gp_1091,train,track_too_short
gp_set_0001,gp_set_0001_vid_0007,gp_1092,train,track_too_short
gp_set_0001,gp_set_0001_vid_0007,gp_1097,train,track_too_short
gp_set_0001,gp_set_0001_vid_0007,gp_1099,train,track_too_short
gp_set_0001,gp_set_0001_vid_0007,gp_1113,train,track_too_short
gp_set_0001,gp_set_0001_vid_0007,gp_1126,train,track_too_short
gp_set_0001,gp_set_0001_vid_0007,gp_1127,train,track_too_short
gp_set_0001,gp_set_0001_vid_0007,gp_1129,train,track_too_short
gp_set_0001,gp_set_0001_vid_0007,gp_1135,train,track_too_short
gp_set_0001,gp_set_0001_vid_0007,gp_1136,train,track_too_short
gp_set_0001,gp_set_0001_vid_0007,gp_1139,train,track_too_short
gp_set_0001,gp_set_0001_vid_0007,gp_1140,train,track_too_short
gp_set_0001,gp_set_0001_vid_0007,gp_1141,train,track_too_short
gp_set_0001,gp_set_0001_vid_0007,gp_1144,train,track_too_short
gp_set_0001,gp_set_0001_vid_0007,gp_1148,train,track_too_short
gp_set_0001,gp_set_0001_vid_0007,gp_1149,train,track_too_short
gp_set_0001,gp_set_0001_vid_0007,gp_1151,train,track_too_short
gp_set_0001,gp_set_0001_vid_0007,gp_1152,train,track_too_short
gp_set_0001,gp_set_0001_vid_0007,gp_1163,train,track_too_short
gp_set_0001,gp_set_0001_vid_0007,gp_1170,train,track_too_short
gp_set_0001,gp_set_0001_vid_0007,gp_1173,train,track_too_short
gp_set_0001,gp_set_0001_vid_0007,gp_1174,train,crossing_point_not_in_track
gp_set_0001,gp_set_0001_vid_0007,gp_1181,train,track_too_short
gp_set_0001,gp_set_0001_vid_0007,gp_1186,train,crossing_point_not_in_track
gp_set_0001,gp_set_0001_vid_0007,gp_1188,train,track_too_short
gp_set_0001,gp_set_0001_vid_0007,gp_1190,train,track_too_short
gp_set_0001,gp_set_0001_vid_0007,gp_1191,train,crossing_point_not_in_track
gp_set_0001,gp_set_0001_vid_0007,gp_1192,train,track_too_short
gp_set_0001,gp_set_0001_vid_0007,gp_1195,train,track_too_short
gp_set_0001,gp_set_0001_vid_0007,gp_1202,train,track_too_short
gp_set_0001,gp_set_0001_vid_0007,gp_1203,train,track_too_short
gp_set_0001,gp_set_0001_vid_0007,gp_1204,train,track_too_short
gp_set_0001,gp_set_0001_vid_0007,gp_1209,train,track_too_short
gp_set_0001,gp_set_0001_vid_0007,gp_1210,train,track_too_short
gp_set_0001,gp_set_0001_vid_0007,gp_1211,train,track_too_short
gp_set_0001,gp_set_0001_vid_0007,gp_1215,train,track_too_short
gp_set_0001,gp_set_0001_vid_0007,gp_1217,train,track_too_short
gp_set_0001,gp_set_0001_vid_0007,gp_1218,train,track_too_short
gp_set_0001,gp_set_0001_vid_0007,gp_1219,train,track_too_short
gp_set_0001,gp_set_0001_vid_0007,gp_1222,train,track_too_short
gp_set_0001,gp_set_0001_vid_0007,gp_1223,train,track_too_short
gp_set_0001,gp_set_0001_vid_0007,gp_1225,train,track_too_short
gp_set_0001,gp_set_0001_vid_0007,gp_1228,train,track_too_short
gp_set_0001,gp_set_0001_vid_0007,gp_1229,train,track_too_short
gp_set_0001,gp_set_0001_vid_0007,gp_1232,train,track_too_short
gp_set_0001,gp_set_0001_vid_0007,gp_1234,train,track_too_short
gp_set_0001,gp_set_0001_vid_0007,gp_1235,train,track_too_short
gp_set_0001,gp_set_0001_vid_0007,gp_1236,train,track_too_short
gp_set_0001,gp_set_0001_vid_0007,gp_1237,train,track_too_short
gp_set_0001,gp_set_0001_vid_0007,gp_1239,train,track_too_short
gp_set_0001,gp_set_0001_vid_0007,gp_1243,train,track_too_short
gp_set_0001,gp_set_0001_vid_0007,gp_1246,train,track_too_short
gp_set_0001,gp_set_0001_vid_0007,gp_1247,train,track_too_short
gp_set_0001,gp_set_0001_vid_0007,gp_1248,train,track_too_short
gp_set_0001,gp_set_0001_vid_0007,gp_1250,train,track_too_short
gp_set_0001,gp_set_0001_vid_0007,gp_1251,train,track_too_short
gp_set_0001,gp_set_0001_vid_0007,gp_1252,train,track_too_short
gp_set_0001,gp_set_0001_vid_0007,gp_1254,train,crossing_point_not_in_track
gp_set_0001,gp_set_0001_vid_0007,gp_1256,train,track_too_short
gp_set_0001,gp_set_0001_vid_0007,gp_1258,train,track_too_short
gp_set_0001,gp_set_0001_vid_0007,gp_1265,train,track_too_short
gp_set_0001,gp_set_0001_vid_0007,gp_1266,train,track_too_short
gp_set_0001,gp_set_0001_vid_0007,gp_1268,train,track_too_short
gp_set_0001,gp_set_0001_vid_0007,gp_1270,train,track_too_short
gp_set_0001,gp_set_0001_vid_0007,gp_1274,train,track_too_short
gp_set_0001,gp_set_0001_vid_0007,gp_1275,train,track_too_short
gp_set_0001,gp_set_0001_vid_0007,gp_1276,train,track_too_short
gp_set_0001,gp_set_0001_vid_0007,gp_1279,train,track_too_short
gp_set_0001,gp_set_0001_vid_0007,gp_1282,train,track_too_short
gp_set_0001,gp_set_0001_vid_0007,gp_1283,train,track_too_short
gp_set_0001,gp_set_0001_vid_0007,gp_1291,train,track_too_short
gp_set_0001,gp_set_0001_vid_0007,gp_1292,train,track_too_short
gp_set_0001,gp_set_0001_vid_0007,gp_1296,train,track_too_short
gp_set_0001,gp_set_0001_vid_0007,gp_1304,train,track_too_short
gp_set_0001,gp_set_0001_vid_0007,gp_1305,train,track_too_short
gp_set_0001,gp_set_0001_vid_0007,gp_1310,train,track_too_short
gp_set_0001,gp_set_0001_vid_0007,gp_1312,train,track_too_short
gp_set_0001,gp_set_0001_vid_0007,gp_1315,train,track_too_short
gp_set_0001,gp_set_0001_vid_0007,gp_1317,train,track_too_short
gp_set_0001,gp_set_0001_vid_0007,gp_1318,train,track_too_short
gp_set_0001,gp_set_0001_vid_0007,gp_1323,train,track_too_short
gp_set_0001,gp_set_0001_vid_0007,gp_1329,train,track_too_short
gp_set_0001,gp_set_0001_vid_0007,gp_1341,train,track_too_short
gp_set_0001,gp_set_0001_vid_0007,gp_1343,train,track_too_short
gp_set_0001,gp_set_0001_vid_0007,gp_1349,train,track_too_short
gp_set_0001,gp_set_0001_vid_0007,gp_1350,train,track_too_short
gp_set_0001,gp_set_0001_vid_0007,gp_1351,train,track_too_short
gp_set_0001,gp_set_0001_vid_0007,gp_1362,train,track_too_short
gp_set_0001,gp_set_0001_vid_0007,gp_1366,train,track_too_short
gp_set_0001,gp_set_0001_vid_0007,gp_1369,train,track_too_short
gp_set_0001,gp_set_0001_vid_0007,gp_1381,train,track_too_short
gp_set_0001,gp_set_0001_vid_0007,gp_1382,train,track_too_short
gp_set_0001,gp_set_0001_vid_0007,gp_1388,train,track_too_short
gp_set_0001,gp_set_0001_vid_0007,gp_1389,train,track_too_short
gp_set_0001,gp_set_0001_vid_0007,gp_1393,train,track_too_short
gp_set_0001,gp_set_0001_vid_0007,gp_1402,train,track_too_short
gp_set_0001,gp_set_0001_vid_0007,gp_1407,train,track_too_short
gp_set_0001,gp_set_0001_vid_0007,gp_1408,train,crossing_point_not_in_track
gp_set_0001,gp_set_0001_vid_0007,gp_1413,train,track_too_short
gp_set_0001,gp_set_0001_vid_0007,gp_1421,train,track_too_short
gp_set_0001,gp_set_0001_vid_0007,gp_1424,train,track_too_short
gp_set_0001,gp_set_0001_vid_0007,gp_1427,train,track_too_short
gp_set_0001,gp_set_0001_vid_0007,gp_1432,train,track_too_short
gp_set_0001,gp_set_0001_vid_0007,gp_1433,train,track_too_short
gp_set_0001,gp_set_0001_vid_0007,gp_1435,train,track_too_short
gp_set_0001,gp_set_0001_vid_0007,gp_1438,train,track_too_short
gp_set_0001,gp_set_0001_vid_0007,gp_1439,train,track_too_short
gp_set_0001,gp_set_0001_vid_0007,gp_1447,train,track_too_short
gp_set_0001,gp_set_0001_vid_0007,gp_1448,train,track_too_short
gp_set_0001,gp_set_0001_vid_0007,gp_1452,train,track_too_short
gp_set_0001,gp_set_0001_vid_0007,gp_1455,train,track_too_short
gp_set_0001,gp_set_0001_vid_0007,gp_1460,train,track_too_short
gp_set_0001,gp_set_0001_vid_0007,gp_1483,train,track_too_short
gp_set_0001,gp_set_0001_vid_0007,gp_1484,train,track_too_short
gp_set_0001,gp_set_0001_vid_0007,gp_1504,train,track_too_short
gp_set_0001,gp_set_0001_vid_0007,gp_1512,train,track_too_short
gp_set_0001,gp_set_0001_vid_0007,gp_1515,train,track_too_short
gp_set_0001,gp_set_0001_vid_0007,gp_1522,train,track_too_short
gp_set_0001,gp_set_0001_vid_0007,gp_1526,train,track_too_short
gp_set_0001,gp_set_0001_vid_0007,gp_1527,train,track_too_short
gp_set_0001,gp_set_0001_vid_0007,gp_1529,train,track_too_short
gp_set_0001,gp_set_0001_vid_0007,gp_1533,train,track_too_short
gp_set_0001,gp_set_0001_vid_0007,gp_1537,train,track_too_short
gp_set_0001,gp_set_0001_vid_0007,gp_1539,train,track_too_short
gp_set_0001,gp_set_0001_vid_0007,gp_1541,train,track_too_short
gp_set_0001,gp_set_0001_vid_0007,gp_1543,train,track_too_short
gp_set_0001,gp_set_0001_vid_0007,gp_1547,train,track_too_short
gp_set_0001,gp_set_0001_vid_0007,gp_1550,train,track_too_short
gp_set_0001,gp_set_0001_vid_0007,gp_1551,train,track_too_short
gp_set_0001,gp_set_0001_vid_0007,gp_1553,train,track_too_short
gp_set_0001,gp_set_0001_vid_0007,gp_1557,train,track_too_short
gp_set_0001,gp_set_0001_vid_0007,gp_1561,train,track_too_short
gp_set_0001,gp_set_0001_vid_0007,gp_1562,train,track_too_short
gp_set_0001,gp_set_0001_vid_0007,gp_1567,train,track_too_short
gp_set_0001,gp_set_0001_vid_0007,gp_1569,train,track_too_short
gp_set_0001,gp_set_0001_vid_0007,gp_1571,train,track_too_short
gp_set_0001,gp_set_0001_vid_0007,gp_1577,train,track_too_short
gp_set_0001,gp_set_0001_vid_0007,gp_1578,train,track_too_short
gp_set_0001,gp_set_0001_vid_0007,gp_1585,train,track_too_short
gp_set_0001,gp_set_0001_vid_0007,gp_1586,train,track_too_short
gp_set_0001,gp_set_0001_vid_0007,gp_1587,train,track_too_short
gp_set_0001,gp_set_0001_vid_0007,gp_1590,train,track_too_short
gp_set_0001,gp_set_0001_vid_0007,gp_1591,train,track_too_short
gp_set_0001,gp_set_0001_vid_0007,gp_1593,train,track_too_short
gp_set_0001,gp_set_0001_vid_0007,gp_1597,train,track_too_short
gp_set_0001,gp_set_0001_vid_0007,gp_1599,train,track_too_short
gp_set_0001,gp_set_0001_vid_0007,gp_1616,train,track_too_short
gp_set_0001,gp_set_0001_vid_0007,gp_1623,train,track_too_short
gp_set_0001,gp_set_0001_vid_0007,gp_1625,train,track_too_short
gp_set_0001,gp_set_0001_vid_0007,gp_1627,train,track_too_short
gp_set_0001,gp_set_0001_vid_0007,gp_1628,train,track_too_short
gp_set_0001,gp_set_0001_vid_0007,gp_1629,train,track_too_short
gp_set_0001,gp_set_0001_vid_0007,gp_1631,train,track_too_short
gp_set_0001,gp_set_0001_vid_0007,gp_1633,train,track_too_short
gp_set_0001,gp_set_0001_vid_0007,gp_1636,train,track_too_short
gp_set_0001,gp_set_0001_vid_0007,gp_1638,train,track_too_short
gp_set_0001,gp_set_0001_vid_0007,gp_978,train,track_too_short
gp_set_0001,gp_set_0001_vid_0007,gp_994,train,track_too_short
gp_set_0001,gp_set_0001_vid_0007,gp_998,train,track_too_short
gp_set_0001,gp_set_0001_vid_0008,gp_1000,train,track_too_short
gp_set_0001,gp_set_0001_vid_0008,gp_1008,train,track_too_short
gp_set_0001,gp_set_0001_vid_0008,gp_1026,train,track_too_short
gp_set_0001,gp_set_0001_vid_0008,gp_1041,train,track_too_short
gp_set_0001,gp_set_0001_vid_0008,gp_1066,train,track_too_short
gp_set_0001,gp_set_0001_vid_0008,gp_1084,train,track_too_short
gp_set_0001,gp_set_0001_vid_0008,gp_1085,train,track_too_short
gp_set_0001,gp_set_0001_vid_0008,gp_1089,train,track_too_short
gp_set_0001,gp_set_0001_vid_0008,gp_1090,train,track_too_short
gp_set_0001,gp_set_0001_vid_0008,gp_1093,train,track_too_short
gp_set_0001,gp_set_0001_vid_0008,gp_1094,train,track_too_short
gp_set_0001,gp_set_0001_vid_0008,gp_1100,train,track_too_short
gp_set_0001,gp_set_0001_vid_0008,gp_1101,train,track_too_short
gp_set_0001,gp_set_0001_vid_0008,gp_1102,train,track_too_short
gp_set_0001,gp_set_0001_vid_0008,gp_1103,train,track_too_short
gp_set_0001,gp_set_0001_vid_0008,gp_1104,train,track_too_short
gp_set_0001,gp_set_0001_vid_0008,gp_1105,train,track_too_short
gp_set_0001,gp_set_0001_vid_0008,gp_1106,train,track_too_short
gp_set_0001,gp_set_0001_vid_0008,gp_1109,train,track_too_short
gp_set_0001,gp_set_0001_vid_0008,gp_1112,train,track_too_short
gp_set_0001,gp_set_0001_vid_0008,gp_1122,train,track_too_short
gp_set_0001,gp_set_0001_vid_0008,gp_1123,train,track_too_short
gp_set_0001,gp_set_0001_vid_0008,gp_1124,train,track_too_short
gp_set_0001,gp_set_0001_vid_0008,gp_1125,train,track_too_short
gp_set_0001,gp_set_0001_vid_0008,gp_1128,train,track_too_short
gp_set_0001,gp_set_0001_vid_0008,gp_1130,train,track_too_short
gp_set_0001,gp_set_0001_vid_0008,gp_1133,train,track_too_short
gp_set_0001,gp_set_0001_vid_0008,gp_1134,train,track_too_short
gp_set_0001,gp_set_0001_vid_0008,gp_1137,train,track_too_short
gp_set_0001,gp_set_0001_vid_0008,gp_1138,train,track_too_short
gp_set_0001,gp_set_0001_vid_0008,gp_1142,train,track_too_short
gp_set_0001,gp_set_0001_vid_0008,gp_1143,train,track_too_short
gp_set_0001,gp_set_0001_vid_0008,gp_1147,train,track_too_short
gp_set_0001,gp_set_0001_vid_0008,gp_1150,train,track_too_short
gp_set_0001,gp_set_0001_vid_0008,gp_1153,train,track_too_short
gp_set_0001,gp_set_0001_vid_0008,gp_1154,train,track_too_short
gp_set_0001,gp_set_0001_vid_0008,gp_1156,train,track_too_short
gp_set_0001,gp_set_0001_vid_0008,gp_1157,train,track_too_short
gp_set_0001,gp_set_0001_vid_0008,gp_1158,train,track_too_short
gp_set_0001,gp_set_0001_vid_0008,gp_1166,train,track_too_short
gp_set_0001,gp_set_0001_vid_0008,gp_1167,train,track_too_short
gp_set_0001,gp_set_0001_vid_0008,gp_1189,train,track_too_short
gp_set_0001,gp_set_0001_vid_0008,gp_1194,train,crossing_point_not_in_track
gp_set_0001,gp_set_0001_vid_0008,gp_1199,train,track_too_short
gp_set_0001,gp_set_0001_vid_0008,gp_1201,train,track_too_short
gp_set_0001,gp_set_0001_vid_0008,gp_1207,train,crossing_point_not_in_track
gp_set_0001,gp_set_0001_vid_0008,gp_1212,train,track_too_short
gp_set_0001,gp_set_0001_vid_0008,gp_1216,train,track_too_short
gp_set_0001,gp_set_0001_vid_0008,gp_1230,train,track_too_short
gp_set_0001,gp_set_0001_vid_0008,gp_1238,train,track_too_short
gp_set_0001,gp_set_0001_vid_0008,gp_1239,train,track_too_short
gp_set_0001,gp_set_0001_vid_0008,gp_1255,train,track_too_short
gp_set_0001,gp_set_0001_vid_0008,gp_1260,train,track_too_short
gp_set_0001,gp_set_0001_vid_0008,gp_1269,train,track_too_short
gp_set_0001,gp_set_0001_vid_0008,gp_1272,train,track_too_short
gp_set_0001,gp_set_0001_vid_0008,gp_1278,train,track_too_short
gp_set_0001,gp_set_0001_vid_0008,gp_1281,train,crossing_point_not_in_track
gp_set_0001,gp_set_0001_vid_0008,gp_1284,train,track_too_short
gp_set_0001,gp_set_0001_vid_0008,gp_1293,train,track_too_short
gp_set_0001,gp_set_0001_vid_0008,gp_1294,train,track_too_short
gp_set_0001,gp_set_0001_vid_0008,gp_1297,train,track_too_short
gp_set_0001,gp_set_0001_vid_0008,gp_1299,train,track_too_short
gp_set_0001,gp_set_0001_vid_0008,gp_1301,train,track_too_short
gp_set_0001,gp_set_0001_vid_0008,gp_1307,train,track_too_short
gp_set_0001,gp_set_0001_vid_0008,gp_1319,train,track_too_short
gp_set_0001,gp_set_0001_vid_0008,gp_1320,train,track_too_short
gp_set_0001,gp_set_0001_vid_0008,gp_1322,train,track_too_short
gp_set_0001,gp_set_0001_vid_0008,gp_1330,train,track_too_short
gp_set_0001,gp_set_0001_vid_0008,gp_1333,train,track_too_short
gp_set_0001,gp_set_0001_vid_0008,gp_1335,train,track_too_short
gp_set_0001,gp_set_0001_vid_0008,gp_1336,train,track_too_short
gp_set_0001,gp_set_0001_vid_0008,gp_1339,train,track_too_short
gp_set_0001,gp_set_0001_vid_0008,gp_1340,train,track_too_short
gp_set_0001,gp_set_0001_vid_0008,gp_1342,train,track_too_short
gp_set_0001,gp_set_0001_vid_0008,gp_1345,train,track_too_short
gp_set_0001,gp_set_0001_vid_0008,gp_1346,train,track_too_short
gp_set_0001,gp_set_0001_vid_0008,gp_1352,train,track_too_short
gp_set_0001,gp_set_0001_vid_0008,gp_1359,train,track_too_short
gp_set_0001,gp_set_0001_vid_0008,gp_1363,train,track_too_short
gp_set_0001,gp_set_0001_vid_0008,gp_1364,train,track_too_short
gp_set_0001,gp_set_0001_vid_0008,gp_1375,train,track_too_short
gp_set_0001,gp_set_0001_vid_0008,gp_1385,train,track_too_short
gp_set_0001,gp_set_0001_vid_0008,gp_1400,train,track_too_short
gp_set_0001,gp_set_0001_vid_0008,gp_1409,train,track_too_short
gp_set_0001,gp_set_0001_vid_0008,gp_1411,train,track_too_short
gp_set_0001,gp_set_0001_vid_0008,gp_1412,train,track_too_short
gp_set_0001,gp_set_0001_vid_0008,gp_1420,train,track_too_short
gp_set_0001,gp_set_0001_vid_0008,gp_1423,train,track_too_short
gp_set_0001,gp_set_0001_vid_0008,gp_1436,train,track_too_short
gp_set_0001,gp_set_0001_vid_0008,gp_1443,train,track_too_short
gp_set_0001,gp_set_0001_vid_0008,gp_1451,train,track_too_short
gp_set_0001,gp_set_0001_vid_0008,gp_1454,train,track_too_short
gp_set_0001,gp_set_0001_vid_0008,gp_1456,train,track_too_short
gp_set_0001,gp_set_0001_vid_0008,gp_1462,train,track_too_short
gp_set_0001,gp_set_0001_vid_0008,gp_1463,train,track_too_short
gp_set_0001,gp_set_0001_vid_0008,gp_258,train,track_too_short
gp_set_0001,gp_set_0001_vid_0008,gp_263,train,track_too_short
gp_set_0001,gp_set_0001_vid_0008,gp_267,train,track_too_short
gp_set_0001,gp_set_0001_vid_0008,gp_268,train,track_too_short
gp_set_0001,gp_set_0001_vid_0008,gp_269,train,track_too_short
gp_set_0001,gp_set_0001_vid_0008,gp_270,train,track_too_short
gp_set_0001,gp_set_0001_vid_0008,gp_271,train,track_too_short
gp_set_0001,gp_set_0001_vid_0008,gp_278,train,track_too_short
gp_set_0001,gp_set_0001_vid_0008,gp_279,train,track_too_short
gp_set_0001,gp_set_0001_vid_0008,gp_280,train,track_too_short
gp_set_0001,gp_set_0001_vid_0008,gp_285,train,track_too_short
gp_set_0001,gp_set_0001_vid_0008,gp_286,train,track_too_short
gp_set_0001,gp_set_0001_vid_0008,gp_289,train,track_too_short
gp_set_0001,gp_set_0001_vid_0008,gp_294,train,track_too_short
gp_set_0001,gp_set_0001_vid_0008,gp_297,train,track_too_short
gp_set_0001,gp_set_0001_vid_0008,gp_298,train,track_too_short
gp_set_0001,gp_set_0001_vid_0008,gp_299,train,track_too_short
gp_set_0001,gp_set_0001_vid_0008,gp_300,train,track_too_short
gp_set_0001,gp_set_0001_vid_0008,gp_312,train,track_too_short
gp_set_0001,gp_set_0001_vid_0008,gp_313,train,track_too_short
gp_set_0001,gp_set_0001_vid_0008,gp_314,train,track_too_short
gp_set_0001,gp_set_0001_vid_0008,gp_316,train,track_too_short
gp_set_0001,gp_set_0001_vid_0008,gp_317,train,track_too_short
gp_set_0001,gp_set_0001_vid_0008,gp_318,train,track_too_short
gp_set_0001,gp_set_0001_vid_0008,gp_319,train,track_too_short
gp_set_0001,gp_set_0001_vid_0008,gp_325,train,track_too_short
gp_set_0001,gp_set_0001_vid_0008,gp_326,train,track_too_short
gp_set_0001,gp_set_0001_vid_0008,gp_330,train,track_too_short
gp_set_0001,gp_set_0001_vid_0008,gp_331,train,track_too_short
gp_set_0001,gp_set_0001_vid_0008,gp_336,train,track_too_short
gp_set_0001,gp_set_0001_vid_0008,gp_339,train,track_too_short
gp_set_0001,gp_set_0001_vid_0008,gp_341,train,track_too_short
gp_set_0001,gp_set_0001_vid_0008,gp_342,train,track_too_short
gp_set_0001,gp_set_0001_vid_0008,gp_343,train,track_too_short
gp_set_0001,gp_set_0001_vid_0008,gp_345,train,track_too_short
gp_set_0001,gp_set_0001_vid_0008,gp_373,train,track_too_short
gp_set_0001,gp_set_0001_vid_0008,gp_375,train,track_too_short
gp_set_0001,gp_set_0001_vid_0008,gp_377,train,track_too_short
gp_set_0001,gp_set_0001_vid_0008,gp_653,train,track_too_short
gp_set_0001,gp_set_0001_vid_0008,gp_654,train,track_too_short
gp_set_0001,gp_set_0001_vid_0008,gp_658,train,track_too_short
gp_set_0001,gp_set_0001_vid_0008,gp_664,train,crossing_point_not_in_track
gp_set_0001,gp_set_0001_vid_0008,gp_674,train,track_too_short
gp_set_0001,gp_set_0001_vid_0008,gp_675,train,track_too_short
gp_set_0001,gp_set_0001_vid_0008,gp_690,train,track_too_short
gp_set_0001,gp_set_0001_vid_0008,gp_691,train,track_too_short
gp_set_0001,gp_set_0001_vid_0008,gp_700,train,track_too_short
gp_set_0001,gp_set_0001_vid_0008,gp_702,train,track_too_short
gp_set_0001,gp_set_0001_vid_0008,gp_703,train,track_too_short
gp_set_0001,gp_set_0001_vid_0008,gp_705,train,track_too_short
gp_set_0001,gp_set_0001_vid_0008,gp_707,train,track_too_short
gp_set_0001,gp_set_0001_vid_0008,gp_709,train,track_too_short
gp_set_0001,gp_set_0001_vid_0008,gp_712,train,track_too_short
gp_set_0001,gp_set_0001_vid_0008,gp_716,train,track_too_short
gp_set_0001,gp_set_0001_vid_0008,gp_718,train,track_too_short
gp_set_0001,gp_set_0001_vid_0008,gp_724,train,track_too_short
gp_set_0001,gp_set_0001_vid_0008,gp_725,train,track_too_short
gp_set_0001,gp_set_0001_vid_0008,gp_728,train,track_too_short
gp_set_0001,gp_set_0001_vid_0008,gp_734,train,track_too_short
gp_set_0001,gp_set_0001_vid_0008,gp_736,train,track_too_short
gp_set_0001,gp_set_0001_vid_0008,gp_741,train,track_too_short
gp_set_0001,gp_set_0001_vid_0008,gp_742,train,track_too_short
gp_set_0001,gp_set_0001_vid_0008,gp_744,train,track_too_short
gp_set_0001,gp_set_0001_vid_0008,gp_745,train,track_too_short
gp_set_0001,gp_set_0001_vid_0008,gp_748,train,track_too_short
gp_set_0001,gp_set_0001_vid_0008,gp_751,train,track_too_short
gp_set_0001,gp_set_0001_vid_0008,gp_763,train,track_too_short
gp_set_0001,gp_set_0001_vid_0008,gp_765,train,track_too_short
gp_set_0001,gp_set_0001_vid_0008,gp_767,train,track_too_short
gp_set_0001,gp_set_0001_vid_0008,gp_771,train,track_too_short
gp_set_0001,gp_set_0001_vid_0008,gp_783,train,track_too_short
gp_set_0001,gp_set_0001_vid_0008,gp_784,train,track_too_short
gp_set_0001,gp_set_0001_vid_0008,gp_788,train,track_too_short
gp_set_0001,gp_set_0001_vid_0008,gp_794,train,track_too_short
gp_set_0001,gp_set_0001_vid_0008,gp_795,train,track_too_short
gp_set_0001,gp_set_0001_vid_0008,gp_797,train,track_too_short
gp_set_0001,gp_set_0001_vid_0008,gp_800,train,track_too_short
gp_set_0001,gp_set_0001_vid_0008,gp_802,train,track_too_short
gp_set_0001,gp_set_0001_vid_0008,gp_804,train,track_too_short
gp_set_0001,gp_set_0001_vid_0008,gp_810,train,track_too_short
gp_set_0001,gp_set_0001_vid_0008,gp_816,train,track_too_short
gp_set_0001,gp_set_0001_vid_0008,gp_817,train,track_too_short
gp_set_0001,gp_set_0001_vid_0008,gp_825,train,track_too_short
gp_set_0001,gp_set_0001_vid_0008,gp_826,train,track_too_short
gp_set_0001,gp_set_0001_vid_0008,gp_828,train,track_too_short
gp_set_0001,gp_set_0001_vid_0008,gp_837,train,track_too_short
gp_set_0001,gp_set_0001_vid_0008,gp_838,train,track_too_short
gp_set_0001,gp_set_0001_vid_0008,gp_845,train,track_too_short
gp_set_0001,gp_set_0001_vid_0008,gp_852,train,track_too_short
gp_set_0001,gp_set_0001_vid_0008,gp_853,train,track_too_short
gp_set_0001,gp_set_0001_vid_0008,gp_857,train,track_too_short
gp_set_0001,gp_set_0001_vid_0008,gp_868,train,track_too_short
gp_set_0001,gp_set_0001_vid_0008,gp_881,train,track_too_short
gp_set_0001,gp_set_0001_vid_0008,gp_884,train,track_too_short
gp_set_0001,gp_set_0001_vid_0008,gp_885,train,track_too_short
gp_set_0001,gp_set_0001_vid_0008,gp_888,train,track_too_short
gp_set_0001,gp_set_0001_vid_0008,gp_889,train,track_too_short
gp_set_0001,gp_set_0001_vid_0008,gp_916,train,track_too_short
gp_set_0001,gp_set_0001_vid_0008,gp_917,train,track_too_short
gp_set_0001,gp_set_0001_vid_0008,gp_920,train,track_too_short
gp_set_0001,gp_set_0001_vid_0008,gp_922,train,track_too_short
gp_set_0001,gp_set_0001_vid_0008,gp_939,train,track_too_short
gp_set_0001,gp_set_0001_vid_0008,gp_949,train,track_too_short
gp_set_0001,gp_set_0001_vid_0008,gp_967,train,track_too_short
gp_set_0001,gp_set_0001_vid_0008,gp_968,train,track_too_short
gp_set_0001,gp_set_0001_vid_0008,gp_973,train,crossing_point_not_in_track
gp_set_0001,gp_set_0001_vid_0008,gp_991,train,track_too_short
gp_set_0001,gp_set_0001_vid_0008,gp_993,train,track_too_short
gp_set_0001,gp_set_0001_vid_0008,gp_996,train,track_too_short
gp_set_0001,gp_set_0001_vid_0008,gp_997,train,track_too_short
gp_set_0002,gp_set_0002_vid_0001,gp_4242,val,track_too_short
gp_set_0002,gp_set_0002_vid_0001,gp_4243,val,track_too_short
gp_set_0002,gp_set_0002_vid_0001,gp_4247,val,track_too_short
gp_set_0002,gp_set_0002_vid_0001,gp_4262,val,track_too_short
gp_set_0002,gp_set_0002_vid_0001,gp_4263,val,track_too_short
gp_set_0002,gp_set_0002_vid_0001,gp_4281,val,track_too_short
gp_set_0002,gp_set_0002_vid_0001,gp_4300,val,track_too_short
gp_set_0002,gp_set_0002_vid_0001,gp_4301,val,track_too_short
gp_set_0002,gp_set_0002_vid_0001,gp_4316,val,track_too_short
gp_set_0002,gp_set_0002_vid_0001,gp_4317,val,track_too_short
gp_set_0002,gp_set_0002_vid_0001,gp_4332,val,track_too_short
gp_set_0002,gp_set_0002_vid_0001,gp_4333,val,track_too_short
gp_set_0002,gp_set_0002_vid_0001,gp_4334,val,track_too_short
gp_set_0002,gp_set_0002_vid_0001,gp_4335,val,track_too_short
gp_set_0002,gp_set_0002_vid_0001,gp_4337,val,track_too_short
gp_set_0002,gp_set_0002_vid_0001,gp_4340,val,track_too_short
gp_set_0002,gp_set_0002_vid_0001,gp_4341,val,track_too_short
gp_set_0002,gp_set_0002_vid_0001,gp_4343,val,track_too_short
gp_set_0002,gp_set_0002_vid_0001,gp_4357,val,track_too_short
gp_set_0002,gp_set_0002_vid_0001,gp_4370,val,track_too_short
gp_set_0002,gp_set_0002_vid_0001,gp_4385,val,track_too_short
gp_set_0002,gp_set_0002_vid_0001,gp_4387,val,track_too_short
gp_set_0002,gp_set_0002_vid_0001,gp_4388,val,crossing_point_not_in_track
gp_set_0002,gp_set_0002_vid_0001,gp_4392,val,crossing_point_not_in_track
gp_set_0002,gp_set_0002_vid_0001,gp_4401,val,track_too_short
gp_set_0002,gp_set_0002_vid_0001,gp_4406,val,track_too_short
gp_set_0002,gp_set_0002_vid_0001,gp_4407,val,track_too_short
gp_set_0002,gp_set_0002_vid_0001,gp_4408,val,track_too_short
gp_set_0002,gp_set_0002_vid_0001,gp_4411,val,track_too_short
gp_set_0002,gp_set_0002_vid_0001,gp_4412,val,track_too_short
gp_set_0002,gp_set_0002_vid_0001,gp_4419,val,track_too_short
gp_set_0002,gp_set_0002_vid_0001,gp_4422,val,track_too_short
gp_set_0002,gp_set_0002_vid_0001,gp_4424,val,track_too_short
gp_set_0002,gp_set_0002_vid_0001,gp_4425,val,track_too_short
gp_set_0002,gp_set_0002_vid_0001,gp_4430,val,track_too_short
gp_set_0002,gp_set_0002_vid_0001,gp_4431,val,crossing_point_not_in_track
gp_set_0002,gp_set_0002_vid_0001,gp_4436,val,track_too_short
gp_set_0002,gp_set_0002_vid_0001,gp_4437,val,track_too_short
gp_set_0002,gp_set_0002_vid_0001,gp_4448,val,track_too_short
gp_set_0002,gp_set_0002_vid_0001,gp_4449,val,track_too_short
gp_set_0002,gp_set_0002_vid_0001,gp_4466,val,track_too_short
gp_set_0002,gp_set_0002_vid_0002,gp_4818,val,track_too_short
gp_set_0002,gp_set_0002_vid_0002,gp_4819,val,track_too_short
gp_set_0002,gp_set_0002_vid_0002,gp_4820,val,track_too_short
gp_set_0002,gp_set_0002_vid_0002,gp_4822,val,track_too_short
gp_set_0002,gp_set_0002_vid_0002,gp_4823,val,track_too_short
gp_set_0002,gp_set_0002_vid_0002,gp_4825,val,track_too_short
gp_set_0002,gp_set_0002_vid_0002,gp_4830,val,track_too_short
gp_set_0002,gp_set_0002_vid_0002,gp_4831,val,track_too_short
gp_set_0002,gp_set_0002_vid_0002,gp_4838,val,track_too_short
gp_set_0002,gp_set_0002_vid_0002,gp_4839,val,track_too_short
gp_set_0002,gp_set_0002_vid_0002,gp_4840,val,track_too_short
gp_set_0002,gp_set_0002_vid_0002,gp_4842,val,track_too_short
gp_set_0002,gp_set_0002_vid_0002,gp_4844,val,track_too_short
gp_set_0002,gp_set_0002_vid_0002,gp_4847,val,track_too_short
gp_set_0002,gp_set_0002_vid_0002,gp_4848,val,crossing_point_not_in_track
gp_set_0002,gp_set_0002_vid_0002,gp_4851,val,track_too_short
gp_set_0002,gp_set_0002_vid_0002,gp_4852,val,track_too_short
gp_set_0002,gp_set_0002_vid_0002,gp_4853,val,track_too_short
gp_set_0002,gp_set_0002_vid_0002,gp_4855,val,track_too_short
gp_set_0002,gp_set_0002_vid_0002,gp_4856,val,track_too_short
gp_set_0002,gp_set_0002_vid_0002,gp_4857,val,track_too_short
gp_set_0002,gp_set_0002_vid_0002,gp_4858,val,track_too_short
gp_set_0002,gp_set_0002_vid_0002,gp_4860,val,track_too_short
gp_set_0002,gp_set_0002_vid_0002,gp_4861,val,track_too_short
gp_set_0002,gp_set_0002_vid_0002,gp_4863,val,track_too_short
gp_set_0002,gp_set_0002_vid_0002,gp_4864,val,track_too_short
gp_set_0002,gp_set_0002_vid_0002,gp_4866,val,track_too_short
gp_set_0002,gp_set_0002_vid_0002,gp_4868,val,track_too_short
gp_set_0002,gp_set_0002_vid_0002,gp_4870,val,track_too_short
gp_set_0002,gp_set_0002_vid_0002,gp_4872,val,crossing_point_not_in_track
gp_set_0002,gp_set_0002_vid_0002,gp_4875,val,track_too_short
gp_set_0002,gp_set_0002_vid_0002,gp_4876,val,track_too_short
gp_set_0002,gp_set_0002_vid_0002,gp_4878,val,track_too_short
gp_set_0002,gp_set_0002_vid_0002,gp_4881,val,track_too_short
gp_set_0002,gp_set_0002_vid_0002,gp_4884,val,track_too_short
gp_set_0002,gp_set_0002_vid_0002,gp_4886,val,track_too_short
gp_set_0002,gp_set_0002_vid_0002,gp_4896,val,crossing_point_not_in_track
gp_set_0002,gp_set_0002_vid_0002,gp_4898,val,track_too_short
gp_set_0002,gp_set_0002_vid_0002,gp_4912,val,track_too_short
gp_set_0002,gp_set_0002_vid_0002,gp_4913,val,track_too_short
gp_set_0002,gp_set_0002_vid_0002,gp_4914,val,track_too_short
gp_set_0002,gp_set_0002_vid_0002,gp_4915,val,track_too_short
gp_set_0002,gp_set_0002_vid_0002,gp_4917,val,track_too_short
gp_set_0002,gp_set_0002_vid_0002,gp_4924,val,track_too_short
gp_set_0002,gp_set_0002_vid_0002,gp_4925,val,track_too_short
gp_set_0002,gp_set_0002_vid_0002,gp_4927,val,track_too_short
gp_set_0002,gp_set_0002_vid_0002,gp_4930,val,track_too_short
gp_set_0002,gp_set_0002_vid_0002,gp_4931,val,track_too_short
gp_set_0002,gp_set_0002_vid_0002,gp_4935,val,track_too_short
gp_set_0002,gp_set_0002_vid_0002,gp_4940,val,track_too_short
gp_set_0002,gp_set_0002_vid_0002,gp_4959,val,track_too_short
gp_set_0002,gp_set_0002_vid_0002,gp_4967,val,track_too_short
gp_set_0002,gp_set_0002_vid_0002,gp_4968,val,track_too_short
gp_set_0002,gp_set_0002_vid_0002,gp_4971,val,track_too_short
gp_set_0002,gp_set_0002_vid_0002,gp_4974,val,track_too_short
gp_set_0002,gp_set_0002_vid_0002,gp_4975,val,track_too_short
gp_set_0002,gp_set_0002_vid_0002,gp_4980,val,track_too_short
gp_set_0002,gp_set_0002_vid_0002,gp_4982,val,crossing_point_not_in_track
gp_set_0002,gp_set_0002_vid_0002,gp_4994,val,track_too_short
gp_set_0002,gp_set_0002_vid_0002,gp_4995,val,track_too_short
gp_set_0002,gp_set_0002_vid_0002,gp_4996,val,track_too_short
gp_set_0002,gp_set_0002_vid_0002,gp_4997,val,track_too_short
gp_set_0002,gp_set_0002_vid_0002,gp_4998,val,track_too_short
gp_set_0002,gp_set_0002_vid_0002,gp_5000,val,track_too_short
gp_set_0002,gp_set_0002_vid_0002,gp_5001,val,track_too_short
gp_set_0002,gp_set_0002_vid_0002,gp_5002,val,track_too_short
gp_set_0002,gp_set_0002_vid_0002,gp_5003,val,track_too_short
gp_set_0002,gp_set_0002_vid_0002,gp_5004,val,track_too_short
gp_set_0002,gp_set_0002_vid_0002,gp_5005,val,track_too_short
gp_set_0002,gp_set_0002_vid_0002,gp_5006,val,track_too_short
gp_set_0002,gp_set_0002_vid_0002,gp_5007,val,crossing_point_not_in_track
gp_set_0002,gp_set_0002_vid_0002,gp_5008,val,track_too_short
gp_set_0002,gp_set_0002_vid_0002,gp_5009,val,track_too_short
gp_set_0002,gp_set_0002_vid_0002,gp_5010,val,track_too_short
gp_set_0002,gp_set_0002_vid_0002,gp_5016,val,track_too_short
gp_set_0002,gp_set_0002_vid_0002,gp_5017,val,track_too_short
gp_set_0002,gp_set_0002_vid_0002,gp_5018,val,crossing_point_not_in_track
gp_set_0002,gp_set_0002_vid_0002,gp_5019,val,track_too_short
gp_set_0002,gp_set_0002_vid_0002,gp_5020,val,crossing_point_not_in_track
gp_set_0002,gp_set_0002_vid_0002,gp_5021,val,crossing_point_not_in_track
gp_set_0002,gp_set_0002_vid_0002,gp_5026,val,track_too_short
gp_set_0002,gp_set_0002_vid_0002,gp_5061,val,track_too_short
gp_set_0002,gp_set_0002_vid_0002,gp_5290,val,track_too_short
gp_set_0002,gp_set_0002_vid_0002,gp_5295,val,track_too_short
gp_set_0002,gp_set_0002_vid_0002,gp_5298,val,track_too_short
gp_set_0002,gp_set_0002_vid_0002,gp_5305,val,track_too_short
gp_set_0002,gp_set_0002_vid_0002,gp_5313,val,track_too_short
gp_set_0002,gp_set_0002_vid_0002,gp_5314,val,track_too_short
gp_set_0002,gp_set_0002_vid_0002,gp_5325,val,track_too_short
gp_set_0002,gp_set_0002_vid_0002,gp_5327,val,track_too_short
gp_set_0002,gp_set_0002_vid_0002,gp_5330,val,track_too_short
gp_set_0002,gp_set_0002_vid_0002,gp_5331,val,track_too_short
gp_set_0002,gp_set_0002_vid_0002,gp_5332,val,track_too_short
gp_set_0002,gp_set_0002_vid_0002,gp_5335,val,track_too_short
gp_set_0002,gp_set_0002_vid_0002,gp_5337,val,track_too_short
gp_set_0002,gp_set_0002_vid_0002,gp_5358,val,track_too_short
gp_set_0002,gp_set_0002_vid_0002,gp_5362,val,track_too_short
gp_set_0002,gp_set_0002_vid_0002,gp_5364,val,track_too_short
gp_set_0002,gp_set_0002_vid_0002,gp_5367,val,track_too_short
gp_set_0002,gp_set_0002_vid_0002,gp_5369,val,track_too_short
gp_set_0002,gp_set_0002_vid_0002,gp_5377,val,track_too_short
gp_set_0002,gp_set_0002_vid_0002,gp_5382,val,track_too_short
gp_set_0002,gp_set_0002_vid_0002,gp_5384,val,track_too_short
gp_set_0002,gp_set_0002_vid_0002,gp_5386,val,track_too_short
gp_set_0002,gp_set_0002_vid_0002,gp_5406,val,crossing_point_not_in_track
gp_set_0002,gp_set_0002_vid_0002,gp_5408,val,track_too_short
gp_set_0002,gp_set_0002_vid_0002,gp_5409,val,no_POI_attributes
gp_set_0002,gp_set_0002_vid_0002,gp_5410,val,track_too_short
gp_set_0002,gp_set_0002_vid_0002,gp_5411,val,crossing_point_not_in_track
gp_set_0002,gp_set_0002_vid_0002,gp_5412,val,track_too_short
gp_set_0002,gp_set_0002_vid_0002,gp_5413,val,crossing_point_not_in_track
gp_set_0002,gp_set_0002_vid_0002,gp_5414,val,track_too_short
gp_set_0002,gp_set_0002_vid_0002,gp_5416,val,track_too_short
gp_set_0002,gp_set_0002_vid_0002,gp_5418,val,track_too_short
gp_set_0002,gp_set_0002_vid_0002,gp_5419,val,track_too_short
gp_set_0002,gp_set_0002_vid_0002,gp_5420,val,track_too_short
gp_set_0002,gp_set_0002_vid_0002,gp_5422,val,track_too_short
gp_set_0002,gp_set_0002_vid_0002,gp_5423,val,track_too_short
gp_set_0002,gp_set_0002_vid_0002,gp_5424,val,crossing_point_not_in_track
gp_set_0002,gp_set_0002_vid_0002,gp_5425,val,track_too_short
gp_set_0002,gp_set_0002_vid_0002,gp_5427,val,track_too_short
gp_set_0002,gp_set_0002_vid_0002,gp_5428,val,track_too_short
gp_set_0002,gp_set_0002_vid_0002,gp_5429,val,track_too_short
gp_set_0002,gp_set_0002_vid_0002,gp_5430,val,track_too_short
gp_set_0002,gp_set_0002_vid_0002,gp_5432,val,track_too_short
gp_set_0002,gp_set_0002_vid_0002,gp_5433,val,track_too_short
gp_set_0002,gp_set_0002_vid_0002,gp_5434,val,track_too_short
gp_set_0002,gp_set_0002_vid_0002,gp_6751,val,track_too_short
gp_set_0002,gp_set_0002_vid_0004,gp_4108,val,track_too_short
gp_set_0002,gp_set_0002_vid_0004,gp_4112,val,track_too_short
gp_set_0002,gp_set_0002_vid_0004,gp_4113,val,track_too_short
gp_set_0002,gp_set_0002_vid_0004,gp_4114,val,track_too_short
gp_set_0002,gp_set_0002_vid_0004,gp_4115,val,track_too_short
gp_set_0002,gp_set_0002_vid_0004,gp_4116,val,track_too_short
gp_set_0002,gp_set_0002_vid_0004,gp_4117,val,track_too_short
gp_set_0002,gp_set_0002_vid_0004,gp_4118,val,track_too_short
gp_set_0002,gp_set_0002_vid_0004,gp_4119,val,track_too_short
gp_set_0002,gp_set_0002_vid_0004,gp_4120,val,track_too_short
gp_set_0002,gp_set_0002_vid_0004,gp_4125,val,track_too_short
gp_set_0002,gp_set_0002_vid_0004,gp_4127,val,track_too_short
gp_set_0002,gp_set_0002_vid_0004,gp_4130,val,track_too_short
gp_set_0002,gp_set_0002_vid_0004,gp_4148,val,track_too_short
gp_set_0002,gp_set_0002_vid_0004,gp_4167,val,track_too_short
gp_set_0002,gp_set_0002_vid_0004,gp_4168,val,track_too_short
gp_set_0002,gp_set_0002_vid_0004,gp_4171,val,track_too_short
gp_set_0002,gp_set_0002_vid_0004,gp_4175,val,track_too_short
gp_set_0002,gp_set_0002_vid_0004,gp_4177,val,track_too_short
gp_set_0002,gp_set_0002_vid_0004,gp_4179,val,track_too_short
gp_set_0002,gp_set_0002_vid_0004,gp_4180,val,track_too_short
gp_set_0002,gp_set_0002_vid_0004,gp_4181,val,track_too_short
gp_set_0002,gp_set_0002_vid_0004,gp_4206,val,track_too_short
gp_set_0002,gp_set_0002_vid_0004,gp_4207,val,track_too_short
gp_set_0002,gp_set_0002_vid_0004,gp_4210,val,track_too_short
gp_set_0002,gp_set_0002_vid_0004,gp_4212,val,track_too_short
gp_set_0002,gp_set_0002_vid_0005,gp_3742,val,track_too_short
gp_set_0002,gp_set_0002_vid_0005,gp_3744,val,track_too_short
gp_set_0002,gp_set_0002_vid_0005,gp_3745,val,track_too_short
gp_set_0002,gp_set_0002_vid_0005,gp_3750,val,track_too_short
gp_set_0002,gp_set_0002_vid_0005,gp_3752,val,track_too_short
gp_set_0002,gp_set_0002_vid_0005,gp_3753,val,track_too_short
gp_set_0002,gp_set_0002_vid_0005,gp_3759,val,track_too_short
gp_set_0002,gp_set_0002_vid_0005,gp_3760,val,track_too_short
gp_set_0002,gp_set_0002_vid_0005,gp_3764,val,track_too_short
gp_set_0002,gp_set_0002_vid_0005,gp_3765,val,track_too_short
gp_set_0002,gp_set_0002_vid_0005,gp_3776,val,track_too_short
gp_set_0002,gp_set_0002_vid_0005,gp_3777,val,track_too_short
gp_set_0002,gp_set_0002_vid_0005,gp_3778,val,track_too_short
gp_set_0002,gp_set_0002_vid_0005,gp_3791,val,crossing_point_not_in_track
gp_set_0003,gp_set_0003_vid_0001,gp_3252,test,track_too_short
gp_set_0003,gp_set_0003_vid_0001,gp_3260,test,track_too_short
gp_set_0003,gp_set_0003_vid_0001,gp_3264,test,track_too_short
gp_set_0003,gp_set_0003_vid_0001,gp_3266,test,track_too_short
gp_set_0003,gp_set_0003_vid_0001,gp_3267,test,track_too_short
gp_set_0003,gp_set_0003_vid_0001,gp_3273,test,track_too_short
gp_set_0003,gp_set_0003_vid_0001,gp_3277,test,track_too_short
gp_set_0003,gp_set_0003_vid_0001,gp_3289,test,track_too_short
gp_set_0003,gp_set_0003_vid_0001,gp_3294,test,track_too_short
gp_set_0003,gp_set_0003_vid_0001,gp_3296,test,track_too_short
gp_set_0003,gp_set_0003_vid_0001,gp_3299,test,track_too_short
gp_set_0003,gp_set_0003_vid_0001,gp_3302,test,track_too_short
gp_set_0003,gp_set_0003_vid_0001,gp_3304,test,track_too_short
gp_set_0003,gp_set_0003_vid_0001,gp_3307,test,track_too_short
gp_set_0003,gp_set_0003_vid_0001,gp_3334,test,track_too_short
gp_set_0003,gp_set_0003_vid_0001,gp_3339,test,track_too_short
gp_set_0003,gp_set_0003_vid_0001,gp_3341,test,track_too_short
gp_set_0003,gp_set_0003_vid_0001,gp_3343,test,track_too_short
gp_set_0003,gp_set_0003_vid_0001,gp_3344,test,track_too_short
gp_set_0003,gp_set_0003_vid_0001,gp_3352,test,track_too_short
gp_set_0003,gp_set_0003_vid_0001,gp_3356,test,track_too_short
gp_set_0003,gp_set_0003_vid_0001,gp_3362,test,track_too_short
gp_set_0003,gp_set_0003_vid_0001,gp_3367,test,track_too_short
gp_set_0003,gp_set_0003_vid_0001,gp_3368,test,track_too_short
gp_set_0003,gp_set_0003_vid_0001,gp_3369,test,track_too_short
gp_set_0003,gp_set_0003_vid_0001,gp_3372,test,track_too_short
gp_set_0003,gp_set_0003_vid_0001,gp_3373,test,track_too_short
gp_set_0003,gp_set_0003_vid_0001,gp_3374,test,track_too_short
gp_set_0003,gp_set_0003_vid_0001,gp_3381,test,track_too_short
gp_set_0003,gp_set_0003_vid_0001,gp_3384,test,track_too_short
gp_set_0003,gp_set_0003_vid_0001,gp_3389,test,track_too_short
gp_set_0003,gp_set_0003_vid_0001,gp_3392,test,track_too_short
gp_set_0003,gp_set_0003_vid_0001,gp_3399,test,track_too_short
gp_set_0003,gp_set_0003_vid_0001,gp_3401,test,track_too_short
gp_set_0003,gp_set_0003_vid_0001,gp_3403,test,track_too_short
gp_set_0003,gp_set_0003_vid_0001,gp_3411,test,track_too_short
gp_set_0003,gp_set_0003_vid_0001,gp_3415,test,track_too_short
gp_set_0003,gp_set_0003_vid_0001,gp_3423,test,track_too_short
gp_set_0003,gp_set_0003_vid_0001,gp_3427,test,track_too_short
gp_set_0003,gp_set_0003_vid_0001,gp_3428,test,track_too_short
gp_set_0003,gp_set_0003_vid_0001,gp_3445,test,track_too_short
gp_set_0003,gp_set_0003_vid_0001,gp_3449,test,track_too_short
gp_set_0003,gp_set_0003_vid_0001,gp_3452,test,track_too_short
gp_set_0003,gp_set_0003_vid_0001,gp_3453,test,track_too_short
gp_set_0003,gp_set_0003_vid_0001,gp_3454,test,track_too_short
gp_set_0003,gp_set_0003_vid_0001,gp_3459,test,track_too_short
gp_set_0003,gp_set_0003_vid_0001,gp_3463,test,track_too_short
gp_set_0003,gp_set_0003_vid_0001,gp_3464,test,track_too_short
gp_set_0003,gp_set_0003_vid_0001,gp_3465,test,track_too_short
gp_set_0003,gp_set_0003_vid_0001,gp_3468,test,crossing_point_not_in_track
gp_set_0003,gp_set_0003_vid_0001,gp_3478,test,track_too_short
gp_set_0003,gp_set_0003_vid_0001,gp_3481,test,track_too_short
gp_set_0003,gp_set_0003_vid_0001,gp_3482,test,track_too_short
gp_set_0003,gp_set_0003_vid_0001,gp_3484,test,track_too_short
gp_set_0003,gp_set_0003_vid_0001,gp_3486,test,track_too_short
gp_set_0003,gp_set_0003_vid_0001,gp_3487,test,track_too_short
gp_set_0003,gp_set_0003_vid_0001,gp_3488,test,track_too_short
gp_set_0003,gp_set_0003_vid_0001,gp_3489,test,track_too_short
gp_set_0003,gp_set_0003_vid_0001,gp_3490,test,track_too_short
gp_set_0003,gp_set_0003_vid_0001,gp_3492,test,track_too_short
gp_set_0003,gp_set_0003_vid_0002,gp_1731,test,track_too_short
gp_set_0003,gp_set_0003_vid_0002,gp_1732,test,track_too_short
gp_set_0003,gp_set_0003_vid_0002,gp_1733,test,track_too_short
gp_set_0003,gp_set_0003_vid_0002,gp_1737,test,track_too_short
gp_set_0003,gp_set_0003_vid_0002,gp_1740,test,track_too_short
gp_set_0003,gp_set_0003_vid_0002,gp_1744,test,track_too_short
gp_set_0003,gp_set_0003_vid_0002,gp_1745,test,track_too_short
gp_set_0003,gp_set_0003_vid_0002,gp_1747,test,track_too_short
gp_set_0003,gp_set_0003_vid_0002,gp_1749,test,track_too_short
gp_set_0003,gp_set_0003_vid_0002,gp_1752,test,track_too_short
gp_set_0003,gp_set_0003_vid_0002,gp_1755,test,track_too_short
gp_set_0003,gp_set_0003_vid_0002,gp_1756,test,track_too_short
gp_set_0003,gp_set_0003_vid_0002,gp_1757,test,track_too_short
gp_set_0003,gp_set_0003_vid_0002,gp_1759,test,track_too_short
gp_set_0003,gp_set_0003_vid_0002,gp_1760,test,track_too_short
gp_set_0003,gp_set_0003_vid_0002,gp_1762,test,track_too_short
gp_set_0003,gp_set_0003_vid_0002,gp_1765,test,track_too_short
gp_set_0003,gp_set_0003_vid_0002,gp_1767,test,track_too_short
gp_set_0003,gp_set_0003_vid_0002,gp_1768,test,track_too_short
gp_set_0003,gp_set_0003_vid_0002,gp_1771,test,track_too_short
gp_set_0003,gp_set_0003_vid_0002,gp_1772,test,track_too_short
gp_set_0003,gp_set_0003_vid_0002,gp_1773,test,track_too_short
gp_set_0003,gp_set_0003_vid_0002,gp_1774,test,track_too_short
gp_set_0003,gp_set_0003_vid_0002,gp_1775,test,track_too_short
gp_set_0003,gp_set_0003_vid_0002,gp_1778,test,track_too_short
gp_set_0003,gp_set_0003_vid_0002,gp_1786,test,track_too_short
gp_set_0003,gp_set_0003_vid_0002,gp_1788,test,track_too_short
gp_set_0003,gp_set_0003_vid_0002,gp_1790,test,track_too_short
gp_set_0003,gp_set_0003_vid_0002,gp_1791,test,track_too_short
gp_set_0003,gp_set_0003_vid_0002,gp_1793,test,track_too_short
gp_set_0003,gp_set_0003_vid_0002,gp_1795,test,track_too_short
gp_set_0003,gp_set_0003_vid_0002,gp_1796,test,track_too_short
gp_set_0003,gp_set_0003_vid_0002,gp_1798,test,track_too_short
gp_set_0003,gp_set_0003_vid_0002,gp_1807,test,track_too_short
gp_set_0003,gp_set_0003_vid_0002,gp_1810,test,track_too_short
gp_set_0003,gp_set_0003_vid_0002,gp_1813,test,track_too_short
gp_set_0003,gp_set_0003_vid_0002,gp_1822,test,track_too_short
gp_set_0003,gp_set_0003_vid_0002,gp_1825,test,track_too_short
gp_set_0003,gp_set_0003_vid_0002,gp_1826,test,track_too_short
gp_set_0003,gp_set_0003_vid_0002,gp_1829,test,track_too_short
gp_set_0003,gp_set_0003_vid_0002,gp_1832,test,track_too_short
gp_set_0003,gp_set_0003_vid_0002,gp_1833,test,track_too_short
gp_set_0003,gp_set_0003_vid_0002,gp_1835,test,track_too_short
gp_set_0003,gp_set_0003_vid_0002,gp_1836,test,track_too_short
gp_set_0003,gp_set_0003_vid_0002,gp_1838,test,track_too_short
gp_set_0003,gp_set_0003_vid_0002,gp_1839,test,track_too_short
gp_set_0003,gp_set_0003_vid_0002,gp_1841,test,track_too_short
gp_set_0003,gp_set_0003_vid_0002,gp_1842,test,track_too_short
gp_set_0003,gp_set_0003_vid_0002,gp_1848,test,track_too_short
gp_set_0003,gp_set_0003_vid_0002,gp_1852,test,track_too_short
gp_set_0003,gp_set_0003_vid_0002,gp_1853,test,track_too_short
gp_set_0003,gp_set_0003_vid_0002,gp_1856,test,track_too_short
gp_set_0003,gp_set_0003_vid_0002,gp_1869,test,track_too_short
gp_set_0003,gp_set_0003_vid_0002,gp_1883,test,track_too_short
gp_set_0003,gp_set_0003_vid_0002,gp_1886,test,track_too_short
gp_set_0003,gp_set_0003_vid_0002,gp_1888,test,track_too_short
gp_set_0003,gp_set_0003_vid_0002,gp_1891,test,track_too_short
gp_set_0003,gp_set_0003_vid_0002,gp_1892,test,track_too_short
gp_set_0003,gp_set_0003_vid_0002,gp_1893,test,track_too_short
gp_set_0003,gp_set_0003_vid_0002,gp_1905,test,track_too_short
gp_set_0003,gp_set_0003_vid_0002,gp_1906,test,track_too_short
gp_set_0003,gp_set_0003_vid_0002,gp_1910,test,track_too_short
gp_set_0003,gp_set_0003_vid_0002,gp_1911,test,track_too_short
gp_set_0003,gp_set_0003_vid_0002,gp_1912,test,track_too_short
gp_set_0003,gp_set_0003_vid_0002,gp_1914,test,track_too_short
gp_set_0003,gp_set_0003_vid_0002,gp_1928,test,track_too_short
gp_set_0003,gp_set_0003_vid_0002,gp_1934,test,track_too_short
gp_set_0003,gp_set_0003_vid_0002,gp_1952,test,track_too_short
gp_set_0003,gp_set_0003_vid_0002,gp_1953,test,track_too_short
gp_set_0003,gp_set_0003_vid_0002,gp_1954,test,track_too_short
gp_set_0003,gp_set_0003_vid_0002,gp_1955,test,track_too_short
gp_set_0003,gp_set_0003_vid_0002,gp_1968,test,track_too_short
gp_set_0003,gp_set_0003_vid_0002,gp_1977,test,track_too_short
gp_set_0003,gp_set_0003_vid_0002,gp_1992,test,track_too_short
gp_set_0003,gp_set_0003_vid_0002,gp_1994,test,track_too_short
gp_set_0003,gp_set_0003_vid_0002,gp_1999,test,track_too_short
gp_set_0003,gp_set_0003_vid_0002,gp_2000,test,track_too_short
gp_set_0003,gp_set_0003_vid_0002,gp_2011,test,track_too_short
gp_set_0003,gp_set_0003_vid_0002,gp_2012,test,track_too_short
gp_set_0003,gp_set_0003_vid_0002,gp_2021,test,track_too_short
gp_set_0003,gp_set_0003_vid_0002,gp_2031,test,track_too_short
gp_set_0003,gp_set_0003_vid_0002,gp_2034,test,track_too_short
gp_set_0003,gp_set_0003_vid_0002,gp_2035,test,track_too_short
gp_set_0003,gp_set_0003_vid_0002,gp_2036,test,track_too_short
gp_set_0003,gp_set_0003_vid_0002,gp_2057,test,track_too_short
gp_set_0003,gp_set_0003_vid_0002,gp_2059,test,track_too_short
gp_set_0003,gp_set_0003_vid_0002,gp_2063,test,track_too_short
gp_set_0003,gp_set_0003_vid_0002,gp_2065,test,track_too_short
gp_set_0003,gp_set_0003_vid_0002,gp_2069,test,track_too_short
gp_set_0003,gp_set_0003_vid_0002,gp_2072,test,crossing_point_not_in_track
gp_set_0003,gp_set_0003_vid_0002,gp_2075,test,track_too_short
gp_set_0003,gp_set_0003_vid_0002,gp_2085,test,track_too_short
gp_set_0003,gp_set_0003_vid_0002,gp_2093,test,track_too_short
gp_set_0003,gp_set_0003_vid_0002,gp_2094,test,track_too_short
gp_set_0003,gp_set_0003_vid_0002,gp_2097,test,track_too_short
gp_set_0003,gp_set_0003_vid_0002,gp_2099,test,track_too_short
gp_set_0003,gp_set_0003_vid_0002,gp_2106,test,track_too_short
gp_set_0003,gp_set_0003_vid_0002,gp_2110,test,track_too_short
gp_set_0003,gp_set_0003_vid_0002,gp_2112,test,track_too_short
gp_set_0003,gp_set_0003_vid_0002,gp_2116,test,track_too_short
gp_set_0003,gp_set_0003_vid_0002,gp_2118,test,track_too_short
gp_set_0003,gp_set_0003_vid_0002,gp_2126,test,track_too_short
gp_set_0003,gp_set_0003_vid_0002,gp_2127,test,track_too_short
gp_set_0003,gp_set_0003_vid_0002,gp_2132,test,track_too_short
gp_set_0003,gp_set_0003_vid_0002,gp_2135,test,track_too_short
gp_set_0003,gp_set_0003_vid_0002,gp_2136,test,track_too_short
gp_set_0003,gp_set_0003_vid_0002,gp_2138,test,track_too_short
gp_set_0003,gp_set_0003_vid_0002,gp_2144,test,track_too_short
gp_set_0003,gp_set_0003_vid_0002,gp_2162,test,track_too_short
gp_set_0003,gp_set_0003_vid_0002,gp_2166,test,track_too_short
gp_set_0003,gp_set_0003_vid_0002,gp_2176,test,track_too_short
gp_set_0003,gp_set_0003_vid_0002,gp_2181,test,track_too_short
gp_set_0003,gp_set_0003_vid_0002,gp_2184,test,track_too_short
gp_set_0003,gp_set_0003_vid_0002,gp_2188,test,track_too_short
gp_set_0003,gp_set_0003_vid_0002,gp_2191,test,track_too_short
gp_set_0003,gp_set_0003_vid_0002,gp_2209,test,track_too_short
gp_set_0003,gp_set_0003_vid_0002,gp_2213,test,track_too_short
gp_set_0003,gp_set_0003_vid_0002,gp_2216,test,track_too_short
gp_set_0003,gp_set_0003_vid_0002,gp_2218,test,track_too_short
gp_set_0003,gp_set_0003_vid_0002,gp_2223,test,track_too_short
gp_set_0003,gp_set_0003_vid_0002,gp_2224,test,track_too_short
gp_set_0003,gp_set_0003_vid_0002,gp_2225,test,track_too_short
gp_set_0003,gp_set_0003_vid_0002,gp_2227,test,track_too_short
gp_set_0003,gp_set_0003_vid_0002,gp_2228,test,track_too_short
gp_set_0003,gp_set_0003_vid_0002,gp_2230,test,track_too_short
gp_set_0003,gp_set_0003_vid_0002,gp_2234,test,track_too_short
gp_set_0003,gp_set_0003_vid_0002,gp_2236,test,track_too_short
gp_set_0003,gp_set_0003_vid_0002,gp_2241,test,track_too_short
gp_set_0003,gp_set_0003_vid_0002,gp_2243,test,track_too_short
gp_set_0003,gp_set_0003_vid_0002,gp_2244,test,track_too_short
gp_set_0003,gp_set_0003_vid_0002,gp_2246,test,track_too_short
gp_set_0003,gp_set_0003_vid_0002,gp_2250,test,track_too_short
gp_set_0003,gp_set_0003_vid_0002,gp_2253,test,track_too_short
gp_set_0003,gp_set_0003_vid_0002,gp_2254,test,track_too_short
gp_set_0003,gp_set_0003_vid_0002,gp_2256,test,track_too_short
gp_set_0003,gp_set_0003_vid_0002,gp_2258,test,track_too_short
gp_set_0003,gp_set_0003_vid_0002,gp_2277,test,track_too_short
gp_set_0003,gp_set_0003_vid_0002,gp_2295,test,track_too_short
gp_set_0003,gp_set_0003_vid_0002,gp_2300,test,track_too_short
gp_set_0003,gp_set_0003_vid_0002,gp_2313,test,track_too_short
gp_set_0003,gp_set_0003_vid_0002,gp_2314,test,track_too_short
gp_set_0003,gp_set_0003_vid_0002,gp_2315,test,track_too_short
gp_set_0003,gp_set_0003_vid_0002,gp_2322,test,track_too_short
gp_set_0003,gp_set_0003_vid_0002,gp_2326,test,track_too_short
gp_set_0003,gp_set_0003_vid_0002,gp_2328,test,track_too_short
gp_set_0003,gp_set_0003_vid_0002,gp_2334,test,track_too_short
gp_set_0003,gp_set_0003_vid_0002,gp_2335,test,track_too_short
gp_set_0003,gp_set_0003_vid_0002,gp_2336,test,track_too_short
gp_set_0003,gp_set_0003_vid_0002,gp_2337,test,track_too_short
gp_set_0003,gp_set_0003_vid_0002,gp_2352,test,track_too_short
gp_set_0003,gp_set_0003_vid_0002,gp_2353,test,track_too_short
gp_set_0003,gp_set_0003_vid_0002,gp_2354,test,track_too_short
gp_set_0003,gp_set_0003_vid_0002,gp_2358,test,track_too_short
gp_set_0003,gp_set_0003_vid_0002,gp_2359,test,track_too_short
gp_set_0003,gp_set_0003_vid_0002,gp_2361,test,track_too_short
gp_set_0003,gp_set_0003_vid_0002,gp_2362,test,track_too_short
gp_set_0003,gp_set_0003_vid_0002,gp_2364,test,track_too_short
gp_set_0003,gp_set_0003_vid_0002,gp_2366,test,track_too_short
gp_set_0003,gp_set_0003_vid_0002,gp_2367,test,track_too_short
gp_set_0003,gp_set_0003_vid_0002,gp_2370,test,track_too_short
gp_set_0003,gp_set_0003_vid_0002,gp_2372,test,track_too_short
gp_set_0003,gp_set_0003_vid_0002,gp_2374,test,track_too_short
gp_set_0003,gp_set_0003_vid_0002,gp_2376,test,track_too_short
gp_set_0003,gp_set_0003_vid_0002,gp_2380,test,track_too_short
gp_set_0003,gp_set_0003_vid_0002,gp_2386,test,track_too_short
gp_set_0003,gp_set_0003_vid_0002,gp_2396,test,track_too_short
gp_set_0003,gp_set_0003_vid_0002,gp_2397,test,track_too_short
gp_set_0003,gp_set_0003_vid_0002,gp_2406,test,track_too_short
gp_set_0003,gp_set_0003_vid_0002,gp_2422,test,track_too_short
gp_set_0003,gp_set_0003_vid_0002,gp_2429,test,track_too_short
gp_set_0003,gp_set_0003_vid_0002,gp_2432,test,track_too_short
gp_set_0003,gp_set_0003_vid_0002,gp_2441,test,track_too_short
gp_set_0003,gp_set_0003_vid_0002,gp_2464,test,track_too_short
gp_set_0003,gp_set_0003_vid_0002,gp_2466,test,track_too_short
gp_set_0003,gp_set_0003_vid_0002,gp_2467,test,track_too_short
gp_set_0003,gp_set_0003_vid_0002,gp_2470,test,track_too_short
gp_set_0003,gp_set_0003_vid_0002,gp_2471,test,track_too_short
gp_set_0003,gp_set_0003_vid_0002,gp_2483,test,track_too_short
gp_set_0003,gp_set_0003_vid_0002,gp_2490,test,track_too_short
gp_set_0003,gp_set_0003_vid_0002,gp_2492,test,track_too_short
gp_set_0003,gp_set_0003_vid_0002,gp_2509,test,track_too_short
gp_set_0003,gp_set_0003_vid_0002,gp_2511,test,track_too_short
gp_set_0003,gp_set_0003_vid_0002,gp_2512,test,track_too_short
gp_set_0003,gp_set_0003_vid_0002,gp_2513,test,track_too_short
gp_set_0003,gp_set_0003_vid_0002,gp_2514,test,track_too_short
gp_set_0003,gp_set_0003_vid_0002,gp_2517,test,track_too_short
gp_set_0003,gp_set_0003_vid_0002,gp_2519,test,track_too_short
gp_set_0003,gp_set_0003_vid_0002,gp_2528,test,track_too_short
gp_set_0003,gp_set_0003_vid_0002,gp_2535,test,track_too_short
gp_set_0003,gp_set_0003_vid_0002,gp_2536,test,track_too_short
gp_set_0003,gp_set_0003_vid_0002,gp_2539,test,track_too_short
gp_set_0003,gp_set_0003_vid_0002,gp_2552,test,track_too_short
gp_set_0003,gp_set_0003_vid_0002,gp_2555,test,track_too_short
gp_set_0003,gp_set_0003_vid_0002,gp_2556,test,track_too_short
gp_set_0003,gp_set_0003_vid_0002,gp_2557,test,track_too_short
gp_set_0003,gp_set_0003_vid_0002,gp_2559,test,track_too_short
gp_set_0003,gp_set_0003_vid_0002,gp_2560,test,track_too_short
gp_set_0003,gp_set_0003_vid_0002,gp_2561,test,track_too_short
gp_set_0003,gp_set_0003_vid_0002,gp_2564,test,track_too_short
gp_set_0003,gp_set_0003_vid_0002,gp_2565,test,track_too_short
gp_set_0003,gp_set_0003_vid_0002,gp_2566,test,track_too_short
gp_set_0003,gp_set_0003_vid_0002,gp_2567,test,track_too_short
gp_set_0003,gp_set_0003_vid_0002,gp_2572,test,track_too_short
gp_set_0003,gp_set_0003_vid_0002,gp_2573,test,track_too_short
gp_set_0003,gp_set_0003_vid_0002,gp_2574,test,track_too_short
gp_set_0003,gp_set_0003_vid_0002,gp_2577,test,track_too_short
gp_set_0003,gp_set_0003_vid_0002,gp_2578,test,track_too_short
gp_set_0003,gp_set_0003_vid_0002,gp_2579,test,track_too_short
gp_set_0003,gp_set_0003_vid_0002,gp_2581,test,track_too_short
gp_set_0003,gp_set_0003_vid_0002,gp_2588,test,track_too_short
gp_set_0003,gp_set_0003_vid_0002,gp_2591,test,track_too_short
gp_set_0003,gp_set_0003_vid_0002,gp_2599,test,track_too_short
gp_set_0003,gp_set_0003_vid_0002,gp_2603,test,track_too_short
gp_set_0003,gp_set_0003_vid_0002,gp_2604,test,track_too_short
gp_set_0003,gp_set_0003_vid_0002,gp_2613,test,track_too_short
gp_set_0003,gp_set_0003_vid_0002,gp_2617,test,track_too_short
gp_set_0003,gp_set_0003_vid_0002,gp_2621,test,track_too_short
gp_set_0003,gp_set_0003_vid_0002,gp_2632,test,track_too_short
gp_set_0003,gp_set_0003_vid_0002,gp_2641,test,track_too_short
gp_set_0003,gp_set_0003_vid_0002,gp_2642,test,track_too_short
gp_set_0003,gp_set_0003_vid_0002,gp_2655,test,track_too_short
gp_set_0003,gp_set_0003_vid_0002,gp_2665,test,track_too_short
gp_set_0003,gp_set_0003_vid_0002,gp_2675,test,track_too_short
gp_set_0003,gp_set_0003_vid_0002,gp_2677,test,track_too_short
gp_set_0003,gp_set_0003_vid_0002,gp_2685,test,track_too_short
gp_set_0003,gp_set_0003_vid_0002,gp_2697,test,track_too_short
gp_set_0003,gp_set_0003_vid_0002,gp_2699,test,track_too_short
gp_set_0003,gp_set_0003_vid_0002,gp_2701,test,track_too_short
gp_set_0003,gp_set_0003_vid_0002,gp_2702,test,track_too_short
gp_set_0003,gp_set_0003_vid_0002,gp_2705,test,track_too_short
gp_set_0003,gp_set_0003_vid_0002,gp_2706,test,track_too_short
gp_set_0003,gp_set_0003_vid_0002,gp_2716,test,track_too_short
gp_set_0003,gp_set_0003_vid_0002,gp_2720,test,track_too_short
gp_set_0003,gp_set_0003_vid_0002,gp_2721,test,track_too_short
gp_set_0003,gp_set_0003_vid_0002,gp_2722,test,track_too_short
gp_set_0003,gp_set_0003_vid_0002,gp_2724,test,track_too_short
gp_set_0003,gp_set_0003_vid_0002,gp_2726,test,track_too_short
gp_set_0003,gp_set_0003_vid_0002,gp_2728,test,track_too_short
gp_set_0003,gp_set_0003_vid_0002,gp_2733,test,track_too_short
gp_set_0003,gp_set_0003_vid_0002,gp_2738,test,track_too_short
gp_set_0003,gp_set_0003_vid_0002,gp_2753,test,track_too_short
gp_set_0003,gp_set_0003_vid_0002,gp_2756,test,crossing_point_not_in_track
gp_set_0003,gp_set_0003_vid_0002,gp_2758,test,track_too_short
gp_set_0003,gp_set_0003_vid_0002,gp_2760,test,track_too_short
gp_set_0003,gp_set_0003_vid_0002,gp_2761,test,track_too_short
gp_set_0003,gp_set_0003_vid_0002,gp_2766,test,track_too_short
gp_set_0003,gp_set_0003_vid_0002,gp_2768,test,track_too_short
gp_set_0003,gp_set_0003_vid_0002,gp_2773,test,track_too_short
gp_set_0003,gp_set_0003_vid_0002,gp_2776,test,track_too_short
gp_set_0003,gp_set_0003_vid_0002,gp_2779,test,track_too_short
gp_set_0003,gp_set_0003_vid_0002,gp_2780,test,track_too_short
gp_set_0003,gp_set_0003_vid_0002,gp_2782,test,track_too_short
gp_set_0003,gp_set_0003_vid_0002,gp_2784,test,track_too_short
gp_set_0003,gp_set_0003_vid_0002,gp_2797,test,track_too_short
gp_set_0003,gp_set_0003_vid_0002,gp_2802,test,track_too_short
gp_set_0003,gp_set_0003_vid_0002,gp_2804,test,track_too_short
gp_set_0003,gp_set_0003_vid_0002,gp_2807,test,track_too_short
gp_set_0003,gp_set_0003_vid_0002,gp_2814,test,track_too_short
gp_set_0003,gp_set_0003_vid_0002,gp_2817,test,track_too_short
gp_set_0003,gp_set_0003_vid_0002,gp_2820,test,track_too_short
gp_set_0003,gp_set_0003_vid_0002,gp_2822,test,track_too_short
gp_set_0003,gp_set_0003_vid_0002,gp_2823,test,track_too_short
gp_set_0003,gp_set_0003_vid_0002,gp_2827,test,track_too_short
gp_set_0003,gp_set_0003_vid_0002,gp_2828,test,track_too_short
gp_set_0003,gp_set_0003_vid_0003,gp_2922,test,track_too_short
gp_set_0003,gp_set_0003_vid_0003,gp_2942,test,track_too_short
gp_set_0003,gp_set_0003_vid_0003,gp_2945,test,track_too_short
gp_set_0003,gp_set_0003_vid_0003,gp_2994,test,track_too_short
gp_set_0003,gp_set_0003_vid_0003,gp_3009,test,track_too_short
gp_set_0003,gp_set_0003_vid_0003,gp_3013,test,track_too_short
gp_set_0003,gp_set_0003_vid_0003,gp_3030,test,track_too_short
gp_set_0003,gp_set_0003_vid_0003,gp_3046,test,track_too_short
gp_set_0003,gp_set_0003_vid_0003,gp_3051,test,track_too_short
gp_set_0003,gp_set_0003_vid_0003,gp_3062,test,track_too_short
gp_set_0003,gp_set_0003_vid_0003,gp_3064,test,track_too_short
gp_set_0003,gp_set_0003_vid_0003,gp_3066,test,track_too_short
gp_set_0003,gp_set_0003_vid_0003,gp_3068,test,track_too_short
gp_set_0003,gp_set_0003_vid_0003,gp_3072,test,track_too_short
gp_set_0003,gp_set_0003_vid_0003,gp_3075,test,track_too_short
gp_set_0003,gp_set_0003_vid_0003,gp_3078,test,track_too_short
gp_set_0003,gp_set_0003_vid_0003,gp_3080,test,track_too_short
gp_set_0003,gp_set_0003_vid_0003,gp_3083,test,track_too_short
gp_set_0003,gp_set_0003_vid_0003,gp_3084,test,track_too_short
gp_set_0003,gp_set_0003_vid_0003,gp_3088,test,track_too_short
gp_set_0003,gp_set_0003_vid_0003,gp_3092,test,track_too_short
gp_set_0003,gp_set_0003_vid_0003,gp_3097,test,track_too_short
gp_set_0003,gp_set_0003_vid_0003,gp_3098,test,track_too_short
gp_set_0003,gp_set_0003_vid_0003,gp_3100,test,track_too_short
gp_set_0003,gp_set_0003_vid_0003,gp_3101,test,track_too_short
gp_set_0003,gp_set_0003_vid_0003,gp_3103,test,track_too_short
gp_set_0003,gp_set_0003_vid_0003,gp_3104,test,track_too_short
gp_set_0003,gp_set_0003_vid_0003,gp_3118,test,track_too_short
gp_set_0003,gp_set_0003_vid_0003,gp_3121,test,track_too_short
gp_set_0003,gp_set_0003_vid_0003,gp_3122,test,track_too_short
gp_set_0003,gp_set_0003_vid_0003,gp_3123,test,track_too_short
gp_set_0003,gp_set_0003_vid_0003,gp_3124,test,track_too_short
gp_set_0003,gp_set_0003_vid_0003,gp_3130,test,track_too_short
gp_set_0003,gp_set_0003_vid_0003,gp_3133,test,track_too_short
gp_set_0003,gp_set_0003_vid_0003,gp_3136,test,track_too_short
gp_set_0003,gp_set_0003_vid_0003,gp_3138,test,track_too_short
gp_set_0003,gp_set_0003_vid_0003,gp_3139,test,track_too_short
gp_set_0003,gp_set_0003_vid_0003,gp_3143,test,track_too_short
gp_set_0003,gp_set_0003_vid_0003,gp_3147,test,track_too_short
gp_set_0003,gp_set_0003_vid_0003,gp_3152,test,track_too_short
gp_set_0003,gp_set_0003_vid_0003,gp_3154,test,track_too_short
gp_set_0003,gp_set_0003_vid_0003,gp_3161,test,track_too_short
gp_set_0003,gp_set_0003_vid_0003,gp_3169,test,track_too_short
gp_set_0003,gp_set_0003_vid_0003,gp_3171,test,track_too_short
gp_set_0003,gp_set_0003_vid_0003,gp_3173,test,track_too_short
gp_set_0003,gp_set_0003_vid_0003,gp_3176,test,track_too_short
gp_set_0003,gp_set_0003_vid_0003,gp_3177,test,track_too_short
gp_set_0003,gp_set_0003_vid_0003,gp_3178,test,track_too_short
gp_set_0003,gp_set_0003_vid_0003,gp_3181,test,track_too_short
gp_set_0003,gp_set_0003_vid_0003,gp_3183,test,track_too_short
gp_set_0003,gp_set_0003_vid_0003,gp_3184,test,track_too_short
gp_set_0003,gp_set_0003_vid_0003,gp_3187,test,track_too_short
gp_set_0003,gp_set_0003_vid_0003,gp_3189,test,track_too_short
gp_set_0003,gp_set_0003_vid_0003,gp_3191,test,track_too_short
gp_set_0003,gp_set_0003_vid_0003,gp_3192,test,track_too_short
gp_set_0003,gp_set_0003_vid_0003,gp_3194,test,track_too_short
gp_set_0003,gp_set_0003_vid_0003,gp_3201,test,track_too_short
gp_set_0003,gp_set_0003_vid_0003,gp_3208,test,track_too_short
gp_set_0003,gp_set_0003_vid_0003,gp_3213,test,track_too_short
gp_set_0003,gp_set_0003_vid_0003,gp_3215,test,track_too_short
gp_set_0003,gp_set_0003_vid_0003,gp_3218,test,track_too_short
gp_set_0003,gp_set_0003_vid_0003,gp_3219,test,track_too_short
gp_set_0003,gp_set_0003_vid_0003,gp_3220,test,track_too_short
gp_set_0003,gp_set_0003_vid_0003,gp_3230,test,track_too_short
gp_set_0003,gp_set_0003_vid_0003,gp_3232,test,track_too_short
gp_set_0003,gp_set_0003_vid_0003,gp_3235,test,track_too_short
gp_set_0003,gp_set_0003_vid_0003,gp_3237,test,track_too_short
gp_set_0003,gp_set_0003_vid_0003,gp_3281,test,track_too_short
gp_set_0003,gp_set_0003_vid_0004,gp_2653,test,track_too_short
gp_set_0003,gp_set_0003_vid_0004,gp_2657,test,track_too_short
gp_set_0003,gp_set_0003_vid_0004,gp_2674,test,track_too_short
gp_set_0003,gp_set_0003_vid_0004,gp_2676,test,track_too_short
gp_set_0003,gp_set_0003_vid_0004,gp_2678,test,track_too_short
gp_set_0003,gp_set_0003_vid_0004,gp_2680,test,track_too_short
gp_set_0003,gp_set_0003_vid_0004,gp_2683,test,track_too_short
gp_set_0003,gp_set_0003_vid_0004,gp_2695,test,track_too_short
gp_set_0003,gp_set_0003_vid_0004,gp_2696,test,track_too_short
gp_set_0003,gp_set_0003_vid_0004,gp_2707,test,track_too_short
gp_set_0003,gp_set_0003_vid_0004,gp_2714,test,track_too_short
gp_set_0003,gp_set_0003_vid_0004,gp_2715,test,track_too_short
gp_set_0003,gp_set_0003_vid_0004,gp_2731,test,track_too_short
gp_set_0003,gp_set_0003_vid_0004,gp_2734,test,track_too_short
gp_set_0003,gp_set_0003_vid_0004,gp_2745,test,track_too_short
gp_set_0003,gp_set_0003_vid_0004,gp_2748,test,track_too_short
gp_set_0003,gp_set_0003_vid_0004,gp_2794,test,track_too_short
gp_set_0003,gp_set_0003_vid_0004,gp_2796,test,track_too_short
gp_set_0003,gp_set_0003_vid_0004,gp_2801,test,track_too_short
gp_set_0003,gp_set_0003_vid_0004,gp_2809,test,track_too_short
gp_set_0003,gp_set_0003_vid_0004,gp_2810,test,track_too_short
gp_set_0003,gp_set_0003_vid_0004,gp_2813,test,track_too_short
gp_set_0003,gp_set_0003_vid_0004,gp_2815,test,track_too_short
gp_set_0003,gp_set_0003_vid_0004,gp_2824,test,track_too_short
gp_set_0003,gp_set_0003_vid_0004,gp_2829,test,track_too_short
gp_set_0003,gp_set_0003_vid_0004,gp_2831,test,track_too_short
gp_set_0003,gp_set_0003_vid_0004,gp_2836,test,track_too_short
gp_set_0003,gp_set_0003_vid_0004,gp_2840,test,track_too_short
gp_set_0003,gp_set_0003_vid_0004,gp_2841,test,track_too_short
gp_set_0003,gp_set_0003_vid_0004,gp_2843,test,track_too_short
gp_set_0003,gp_set_0003_vid_0004,gp_2844,test,track_too_short
gp_set_0003,gp_set_0003_vid_0004,gp_2856,test,track_too_short
gp_set_0003,gp_set_0003_vid_0004,gp_2858,test,track_too_short
gp_set_0003,gp_set_0003_vid_0004,gp_2860,test,track_too_short
gp_set_0003,gp_set_0003_vid_0004,gp_2869,test,track_too_short
gp_set_0003,gp_set_0003_vid_0004,gp_2874,test,track_too_short
gp_set_0003,gp_set_0003_vid_0004,gp_2883,test,track_too_short
gp_set_0003,gp_set_0003_vid_0004,gp_2886,test,track_too_short
gp_set_0003,gp_set_0003_vid_0004,gp_2887,test,track_too_short
gp_set_0003,gp_set_0003_vid_0004,gp_2890,test,track_too_short
gp_set_0003,gp_set_0003_vid_0004,gp_2920,test,track_too_short
gp_set_0003,gp_set_0003_vid_0004,gp_2923,test,track_too_short
gp_set_0003,gp_set_0003_vid_0004,gp_2925,test,track_too_short
gp_set_0003,gp_set_0003_vid_0004,gp_2939,test,track_too_short
gp_set_0003,gp_set_0003_vid_0004,gp_2941,test,track_too_short
gp_set_0003,gp_set_0003_vid_0004,gp_2946,test,track_too_short
gp_set_0003,gp_set_0003_vid_0004,gp_2954,test,track_too_short
gp_set_0003,gp_set_0003_vid_0004,gp_2957,test,track_too_short
gp_set_0003,gp_set_0003_vid_0004,gp_2979,test,track_too_short
gp_set_0003,gp_set_0003_vid_0004,gp_2985,test,track_too_short
gp_set_0003,gp_set_0003_vid_0004,gp_2988,test,track_too_short
gp_set_0003,gp_set_0003_vid_0004,gp_3008,test,track_too_short
gp_set_0003,gp_set_0003_vid_0004,gp_3010,test,track_too_short
gp_set_0003,gp_set_0003_vid_0004,gp_3014,test,track_too_short
gp_set_0003,gp_set_0003_vid_0004,gp_3015,test,track_too_short
gp_set_0003,gp_set_0003_vid_0004,gp_3017,test,track_too_short
gp_set_0003,gp_set_0003_vid_0004,gp_3023,test,track_too_short
gp_set_0003,gp_set_0003_vid_0004,gp_3031,test,track_too_short
gp_set_0003,gp_set_0003_vid_0004,gp_3034,test,track_too_short
gp_set_0003,gp_set_0003_vid_0004,gp_3037,test,track_too_short
gp_set_0003,gp_set_0003_vid_0004,gp_3042,test,track_too_short
gp_set_0003,gp_set_0003_vid_0004,gp_3052,test,track_too_short
gp_set_0003,gp_set_0003_vid_0004,gp_3056,test,track_too_short
gp_set_0003,gp_set_0003_vid_0004,gp_3058,test,track_too_short
gp_set_0003,gp_set_0003_vid_0004,gp_3069,test,track_too_short
gp_set_0003,gp_set_0003_vid_0004,gp_3074,test,track_too_short
gp_set_0003,gp_set_0003_vid_0004,gp_3077,test,track_too_short
gp_set_0003,gp_set_0003_vid_0004,gp_3082,test,track_too_short
gp_set_0003,gp_set_0003_vid_0004,gp_3095,test,track_too_short
gp_set_0003,gp_set_0003_vid_0004,gp_3102,test,track_too_short
gp_set_0003,gp_set_0003_vid_0004,gp_3119,test,track_too_short
gp_set_0003,gp_set_0003_vid_0004,gp_3132,test,track_too_short
gp_set_0003,gp_set_0003_vid_0004,gp_3134,test,track_too_short
gp_set_0003,gp_set_0003_vid_0004,gp_3137,test,track_too_short
gp_set_0003,gp_set_0003_vid_0004,gp_3141,test,track_too_short
gp_set_0003,gp_set_0003_vid_0004,gp_3143,test,track_too_short
gp_set_0003,gp_set_0003_vid_0004,gp_3144,test,track_too_short
gp_set_0003,gp_set_0003_vid_0004,gp_3146,test,track_too_short
gp_set_0003,gp_set_0003_vid_0004,gp_3148,test,track_too_short
gp_set_0003,gp_set_0003_vid_0004,gp_3151,test,track_too_short
gp_set_0003,gp_set_0003_vid_0004,gp_3153,test,track_too_short
gp_set_0003,gp_set_0003_vid_0004,gp_3155,test,track_too_short
gp_set_0003,gp_set_0003_vid_0004,gp_3166,test,track_too_short
gp_set_0003,gp_set_0003_vid_0004,gp_3167,test,track_too_short
gp_set_0003,gp_set_0003_vid_0004,gp_3172,test,track_too_short
gp_set_0003,gp_set_0003_vid_0004,gp_3180,test,track_too_short
gp_set_0003,gp_set_0003_vid_0004,gp_3190,test,track_too_short
gp_set_0003,gp_set_0003_vid_0004,gp_3193,test,track_too_short
gp_set_0003,gp_set_0003_vid_0004,gp_3196,test,track_too_short
gp_set_0003,gp_set_0003_vid_0004,gp_3206,test,track_too_short
gp_set_0003,gp_set_0003_vid_0004,gp_3207,test,track_too_short
gp_set_0003,gp_set_0003_vid_0004,gp_3211,test,track_too_short
gp_set_0003,gp_set_0003_vid_0004,gp_3213,test,track_too_short
gp_set_0003,gp_set_0003_vid_0004,gp_3223,test,track_too_short
gp_set_0003,gp_set_0003_vid_0004,gp_3225,test,track_too_short
gp_set_0003,gp_set_0003_vid_0004,gp_3228,test,track_too_short
gp_set_0003,gp_set_0003_vid_0004,gp_3236,test,track_too_short
gp_set_0003,gp_set_0003_vid_0004,gp_3242,test,track_too_short
gp_set_0003,gp_set_0003_vid_0004,gp_3250,test,track_too_short
gp_set_0003,gp_set_0003_vid_0004,gp_3253,test,track_too_short
gp_set_0003,gp_set_0003_vid_0004,gp_3255,test,track_too_short
gp_set_0003,gp_set_0003_vid_0004,gp_3259,test,track_too_short
gp_set_0003,gp_set_0003_vid_0004,gp_3261,test,track_too_short
gp_set_0003,gp_set_0003_vid_0004,gp_3265,test,track_too_short
gp_set_0003,gp_set_0003_vid_0004,gp_3295,test,track_too_short
gp_set_0003,gp_set_0003_vid_0004,gp_3298,test,track_too_short
gp_set_0003,gp_set_0003_vid_0004,gp_3312,test,track_too_short
gp_set_0003,gp_set_0003_vid_0004,gp_3314,test,track_too_short
gp_set_0003,gp_set_0003_vid_0004,gp_3317,test,track_too_short
gp_set_0003,gp_set_0003_vid_0004,gp_3324,test,track_too_short
gp_set_0003,gp_set_0003_vid_0004,gp_3332,test,track_too_short
gp_set_0003,gp_set_0003_vid_0004,gp_3333,test,track_too_short
gp_set_0003,gp_set_0003_vid_0004,gp_3357,test,track_too_short
gp_set_0003,gp_set_0003_vid_0004,gp_3360,test,track_too_short
gp_set_0003,gp_set_0003_vid_0004,gp_3366,test,track_too_short
gp_set_0003,gp_set_0003_vid_0004,gp_3371,test,track_too_short
gp_set_0003,gp_set_0003_vid_0004,gp_3394,test,track_too_short
gp_set_0003,gp_set_0003_vid_0004,gp_3397,test,track_too_short
gp_set_0003,gp_set_0003_vid_0004,gp_3404,test,track_too_short
gp_set_0003,gp_set_0003_vid_0004,gp_3408,test,track_too_short
gp_set_0003,gp_set_0003_vid_0004,gp_3410,test,track_too_short
gp_set_0003,gp_set_0003_vid_0004,gp_3433,test,track_too_short
gp_set_0003,gp_set_0003_vid_0004,gp_3434,test,track_too_short
gp_set_0003,gp_set_0003_vid_0004,gp_3437,test,track_too_short
gp_set_0003,gp_set_0003_vid_0004,gp_3439,test,track_too_short
gp_set_0003,gp_set_0003_vid_0004,gp_3443,test,track_too_short
gp_set_0003,gp_set_0003_vid_0004,gp_3444,test,track_too_short
gp_set_0003,gp_set_0003_vid_0004,gp_3446,test,track_too_short
gp_set_0003,gp_set_0003_vid_0004,gp_3448,test,track_too_short
gp_set_0003,gp_set_0003_vid_0004,gp_3457,test,track_too_short
gp_set_0003,gp_set_0003_vid_0004,gp_3458,test,track_too_short
gp_set_0003,gp_set_0003_vid_0004,gp_3469,test,track_too_short
gp_set_0003,gp_set_0003_vid_0004,gp_3471,test,track_too_short
gp_set_0003,gp_set_0003_vid_0004,gp_3477,test,track_too_short
gp_set_0003,gp_set_0003_vid_0004,gp_3479,test,track_too_short
gp_set_0003,gp_set_0003_vid_0004,gp_3485,test,track_too_short
gp_set_0003,gp_set_0003_vid_0004,gp_3491,test,track_too_short
gp_set_0003,gp_set_0003_vid_0004,gp_3499,test,track_too_short
gp_set_0003,gp_set_0003_vid_0004,gp_3513,test,track_too_short
gp_set_0003,gp_set_0003_vid_0004,gp_3516,test,crossing_point_not_in_track
gp_set_0003,gp_set_0003_vid_0004,gp_3523,test,track_too_short
gp_set_0003,gp_set_0003_vid_0004,gp_3524,test,track_too_short
gp_set_0003,gp_set_0003_vid_0004,gp_3526,test,track_too_short
gp_set_0003,gp_set_0003_vid_0004,gp_3528,test,track_too_short
gp_set_0003,gp_set_0003_vid_0004,gp_3529,test,track_too_short
gp_set_0003,gp_set_0003_vid_0004,gp_3539,test,track_too_short
gp_set_0003,gp_set_0003_vid_0004,gp_3575,test,track_too_short
gp_set_0003,gp_set_0003_vid_0004,gp_3576,test,track_too_short
gp_set_0003,gp_set_0003_vid_0004,gp_3589,test,crossing_point_not_in_track
gp_set_0003,gp_set_0003_vid_0004,gp_3598,test,track_too_short
gp_set_0003,gp_set_0003_vid_0004,gp_3614,test,track_too_short
gp_set_0003,gp_set_0003_vid_0004,gp_3617,test,track_too_short
gp_set_0003,gp_set_0003_vid_0004,gp_3621,test,track_too_short
gp_set_0003,gp_set_0003_vid_0005,gp_6940,test,track_too_short
gp_set_0003,gp_set_0003_vid_0005,gp_6970,test,no_POI_attributes
gp_set_0003,gp_set_0003_vid_0005,gp_6973,test,crossing_point_not_in_track
gp_set_0003,gp_set_0003_vid_0005,gp_6975,test,track_too_short
gp_set_0003,gp_set_0003_vid_0005,gp_6976,test,track_too_short
gp_set_0003,gp_set_0003_vid_0005,gp_6977,test,track_too_short
gp_set_0003,gp_set_0003_vid_0005,gp_6978,test,track_too_short
gp_set_0004,gp_set_0004_vid_0001,gp_3507,train,track_too_short
gp_set_0004,gp_set_0004_vid_0001,gp_3508,train,track_too_short
gp_set_0004,gp_set_0004_vid_0001,gp_3513,train,track_too_short
gp_set_0004,gp_set_0004_vid_0001,gp_3521,train,track_too_short
gp_set_0004,gp_set_0004_vid_0001,gp_3522,train,track_too_short
gp_set_0004,gp_set_0004_vid_0001,gp_3531,train,track_too_short
gp_set_0004,gp_set_0004_vid_0001,gp_3532,train,track_too_short
gp_set_0004,gp_set_0004_vid_0001,gp_3544,train,track_too_short
gp_set_0004,gp_set_0004_vid_0001,gp_3547,train,track_too_short
gp_set_0004,gp_set_0004_vid_0001,gp_3552,train,track_too_short
gp_set_0004,gp_set_0004_vid_0001,gp_3564,train,track_too_short
gp_set_0004,gp_set_0004_vid_0001,gp_3566,train,track_too_short
gp_set_0004,gp_set_0004_vid_0001,gp_3584,train,track_too_short
gp_set_0004,gp_set_0004_vid_0001,gp_3590,train,track_too_short
gp_set_0004,gp_set_0004_vid_0001,gp_3592,train,track_too_short
gp_set_0004,gp_set_0004_vid_0001,gp_3596,train,track_too_short
gp_set_0004,gp_set_0004_vid_0001,gp_3597,train,track_too_short
gp_set_0004,gp_set_0004_vid_0001,gp_3601,train,track_too_short
gp_set_0004,gp_set_0004_vid_0001,gp_3602,train,track_too_short
gp_set_0004,gp_set_0004_vid_0001,gp_3607,train,track_too_short
gp_set_0004,gp_set_0004_vid_0001,gp_3612,train,track_too_short
gp_set_0004,gp_set_0004_vid_0001,gp_3615,train,track_too_short
gp_set_0004,gp_set_0004_vid_0001,gp_3622,train,track_too_short
gp_set_0004,gp_set_0004_vid_0001,gp_3625,train,track_too_short
gp_set_0004,gp_set_0004_vid_0001,gp_3630,train,track_too_short
gp_set_0004,gp_set_0004_vid_0001,gp_3634,train,track_too_short
gp_set_0004,gp_set_0004_vid_0001,gp_3637,train,track_too_short
gp_set_0004,gp_set_0004_vid_0001,gp_3640,train,track_too_short
gp_set_0004,gp_set_0004_vid_0001,gp_3650,train,track_too_short
gp_set_0004,gp_set_0004_vid_0001,gp_3653,train,track_too_short
gp_set_0004,gp_set_0004_vid_0001,gp_3656,train,track_too_short
gp_set_0004,gp_set_0004_vid_0001,gp_3686,train,track_too_short
gp_set_0004,gp_set_0004_vid_0001,gp_3687,train,track_too_short
gp_set_0004,gp_set_0004_vid_0001,gp_3688,train,track_too_short
gp_set_0004,gp_set_0004_vid_0001,gp_3690,train,track_too_short
gp_set_0004,gp_set_0004_vid_0001,gp_3696,train,track_too_short
gp_set_0004,gp_set_0004_vid_0001,gp_3702,train,track_too_short
gp_set_0004,gp_set_0004_vid_0002,gp_3705,train,track_too_short
gp_set_0004,gp_set_0004_vid_0002,gp_3708,train,track_too_short
gp_set_0004,gp_set_0004_vid_0002,gp_3709,train,track_too_short
gp_set_0004,gp_set_0004_vid_0002,gp_3712,train,track_too_short
gp_set_0004,gp_set_0004_vid_0002,gp_3713,train,crossing_point_not_in_track
gp_set_0004,gp_set_0004_vid_0002,gp_3725,train,track_too_short
gp_set_0004,gp_set_0004_vid_0002,gp_3727,train,crossing_point_not_in_track
gp_set_0004,gp_set_0004_vid_0002,gp_3728,train,track_too_short
gp_set_0004,gp_set_0004_vid_0002,gp_3729,train,track_too_short
gp_set_0004,gp_set_0004_vid_0002,gp_3734,train,track_too_short
gp_set_0004,gp_set_0004_vid_0002,gp_3735,train,track_too_short
gp_set_0004,gp_set_0004_vid_0002,gp_3736,train,track_too_short
gp_set_0004,gp_set_0004_vid_0002,gp_3737,train,track_too_short
gp_set_0004,gp_set_0004_vid_0002,gp_3738,train,track_too_short
gp_set_0004,gp_set_0004_vid_0002,gp_3739,train,track_too_short
gp_set_0004,gp_set_0004_vid_0002,gp_3740,train,crossing_point_not_in_track
gp_set_0004,gp_set_0004_vid_0002,gp_3741,train,track_too_short
gp_set_0004,gp_set_0004_vid_0002,gp_3756,train,track_too_short
gp_set_0004,gp_set_0004_vid_0002,gp_3767,train,track_too_short
gp_set_0004,gp_set_0004_vid_0002,gp_3769,train,track_too_short
gp_set_0004,gp_set_0004_vid_0002,gp_3772,train,track_too_short
gp_set_0004,gp_set_0004_vid_0002,gp_3773,train,track_too_short
gp_set_0004,gp_set_0004_vid_0002,gp_3775,train,track_too_short
gp_set_0004,gp_set_0004_vid_0002,gp_3778,train,track_too_short
gp_set_0004,gp_set_0004_vid_0002,gp_3787,train,track_too_short
gp_set_0004,gp_set_0004_vid_0002,gp_3799,train,track_too_short
gp_set_0004,gp_set_0004_vid_0002,gp_3811,train,track_too_short
gp_set_0004,gp_set_0004_vid_0002,gp_3812,train,track_too_short
gp_set_0004,gp_set_0004_vid_0002,gp_3816,train,track_too_short
gp_set_0004,gp_set_0004_vid_0002,gp_3818,train,track_too_short
gp_set_0004,gp_set_0004_vid_0002,gp_3820,train,track_too_short
gp_set_0004,gp_set_0004_vid_0002,gp_3822,train,track_too_short
gp_set_0004,gp_set_0004_vid_0002,gp_3824,train,track_too_short
gp_set_0004,gp_set_0004_vid_0002,gp_3825,train,track_too_short
gp_set_0004,gp_set_0004_vid_0002,gp_3827,train,crossing_point_not_in_track
gp_set_0004,gp_set_0004_vid_0002,gp_3828,train,track_too_short
gp_set_0004,gp_set_0004_vid_0002,gp_3829,train,track_too_short
gp_set_0004,gp_set_0004_vid_0002,gp_3830,train,track_too_short
gp_set_0004,gp_set_0004_vid_0002,gp_3835,train,track_too_short
gp_set_0004,gp_set_0004_vid_0002,gp_3840,train,track_too_short
gp_set_0004,gp_set_0004_vid_0002,gp_3843,train,track_too_short
gp_set_0004,gp_set_0004_vid_0002,gp_3847,train,track_too_short
gp_set_0004,gp_set_0004_vid_0002,gp_3857,train,track_too_short
gp_set_0004,gp_set_0004_vid_0002,gp_3859,train,track_too_short
gp_set_0004,gp_set_0004_vid_0002,gp_3861,train,track_too_short
gp_set_0004,gp_set_0004_vid_0002,gp_3868,train,track_too_short
gp_set_0004,gp_set_0004_vid_0002,gp_3872,train,track_too_short
gp_set_0004,gp_set_0004_vid_0002,gp_3873,train,track_too_short
gp_set_0004,gp_set_0004_vid_0002,gp_3876,train,track_too_short
gp_set_0004,gp_set_0004_vid_0002,gp_3880,train,track_too_short
gp_set_0004,gp_set_0004_vid_0002,gp_3887,train,track_too_short
gp_set_0004,gp_set_0004_vid_0002,gp_3900,train,track_too_short
gp_set_0004,gp_set_0004_vid_0002,gp_3902,train,track_too_short
gp_set_0004,gp_set_0004_vid_0002,gp_3903,train,track_too_short
gp_set_0004,gp_set_0004_vid_0002,gp_3948,train,track_too_short
gp_set_0004,gp_set_0004_vid_0002,gp_3949,train,track_too_short
gp_set_0004,gp_set_0004_vid_0002,gp_3950,train,track_too_short
gp_set_0004,gp_set_0004_vid_0002,gp_3951,train,track_too_short
gp_set_0004,gp_set_0004_vid_0002,gp_3952,train,track_too_short
gp_set_0004,gp_set_0004_vid_0002,gp_3953,train,track_too_short
gp_set_0004,gp_set_0004_vid_0002,gp_3957,train,track_too_short
gp_set_0004,gp_set_0004_vid_0002,gp_3961,train,crossing_point_not_in_track
gp_set_0004,gp_set_0004_vid_0002,gp_3974,train,track_too_short
gp_set_0004,gp_set_0004_vid_0002,gp_3975,train,track_too_short
gp_set_0004,gp_set_0004_vid_0002,gp_3976,train,track_too_short
gp_set_0004,gp_set_0004_vid_0002,gp_3977,train,track_too_short
gp_set_0004,gp_set_0004_vid_0002,gp_3984,train,track_too_short
gp_set_0004,gp_set_0004_vid_0002,gp_3987,train,crossing_point_not_in_track
gp_set_0004,gp_set_0004_vid_0002,gp_3994,train,track_too_short
gp_set_0004,gp_set_0004_vid_0002,gp_3995,train,track_too_short
gp_set_0004,gp_set_0004_vid_0002,gp_4002,train,track_too_short
gp_set_0004,gp_set_0004_vid_0003,gp_2527,train,crossing_point_not_in_track
gp_set_0004,gp_set_0004_vid_0003,gp_2529,train,track_too_short
gp_set_0004,gp_set_0004_vid_0003,gp_2546,train,track_too_short
gp_set_0004,gp_set_0004_vid_0003,gp_2549,train,track_too_short
gp_set_0004,gp_set_0004_vid_0003,gp_2554,train,track_too_short
gp_set_0004,gp_set_0004_vid_0003,gp_2576,train,track_too_short
gp_set_0004,gp_set_0004_vid_0003,gp_2593,train,track_too_short
gp_set_0004,gp_set_0004_vid_0003,gp_2594,train,track_too_short
gp_set_0004,gp_set_0004_vid_0003,gp_2601,train,crossing_point_not_in_track
gp_set_0004,gp_set_0004_vid_0003,gp_2627,train,track_too_short
gp_set_0004,gp_set_0004_vid_0003,gp_2633,train,crossing_point_not_in_track
gp_set_0004,gp_set_0004_vid_0003,gp_2639,train,track_too_short
gp_set_0004,gp_set_0004_vid_0003,gp_2709,train,track_too_short
gp_set_0004,gp_set_0004_vid_0003,gp_2710,train,track_too_short
gp_set_0004,gp_set_0004_vid_0003,gp_2735,train,track_too_short
gp_set_0004,gp_set_0004_vid_0003,gp_2740,train,track_too_short
gp_set_0004,gp_set_0004_vid_0003,gp_2742,train,track_too_short
gp_set_0004,gp_set_0004_vid_0003,gp_2746,train,track_too_short
gp_set_0004,gp_set_0004_vid_0003,gp_2747,train,track_too_short
gp_set_0004,gp_set_0004_vid_0003,gp_2781,train,track_too_short
gp_set_0004,gp_set_0004_vid_0003,gp_2799,train,track_too_short
gp_set_0004,gp_set_0004_vid_0003,gp_2816,train,track_too_short
gp_set_0004,gp_set_0004_vid_0003,gp_2821,train,track_too_short
gp_set_0004,gp_set_0004_vid_0003,gp_2832,train,track_too_short
gp_set_0004,gp_set_0004_vid_0003,gp_2833,train,track_too_short
gp_set_0004,gp_set_0004_vid_0003,gp_2839,train,track_too_short
gp_set_0004,gp_set_0004_vid_0003,gp_2852,train,track_too_short
gp_set_0004,gp_set_0004_vid_0003,gp_2861,train,track_too_short
gp_set_0004,gp_set_0004_vid_0003,gp_2875,train,crossing_point_not_in_track
gp_set_0004,gp_set_0004_vid_0003,gp_2876,train,track_too_short
gp_set_0004,gp_set_0004_vid_0003,gp_2881,train,crossing_point_not_in_track
gp_set_0004,gp_set_0004_vid_0003,gp_2888,train,track_too_short
gp_set_0004,gp_set_0004_vid_0003,gp_2889,train,track_too_short
gp_set_0004,gp_set_0004_vid_0003,gp_2891,train,track_too_short
gp_set_0004,gp_set_0004_vid_0003,gp_2897,train,track_too_short
gp_set_0004,gp_set_0004_vid_0003,gp_2898,train,track_too_short
gp_set_0004,gp_set_0004_vid_0003,gp_2899,train,track_too_short
gp_set_0004,gp_set_0004_vid_0003,gp_2904,train,track_too_short
gp_set_0004,gp_set_0004_vid_0003,gp_2906,train,track_too_short
gp_set_0004,gp_set_0004_vid_0003,gp_2907,train,track_too_short
gp_set_0004,gp_set_0004_vid_0003,gp_2927,train,track_too_short
gp_set_0004,gp_set_0004_vid_0003,gp_2928,train,track_too_short
gp_set_0004,gp_set_0004_vid_0003,gp_2931,train,track_too_short
gp_set_0004,gp_set_0004_vid_0003,gp_2932,train,track_too_short
gp_set_0004,gp_set_0004_vid_0003,gp_2950,train,track_too_short
gp_set_0004,gp_set_0004_vid_0003,gp_2951,train,track_too_short
gp_set_0004,gp_set_0004_vid_0003,gp_2952,train,track_too_short
gp_set_0004,gp_set_0004_vid_0003,gp_2965,train,track_too_short
gp_set_0004,gp_set_0004_vid_0003,gp_2972,train,crossing_point_not_in_track
gp_set_0004,gp_set_0004_vid_0003,gp_2975,train,crossing_point_not_in_track
gp_set_0004,gp_set_0004_vid_0003,gp_3001,train,crossing_point_not_in_track
gp_set_0004,gp_set_0004_vid_0003,gp_3011,train,track_too_short
gp_set_0004,gp_set_0004_vid_0003,gp_3012,train,track_too_short
gp_set_0004,gp_set_0004_vid_0003,gp_3020,train,track_too_short
gp_set_0004,gp_set_0004_vid_0003,gp_3027,train,track_too_short
gp_set_0004,gp_set_0004_vid_0003,gp_3028,train,track_too_short
gp_set_0004,gp_set_0004_vid_0003,gp_3035,train,track_too_short
gp_set_0004,gp_set_0004_vid_0003,gp_3048,train,track_too_short
gp_set_0004,gp_set_0004_vid_0003,gp_3053,train,track_too_short
gp_set_0004,gp_set_0004_vid_0003,gp_3067,train,track_too_short
gp_set_0004,gp_set_0004_vid_0003,gp_3071,train,track_too_short
gp_set_0004,gp_set_0004_vid_0003,gp_3076,train,track_too_short
gp_set_0004,gp_set_0004_vid_0003,gp_3079,train,track_too_short
gp_set_0004,gp_set_0004_vid_0003,gp_3089,train,track_too_short
gp_set_0004,gp_set_0004_vid_0003,gp_3090,train,track_too_short
gp_set_0004,gp_set_0004_vid_0003,gp_3101,train,track_too_short
gp_set_0004,gp_set_0004_vid_0003,gp_3111,train,track_too_short
gp_set_0004,gp_set_0004_vid_0003,gp_3114,train,track_too_short
gp_set_0004,gp_set_0004_vid_0003,gp_3115,train,track_too_short
gp_set_0004,gp_set_0004_vid_0003,gp_3120,train,track_too_short
gp_set_0004,gp_set_0004_vid_0003,gp_3126,train,track_too_short
gp_set_0004,gp_set_0004_vid_0003,gp_3127,train,track_too_short
gp_set_0004,gp_set_0004_vid_0003,gp_3135,train,track_too_short
gp_set_0004,gp_set_0004_vid_0003,gp_3145,train,track_too_short
gp_set_0004,gp_set_0004_vid_0003,gp_3149,train,track_too_short
gp_set_0004,gp_set_0004_vid_0003,gp_3150,train,track_too_short
gp_set_0004,gp_set_0004_vid_0003,gp_3160,train,track_too_short
gp_set_0004,gp_set_0004_vid_0003,gp_3164,train,track_too_short
gp_set_0004,gp_set_0004_vid_0003,gp_3165,train,track_too_short
gp_set_0004,gp_set_0004_vid_0003,gp_3198,train,track_too_short
gp_set_0004,gp_set_0004_vid_0003,gp_3222,train,track_too_short
gp_set_0004,gp_set_0004_vid_0003,gp_3229,train,track_too_short
gp_set_0004,gp_set_0004_vid_0003,gp_3233,train,track_too_short
gp_set_0004,gp_set_0004_vid_0003,gp_3238,train,track_too_short
gp_set_0004,gp_set_0004_vid_0003,gp_3245,train,track_too_short
gp_set_0004,gp_set_0004_vid_0003,gp_3249,train,track_too_short
gp_set_0004,gp_set_0004_vid_0003,gp_3285,train,track_too_short
gp_set_0004,gp_set_0004_vid_0003,gp_3297,train,track_too_short
gp_set_0004,gp_set_0004_vid_0003,gp_3306,train,track_too_short
gp_set_0004,gp_set_0004_vid_0003,gp_3311,train,track_too_short
gp_set_0004,gp_set_0004_vid_0003,gp_3315,train,track_too_short
gp_set_0004,gp_set_0004_vid_0003,gp_3316,train,track_too_short
gp_set_0004,gp_set_0004_vid_0003,gp_3319,train,crossing_point_not_in_track
gp_set_0004,gp_set_0004_vid_0003,gp_3349,train,track_too_short
gp_set_0004,gp_set_0004_vid_0003,gp_3351,train,crossing_point_not_in_track
gp_set_0004,gp_set_0004_vid_0003,gp_3380,train,track_too_short
gp_set_0004,gp_set_0004_vid_0003,gp_3385,train,track_too_short
gp_set_0004,gp_set_0004_vid_0003,gp_3413,train,crossing_point_not_in_track
gp_set_0004,gp_set_0004_vid_0003,gp_3417,train,track_too_short
gp_set_0004,gp_set_0004_vid_0003,gp_3418,train,track_too_short
gp_set_0004,gp_set_0004_vid_0003,gp_3419,train,crossing_point_not_in_track
gp_set_0004,gp_set_0004_vid_0003,gp_3432,train,crossing_point_not_in_track
gp_set_0004,gp_set_0004_vid_0003,gp_3438,train,track_too_short
gp_set_0004,gp_set_0004_vid_0003,gp_3571,train,track_too_short
gp_set_0004,gp_set_0004_vid_0003,gp_3573,train,track_too_short
gp_set_0004,gp_set_0004_vid_0003,gp_3574,train,track_too_short
gp_set_0004,gp_set_0004_vid_0003,gp_3586,train,track_too_short
gp_set_0004,gp_set_0004_vid_0003,gp_3587,train,track_too_short
gp_set_0004,gp_set_0004_vid_0003,gp_3600,train,track_too_short
gp_set_0004,gp_set_0004_vid_0003,gp_3611,train,track_too_short
gp_set_0004,gp_set_0004_vid_0003,gp_3633,train,track_too_short
gp_set_0004,gp_set_0004_vid_0003,gp_3635,train,track_too_short
gp_set_0004,gp_set_0004_vid_0003,gp_3636,train,track_too_short
gp_set_0004,gp_set_0004_vid_0003,gp_3641,train,track_too_short
gp_set_0004,gp_set_0004_vid_0003,gp_3646,train,track_too_short
gp_set_0004,gp_set_0004_vid_0003,gp_3649,train,track_too_short
gp_set_0004,gp_set_0004_vid_0003,gp_3651,train,track_too_short
gp_set_0004,gp_set_0004_vid_0003,gp_3652,train,track_too_short
gp_set_0004,gp_set_0004_vid_0003,gp_3654,train,track_too_short
gp_set_0004,gp_set_0004_vid_0003,gp_3655,train,track_too_short
gp_set_0004,gp_set_0004_vid_0003,gp_3657,train,track_too_short
gp_set_0004,gp_set_0004_vid_0003,gp_3664,train,track_too_short
gp_set_0004,gp_set_0004_vid_0003,gp_3665,train,track_too_short
gp_set_0004,gp_set_0004_vid_0003,gp_3669,train,track_too_short
gp_set_0004,gp_set_0004_vid_0003,gp_3675,train,track_too_short
gp_set_0004,gp_set_0004_vid_0003,gp_3676,train,track_too_short
gp_set_0004,gp_set_0004_vid_0003,gp_3677,train,track_too_short
gp_set_0004,gp_set_0004_vid_0003,gp_3680,train,track_too_short
gp_set_0004,gp_set_0004_vid_0003,gp_3681,train,track_too_short
gp_set_0004,gp_set_0004_vid_0003,gp_3682,train,track_too_short
gp_set_0004,gp_set_0004_vid_0003,gp_3683,train,track_too_short
gp_set_0004,gp_set_0004_vid_0003,gp_3685,train,crossing_point_not_in_track
gp_set_0004,gp_set_0004_vid_0003,gp_3687,train,track_too_short
gp_set_0004,gp_set_0004_vid_0003,gp_4121,train,track_too_short
gp_set_0004,gp_set_0004_vid_0005,gp_,train,no_POI_attributes
gp_set_0004,gp_set_0004_vid_0005,gp_ 5614,train,no_POI_attributes
gp_set_0004,gp_set_0004_vid_0005,gp_ 5644,train,no_POI_attributes
gp_set_0004,gp_set_0004_vid_0005,gp_5550,train,track_too_short
gp_set_0004,gp_set_0004_vid_0005,gp_5552,train,no_POI_attributes
gp_set_0004,gp_set_0004_vid_0005,gp_5553,train,track_too_short
gp_set_0004,gp_set_0004_vid_0005,gp_5565,train,crossing_point_not_in_track
gp_set_0004,gp_set_0004_vid_0005,gp_5568,train,no_POI_attributes
gp_set_0004,gp_set_0004_vid_0005,gp_5569,train,crossing_point_not_in_track
gp_set_0004,gp_set_0004_vid_0005,gp_5571,train,track_too_short
gp_set_0004,gp_set_0004_vid_0005,gp_5572,train,crossing_point_not_in_track
gp_set_0004,gp_set_0004_vid_0005,gp_5575,train,track_too_short
gp_set_0004,gp_set_0004_vid_0005,gp_5578,train,track_too_short
gp_set_0004,gp_set_0004_vid_0005,gp_5584,train,track_too_short
gp_set_0004,gp_set_0004_vid_0005,gp_5585,train,track_too_short
gp_set_0004,gp_set_0004_vid_0005,gp_5586,train,track_too_short
gp_set_0004,gp_set_0004_vid_0005,gp_5589,train,track_too_short
gp_set_0004,gp_set_0004_vid_0005,gp_5592,train,no_POI_attributes
gp_set_0004,gp_set_0004_vid_0005,gp_5598,train,track_too_short
gp_set_0004,gp_set_0004_vid_0005,gp_5599,train,track_too_short
gp_set_0004,gp_set_0004_vid_0005,gp_5601,train,track_too_short
gp_set_0004,gp_set_0004_vid_0005,gp_5608,train,track_too_short
gp_set_0004,gp_set_0004_vid_0005,gp_5612,train,track_too_short
gp_set_0004,gp_set_0004_vid_0005,gp_5619,train,no_POI_attributes
gp_set_0004,gp_set_0004_vid_0005,gp_5622,train,track_too_short
gp_set_0004,gp_set_0004_vid_0005,gp_5626,train,track_too_short
gp_set_0004,gp_set_0004_vid_0005,gp_5628,train,track_too_short
gp_set_0004,gp_set_0004_vid_0005,gp_5630,train,track_too_short
gp_set_0004,gp_set_0004_vid_0005,gp_5636,train,track_too_short
gp_set_0004,gp_set_0004_vid_0005,gp_5637,train,track_too_short
gp_set_0004,gp_set_0004_vid_0005,gp_5653,train,no_POI_attributes
gp_set_0004,gp_set_0004_vid_0005,gp_5660,train,track_too_short
gp_set_0004,gp_set_0004_vid_0005,gp_5661,train,track_too_short
gp_set_0004,gp_set_0004_vid_0005,gp_5668,train,track_too_short
gp_set_0004,gp_set_0004_vid_0005,gp_5670,train,crossing_point_not_in_track
gp_set_0004,gp_set_0004_vid_0005,gp_5696,train,track_too_short
gp_set_0004,gp_set_0004_vid_0005,gp_5702,train,track_too_short
gp_set_0004,gp_set_0004_vid_0005,gp_5704,train,track_too_short
gp_set_0004,gp_set_0004_vid_0005,gp_5706,train,track_too_short
gp_set_0004,gp_set_0004_vid_0005,gp_5707,train,track_too_short
gp_set_0004,gp_set_0004_vid_0005,gp_5712,train,track_too_short
gp_set_0004,gp_set_0004_vid_0005,gp_5713,train,track_too_short
gp_set_0004,gp_set_0004_vid_0005,gp_5714,train,track_too_short
gp_set_0004,gp_set_0004_vid_0005,gp_5715,train,track_too_short
gp_set_0004,gp_set_0004_vid_0005,gp_5716,train,track_too_short
gp_set_0004,gp_set_0004_vid_0005,gp_5718,train,track_too_short
gp_set_0004,gp_set_0004_vid_0005,gp_5724,train,track_too_short
gp_set_0004,gp_set_0004_vid_0005,gp_5726,train,track_too_short
gp_set_0004,gp_set_0004_vid_0005,gp_5728,train,no_POI_attributes
gp_set_0004,gp_set_0004_vid_0005,gp_5734,train,track_too_short
gp_set_0004,gp_set_0004_vid_0005,gp_5735,train,track_too_short
gp_set_0004,gp_set_0004_vid_0005,gp_5754,train,no_POI_attributes
gp_set_0004,gp_set_0004_vid_0005,gp_5782,train,crossing_point_not_in_track
gp_set_0004,gp_set_0004_vid_0005,gp_5784,train,no_POI_attributes
gp_set_0004,gp_set_0004_vid_0005,gp_5795,train,track_too_short
gp_set_0004,gp_set_0004_vid_0005,gp_5796,train,track_too_short
gp_set_0004,gp_set_0004_vid_0005,gp_5798,train,track_too_short
gp_set_0004,gp_set_0004_vid_0005,gp_5799,train,track_too_short
gp_set_0004,gp_set_0004_vid_0005,gp_5804,train,crossing_point_not_in_track
gp_set_0005,gp_set_0005_vid_0001,gp_1285,test,track_too_short
gp_set_0005,gp_set_0005_vid_0001,gp_1311,test,track_too_short
gp_set_0005,gp_set_0005_vid_0001,gp_1327,test,track_too_short
gp_set_0005,gp_set_0005_vid_0001,gp_1353,test,track_too_short
gp_set_0005,gp_set_0005_vid_0001,gp_1361,test,track_too_short
gp_set_0005,gp_set_0005_vid_0001,gp_1379,test,track_too_short
gp_set_0005,gp_set_0005_vid_0001,gp_1387,test,track_too_short
gp_set_0005,gp_set_0005_vid_0001,gp_1394,test,track_too_short
gp_set_0005,gp_set_0005_vid_0001,gp_1397,test,track_too_short
gp_set_0005,gp_set_0005_vid_0001,gp_1401,test,track_too_short
gp_set_0005,gp_set_0005_vid_0001,gp_1403,test,track_too_short
gp_set_0005,gp_set_0005_vid_0001,gp_1415,test,track_too_short
gp_set_0005,gp_set_0005_vid_0001,gp_1457,test,track_too_short
gp_set_0005,gp_set_0005_vid_0001,gp_1459,test,track_too_short
gp_set_0005,gp_set_0005_vid_0001,gp_1461,test,track_too_short
gp_set_0005,gp_set_0005_vid_0001,gp_1467,test,track_too_short
gp_set_0005,gp_set_0005_vid_0001,gp_1469,test,track_too_short
gp_set_0005,gp_set_0005_vid_0001,gp_1470,test,track_too_short
gp_set_0005,gp_set_0005_vid_0001,gp_1471,test,track_too_short
gp_set_0005,gp_set_0005_vid_0001,gp_1479,test,track_too_short
gp_set_0005,gp_set_0005_vid_0001,gp_1480,test,track_too_short
gp_set_0005,gp_set_0005_vid_0001,gp_1481,test,track_too_short
gp_set_0005,gp_set_0005_vid_0001,gp_1494,test,track_too_short
gp_set_0005,gp_set_0005_vid_0001,gp_1495,test,track_too_short
gp_set_0005,gp_set_0005_vid_0001,gp_1499,test,track_too_short
gp_set_0005,gp_set_0005_vid_0001,gp_1502,test,track_too_short
gp_set_0005,gp_set_0005_vid_0001,gp_1505,test,track_too_short
gp_set_0005,gp_set_0005_vid_0001,gp_1514,test,track_too_short
gp_set_0005,gp_set_0005_vid_0001,gp_1517,test,track_too_short
gp_set_0005,gp_set_0005_vid_0001,gp_1520,test,track_too_short
gp_set_0005,gp_set_0005_vid_0001,gp_1540,test,track_too_short
gp_set_0005,gp_set_0005_vid_0001,gp_1545,test,track_too_short
gp_set_0005,gp_set_0005_vid_0001,gp_1548,test,track_too_short
gp_set_0005,gp_set_0005_vid_0001,gp_1552,test,track_too_short
gp_set_0005,gp_set_0005_vid_0001,gp_1556,test,track_too_short
gp_set_0005,gp_set_0005_vid_0001,gp_1558,test,track_too_short
gp_set_0005,gp_set_0005_vid_0001,gp_1559,test,track_too_short
gp_set_0005,gp_set_0005_vid_0001,gp_1560,test,track_too_short
gp_set_0005,gp_set_0005_vid_0001,gp_1563,test,track_too_short
gp_set_0005,gp_set_0005_vid_0001,gp_1564,test,track_too_short
gp_set_0005,gp_set_0005_vid_0001,gp_1572,test,track_too_short
gp_set_0005,gp_set_0005_vid_0001,gp_1573,test,track_too_short
gp_set_0005,gp_set_0005_vid_0001,gp_1575,test,track_too_short
gp_set_0005,gp_set_0005_vid_0001,gp_1576,test,track_too_short
gp_set_0005,gp_set_0005_vid_0001,gp_1580,test,track_too_short
gp_set_0005,gp_set_0005_vid_0001,gp_1582,test,track_too_short
gp_set_0005,gp_set_0005_vid_0001,gp_1584,test,track_too_short
gp_set_0005,gp_set_0005_vid_0001,gp_1589,test,track_too_short
gp_set_0005,gp_set_0005_vid_0001,gp_1592,test,track_too_short
gp_set_0005,gp_set_0005_vid_0001,gp_1596,test,track_too_short
gp_set_0005,gp_set_0005_vid_0001,gp_1598,test,track_too_short
gp_set_0005,gp_set_0005_vid_0001,gp_1601,test,track_too_short
gp_set_0005,gp_set_0005_vid_0001,gp_1619,test,track_too_short
gp_set_0005,gp_set_0005_vid_0001,gp_1621,test,track_too_short
gp_set_0005,gp_set_0005_vid_0001,gp_1624,test,track_too_short
gp_set_0005,gp_set_0005_vid_0001,gp_1630,test,track_too_short
gp_set_0005,gp_set_0005_vid_0001,gp_1632,test,track_too_short
gp_set_0005,gp_set_0005_vid_0001,gp_1634,test,track_too_short
gp_set_0005,gp_set_0005_vid_0001,gp_1635,test,track_too_short
gp_set_0005,gp_set_0005_vid_0001,gp_1640,test,track_too_short
gp_set_0005,gp_set_0005_vid_0001,gp_1642,test,track_too_short
gp_set_0005,gp_set_0005_vid_0001,gp_1643,test,track_too_short
gp_set_0005,gp_set_0005_vid_0001,gp_1649,test,track_too_short
gp_set_0005,gp_set_0005_vid_0001,gp_1650,test,track_too_short
gp_set_0005,gp_set_0005_vid_0001,gp_1652,test,track_too_short
gp_set_0005,gp_set_0005_vid_0001,gp_1656,test,crossing_point_not_in_track
gp_set_0005,gp_set_0005_vid_0001,gp_1659,test,track_too_short
gp_set_0005,gp_set_0005_vid_0001,gp_1661,test,track_too_short
gp_set_0005,gp_set_0005_vid_0001,gp_1663,test,track_too_short
gp_set_0005,gp_set_0005_vid_0001,gp_1665,test,track_too_short
gp_set_0005,gp_set_0005_vid_0001,gp_1666,test,track_too_short
gp_set_0005,gp_set_0005_vid_0001,gp_1668,test,track_too_short
gp_set_0005,gp_set_0005_vid_0001,gp_1670,test,track_too_short
gp_set_0005,gp_set_0005_vid_0001,gp_1672,test,track_too_short
gp_set_0005,gp_set_0005_vid_0001,gp_1680,test,track_too_short
gp_set_0005,gp_set_0005_vid_0001,gp_1682,test,track_too_short
gp_set_0005,gp_set_0005_vid_0001,gp_1683,test,track_too_short
gp_set_0005,gp_set_0005_vid_0001,gp_1685,test,track_too_short
gp_set_0005,gp_set_0005_vid_0001,gp_1686,test,track_too_short
gp_set_0005,gp_set_0005_vid_0001,gp_1690,test,track_too_short
gp_set_0005,gp_set_0005_vid_0001,gp_1693,test,track_too_short
gp_set_0005,gp_set_0005_vid_0001,gp_1695,test,track_too_short
gp_set_0005,gp_set_0005_vid_0001,gp_1696,test,track_too_short
gp_set_0005,gp_set_0005_vid_0001,gp_1700,test,track_too_short
gp_set_0005,gp_set_0005_vid_0001,gp_1701,test,track_too_short
gp_set_0005,gp_set_0005_vid_0001,gp_1702,test,track_too_short
gp_set_0005,gp_set_0005_vid_0001,gp_1704,test,track_too_short
gp_set_0005,gp_set_0005_vid_0001,gp_1705,test,track_too_short
gp_set_0005,gp_set_0005_vid_0001,gp_1707,test,track_too_short
gp_set_0005,gp_set_0005_vid_0001,gp_1711,test,crossing_point_not_in_track
gp_set_0005,gp_set_0005_vid_0001,gp_1715,test,track_too_short
gp_set_0005,gp_set_0005_vid_0001,gp_1717,test,track_too_short
gp_set_0005,gp_set_0005_vid_0001,gp_1718,test,track_too_short
gp_set_0005,gp_set_0005_vid_0001,gp_1722,test,track_too_short
gp_set_0005,gp_set_0005_vid_0001,gp_1723,test,track_too_short
gp_set_0005,gp_set_0005_vid_0001,gp_1726,test,track_too_short
gp_set_0005,gp_set_0005_vid_0002,gp_4166,test,track_too_short
gp_set_0005,gp_set_0005_vid_0002,gp_4170,test,track_too_short
gp_set_0005,gp_set_0005_vid_0002,gp_4172,test,track_too_short
gp_set_0005,gp_set_0005_vid_0002,gp_4182,test,track_too_short
gp_set_0005,gp_set_0005_vid_0002,gp_4183,test,track_too_short
gp_set_0005,gp_set_0005_vid_0002,gp_4184,test,track_too_short
gp_set_0005,gp_set_0005_vid_0002,gp_4185,test,track_too_short
gp_set_0005,gp_set_0005_vid_0002,gp_4186,test,track_too_short
gp_set_0005,gp_set_0005_vid_0002,gp_4199,test,track_too_short
gp_set_0005,gp_set_0005_vid_0002,gp_4202,test,track_too_short
gp_set_0005,gp_set_0005_vid_0002,gp_4208,test,track_too_short
gp_set_0005,gp_set_0005_vid_0002,gp_4213,test,track_too_short
gp_set_0005,gp_set_0005_vid_0002,gp_4214,test,track_too_short
gp_set_0005,gp_set_0005_vid_0002,gp_4215,test,track_too_short
gp_set_0005,gp_set_0005_vid_0002,gp_4216,test,track_too_short
gp_set_0005,gp_set_0005_vid_0002,gp_4218,test,track_too_short
gp_set_0005,gp_set_0005_vid_0002,gp_4219,test,track_too_short
gp_set_0005,gp_set_0005_vid_0002,gp_4220,test,track_too_short
gp_set_0005,gp_set_0005_vid_0002,gp_4227,test,track_too_short
gp_set_0005,gp_set_0005_vid_0003,gp_4007,test,track_too_short
gp_set_0005,gp_set_0005_vid_0003,gp_4012,test,track_too_short
gp_set_0005,gp_set_0005_vid_0003,gp_4013,test,track_too_short
gp_set_0005,gp_set_0005_vid_0003,gp_4018,test,track_too_short
gp_set_0005,gp_set_0005_vid_0003,gp_4019,test,track_too_short
gp_set_0005,gp_set_0005_vid_0003,gp_4022,test,track_too_short
gp_set_0005,gp_set_0005_vid_0003,gp_4023,test,track_too_short
gp_set_0005,gp_set_0005_vid_0003,gp_4025,test,track_too_short
gp_set_0005,gp_set_0005_vid_0003,gp_4026,test,track_too_short
gp_set_0005,gp_set_0005_vid_0003,gp_4027,test,track_too_short
gp_set_0005,gp_set_0005_vid_0003,gp_4028,test,track_too_short
gp_set_0005,gp_set_0005_vid_0003,gp_4029,test,track_too_short
gp_set_0005,gp_set_0005_vid_0003,gp_4030,test,track_too_short
gp_set_0005,gp_set_0005_vid_0003,gp_4031,test,track_too_short
gp_set_0005,gp_set_0005_vid_0003,gp_4032,test,track_too_short
gp_set_0005,gp_set_0005_vid_0003,gp_4033,test,track_too_short
gp_set_0005,gp_set_0005_vid_0003,gp_4034,test,track_too_short
gp_set_0005,gp_set_0005_vid_0003,gp_4035,test,track_too_short
gp_set_0005,gp_set_0005_vid_0003,gp_4036,test,track_too_short
gp_set_0005,gp_set_0005_vid_0003,gp_4037,test,track_too_short
gp_set_0005,gp_set_0005_vid_0003,gp_4038,test,track_too_short
gp_set_0005,gp_set_0005_vid_0003,gp_4041,test,track_too_short
gp_set_0005,gp_set_0005_vid_0003,gp_4042,test,track_too_short
gp_set_0005,gp_set_0005_vid_0003,gp_4044,test,track_too_short
gp_set_0005,gp_set_0005_vid_0003,gp_4045,test,track_too_short
gp_set_0005,gp_set_0005_vid_0003,gp_4046,test,track_too_short
gp_set_0005,gp_set_0005_vid_0003,gp_4047,test,crossing_point_not_in_track
gp_set_0005,gp_set_0005_vid_0003,gp_4049,test,track_too_short
gp_set_0005,gp_set_0005_vid_0003,gp_4050,test,track_too_short
gp_set_0005,gp_set_0005_vid_0003,gp_4052,test,track_too_short
gp_set_0005,gp_set_0005_vid_0003,gp_4054,test,track_too_short
gp_set_0005,gp_set_0005_vid_0003,gp_4067,test,track_too_short
gp_set_0005,gp_set_0005_vid_0003,gp_4068,test,track_too_short
gp_set_0005,gp_set_0005_vid_0003,gp_4069,test,track_too_short
gp_set_0005,gp_set_0005_vid_0003,gp_4070,test,track_too_short
gp_set_0005,gp_set_0005_vid_0003,gp_4072,test,track_too_short
gp_set_0005,gp_set_0005_vid_0003,gp_4073,test,track_too_short
gp_set_0005,gp_set_0005_vid_0003,gp_4074,test,track_too_short
gp_set_0005,gp_set_0005_vid_0003,gp_4075,test,track_too_short
gp_set_0005,gp_set_0005_vid_0003,gp_4077,test,track_too_short
gp_set_0005,gp_set_0005_vid_0003,gp_4082,test,track_too_short
gp_set_0005,gp_set_0005_vid_0003,gp_4083,test,track_too_short
gp_set_0005,gp_set_0005_vid_0003,gp_4084,test,track_too_short
gp_set_0005,gp_set_0005_vid_0003,gp_4122,test,track_too_short
gp_set_0005,gp_set_0005_vid_0003,gp_4123,test,track_too_short
gp_set_0005,gp_set_0005_vid_0003,gp_4124,test,track_too_short
gp_set_0005,gp_set_0005_vid_0005,gp-5886,test,no_POI_attributes
gp_set_0005,gp_set_0005_vid_0005,gp_5748,test,track_too_short
gp_set_0005,gp_set_0005_vid_0005,gp_5750,test,track_too_short
gp_set_0005,gp_set_0005_vid_0005,gp_5751,test,track_too_short
gp_set_0005,gp_set_0005_vid_0005,gp_5776,test,track_too_short
gp_set_0005,gp_set_0005_vid_0005,gp_5813,test,track_too_short
gp_set_0005,gp_set_0005_vid_0005,gp_5816,test,track_too_short
gp_set_0005,gp_set_0005_vid_0005,gp_5817,test,track_too_short
gp_set_0005,gp_set_0005_vid_0005,gp_5818,test,track_too_short
gp_set_0005,gp_set_0005_vid_0005,gp_5819,test,track_too_short
gp_set_0005,gp_set_0005_vid_0005,gp_5824,test,track_too_short
gp_set_0005,gp_set_0005_vid_0005,gp_5829,test,track_too_short
gp_set_0005,gp_set_0005_vid_0005,gp_5830,test,crossing_point_not_in_track
gp_set_0005,gp_set_0005_vid_0005,gp_5834,test,track_too_short
gp_set_0005,gp_set_0005_vid_0005,gp_5837,test,track_too_short
gp_set_0005,gp_set_0005_vid_0005,gp_5838,test,no_POI_attributes
gp_set_0005,gp_set_0005_vid_0005,gp_5839,test,track_too_short
gp_set_0005,gp_set_0005_vid_0005,gp_5844,test,track_too_short
gp_set_0005,gp_set_0005_vid_0005,gp_5846,test,track_too_short
gp_set_0005,gp_set_0005_vid_0005,gp_5848,test,track_too_short
gp_set_0005,gp_set_0005_vid_0005,gp_5849,test,track_too_short
gp_set_0005,gp_set_0005_vid_0005,gp_5851,test,track_too_short
gp_set_0005,gp_set_0005_vid_0005,gp_5852,test,track_too_short
gp_set_0005,gp_set_0005_vid_0005,gp_5877,test,track_too_short
gp_set_0005,gp_set_0005_vid_0005,gp_5878,test,track_too_short
gp_set_0005,gp_set_0005_vid_0005,gp_5879,test,track_too_short
gp_set_0006,gp_set_0006_vid_0001,gp_1639,val,track_too_short
gp_set_0006,gp_set_0006_vid_0001,gp_1641,val,track_too_short
gp_set_0006,gp_set_0006_vid_0001,gp_1644,val,track_too_short
gp_set_0006,gp_set_0006_vid_0001,gp_1653,val,track_too_short
gp_set_0006,gp_set_0006_vid_0001,gp_1654,val,track_too_short
gp_set_0006,gp_set_0006_vid_0001,gp_1658,val,track_too_short
gp_set_0006,gp_set_0006_vid_0001,gp_1660,val,track_too_short
gp_set_0006,gp_set_0006_vid_0001,gp_1662,val,track_too_short
gp_set_0006,gp_set_0006_vid_0001,gp_1664,val,track_too_short
gp_set_0006,gp_set_0006_vid_0001,gp_1676,val,track_too_short
gp_set_0006,gp_set_0006_vid_0001,gp_1691,val,track_too_short
gp_set_0006,gp_set_0006_vid_0001,gp_1699,val,track_too_short
gp_set_0006,gp_set_0006_vid_0001,gp_1708,val,track_too_short
gp_set_0006,gp_set_0006_vid_0001,gp_1714,val,track_too_short
gp_set_0006,gp_set_0006_vid_0001,gp_1716,val,track_too_short
gp_set_0006,gp_set_0006_vid_0001,gp_1719,val,track_too_short
gp_set_0006,gp_set_0006_vid_0001,gp_1727,val,track_too_short
gp_set_0006,gp_set_0006_vid_0001,gp_1738,val,track_too_short
gp_set_0006,gp_set_0006_vid_0001,gp_1742,val,track_too_short
gp_set_0006,gp_set_0006_vid_0001,gp_1746,val,track_too_short
gp_set_0006,gp_set_0006_vid_0001,gp_1748,val,track_too_short
gp_set_0006,gp_set_0006_vid_0001,gp_1751,val,track_too_short
gp_set_0006,gp_set_0006_vid_0001,gp_1758,val,track_too_short
gp_set_0006,gp_set_0006_vid_0001,gp_1779,val,track_too_short
gp_set_0006,gp_set_0006_vid_0001,gp_1780,val,track_too_short
gp_set_0006,gp_set_0006_vid_0001,gp_1785,val,track_too_short
gp_set_0006,gp_set_0006_vid_0001,gp_1794,val,track_too_short
gp_set_0006,gp_set_0006_vid_0001,gp_1799,val,track_too_short
gp_set_0006,gp_set_0006_vid_0001,gp_1800,val,track_too_short
gp_set_0006,gp_set_0006_vid_0001,gp_1811,val,track_too_short
gp_set_0006,gp_set_0006_vid_0001,gp_1812,val,track_too_short
gp_set_0006,gp_set_0006_vid_0001,gp_1851,val,track_too_short
gp_set_0006,gp_set_0006_vid_0001,gp_1855,val,track_too_short
gp_set_0006,gp_set_0006_vid_0001,gp_1858,val,track_too_short
gp_set_0006,gp_set_0006_vid_0001,gp_1859,val,track_too_short
gp_set_0006,gp_set_0006_vid_0001,gp_1868,val,track_too_short
gp_set_0006,gp_set_0006_vid_0001,gp_1873,val,track_too_short
gp_set_0006,gp_set_0006_vid_0001,gp_1877,val,track_too_short
gp_set_0006,gp_set_0006_vid_0001,gp_1881,val,track_too_short
gp_set_0006,gp_set_0006_vid_0001,gp_1884,val,track_too_short
gp_set_0006,gp_set_0006_vid_0001,gp_1887,val,track_too_short
gp_set_0006,gp_set_0006_vid_0001,gp_1894,val,track_too_short
gp_set_0006,gp_set_0006_vid_0001,gp_1897,val,track_too_short
gp_set_0006,gp_set_0006_vid_0001,gp_1913,val,track_too_short
gp_set_0006,gp_set_0006_vid_0001,gp_1915,val,track_too_short
gp_set_0006,gp_set_0006_vid_0001,gp_1917,val,track_too_short
gp_set_0006,gp_set_0006_vid_0001,gp_1919,val,track_too_short
gp_set_0006,gp_set_0006_vid_0001,gp_1921,val,track_too_short
gp_set_0006,gp_set_0006_vid_0001,gp_1923,val,track_too_short
gp_set_0006,gp_set_0006_vid_0001,gp_1930,val,track_too_short
gp_set_0006,gp_set_0006_vid_0001,gp_1933,val,track_too_short
gp_set_0006,gp_set_0006_vid_0001,gp_1943,val,crossing_point_not_in_track
gp_set_0006,gp_set_0006_vid_0001,gp_1944,val,track_too_short
gp_set_0006,gp_set_0006_vid_0001,gp_1947,val,track_too_short
gp_set_0006,gp_set_0006_vid_0001,gp_1969,val,track_too_short
gp_set_0006,gp_set_0006_vid_0001,gp_1970,val,track_too_short
gp_set_0006,gp_set_0006_vid_0001,gp_1975,val,track_too_short
gp_set_0006,gp_set_0006_vid_0001,gp_1985,val,track_too_short
gp_set_0006,gp_set_0006_vid_0001,gp_1995,val,track_too_short
gp_set_0006,gp_set_0006_vid_0001,gp_2008,val,track_too_short
gp_set_0006,gp_set_0006_vid_0001,gp_2019,val,track_too_short
gp_set_0006,gp_set_0006_vid_0001,gp_2025,val,track_too_short
gp_set_0006,gp_set_0006_vid_0001,gp_2026,val,track_too_short
gp_set_0006,gp_set_0006_vid_0001,gp_2029,val,track_too_short
gp_set_0006,gp_set_0006_vid_0001,gp_2030,val,track_too_short
gp_set_0006,gp_set_0006_vid_0001,gp_2032,val,track_too_short
gp_set_0006,gp_set_0006_vid_0001,gp_2037,val,track_too_short
gp_set_0006,gp_set_0006_vid_0001,gp_2039,val,track_too_short
gp_set_0006,gp_set_0006_vid_0001,gp_2043,val,track_too_short
gp_set_0006,gp_set_0006_vid_0001,gp_2045,val,crossing_point_not_in_track
gp_set_0006,gp_set_0006_vid_0001,gp_2047,val,crossing_point_not_in_track
gp_set_0006,gp_set_0006_vid_0001,gp_2053,val,crossing_point_not_in_track
gp_set_0006,gp_set_0006_vid_0001,gp_2058,val,track_too_short
gp_set_0006,gp_set_0006_vid_0001,gp_2060,val,track_too_short
gp_set_0006,gp_set_0006_vid_0001,gp_2064,val,track_too_short
gp_set_0006,gp_set_0006_vid_0001,gp_2066,val,track_too_short
gp_set_0006,gp_set_0006_vid_0001,gp_2070,val,track_too_short
gp_set_0006,gp_set_0006_vid_0001,gp_2076,val,track_too_short
gp_set_0006,gp_set_0006_vid_0001,gp_2078,val,track_too_short
gp_set_0006,gp_set_0006_vid_0001,gp_2079,val,track_too_short
gp_set_0006,gp_set_0006_vid_0001,gp_2083,val,track_too_short
gp_set_0006,gp_set_0006_vid_0001,gp_2084,val,track_too_short
gp_set_0006,gp_set_0006_vid_0001,gp_2087,val,track_too_short
gp_set_0006,gp_set_0006_vid_0001,gp_2089,val,track_too_short
gp_set_0006,gp_set_0006_vid_0001,gp_2091,val,track_too_short
gp_set_0006,gp_set_0006_vid_0001,gp_2096,val,track_too_short
gp_set_0006,gp_set_0006_vid_0001,gp_2102,val,track_too_short
gp_set_0006,gp_set_0006_vid_0001,gp_2114,val,track_too_short
gp_set_0006,gp_set_0006_vid_0001,gp_2128,val,track_too_short
gp_set_0006,gp_set_0006_vid_0001,gp_2133,val,track_too_short
gp_set_0006,gp_set_0006_vid_0001,gp_2137,val,track_too_short
gp_set_0006,gp_set_0006_vid_0001,gp_2140,val,track_too_short
gp_set_0006,gp_set_0006_vid_0001,gp_2146,val,track_too_short
gp_set_0006,gp_set_0006_vid_0001,gp_2150,val,track_too_short
gp_set_0006,gp_set_0006_vid_0001,gp_2159,val,track_too_short
gp_set_0006,gp_set_0006_vid_0001,gp_2163,val,track_too_short
gp_set_0006,gp_set_0006_vid_0001,gp_2167,val,track_too_short
gp_set_0006,gp_set_0006_vid_0001,gp_2174,val,track_too_short
gp_set_0006,gp_set_0006_vid_0001,gp_2179,val,track_too_short
gp_set_0006,gp_set_0006_vid_0001,gp_2610,val,track_too_short
gp_set_0006,gp_set_0006_vid_0001,gp_2614,val,track_too_short
gp_set_0006,gp_set_0006_vid_0001,gp_2616,val,track_too_short
gp_set_0006,gp_set_0006_vid_0001,gp_2636,val,track_too_short
gp_set_0006,gp_set_0006_vid_0002,gp_4223,val,crossing_point_not_in_track
gp_set_0006,gp_set_0006_vid_0002,gp_4231,val,track_too_short
gp_set_0006,gp_set_0006_vid_0002,gp_4234,val,track_too_short
gp_set_0006,gp_set_0006_vid_0002,gp_4238,val,crossing_point_not_in_track
gp_set_0006,gp_set_0006_vid_0002,gp_4239,val,track_too_short
gp_set_0006,gp_set_0006_vid_0002,gp_4241,val,track_too_short
gp_set_0006,gp_set_0006_vid_0002,gp_4251,val,track_too_short
gp_set_0006,gp_set_0006_vid_0002,gp_4253,val,track_too_short
gp_set_0006,gp_set_0006_vid_0002,gp_4258,val,track_too_short
gp_set_0006,gp_set_0006_vid_0002,gp_4261,val,track_too_short
gp_set_0006,gp_set_0006_vid_0002,gp_4264,val,track_too_short
gp_set_0006,gp_set_0006_vid_0002,gp_4265,val,crossing_point_not_in_track
gp_set_0006,gp_set_0006_vid_0002,gp_4266,val,track_too_short
gp_set_0006,gp_set_0006_vid_0002,gp_4269,val,track_too_short
gp_set_0006,gp_set_0006_vid_0002,gp_4270,val,track_too_short
gp_set_0006,gp_set_0006_vid_0002,gp_4271,val,track_too_short
gp_set_0006,gp_set_0006_vid_0002,gp_4274,val,crossing_point_not_in_track
gp_set_0006,gp_set_0006_vid_0002,gp_4275,val,track_too_short
gp_set_0006,gp_set_0006_vid_0002,gp_4276,val,track_too_short
gp_set_0006,gp_set_0006_vid_0002,gp_4280,val,track_too_short
gp_set_0006,gp_set_0006_vid_0002,gp_4282,val,track_too_short
gp_set_0006,gp_set_0006_vid_0002,gp_4284,val,crossing_point_not_in_track
gp_set_0006,gp_set_0006_vid_0002,gp_4292,val,track_too_short
gp_set_0006,gp_set_0006_vid_0002,gp_4294,val,track_too_short
gp_set_0006,gp_set_0006_vid_0002,gp_4296,val,track_too_short
gp_set_0006,gp_set_0006_vid_0002,gp_4302,val,track_too_short
gp_set_0006,gp_set_0006_vid_0002,gp_4303,val,track_too_short
gp_set_0006,gp_set_0006_vid_0002,gp_4304,val,track_too_short
gp_set_0006,gp_set_0006_vid_0002,gp_4306,val,track_too_short
gp_set_0006,gp_set_0006_vid_0002,gp_4307,val,track_too_short
gp_set_0006,gp_set_0006_vid_0002,gp_4308,val,track_too_short
gp_set_0006,gp_set_0006_vid_0002,gp_4309,val,track_too_short
gp_set_0006,gp_set_0006_vid_0002,gp_4310,val,track_too_short
gp_set_0006,gp_set_0006_vid_0002,gp_4313,val,track_too_short
gp_set_0006,gp_set_0006_vid_0002,gp_4322,val,track_too_short
gp_set_0006,gp_set_0006_vid_0002,gp_4323,val,track_too_short
gp_set_0006,gp_set_0006_vid_0002,gp_4833,val,track_too_short
gp_set_0006,gp_set_0006_vid_0003,gp_6949,val,track_too_short
gp_set_0006,gp_set_0006_vid_0003,gp_6950,val,track_too_short
gp_set_0006,gp_set_0006_vid_0003,gp_6951,val,track_too_short
gp_set_0006,gp_set_0006_vid_0003,gp_6952,val,track_too_short
gp_set_0006,gp_set_0006_vid_0003,gp_6953,val,track_too_short
gp_set_0006,gp_set_0006_vid_0003,gp_6955,val,track_too_short
gp_set_0006,gp_set_0006_vid_0003,gp_6956,val,track_too_short
gp_set_0006,gp_set_0006_vid_0003,gp_6957,val,track_too_short
gp_set_0006,gp_set_0006_vid_0003,gp_6958,val,track_too_short
gp_set_0006,gp_set_0006_vid_0003,gp_6959,val,track_too_short
gp_set_0006,gp_set_0006_vid_0003,gp_6960,val,track_too_short
gp_set_0006,gp_set_0006_vid_0003,gp_6961,val,track_too_short
gp_set_0006,gp_set_0006_vid_0003,gp_6962,val,track_too_short
gp_set_0006,gp_set_0006_vid_0003,gp_6963,val,track_too_short
gp_set_0006,gp_set_0006_vid_0003,gp_6964,val,track_too_short
gp_set_0006,gp_set_0006_vid_0003,gp_6965,val,track_too_short
gp_set_0006,gp_set_0006_vid_0003,gp_6966,val,track_too_short
gp_set_0006,gp_set_0006_vid_0003,gp_6967,val,track_too_short
gp_set_0006,gp_set_0006_vid_0003,gp_6968,val,track_too_short
gp_set_0007,gp_set_0007_vid_0004,gp_6571,train,track_too_short
gp_set_0007,gp_set_0007_vid_0004,gp_6579,train,track_too_short
gp_set_0007,gp_set_0007_vid_0004,gp_6580,train,track_too_short
gp_set_0007,gp_set_0007_vid_0004,gp_6581,train,track_too_short
gp_set_0007,gp_set_0007_vid_0004,gp_6583,train,track_too_short
gp_set_0007,gp_set_0007_vid_0004,gp_6584,train,track_too_short
gp_set_0007,gp_set_0007_vid_0004,gp_6588,train,track_too_short
gp_set_0007,gp_set_0007_vid_0004,gp_6592,train,track_too_short
gp_set_0007,gp_set_0007_vid_0004,gp_6594,train,track_too_short
gp_set_0007,gp_set_0007_vid_0004,gp_6596,train,crossing_point_not_in_track
gp_set_0007,gp_set_0007_vid_0004,gp_6601,train,track_too_short
gp_set_0007,gp_set_0007_vid_0004,gp_6613,train,track_too_short
gp_set_0007,gp_set_0007_vid_0004,gp_6614,train,track_too_short
gp_set_0007,gp_set_0007_vid_0005,gp_,train,no_POI_attributes
gp_set_0007,gp_set_0007_vid_0005,gp_5027,train,no_POI_attributes
gp_set_0007,gp_set_0007_vid_0005,gp_5028,train,no_POI_attributes
gp_set_0007,gp_set_0007_vid_0005,gp_5029,train,no_POI_attributes
gp_set_0007,gp_set_0007_vid_0005,gp_5030,train,no_POI_attributes
gp_set_0007,gp_set_0007_vid_0005,gp_5031,train,no_POI_attributes
gp_set_0007,gp_set_0007_vid_0005,gp_5032,train,no_POI_attributes
gp_set_0007,gp_set_0007_vid_0005,gp_5033,train,no_POI_attributes
gp_set_0007,gp_set_0007_vid_0005,gp_5034,train,no_POI_attributes
gp_set_0007,gp_set_0007_vid_0005,gp_5035,train,no_POI_attributes
gp_set_0007,gp_set_0007_vid_0005,gp_5036,train,no_POI_attributes
gp_set_0007,gp_set_0007_vid_0005,gp_5037,train,no_POI_attributes
gp_set_0007,gp_set_0007_vid_0005,gp_5038,train,no_POI_attributes
gp_set_0007,gp_set_0007_vid_0005,gp_5039,train,no_POI_attributes
gp_set_0007,gp_set_0007_vid_0005,gp_5040,train,no_POI_attributes
gp_set_0007,gp_set_0007_vid_0005,gp_5041,train,no_POI_attributes
gp_set_0007,gp_set_0007_vid_0005,gp_5042,train,no_POI_attributes
gp_set_0007,gp_set_0007_vid_0005,gp_5043,train,no_POI_attributes
gp_set_0007,gp_set_0007_vid_0005,gp_5044,train,no_POI_attributes
gp_set_0007,gp_set_0007_vid_0005,gp_5045,train,no_POI_attributes
gp_set_0007,gp_set_0007_vid_0005,gp_5047,train,no_POI_attributes
gp_set_0007,gp_set_0007_vid_0005,gp_5048,train,no_POI_attributes
gp_set_0007,gp_set_0007_vid_0005,gp_5049,train,no_POI_attributes
gp_set_0007,gp_set_0007_vid_0005,gp_5050,train,no_POI_attributes
gp_set_0007,gp_set_0007_vid_0005,gp_5051,train,no_POI_attributes
gp_set_0007,gp_set_0007_vid_0005,gp_5052,train,no_POI_attributes
gp_set_0007,gp_set_0007_vid_0005,gp_5053,train,no_POI_attributes
gp_set_0007,gp_set_0007_vid_0005,gp_5054,train,no_POI_attributes
gp_set_0007,gp_set_0007_vid_0005,gp_5056,train,no_POI_attributes
gp_set_0007,gp_set_0007_vid_0005,gp_5058,train,no_POI_attributes
gp_set_0007,gp_set_0007_vid_0005,gp_5059,train,no_POI_attributes
gp_set_0007,gp_set_0007_vid_0005,gp_5064,train,no_POI_attributes
gp_set_0007,gp_set_0007_vid_0005,gp_5065,train,no_POI_attributes
gp_set_0007,gp_set_0007_vid_0005,gp_5066,train,no_POI_attributes
gp_set_0007,gp_set_0007_vid_0005,gp_5067,train,no_POI_attributes
gp_set_0007,gp_set_0007_vid_0005,gp_5068,train,no_POI_attributes
gp_set_0007,gp_set_0007_vid_0005,gp_5069,train,no_POI_attributes
gp_set_0007,gp_set_0007_vid_0005,gp_5070,train,no_POI_attributes
gp_set_0007,gp_set_0007_vid_0005,gp_5071,train,no_POI_attributes
gp_set_0007,gp_set_0007_vid_0005,gp_5072,train,no_POI_attributes
gp_set_0007,gp_set_0007_vid_0005,gp_5073,train,no_POI_attributes
gp_set_0007,gp_set_0007_vid_0005,gp_5074,train,no_POI_attributes
gp_set_0007,gp_set_0007_vid_0005,gp_5075,train,no_POI_attributes
gp_set_0007,gp_set_0007_vid_0005,gp_5076,train,no_POI_attributes
gp_set_0007,gp_set_0007_vid_0005,gp_5077,train,no_POI_attributes
gp_set_0007,gp_set_0007_vid_0005,gp_5078,train,no_POI_attributes
gp_set_0007,gp_set_0007_vid_0005,gp_5079,train,no_POI_attributes
gp_set_0007,gp_set_0007_vid_0005,gp_5080,train,no_POI_attributes
gp_set_0007,gp_set_0007_vid_0005,gp_5081,train,no_POI_attributes
gp_set_0007,gp_set_0007_vid_0005,gp_5082,train,no_POI_attributes
gp_set_0007,gp_set_0007_vid_0005,gp_5083,train,no_POI_attributes
gp_set_0007,gp_set_0007_vid_0005,gp_5084,train,no_POI_attributes
gp_set_0007,gp_set_0007_vid_0005,gp_5085,train,no_POI_attributes
gp_set_0007,gp_set_0007_vid_0005,gp_5086,train,no_POI_attributes
gp_set_0007,gp_set_0007_vid_0005,gp_5087,train,no_POI_attributes
gp_set_0007,gp_set_0007_vid_0005,gp_5088,train,no_POI_attributes
gp_set_0007,gp_set_0007_vid_0005,gp_5089,train,no_POI_attributes
gp_set_0007,gp_set_0007_vid_0005,gp_5090,train,no_POI_attributes
gp_set_0007,gp_set_0007_vid_0005,gp_5091,train,no_POI_attributes
gp_set_0007,gp_set_0007_vid_0005,gp_5092,train,no_POI_attributes
gp_set_0007,gp_set_0007_vid_0005,gp_5093,train,no_POI_attributes
gp_set_0007,gp_set_0007_vid_0005,gp_5094,train,no_POI_attributes
gp_set_0007,gp_set_0007_vid_0005,gp_5095,train,no_POI_attributes
gp_set_0007,gp_set_0007_vid_0005,gp_5096,train,no_POI_attributes
gp_set_0007,gp_set_0007_vid_0005,gp_5097,train,no_POI_attributes
gp_set_0007,gp_set_0007_vid_0005,gp_5098,train,no_POI_attributes
gp_set_0007,gp_set_0007_vid_0005,gp_5099,train,no_POI_attributes
gp_set_0007,gp_set_0007_vid_0005,gp_5100,train,no_POI_attributes
gp_set_0007,gp_set_0007_vid_0005,gp_5101,train,no_POI_attributes
gp_set_0007,gp_set_0007_vid_0005,gp_5102,train,no_POI_attributes
gp_set_0007,gp_set_0007_vid_0005,gp_5103,train,no_POI_attributes
gp_set_0007,gp_set_0007_vid_0005,gp_5104,train,no_POI_attributes
gp_set_0007,gp_set_0007_vid_0005,gp_5105,train,no_POI_attributes
gp_set_0007,gp_set_0007_vid_0005,gp_5106,train,no_POI_attributes
gp_set_0007,gp_set_0007_vid_0005,gp_5107,train,no_POI_attributes
gp_set_0007,gp_set_0007_vid_0005,gp_5108,train,no_POI_attributes
gp_set_0007,gp_set_0007_vid_0005,gp_5109,train,no_POI_attributes
gp_set_0007,gp_set_0007_vid_0005,gp_5110,train,no_POI_attributes
gp_set_0007,gp_set_0007_vid_0005,gp_5111,train,no_POI_attributes
gp_set_0007,gp_set_0007_vid_0005,gp_5113,train,no_POI_attributes
gp_set_0007,gp_set_0007_vid_0005,gp_5114,train,no_POI_attributes
gp_set_0007,gp_set_0007_vid_0005,gp_5115,train,no_POI_attributes
gp_set_0007,gp_set_0007_vid_0005,gp_5116,train,no_POI_attributes
gp_set_0007,gp_set_0007_vid_0005,gp_5117,train,no_POI_attributes
gp_set_0007,gp_set_0007_vid_0005,gp_5118,train,no_POI_attributes
gp_set_0007,gp_set_0007_vid_0005,gp_5120,train,no_POI_attributes
gp_set_0007,gp_set_0007_vid_0005,gp_5121,train,no_POI_attributes
gp_set_0007,gp_set_0007_vid_0005,gp_5122,train,no_POI_attributes
gp_set_0007,gp_set_0007_vid_0005,gp_5123,train,no_POI_attributes
gp_set_0007,gp_set_0007_vid_0005,gp_5125,train,no_POI_attributes
gp_set_0007,gp_set_0007_vid_0005,gp_5126,train,no_POI_attributes
gp_set_0007,gp_set_0007_vid_0005,gp_5127,train,no_POI_attributes
gp_set_0007,gp_set_0007_vid_0005,gp_5129,train,no_POI_attributes
gp_set_0007,gp_set_0007_vid_0005,gp_5132,train,no_POI_attributes
gp_set_0007,gp_set_0007_vid_0005,gp_5134,train,no_POI_attributes
gp_set_0007,gp_set_0007_vid_0005,gp_5135,train,no_POI_attributes
gp_set_0007,gp_set_0007_vid_0005,gp_5136,train,no_POI_attributes
gp_set_0007,gp_set_0007_vid_0005,gp_5137,train,no_POI_attributes
gp_set_0007,gp_set_0007_vid_0005,gp_5138,train,no_POI_attributes
gp_set_0007,gp_set_0007_vid_0005,gp_5139,train,no_POI_attributes
gp_set_0007,gp_set_0007_vid_0005,gp_5140,train,no_POI_attributes
gp_set_0007,gp_set_0007_vid_0005,gp_5141,train,no_POI_attributes
gp_set_0007,gp_set_0007_vid_0005,gp_5143,train,no_POI_attributes
gp_set_0007,gp_set_0007_vid_0005,gp_5145,train,no_POI_attributes
gp_set_0007,gp_set_0007_vid_0005,gp_5148,train,no_POI_attributes
gp_set_0007,gp_set_0007_vid_0005,gp_5151,train,no_POI_attributes
gp_set_0007,gp_set_0007_vid_0005,gp_5156,train,no_POI_attributes
gp_set_0007,gp_set_0007_vid_0005,gp_5157,train,no_POI_attributes
gp_set_0007,gp_set_0007_vid_0005,gp_5158,train,no_POI_attributes
gp_set_0007,gp_set_0007_vid_0005,gp_5161,train,no_POI_attributes
gp_set_0007,gp_set_0007_vid_0005,gp_5163,train,no_POI_attributes
gp_set_0007,gp_set_0007_vid_0005,gp_5164,train,no_POI_attributes
gp_set_0007,gp_set_0007_vid_0005,gp_5168,train,no_POI_attributes
gp_set_0007,gp_set_0007_vid_0005,gp_5169,train,no_POI_attributes
gp_set_0007,gp_set_0007_vid_0005,gp_5170,train,no_POI_attributes
gp_set_0007,gp_set_0007_vid_0005,gp_5171,train,no_POI_attributes
gp_set_0007,gp_set_0007_vid_0005,gp_5172,train,no_POI_attributes
gp_set_0007,gp_set_0007_vid_0005,gp_5173,train,no_POI_attributes
gp_set_0007,gp_set_0007_vid_0005,gp_5174,train,no_POI_attributes
gp_set_0007,gp_set_0007_vid_0005,gp_5175,train,no_POI_attributes
gp_set_0007,gp_set_0007_vid_0005,gp_5176,train,no_POI_attributes
gp_set_0007,gp_set_0007_vid_0005,gp_5177,train,no_POI_attributes
gp_set_0007,gp_set_0007_vid_0005,gp_5178,train,no_POI_attributes
gp_set_0007,gp_set_0007_vid_0005,gp_5179,train,no_POI_attributes
gp_set_0007,gp_set_0007_vid_0005,gp_5180,train,no_POI_attributes
gp_set_0007,gp_set_0007_vid_0005,gp_5181,train,no_POI_attributes
gp_set_0007,gp_set_0007_vid_0005,gp_5182,train,no_POI_attributes
gp_set_0007,gp_set_0007_vid_0005,gp_5183,train,no_POI_attributes
gp_set_0007,gp_set_0007_vid_0005,gp_5184,train,no_POI_attributes
gp_set_0007,gp_set_0007_vid_0005,gp_5185,train,no_POI_attributes
gp_set_0007,gp_set_0007_vid_0005,gp_5186,train,no_POI_attributes
gp_set_0007,gp_set_0007_vid_0005,gp_5188,train,no_POI_attributes
gp_set_0007,gp_set_0007_vid_0005,gp_5189,train,no_POI_attributes
gp_set_0007,gp_set_0007_vid_0005,gp_5190,train,no_POI_attributes
gp_set_0007,gp_set_0007_vid_0005,gp_5191,train,no_POI_attributes
gp_set_0007,gp_set_0007_vid_0005,gp_5192,train,no_POI_attributes
gp_set_0007,gp_set_0007_vid_0005,gp_5193,train,no_POI_attributes
gp_set_0007,gp_set_0007_vid_0005,gp_5194,train,no_POI_attributes
gp_set_0007,gp_set_0007_vid_0005,gp_5196,train,no_POI_attributes
gp_set_0007,gp_set_0007_vid_0005,gp_5198,train,no_POI_attributes
gp_set_0008,gp_set_0008_vid_0001,gp_5752,test,track_too_short
gp_set_0008,gp_set_0008_vid_0001,gp_5753,test,track_too_short
gp_set_0008,gp_set_0008_vid_0001,gp_5769,test,track_too_short
gp_set_0008,gp_set_0008_vid_0001,gp_5770,test,track_too_short
gp_set_0008,gp_set_0008_vid_0001,gp_5778,test,crossing_point_not_in_track
gp_set_0008,gp_set_0008_vid_0001,gp_5794,test,track_too_short
gp_set_0008,gp_set_0008_vid_0001,gp_5810,test,track_too_short
gp_set_0008,gp_set_0008_vid_0001,gp_5812,test,track_too_short
gp_set_0008,gp_set_0008_vid_0001,gp_5907,test,track_too_short
gp_set_0008,gp_set_0008_vid_0001,gp_5908,test,track_too_short
gp_set_0008,gp_set_0008_vid_0001,gp_5918,test,crossing_point_not_in_track
gp_set_0008,gp_set_0008_vid_0001,gp_5931,test,track_too_short
gp_set_0008,gp_set_0008_vid_0001,gp_5935,test,track_too_short
gp_set_0008,gp_set_0008_vid_0001,gp_5942,test,no_POI_attributes
gp_set_0008,gp_set_0008_vid_0001,gp_5974,test,track_too_short
gp_set_0008,gp_set_0008_vid_0001,gp_5986,test,track_too_short
gp_set_0008,gp_set_0008_vid_0001,gp_5987,test,track_too_short
gp_set_0008,gp_set_0008_vid_0001,gp_5994,test,track_too_short
gp_set_0008,gp_set_0008_vid_0001,gp_5998,test,track_too_short
gp_set_0008,gp_set_0008_vid_0001,gp_6016,test,track_too_short
gp_set_0008,gp_set_0008_vid_0001,gp_6023,test,track_too_short
gp_set_0008,gp_set_0008_vid_0004,6605,test,no_POI_attributes
gp_set_0008,gp_set_0008_vid_0004,gp_6514,test,track_too_short
gp_set_0008,gp_set_0008_vid_0004,gp_6515,test,crossing_point_not_in_track
gp_set_0008,gp_set_0008_vid_0004,gp_6517,test,track_too_short
gp_set_0008,gp_set_0008_vid_0004,gp_6519,test,track_too_short
gp_set_0008,gp_set_0008_vid_0004,gp_6522,test,track_too_short
gp_set_0008,gp_set_0008_vid_0004,gp_6602,test,no_POI_attributes
gp_set_0008,gp_set_0008_vid_0004,gp_6606,test,track_too_short
gp_set_0008,gp_set_0008_vid_0004,gp_6609,test,track_too_short
gp_set_0008,gp_set_0008_vid_0004,gp_6610,test,track_too_short
gp_set_0008,gp_set_0008_vid_0005,gp_6035,test,crossing_point_not_in_track
gp_set_0008,gp_set_0008_vid_0005,gp_6037,test,crossing_point_not_in_track
gp_set_0008,gp_set_0008_vid_0005,gp_6065,test,track_too_short
gp_set_0008,gp_set_0008_vid_0005,gp_6072,test,track_too_short
gp_set_0008,gp_set_0008_vid_0005,gp_6103,test,track_too_short
gp_set_0008,gp_set_0008_vid_0005,gp_6114,test,track_too_short
gp_set_0008,gp_set_0008_vid_0005,gp_6115,test,track_too_short
gp_set_0008,gp_set_0008_vid_0005,gp_6120,test,track_too_short
gp_set_0008,gp_set_0008_vid_0005,gp_6121,test,track_too_short
gp_set_0008,gp_set_0008_vid_0005,gp_6122,test,track_too_short
gp_set_0008,gp_set_0008_vid_0005,gp_6124,test,track_too_short
gp_set_0008,gp_set_0008_vid_0005,gp_6129,test,track_too_short
gp_set_0008,gp_set_0008_vid_0005,gp_6132,test,crossing_point_not_in_track
gp_set_0008,gp_set_0008_vid_0005,gp_6136,test,track_too_short
gp_set_0008,gp_set_0008_vid_0005,gp_6137,test,track_too_short
gp_set_0008,gp_set_0008_vid_0005,gp_6138,test,track_too_short
gp_set_0008,gp_set_0008_vid_0005,gp_6141,test,track_too_short
gp_set_0008,gp_set_0008_vid_0005,gp_6144,test,track_too_short
gp_set_0008,gp_set_0008_vid_0005,gp_6145,test,track_too_short
gp_set_0008,gp_set_0008_vid_0005,gp_6147,test,track_too_short
gp_set_0008,gp_set_0008_vid_0005,gp_6148,test,track_too_short
gp_set_0008,gp_set_0008_vid_0005,gp_6149,test,track_too_short
gp_set_0008,gp_set_0008_vid_0005,gp_6158,test,track_too_short
gp_set_0008,gp_set_0008_vid_0005,gp_6159,test,track_too_short
gp_set_0008,gp_set_0008_vid_0005,gp_6165,test,track_too_short
gp_set_0008,gp_set_0008_vid_0005,gp_6167,test,track_too_short
gp_set_0008,gp_set_0008_vid_0005,gp_6168,test,track_too_short
gp_set_0008,gp_set_0008_vid_0005,gp_6169,test,track_too_short
gp_set_0008,gp_set_0008_vid_0005,gp_6171,test,track_too_short
gp_set_0008,gp_set_0008_vid_0005,gp_6190,test,track_too_short
gp_set_0008,gp_set_0008_vid_0005,gp_6196,test,track_too_short
gp_set_0009,gp_set_0009_vid_0001,gp_6879,test,track_too_short
gp_set_0009,gp_set_0009_vid_0001,gp_6880,test,track_too_short
gp_set_0009,gp_set_0009_vid_0001,gp_6906,test,track_too_short
gp_set_0009,gp_set_0009_vid_0001,gp_6908,test,track_too_short
gp_set_0009,gp_set_0009_vid_0001,gp_6909,test,track_too_short
gp_set_0009,gp_set_0009_vid_0001,gp_6910,test,track_too_short
gp_set_0009,gp_set_0009_vid_0001,gp_6911,test,track_too_short
gp_set_0009,gp_set_0009_vid_0001,gp_6912,test,track_too_short
gp_set_0009,gp_set_0009_vid_0001,gp_6917,test,track_too_short
gp_set_0009,gp_set_0009_vid_0001,gp_6918,test,track_too_short
gp_set_0009,gp_set_0009_vid_0001,gp_6919,test,track_too_short
gp_set_0009,gp_set_0009_vid_0001,gp_6922,test,track_too_short
gp_set_0009,gp_set_0009_vid_0001,gp_6936,test,track_too_short
gp_set_0009,gp_set_0009_vid_0001,gp_6937,test,track_too_short
