set_id,video_id,ped_id,split,width,height,n_frames,first_frame,last_frame,n_segments,has_attributes,crossing_label,crossing_point,cp_in_track,cp_in_frame_range,usable_len_to_cp,onset_frame,n_crossing_frames,n_ci_frames,n_unmapped_cb,speed_coverage,bbox_degenerate,bbox_out_of_frame,dup_frames
gp_set_0001,gp_set_0001_vid_0001,gp_10,train,1920,1440,134,61,194,1,1,0,191,1,1,131,,0,0,0,1.0,0,0,0
gp_set_0001,gp_set_0001_vid_0001,gp_11,train,1920,1440,143,61,203,1,1,0,200,1,1,140,,0,0,0,1.0,0,0,0
gp_set_0001,gp_set_0001_vid_0001,gp_5,train,1920,1440,174,83,256,1,1,0,253,1,1,171,,0,0,0,1.0,0,0,0
gp_set_0001,gp_set_0001_vid_0001,gp_12,train,1920,1440,100,111,210,1,1,0,207,1,1,97,,0,0,0,1.0,0,0,0
gp_set_0001,gp_set_0001_vid_0001,gp_3,train,1920,1440,183,38,220,1,1,0,217,1,1,180,,0,0,0,1.0,0,0,0
gp_set_0001,gp_set_0001_vid_0001,gp_6,train,1920,1440,80,155,234,1,1,0,231,1,1,77,,0,0,0,1.0,0,0,0
gp_set_0001,gp_set_0001_vid_0001,gp_7,train,1920,1440,117,129,245,1,1,0,-10,0,0,,,0,0,0,1.0,0,0,0
gp_set_0001,gp_set_0001_vid_0001,gp_4,train,1920,1440,218,58,275,1,1,0,272,1,1,215,,0,0,0,1.0,0,0,0
gp_set_0001,gp_set_0001_vid_0001,gp_8,train,1920,1440,55,212,266,1,1,0,263,1,1,52,,0,0,0,1.0,0,0,0
gp_set_0001,gp_set_0001_vid_0001,gp_9,train,1920,1440,160,190,349,1,1,0,346,1,1,157,,0,0,0,1.0,0,0,0
gp_set_0001,gp_set_0001_vid_0001,gp_1,train,1920,1440,188,262,449,1,1,0,446,1,1,185,,0,0,0,1.0,0,0,0
gp_set_0001,gp_set_0001_vid_0001,gp_2,train,1920,1440,185,262,446,1,1,0,443,1,1,182,,0,0,0,1.0,0,0,0
gp_set_0001,gp_set_0001_vid_0001,gp_15,train,1920,1440,40,2982,3021,1,1,0,3018,1,1,37,,0,0,0,1.0,0,0,0
gp_set_0001,gp_set_0001_vid_0001,gp_13,train,1920,1440,212,2231,2442,1,1,0,2439,1,1,209,,0,0,0,1.0,0,0,0
gp_set_0001,gp_set_0001_vid_0001,gp_14,train,1920,1440,169,2821,2989,1,1,0,-10,0,0,,,0,0,0,1.0,0,0,0
gp_set_0001,gp_set_0001_vid_0001,gp_38,train,1920,1440,73,4398,4470,1,0,,,0,0,,4398,73,0,0,1.0,0,0,0
gp_set_0001,gp_set_0001_vid_0001,gp_40,train,1920,1440,53,5094,5146,1,0,,,0,0,,,0,0,0,1.0,0,0,0
gp_set_0001,gp_set_0001_vid_0001,gp_41,train,1920,1440,50,5106,5155,1,0,,,0,0,,,0,0,0,1.0,0,0,0
gp_set_0001,gp_set_0001_vid_0001,gp_43,train,1920,1440,170,5333,5502,1,0,,,0,0,,,0,0,0,1.0,0,0,0
gp_set_0001,gp_set_0001_vid_0001,gp_46,train,1920,1440,58,6536,6593,1,1,0,6590,1,1,55,,0,0,0,1.0,0,0,0
gp_set_0001,gp_set_0001_vid_0001,gp_48,train,1920,1440,54,6546,6599,1,1,0,6596,1,1,51,,0,0,0,1.0,0,0,0
gp_set_0001,gp_set_0001_vid_0001,gp_49,train,1920,1440,50,6553,6602,1,1,0,6599,1,1,47,,0,0,0,1.0,0,0,0
gp_set_0001,gp_set_0001_vid_0001,gp_50,train,1920,1440,63,6584,6646,1,1,0,6643,1,1,60,,0,0,0,1.0,0,0,0
gp_set_0001,gp_set_0001_vid_0001,gp_52,train,1920,1440,48,6603,6650,1,1,0,6647,1,1,45,,0,0,0,1.0,0,0,0
gp_set_0001,gp_set_0001_vid_0001,gp_54,train,1920,1440,29,6763,6791,1,1,0,6788,1,1,26,,0,0,0,1.0,0,0,0
gp_set_0001,gp_set_0001_vid_0001,gp_55,train,1920,1440,32,6781,6812,1,1,0,6809,1,1,29,,0,0,0,1.0,0,0,0
gp_set_0001,gp_set_0001_vid_0001,gp_57,train,1920,1440,47,6786,6832,1,1,0,6829,1,1,44,,0,0,0,1.0,0,0,0
gp_set_0001,gp_set_0001_vid_0001,gp_58,train,1920,1440,47,6792,6838,1,1,0,6835,1,1,44,,0,0,0,1.0,0,0,0
gp_set_0001,gp_set_0001_vid_0001,gp_59,train,1920,1440,49,6801,6849,1,1,0,6846,1,1,46,,0,0,0,1.0,0,0,0
gp_set_0001,gp_set_0001_vid_0001,gp_60,train,1920,1440,58,6801,6858,1,1,0,6855,1,1,55,,0,0,0,1.0,0,0,0
gp_set_0001,gp_set_0001_vid_0001,gp_61,train,1920,1440,40,6855,6894,1,1,1,6891,1,1,37,,0,0,0,1.0,0,0,0
gp_set_0001,gp_set_0001_vid_0001,gp_62,train,1920,1440,38,6877,6914,1,1,0,6905,1,1,29,,0,0,0,1.0,0,0,0
gp_set_0001,gp_set_0001_vid_0001,gp_64,train,1920,1440,33,6838,6870,1,1,0,6867,1,1,30,,0,0,0,1.0,0,0,0
gp_set_0001,gp_set_0001_vid_0001,gp_65,train,1920,1440,55,6838,6892,1,1,0,6889,1,1,52,,0,0,0,1.0,0,0,0
gp_set_0001,gp_set_0001_vid_0001,gp_66,train,1920,1440,32,6877,6908,1,1,0,6905,1,1,29,,0,0,0,1.0,0,0,0
gp_set_0001,gp_set_0001_vid_0001,gp_68,train,1920,1440,25,6892,6916,1,1,0,6913,1,1,22,,0,0,0,1.0,0,0,0
gp_set_0001,gp_set_0001_vid_0001,gp_69,train,1920,1440,32,6893,6924,1,1,0,6921,1,1,29,,0,0,0,1.0,0,0,0
gp_set_0001,gp_set_0001_vid_0001,gp_70,train,1920,1440,30,6904,6933,1,1,0,6930,1,1,27,,0,0,0,1.0,0,0,0
gp_set_0001,gp_set_0001_vid_0001,gp_72,train,1920,1440,61,6986,7046,1,1,0,7043,1,1,58,,0,0,0,1.0,0,0,0
gp_set_0001,gp_set_0001_vid_0001,gp_74,train,1920,1440,119,6986,7104,1,1,0,7101,1,1,116,,0,0,0,1.0,0,0,0
gp_set_0001,gp_set_0001_vid_0001,gp_75,train,1920,1440,121,6986,7106,1,1,0,7103,1,1,118,,0,0,0,1.0,0,0,0
gp_set_0001,gp_set_0001_vid_0001,gp_77,train,1920,1440,43,7069,7111,1,1,0,7108,1,1,40,,0,0,0,1.0,0,0,0
gp_set_0001,gp_set_0001_vid_0001,gp_78,train,1920,1440,50,7221,7270,1,1,0,7267,1,1,47,,0,0,0,1.0,0,0,0
gp_set_0001,gp_set_0001_vid_0001,gp_79,train,1920,1440,73,7307,7379,1,1,0,7376,1,1,70,,0,0,0,1.0,0,0,0
gp_set_0001,gp_set_0001_vid_0001,gp_80,train,1920,1440,76,7307,7382,1,1,0,7379,1,1,73,,0,0,0,1.0,0,0,0
gp_set_0001,gp_set_0001_vid_0001,gp_82,train,1920,1440,24,7981,8004,1,1,0,8001,1,1,21,7981,24,0,0,1.0,0,0,0
gp_set_0001,gp_set_0001_vid_0001,gp_83,train,1920,1440,25,7981,8005,1,1,0,8002,1,1,22,7981,25,0,0,1.0,0,0,0
gp_set_0001,gp_set_0001_vid_0001,gp_86,train,1920,1440,34,8109,8142,1,1,0,8139,1,1,31,,0,0,0,1.0,0,0,0
gp_set_0001,gp_set_0001_vid_0001,gp_87,train,1920,1440,25,8218,8242,1,1,0,8239,1,1,22,,0,0,0,1.0,0,0,0
gp_set_0001,gp_set_0001_vid_0001,gp_88,train,1920,1440,35,8251,8285,1,1,0,8282,1,1,32,,0,0,0,1.0,0,0,0
gp_set_0001,gp_set_0001_vid_0001,gp_89,train,1920,1440,40,8251,8290,1,1,0,8287,1,1,37,,0,0,0,1.0,0,0,0
gp_set_0001,gp_set_0001_vid_0001,gp_91,train,1920,1440,33,8284,8316,1,1,0,8313,1,1,30,,0,0,0,1.0,0,0,0
gp_set_0001,gp_set_0001_vid_0001,gp_92,train,1920,1440,34,8284,8317,1,1,0,8314,1,1,31,,0,0,0,1.0,0,0,0
gp_set_0001,gp_set_0001_vid_0001,gp_93,train,1920,1440,33,8371,8403,1,1,0,8400,1,1,30,,0,0,0,1.0,0,0,0
gp_set_0001,gp_set_0001_vid_0001,gp_94,train,1920,1440,19,8418,8436,1,1,0,8433,1,1,16,,0,0,0,1.0,0,0,0
gp_set_0001,gp_set_0001_vid_0001,gp_95,train,1920,1440,29,8420,8448,1,1,0,8445,1,1,26,,0,0,0,1.0,0,0,0
gp_set_0001,gp_set_0001_vid_0001,gp_96,train,1920,1440,27,8420,8446,1,1,0,8443,1,1,24,,0,0,0,1.0,0,0,0
gp_set_0001,gp_set_0001_vid_0001,gp_97,train,1920,1440,28,8420,8447,1,1,0,8444,1,1,25,,0,0,0,1.0,0,0,0
gp_set_0001,gp_set_0001_vid_0001,gp_101,train,1920,1440,36,7658,7693,1,1,0,7690,1,1,33,,0,0,0,1.0,0,0,0
gp_set_0001,gp_set_0001_vid_0001,gp_103,train,1920,1440,52,7799,7850,1,1,0,7847,1,1,49,,0,0,0,1.0,0,0,0
gp_set_0001,gp_set_0001_vid_0001,gp_104,train,1920,1440,51,7799,7849,1,1,0,7846,1,1,48,,0,0,0,1.0,0,0,0
gp_set_0001,gp_set_0001_vid_0001,gp_106,train,1920,1440,37,8420,8456,1,1,0,8453,1,1,34,,0,0,0,1.0,0,0,0
gp_set_0001,gp_set_0001_vid_0001,gp_107,train,1920,1440,21,8480,8500,1,1,0,8497,1,1,18,,0,0,0,1.0,0,0,0
gp_set_0001,gp_set_0001_vid_0001,gp_108,train,1920,1440,32,8494,8525,1,1,0,8522,1,1,29,,0,0,0,1.0,0,0,0
gp_set_0001,gp_set_0001_vid_0001,gp_109,train,1920,1440,34,8494,8527,1,1,0,8524,1,1,31,,0,0,0,1.0,0,0,0
gp_set_0001,gp_set_0001_vid_0001,gp_113,train,1920,1440,35,8537,8571,1,1,0,8568,1,1,32,,0,0,0,1.0,0,0,0
gp_set_0001,gp_set_0001_vid_0001,gp_114,train,1920,1440,33,8538,8570,1,1,0,8567,1,1,30,,0,0,0,1.0,0,0,0
gp_set_0001,gp_set_0001_vid_0001,gp_116,train,1920,1440,14,8562,8575,1,1,0,8572,1,1,11,,0,0,0,1.0,0,0,0
gp_set_0001,gp_set_0001_vid_0001,gp_117,train,1920,1440,34,8595,8628,1,1,0,8625,1,1,31,,0,0,0,1.0,0,0,0
gp_set_0001,gp_set_0001_vid_0001,gp_120,train,1920,1440,38,8917,8954,1,1,0,8951,1,1,35,,0,0,0,1.0,0,0,0
gp_set_0001,gp_set_0001_vid_0001,gp_121,train,1920,1440,32,8917,8948,1,1,0,8945,1,1,29,,0,0,0,1.0,0,0,0
gp_set_0001,gp_set_0001_vid_0001,gp_122,train,1920,1440,51,8917,8967,1,1,0,8964,1,1,48,,0,0,0,1.0,0,0,0
gp_set_0001,gp_set_0001_vid_0001,gp_124,train,1920,1440,31,9062,9092,1,1,0,9089,1,1,28,,0,0,0,1.0,0,0,0
gp_set_0001,gp_set_0001_vid_0001,gp_125,train,1920,1440,51,9090,9140,1,1,0,9137,1,1,48,,0,0,0,1.0,0,0,0
gp_set_0001,gp_set_0001_vid_0001,gp_128,train,1920,1440,37,9954,9990,1,1,0,9987,1,1,34,,0,0,0,1.0,0,0,0
gp_set_0001,gp_set_0001_vid_0001,gp_130,train,1920,1440,29,9992,10020,1,1,0,10017,1,1,26,,0,0,0,1.0,0,0,0
gp_set_0001,gp_set_0001_vid_0001,gp_132,train,1920,1440,27,9992,10018,1,1,0,10015,1,1,24,,0,0,0,1.0,0,0,0
gp_set_0001,gp_set_0001_vid_0001,gp_134,train,1920,1440,14,10049,10062,1,1,0,10059,1,1,11,,0,0,0,1.0,0,0,0
gp_set_0001,gp_set_0001_vid_0001,gp_135,train,1920,1440,30,10033,10062,1,1,0,10059,1,1,27,,0,0,0,1.0,0,0,0
gp_set_0001,gp_set_0001_vid_0001,gp_137,train,1920,1440,27,10087,10113,1,1,0,10110,1,1,24,10087,4,0,0,1.0,0,0,0
gp_set_0001,gp_set_0001_vid_0001,gp_139,train,1920,1440,38,10099,10136,1,1,0,10133,1,1,35,,0,0,0,1.0,0,0,0
gp_set_0001,gp_set_0001_vid_0001,gp_141,train,1920,1440,20,10136,10155,1,1,0,10152,1,1,17,,0,0,0,1.0,0,0,0
gp_set_0001,gp_set_0001_vid_0001,gp_143,train,1920,1440,28,10098,10125,1,1,0,10122,1,1,25,,0,0,0,1.0,0,0,0
gp_set_0001,gp_set_0001_vid_0001,gp_145,train,1920,1440,39,10095,10133,1,1,0,10130,1,1,36,,0,0,0,1.0,0,0,0
gp_set_0001,gp_set_0001_vid_0001,gp_147,train,1920,1440,34,10095,10128,1,1,0,10125,1,1,31,,0,0,0,1.0,0,0,0
gp_set_0001,gp_set_0001_vid_0001,gp_149,train,1920,1440,12,10131,10142,1,1,0,10139,1,1,9,,0,0,0,1.0,0,0,0
gp_set_0001,gp_set_0001_vid_0001,gp_150,train,1920,1440,15,10130,10144,1,1,0,10141,1,1,12,,0,0,0,1.0,0,0,0
gp_set_0001,gp_set_0001_vid_0001,gp_151,train,1920,1440,13,10135,10147,1,1,0,10144,1,1,10,,0,0,0,1.0,0,0,0
gp_set_0001,gp_set_0001_vid_0001,gp_152,train,1920,1440,23,10139,10161,1,1,0,10159,1,1,21,,0,0,0,1.0,0,0,0
gp_set_0001,gp_set_0001_vid_0001,gp_165,train,1920,1440,23,12919,12941,1,1,1,12919,1,1,1,12919,23,0,0,1.0,0,0,0
gp_set_0001,gp_set_0001_vid_0001,gpo_172,train,1920,1440,38,13361,13398,1,0,,,0,0,,,0,0,0,1.0,0,0,0
gp_set_0001,gp_set_0001_vid_0001,gp_173,train,1920,1440,36,13366,13401,1,1,0,13398,1,1,33,,0,0,0,1.0,0,0,0
gp_set_0001,gp_set_0001_vid_0001,gp_176,train,1920,1440,61,13474,13534,1,0,,,0,0,,,0,0,0,1.0,0,0,0
gp_set_0001,gp_set_0001_vid_0001,gp_178,train,1920,1440,63,13494,13556,1,1,0,13553,1,1,60,,0,0,0,1.0,0,0,0
gp_set_0001,gp_set_0001_vid_0001,gp_182,train,1920,1440,60,13666,13725,1,1,0,13722,1,1,57,,0,0,0,1.0,0,0,0
gp_set_0001,gp_set_0001_vid_0001,gp_184,train,1920,1440,41,13706,13746,1,1,0,13743,1,1,38,,0,0,0,1.0,0,0,0
gp_set_0001,gp_set_0001_vid_0001,gp_185,train,1920,1440,39,13706,13744,1,1,0,13741,1,1,36,,0,0,0,1.0,0,0,0
gp_set_0001,gp_set_0001_vid_0001,gp_188,train,1920,1440,50,13782,13831,1,1,0,13828,1,1,47,,0,0,0,1.0,0,0,0
gp_set_0001,gp_set_0001_vid_0001,gp_190,train,1920,1440,24,13932,13955,1,1,0,13952,1,1,21,,0,0,0,1.0,0,0,0
gp_set_0001,gp_set_0001_vid_0001,gp_192,train,1920,1440,32,14050,14081,1,1,0,14078,1,1,29,,0,0,0,1.0,0,0,0
gp_set_0001,gp_set_0001_vid_0001,gp_196,train,1920,1440,84,14304,14387,1,1,0,14361,1,1,58,,0,0,0,1.0,0,0,0
gp_set_0001,gp_set_0001_vid_0001,gp_201,train,1920,1440,37,12815,12851,1,1,0,12848,1,1,34,,0,0,0,1.0,0,0,0
gp_set_0001,gp_set_0001_vid_0001,gp_202,train,1920,1440,35,12833,12867,1,1,0,12864,1,1,32,,0,0,0,1.0,0,0,0
gp_set_0001,gp_set_0001_vid_0001,gp_204,train,1920,1440,25,12873,12897,1,1,0,12894,1,1,22,,0,0,0,1.0,0,0,0
gp_set_0001,gp_set_0001_vid_0001,gp_205,train,1920,1440,29,12873,12901,1,1,0,12898,1,1,26,,0,0,0,1.0,0,0,0
gp_set_0001,gp_set_0001_vid_0001,gp_206,train,1920,1440,25,12848,12872,1,1,0,12869,1,1,22,,0,0,0,1.0,0,0,0
gp_set_0001,gp_set_0001_vid_0001,gp_210,train,1920,1440,38,12871,12908,1,1,0,12905,1,1,35,,0,0,0,1.0,0,0,0
gp_set_0001,gp_set_0001_vid_0001,gp_211,train,1920,1440,44,12871,12914,1,1,0,12911,1,1,41,,0,0,0,1.0,0,0,0
gp_set_0001,gp_set_0001_vid_0001,gp_213,train,1920,1440,35,12846,12880,1,1,0,12877,1,1,32,,0,0,0,1.0,0,0,0
gp_set_0001,gp_set_0001_vid_0001,gp_215,train,1920,1440,25,12850,12874,1,1,0,12871,1,1,22,,0,0,0,1.0,0,0,0
gp_set_0001,gp_set_0001_vid_0001,gp_216,train,1920,1440,27,12850,12876,1,1,0,12873,1,1,24,,0,0,0,1.0,0,0,0
gp_set_0001,gp_set_0001_vid_0002,gp_238,train,1920,1440,210,147,356,1,1,0,353,1,1,207,,0,0,0,1.0,0,0,0
gp_set_0001,gp_set_0001_vid_0002,gp_244,train,1920,1440,356,462,817,1,1,0,814,1,1,353,,0,0,0,1.0,0,0,0
gp_set_0001,gp_set_0001_vid_0002,gp_381,train,1920,1440,273,464,736,1,1,0,733,1,1,270,,0,0,0,1.0,0,0,0
gp_set_0001,gp_set_0001_vid_0002,gp_382,train,1920,1440,179,470,648,1,1,0,645,1,1,176,,0,0,0,1.0,0,0,0
gp_set_0001,gp_set_0001_vid_0002,gp_384,train,1920,1440,176,607,782,1,1,0,779,1,1,173,,0,0,0,1.0,0,0,0
gp_set_0001,gp_set_0001_vid_0002,gp_387,train,1920,1440,357,473,829,1,1,0,826,1,1,354,,0,0,0,1.0,0,0,0
gp_set_0001,gp_set_0001_vid_0002,gp_391,train,1920,1440,34,1008,1041,1,1,0,1038,1,1,31,,0,0,0,1.0,0,0,0
gp_set_0001,gp_set_0001_vid_0002,gp_401,train,1920,1440,41,1056,1096,1,1,0,1093,1,1,38,,0,0,0,1.0,0,0,0
gp_set_0001,gp_set_0001_vid_0002,gp_402,train,1920,1440,70,1104,1173,1,1,0,1170,1,1,67,,0,0,0,1.0,0,0,0
gp_set_0001,gp_set_0001_vid_0002,gp_404,train,1920,1440,93,1143,1235,1,1,0,1232,1,1,90,,0,0,0,1.0,0,0,0
gp_set_0001,gp_set_0001_vid_0002,gp_405,train,1920,1440,86,1143,1228,1,1,0,1225,1,1,83,,0,0,0,1.0,0,0,0
gp_set_0001,gp_set_0001_vid_0002,gp_409,train,1920,1440,110,1121,1230,1,1,0,1227,1,1,107,,0,0,0,1.0,0,0,0
gp_set_0001,gp_set_0001_vid_0002,gp_411,train,1920,1440,30,1319,1348,1,1,0,1345,1,1,27,,0,0,0,1.0,0,0,0
gp_set_0001,gp_set_0001_vid_0002,gp_412,train,1920,1440,79,1383,1461,1,1,0,1458,1,1,76,,0,0,0,1.0,0,0,0
gp_set_0001,gp_set_0001_vid_0002,gp_5487,train,1920,1440,47,261,307,1,1,0,303,1,1,43,,0,0,0,1.0,0,0,0
gp_set_0001,gp_set_0001_vid_0002,gp_5489,train,1920,1440,47,262,308,1,1,0,304,1,1,43,,0,0,0,1.0,0,0,0
gp_set_0001,gp_set_0001_vid_0002,gp_5499,train,1920,1440,28,1325,1352,1,1,0,1347,1,1,23,,0,0,0,1.0,0,0,0
gp_set_0001,gp_set_0001_vid_0002,gp_5501,train,1920,1440,26,1328,1353,1,1,0,1350,1,1,23,,0,0,0,1.0,0,0,0
gp_set_0001,gp_set_0001_vid_0002,gp_231,train,1920,1440,197,0,196,1,1,1,110,1,1,111,100,97,0,0,1.0,0,0,0
gp_set_0001,gp_set_0001_vid_0002,gp_415,train,1920,1440,25,1825,1849,1,1,0,1842,1,1,18,,0,0,0,1.0,0,0,0
gp_set_0001,gp_set_0001_vid_0002,gp_416,train,1920,1440,35,1880,1914,1,1,0,1907,1,1,28,,0,0,0,1.0,0,0,0
gp_set_0001,gp_set_0001_vid_0002,gp_417,train,1920,1440,36,1880,1915,1,1,0,1912,1,1,33,,0,0,0,1.0,0,0,0
gp_set_0001,gp_set_0001_vid_0002,gp_421,train,1920,1440,16,2694,2709,1,1,0,2706,1,1,13,,0,0,0,1.0,0,0,0
gp_set_0001,gp_set_0001_vid_0002,gp_424,train,1920,1440,65,2989,3053,1,1,0,3046,1,1,58,,0,0,0,1.0,0,0,0
gp_set_0001,gp_set_0001_vid_0002,gp_427,train,1920,1440,30,3151,3180,1,1,0,3177,1,1,27,3151,30,0,0,1.0,0,0,0
gp_set_0001,gp_set_0001_vid_0002,gp_430,train,1920,1440,32,3151,3182,1,1,0,3179,1,1,29,,0,0,0,1.0,0,0,0
gp_set_0001,gp_set_0001_vid_0002,gp_431,train,1920,1440,35,3150,3184,1,1,0,3177,1,1,28,3150,4,0,0,1.0,0,0,0
gp_set_0001,gp_set_0001_vid_0002,gp_432,train,1920,1440,34,3154,3187,1,1,0,3184,1,1,31,,0,0,0,1.0,0,0,0
gp_set_0001,gp_set_0001_vid_0002,gp_436,train,1920,1440,36,3153,3188,1,1,0,3185,1,1,33,,0,0,0,1.0,0,0,0
gp_set_0001,gp_set_0001_vid_0002,gp_437,train,1920,1440,38,3153,3190,1,1,0,3188,1,1,36,,0,0,0,1.0,0,0,0
gp_set_0001,gp_set_0001_vid_0002,gp_447,train,1920,1440,50,5412,5461,1,1,0,5458,1,1,47,,0,0,0,1.0,0,0,0
gp_set_0001,gp_set_0001_vid_0002,gp_449,train,1920,1440,47,5539,5585,1,1,0,5582,1,1,44,,0,0,0,1.0,0,0,0
gp_set_0001,gp_set_0001_vid_0002,gp_452,train,1920,1440,28,6978,7005,1,1,0,7000,1,1,23,,0,0,0,1.0,0,0,0
gp_set_0001,gp_set_0001_vid_0002,gp_453,train,1920,1440,28,5937,5964,1,1,0,5961,1,1,25,,0,0,0,1.0,0,0,0
gp_set_0001,gp_set_0001_vid_0002,gp_457,train,1920,1440,24,8706,8729,1,1,0,8723,1,1,18,,0,0,0,1.0,0,0,0
gp_set_0001,gp_set_0001_vid_0002,gp_458,train,1920,1440,22,8706,8727,1,1,0,8723,1,1,18,,0,0,0,1.0,0,0,0
gp_set_0001,gp_set_0001_vid_0002,gp_459,train,1920,1440,20,8706,8725,1,1,0,8718,1,1,13,,0,0,0,1.0,0,0,0
gp_set_0001,gp_set_0001_vid_0002,gp_465,train,1920,1440,37,9170,9206,1,0,,,0,0,,,0,0,0,1.0,0,0,0
gp_set_0001,gp_set_0001_vid_0002,gp_466,train,1920,1440,32,9340,9371,1,1,0,9368,1,1,29,,0,0,0,1.0,0,0,0
gp_set_0001,gp_set_0001_vid_0002,gp_467,train,1920,1440,43,9356,9398,1,1,0,9395,1,1,40,,0,0,0,1.0,0,0,0
gp_set_0001,gp_set_0001_vid_0002,gp_469,train,1920,1440,42,9518,9559,1,1,0,9556,1,1,39,,0,0,0,1.0,0,0,0
gp_set_0001,gp_set_0001_vid_0002,gp_471,train,1920,1440,16,9889,9904,1,1,0,9901,1,1,13,,0,0,0,1.0,0,0,0
gp_set_0001,gp_set_0001_vid_0002,gp_472,train,1920,1440,87,10004,10090,1,1,0,10087,1,1,84,10004,87,0,0,1.0,0,0,0
gp_set_0001,gp_set_0001_vid_0002,gp_477,train,1920,1440,81,10026,10106,1,1,0,10103,1,1,78,,0,0,0,1.0,0,0,0
gp_set_0001,gp_set_0001_vid_0002,gp_478,train,1920,1440,82,10026,10107,1,1,0,10104,1,1,79,,0,0,0,1.0,0,0,0
gp_set_0001,gp_set_0001_vid_0002,gp_485,train,1920,1440,44,10185,10228,1,1,0,10225,1,1,41,,0,0,0,1.0,0,0,0
gp_set_0001,gp_set_0001_vid_0002,gp_488,train,1920,1440,26,10347,10372,1,1,0,10369,1,1,23,,0,0,0,1.0,0,0,0
gp_set_0001,gp_set_0001_vid_0002,gp_489,train,1920,1440,30,10347,10376,1,1,0,10373,1,1,27,,0,0,0,1.0,0,0,0
gp_set_0001,gp_set_0001_vid_0002,gp_490,train,1920,1440,30,10347,10376,1,1,0,10373,1,1,27,,0,0,0,1.0,0,0,0
gp_set_0001,gp_set_0001_vid_0002,gp_491,train,1920,1440,16,10347,10362,1,1,0,10359,1,1,13,,0,0,0,1.0,0,0,0
gp_set_0001,gp_set_0001_vid_0002,gp_493,train,1920,1440,6,10395,10400,1,1,0,10397,1,1,3,,0,0,0,1.0,0,0,0
gp_set_0001,gp_set_0001_vid_0002,gp_494,train,1920,1440,11,10395,10405,1,1,0,10402,1,1,8,,0,0,0,1.0,0,0,0
gp_set_0001,gp_set_0001_vid_0002,gp_495,train,1920,1440,19,10399,10417,1,1,0,10414,1,1,16,,0,0,0,1.0,0,0,0
gp_set_0001,gp_set_0001_vid_0002,gp_496,train,1920,1440,22,10399,10420,1,1,0,10417,1,1,19,,0,0,0,1.0,0,0,0
gp_set_0001,gp_set_0001_vid_0002,gp_499,train,1920,1440,18,10612,10629,1,1,0,10626,1,1,15,,0,0,0,1.0,0,0,0
gp_set_0001,gp_set_0001_vid_0002,gp_500,train,1920,1440,32,10612,10643,1,1,0,10640,1,1,29,,0,0,0,1.0,0,0,0
gp_set_0001,gp_set_0001_vid_0002,gp_501,train,1920,1440,14,10640,10653,1,1,0,10650,1,1,11,,0,0,0,1.0,0,0,0
gp_set_0001,gp_set_0001_vid_0002,gp_502,train,1920,1440,23,10655,10677,1,1,0,10674,1,1,20,,0,0,0,1.0,0,0,0
gp_set_0001,gp_set_0001_vid_0002,gp_503,train,1920,1440,29,10658,10686,1,1,0,10683,1,1,26,,0,0,0,1.0,0,0,0
gp_set_0001,gp_set_0001_vid_0002,gp_504,train,1920,1440,86,10690,10775,1,1,0,10771,1,1,82,,0,0,0,1.0,0,0,0
gp_set_0001,gp_set_0001_vid_0002,gp_5531,train,1920,1440,47,9011,9057,1,1,0,9054,1,1,44,,0,0,0,1.0,0,0,0
gp_set_0001,gp_set_0001_vid_0002,gp_5534,train,1920,1440,35,9171,9205,1,1,0,9198,1,1,28,,0,0,0,1.0,0,0,0
gp_set_0001,gp_set_0001_vid_0002,gp_5540,train,1920,1440,66,9693,9758,1,1,0,9755,1,1,63,,0,0,0,1.0,0,0,0
gp_set_0001,gp_set_0001_vid_0002,gp_5546,train,1920,1440,63,10194,10256,1,1,0,10251,1,1,58,,0,0,0,1.0,0,0,0
gp_set_0001,gp_set_0001_vid_0002,gp_509,train,1920,1440,35,10844,10878,1,1,0,10875,1,1,32,,0,0,0,1.0,0,0,0
gp_set_0001,gp_set_0001_vid_0002,gp_510,train,1920,1440,66,10882,10947,1,1,0,10882,1,1,1,10882,66,0,0,1.0,0,0,0
gp_set_0001,gp_set_0001_vid_0002,gp_512,train,1920,1440,44,11199,11242,1,1,0,11239,1,1,41,,0,0,0,1.0,0,0,0
gp_set_0001,gp_set_0001_vid_0002,gp_515,train,1920,1440,11,11202,11212,1,1,0,11209,1,1,8,,0,0,0,1.0,0,0,0
gp_set_0001,gp_set_0001_vid_0002,gp_516,train,1920,1440,8,11209,11216,1,1,0,11213,1,1,5,,0,0,0,1.0,0,0,0
gp_set_0001,gp_set_0001_vid_0002,gp_517,train,1920,1440,43,11357,11399,1,1,0,11396,1,1,40,11357,24,0,0,1.0,0,0,0
gp_set_0001,gp_set_0001_vid_0002,gp_520,train,1920,1440,43,11366,11408,1,1,0,11405,1,1,40,,0,0,0,1.0,0,0,0
gp_set_0001,gp_set_0001_vid_0002,gp_524,train,1920,1440,27,11517,11543,1,1,0,11540,1,1,24,,0,0,0,1.0,0,0,0
gp_set_0001,gp_set_0001_vid_0002,gp_528,train,1920,1440,111,11950,12060,1,1,1,11950,1,1,1,11950,111,0,0,1.0,0,0,0
gp_set_0001,gp_set_0001_vid_0002,gp_529,train,1920,1440,117,11950,12066,1,1,0,12063,1,1,114,,0,0,0,1.0,0,0,0
gp_set_0001,gp_set_0001_vid_0002,gp_540,train,1920,1440,155,12042,12196,1,1,0,12193,1,1,152,,0,0,0,1.0,0,0,0
gp_set_0001,gp_set_0001_vid_0002,gp_542,train,1920,1440,77,12147,12223,1,1,0,12220,1,1,74,,0,0,0,1.0,0,0,0
gp_set_0001,gp_set_0001_vid_0002,gp_548,train,1920,1440,21,12303,12323,1,1,0,12320,1,1,18,,0,0,0,1.0,0,0,0
gp_set_0001,gp_set_0001_vid_0002,gp_550,train,1920,1440,88,12619,12706,1,1,0,12703,1,1,85,,0,0,0,1.0,0,0,0
gp_set_0001,gp_set_0001_vid_0002,gp_555,train,1920,1440,104,12656,12759,1,1,0,12756,1,1,101,,0,0,0,1.0,0,0,0
gp_set_0001,gp_set_0001_vid_0002,gp_557,train,1920,1440,164,12686,12849,1,1,1,12846,1,1,161,12686,121,0,0,1.0,0,0,0
gp_set_0001,gp_set_0001_vid_0002,gp_560,train,1920,1440,40,12782,12821,1,1,0,12818,1,1,37,,0,0,0,1.0,0,0,0
gp_set_0001,gp_set_0001_vid_0002,gp_561,train,1920,1440,42,12782,12823,1,1,0,12820,1,1,39,,0,0,0,1.0,0,0,0
gp_set_0001,gp_set_0001_vid_0002,gp_563,train,1920,1440,33,12890,12922,1,1,0,12919,1,1,30,,0,0,0,1.0,0,0,0
gp_set_0001,gp_set_0001_vid_0002,gp_566,train,1920,1440,40,12905,12944,1,1,0,12941,1,1,37,,0,0,0,1.0,0,0,0
gp_set_0001,gp_set_0001_vid_0002,gp_567,train,1920,1440,44,12905,12948,1,1,0,12945,1,1,41,,0,0,0,1.0,0,0,0
gp_set_0001,gp_set_0001_vid_0002,gp_570,train,1920,1440,47,12956,13002,1,1,0,12999,1,1,44,,0,0,0,1.0,0,0,0
gp_set_0001,gp_set_0001_vid_0002,gp_571,train,1920,1440,57,12956,13012,1,1,0,13009,1,1,54,,0,0,0,1.0,0,0,0
gp_set_0001,gp_set_0001_vid_0002,gp_572,train,1920,1440,27,13037,13063,1,1,0,13060,1,1,24,,0,0,0,1.0,0,0,0
gp_set_0001,gp_set_0001_vid_0002,gp_573,train,1920,1440,29,13037,13065,1,1,0,13062,1,1,26,,0,0,0,1.0,0,0,0
gp_set_0001,gp_set_0001_vid_0002,gp_574,train,1920,1440,38,13058,13095,1,1,0,13092,1,1,35,,0,0,0,1.0,0,0,0
gp_set_0001,gp_set_0001_vid_0002,gp_575,train,1920,1440,292,13077,13368,1,1,1,13077,1,1,1,13077,90,0,0,1.0,0,0,0
gp_set_0001,gp_set_0001_vid_0002,gp_576,train,1920,1440,139,13077,13215,1,1,1,13077,1,1,1,13077,139,0,0,1.0,0,0,0
gp_set_0001,gp_set_0001_vid_0002,gp_588,train,1920,1440,28,13577,13604,1,1,0,13601,1,1,25,,0,0,0,1.0,0,0,0
gp_set_0001,gp_set_0001_vid_0002,gp_589,train,1920,1440,163,13797,13959,1,1,0,13956,1,1,160,,0,0,0,1.0,0,0,0
gp_set_0001,gp_set_0001_vid_0002,gp_590,train,1920,1440,168,13797,13964,1,1,0,13961,1,1,165,,0,0,0,1.0,0,0,0
gp_set_0001,gp_set_0001_vid_0002,gp_592,train,1920,1440,23,13986,14008,1,1,0,14005,1,1,20,,0,0,0,1.0,0,0,0
gp_set_0001,gp_set_0001_vid_0002,gp_597,train,1920,1440,51,14014,14064,1,1,0,14061,1,1,48,,0,0,0,1.0,0,0,0
gp_set_0001,gp_set_0001_vid_0002,gp_598,train,1920,1440,50,14014,14063,1,1,0,14060,1,1,47,,0,0,0,1.0,0,0,0
gp_set_0001,gp_set_0001_vid_0002,gp_601,train,1920,1440,62,14168,14229,1,1,0,14226,1,1,59,,0,0,0,1.0,0,0,0
gp_set_0001,gp_set_0001_vid_0002,gp_603,train,1920,1440,40,14256,14295,1,1,0,14292,1,1,37,,0,0,0,1.0,0,0,0
gp_set_0001,gp_set_0001_vid_0002,gp_609,train,1920,1440,38,14798,14835,1,1,0,14830,1,1,33,,0,0,0,1.0,0,0,0
gp_set_0001,gp_set_0001_vid_0002,gp_611,train,1920,1440,31,14831,14861,1,1,0,14858,1,1,28,,0,0,0,1.0,0,0,0
gp_set_0001,gp_set_0001_vid_0002,gp_613,train,1920,1440,37,14619,14655,1,1,0,14651,1,1,33,,0,0,0,1.0,0,0,0
gp_set_0001,gp_set_0001_vid_0002,gp_614,train,1920,1440,148,14966,15113,1,1,0,15108,1,1,143,14966,62,0,0,1.0,0,0,0
gp_set_0001,gp_set_0001_vid_0002,gp_615,train,1920,1440,74,15604,15677,1,1,0,15671,1,1,68,,0,0,0,1.0,0,0,0
gp_set_0001,gp_set_0001_vid_0002,gp_616,train,1920,1440,78,15852,15929,1,1,0,15926,1,1,75,,0,0,0,1.0,0,0,0
gp_set_0001,gp_set_0001_vid_0003,gp_4,train,1920,1440,166,300,465,1,1,0,462,1,1,163,,0,0,0,1.0,0,0,0
gp_set_0001,gp_set_0001_vid_0003,gp_12,train,1920,1440,172,446,617,1,1,0,614,1,1,169,,0,0,0,1.0,0,0,0
gp_set_0001,gp_set_0001_vid_0003,gp_15,train,1920,1440,99,633,731,1,0,,,0,0,,,0,0,0,1.0,0,0,0
gp_set_0001,gp_set_0001_vid_0003,gp_18,train,1920,1440,125,733,857,1,1,1,733,1,1,1,733,80,0,0,1.0,0,0,0
gp_set_0001,gp_set_0001_vid_0003,gp_19,train,1920,1440,108,1017,1124,1,1,0,1121,1,1,105,,0,0,0,1.0,0,0,0
gp_set_0001,gp_set_0001_vid_0003,gp_20,train,1920,1440,127,1261,1387,1,1,0,1384,1,1,124,,0,0,0,1.0,0,0,0
gp_set_0001,gp_set_0001_vid_0003,gp_21,train,1920,1440,117,593,709,1,1,0,706,1,1,114,,0,0,0,1.0,0,0,0
gp_set_0001,gp_set_0001_vid_0003,gp_22,train,1920,1440,74,909,982,1,1,0,979,1,1,71,,0,0,0,1.0,0,0,0
gp_set_0001,gp_set_0001_vid_0003,gp_23,train,1920,1440,129,1277,1405,1,1,0,1402,1,1,126,,0,0,0,1.0,0,0,0
gp_set_0001,gp_set_0001_vid_0003,gp_25,train,1920,1440,64,915,978,1,1,0,1544,0,0,,,0,0,0,1.0,0,0,0
gp_set_0001,gp_set_0001_vid_0003,gp_26,train,1920,1440,118,1417,1534,1,1,0,1531,1,1,115,,0,0,0,1.0,0,0,0
gp_set_0001,gp_set_0001_vid_0003,gp_30,train,1920,1440,177,1332,1508,1,1,0,1505,1,1,174,,0,0,0,1.0,0,0,0
gp_set_0001,gp_set_0001_vid_0003,gp_3,train,1920,1440,125,0,124,1,1,0,1,1,1,2,,0,0,0,1.0,0,0,0
gp_set_0001,gp_set_0001_vid_0003,gp_32,train,1920,1440,193,2421,2613,1,1,0,2421,1,1,1,,0,130,0,1.0,0,0,0
gp_set_0001,gp_set_0001_vid_0003,gp_33,train,1920,1440,196,2618,2813,1,1,1,2613,0,0,,2618,185,0,0,1.0,0,0,0
gp_set_0001,gp_set_0001_vid_0003,gp_34,train,1920,1440,240,2727,2966,1,1,0,2963,1,1,237,,0,0,0,1.0,0,0,0
gp_set_0001,gp_set_0001_vid_0003,gp_35,train,1920,1440,96,3312,3407,1,1,0,3404,1,1,93,,0,0,0,1.0,0,0,0
gp_set_0001,gp_set_0001_vid_0003,gp_36,train,1920,1440,69,3650,3718,1,1,0,3715,1,1,66,3650,69,0,0,1.0,0,0,0
gp_set_0001,gp_set_0001_vid_0003,gp_37,train,1920,1440,113,3643,3755,1,0,,,0,0,,3643,84,0,0,1.0,0,0,0
gp_set_0001,gp_set_0001_vid_0003,gp_39,train,1920,1440,107,3952,4058,1,1,0,4055,1,1,104,,0,0,0,1.0,0,0,0
gp_set_0001,gp_set_0001_vid_0003,gp_42,train,1920,1440,113,3994,4106,1,1,0,4103,1,1,110,,0,0,0,1.0,0,0,0
gp_set_0001,gp_set_0001_vid_0003,gp_45,train,1920,1440,120,4385,4504,1,1,0,4501,1,1,117,,0,0,0,1.0,0,0,0
gp_set_0001,gp_set_0001_vid_0003,gp_48,train,1920,1440,199,4258,4456,1,1,1,4453,1,1,196,4258,141,0,0,1.0,0,0,0
gp_set_0001,gp_set_0001_vid_0003,gp_51,train,1920,1440,117,4617,4733,1,1,0,4730,1,1,114,4617,1,0,0,1.0,0,0,0
gp_set_0001,gp_set_0001_vid_0003,gp_53,train,1920,1440,141,4593,4733,1,1,0,4730,1,1,138,,0,0,0,1.0,0,0,0
gp_set_0001,gp_set_0001_vid_0003,gp_56,train,1920,1440,199,4577,4775,1,1,0,4772,1,1,196,,0,0,0,1.0,0,0,0
gp_set_0001,gp_set_0001_vid_0003,gp_63,train,1920,1440,70,4491,4560,1,1,0,4557,1,1,67,,0,0,0,1.0,0,0,0
gp_set_0001,gp_set_0001_vid_0003,gp_67,train,1920,1440,143,5034,5176,1,1,1,5034,1,1,1,5034,143,0,0,1.0,0,0,0
gp_set_0001,gp_set_0001_vid_0003,gp_71,train,1920,1440,135,5191,5325,1,1,0,5322,1,1,132,,0,0,0,1.0,0,0,0
gp_set_0001,gp_set_0001_vid_0003,gp-73,train,1920,1440,118,3993,4110,1,0,,,0,0,,3993,8,0,0,1.0,0,0,0
gp_set_0001,gp_set_0001_vid_0003,gp_76,train,1920,1440,57,4149,4205,1,1,0,4202,1,1,54,,0,0,0,1.0,0,0,0
gp_set_0001,gp_set_0001_vid_0003,gp_81,train,1920,1440,200,4293,4492,1,1,1,4489,1,1,197,4293,115,0,0,1.0,0,0,0
gp_set_0001,gp_set_0001_vid_0003,gp_85,train,1920,1440,115,4765,4879,1,1,0,4876,1,1,112,,0,0,0,1.0,0,0,0
gp_set_0001,gp_set_0001_vid_0003,gp_89,train,1920,1440,112,4765,4876,1,1,0,4873,1,1,109,,0,0,0,1.0,0,0,0
gp_set_0001,gp_set_0001_vid_0003,gp_90,train,1920,1440,64,4878,4941,1,1,0,4938,1,1,61,,0,0,0,1.0,0,0,0
gp_set_0001,gp_set_0001_vid_0003,gp_98,train,1920,1440,65,5532,5596,1,1,0,5593,1,1,62,,0,0,0,1.0,0,0,0
gp_set_0001,gp_set_0001_vid_0003,gp_99,train,1920,1440,55,5710,5764,1,1,0,5761,1,1,52,,0,0,0,1.0,0,0,0
gp_set_0001,gp_set_0001_vid_0003,gp_100,train,1920,1440,42,5737,5778,1,1,0,5775,1,1,39,,0,0,0,1.0,0,0,0
gp_set_0001,gp_set_0001_vid_0003,gp_102,train,1920,1440,48,5800,5847,1,1,0,5844,1,1,45,,0,0,0,1.0,0,0,0
gp_set_0001,gp_set_0001_vid_0003,gp_105,train,1920,1440,59,5921,5979,1,1,0,5976,1,1,56,,0,0,0,1.0,0,0,0
gp_set_0001,gp_set_0001_vid_0003,gp_110,train,1920,1440,95,6017,6111,1,1,0,6017,1,1,1,,0,95,0,1.0,0,0,0
gp_set_0001,gp_set_0001_vid_0003,gp_111,train,1920,1440,88,6017,6104,1,1,0,6017,1,1,1,,0,88,0,1.0,0,0,0
gp_set_0001,gp_set_0001_vid_0003,gp_112,train,1920,1440,50,6069,6118,1,1,0,6115,1,1,47,,0,0,0,1.0,0,0,0
gp_set_0001,gp_set_0001_vid_0003,gp_115,train,1920,1440,102,6079,6180,1,1,0,6177,1,1,99,,0,0,0,1.0,0,0,0
gp_set_0001,gp_set_0001_vid_0003,gp_118,train,1920,1440,76,6247,6322,1,1,0,6319,1,1,73,,0,0,0,1.0,0,0,0
gp_set_0001,gp_set_0001_vid_0003,gp_119,train,1920,1440,67,6246,6312,1,1,0,6309,1,1,64,,0,0,0,1.0,0,0,0
gp_set_0001,gp_set_0001_vid_0003,gp_123,train,1920,1440,49,6436,6484,1,1,0,6481,1,1,46,,0,0,0,1.0,0,0,0
gp_set_0001,gp_set_0001_vid_0003,gp_126,train,1920,1440,117,6350,6466,1,1,0,6463,1,1,114,,0,0,0,1.0,0,0,0
gp_set_0001,gp_set_0001_vid_0003,gp_129,train,1920,1440,56,6567,6622,1,1,0,6619,1,1,53,,0,0,0,1.0,0,0,0
gp_set_0001,gp_set_0001_vid_0003,gp_133,train,1920,1440,91,6579,6669,1,1,0,6665,1,1,87,,0,0,0,1.0,0,0,0
gp_set_0001,gp_set_0001_vid_0003,gp-136,train,1920,1440,42,6665,6706,1,0,,,0,0,,,0,0,0,1.0,0,0,0
gp_set_0001,gp_set_0001_vid_0003,gp_140,train,1920,1440,51,6795,6845,1,1,0,6842,1,1,48,,0,0,0,1.0,0,0,0
gp_set_0001,gp_set_0001_vid_0003,gp_146,train,1920,1440,94,7040,7133,1,1,1,7040,1,1,1,7040,77,0,0,1.0,0,0,0
gp_set_0001,gp_set_0001_vid_0003,gp_153,train,1920,1440,143,7308,7450,1,1,0,7308,1,1,1,7308,28,0,0,1.0,0,0,0
gp_set_0001,gp_set_0001_vid_0003,gp_156,train,1920,1440,103,7456,7558,1,1,0,7555,1,1,100,,0,0,0,1.0,0,0,0
gp_set_0001,gp_set_0001_vid_0003,gp_158,train,1920,1440,74,7763,7836,1,1,0,7833,1,1,71,,0,0,0,1.0,0,0,0
gp_set_0001,gp_set_0001_vid_0003,gp_161,train,1920,1440,80,7813,7892,1,1,0,7813,1,1,1,,0,0,0,1.0,0,0,0
gp_set_0001,gp_set_0001_vid_0003,gp_164,train,1920,1440,97,7813,7909,1,0,,,0,0,,,0,0,0,1.0,0,0,0
gp_set_0001,gp_set_0001_vid_0003,gp_168,train,1920,1440,116,7889,8004,1,1,0,8001,1,1,113,,0,0,0,1.0,0,0,0
gp_set_0001,gp_set_0001_vid_0003,gp_170,train,1920,1440,133,7889,8021,1,1,0,8018,1,1,130,,0,0,0,1.0,0,0,0
gp_set_0001,gp_set_0001_vid_0003,gp_175,train,1920,1440,92,8175,8266,1,1,0,8263,1,1,89,,0,0,0,1.0,0,0,0
gp_set_0001,gp_set_0001_vid_0003,gp_179,train,1920,1440,127,8259,8385,1,1,1,8259,1,1,1,8259,127,0,0,1.0,0,0,0
gp_set_0001,gp_set_0001_vid_0003,gp_180,train,1920,1440,117,8355,8471,1,1,0,8468,1,1,114,,0,0,0,1.0,0,0,0
gp_set_0001,gp_set_0001_vid_0003,gp_187,train,1920,1440,161,8405,8565,1,1,1,8405,1,1,1,8405,135,0,0,1.0,0,0,0
gp_set_0001,gp_set_0001_vid_0003,gp_194,train,1920,1440,77,8551,8627,1,1,0,8551,1,1,1,,0,0,0,1.0,0,0,0
gp_set_0001,gp_set_0001_vid_0003,gp_198,train,1920,1440,75,8472,8546,1,1,0,8543,1,1,72,,0,0,0,1.0,0,0,0
gp_set_0001,gp_set_0001_vid_0003,gp_199,train,1920,1440,79,8532,8610,1,1,0,8607,1,1,76,8532,1,0,0,1.0,0,0,0
gp_set_0001,gp_set_0001_vid_0003,gp_207,train,1920,1440,90,8640,8729,1,1,0,8726,1,1,87,,0,0,0,1.0,0,0,0
gp_set_0001,gp_set_0001_vid_0003,gp_208,train,1920,1440,92,8640,8731,1,1,0,8728,1,1,89,,0,0,0,1.0,0,0,0
gp_set_0001,gp_set_0001_vid_0003,gp_212,train,1920,1440,66,8772,8837,1,1,0,8834,1,1,63,8772,1,0,0,1.0,0,0,0
gp_set_0001,gp_set_0001_vid_0003,gp_217,train,1920,1440,67,8782,8848,1,1,0,8845,1,1,64,,0,0,0,1.0,0,0,0
gp_set_0001,gp_set_0001_vid_0003,gp_220,train,1920,1440,46,8848,8893,1,1,0,8890,1,1,43,,0,0,0,1.0,0,0,0
gp_set_0001,gp_set_0001_vid_0003,gp_224,train,1920,1440,79,8772,8850,1,1,0,8847,1,1,76,,0,0,0,1.0,0,0,0
gp_set_0001,gp_set_0001_vid_0003,gp_228,train,1920,1440,75,9062,9136,1,1,0,9133,1,1,72,,0,0,0,1.0,0,0,0
gp_set_0001,gp_set_0001_vid_0003,gp_230,train,1920,1440,75,9063,9137,1,1,0,9134,1,1,72,,0,0,0,1.0,0,0,0
gp_set_0001,gp_set_0001_vid_0003,gp_232,train,1920,1440,59,9106,9164,1,1,0,9161,1,1,56,,0,0,0,1.0,0,0,0
gp_set_0001,gp_set_0001_vid_0003,gp_236,train,1920,1440,104,9159,9262,1,1,0,9259,1,1,101,,0,0,0,1.0,0,0,0
gp_set_0001,gp_set_0001_vid_0003,gp_239,train,1920,1440,101,9304,9404,1,1,0,9401,1,1,98,,0,0,0,1.0,0,0,0
gp_set_0001,gp_set_0001_vid_0003,gp_241,train,1920,1440,68,9065,9132,1,1,0,9129,1,1,65,,0,0,0,1.0,0,0,0
gp_set_0001,gp_set_0001_vid_0003,gp_242,train,1920,1440,72,9108,9179,1,1,0,9176,1,1,69,,0,0,0,1.0,0,0,0
gp_set_0001,gp_set_0001_vid_0003,gp_246,train,1920,1440,264,9805,10068,1,1,0,10065,1,1,261,,0,0,0,1.0,0,0,0
gp_set_0001,gp_set_0001_vid_0003,gp_247,train,1920,1440,79,10015,10093,1,1,0,10090,1,1,76,,0,0,0,1.0,0,0,0
gp_set_0001,gp_set_0001_vid_0003,gp_250,train,1920,1440,193,10029,10221,1,1,1,10029,1,1,1,10041,181,0,0,1.0,0,0,0
gp_set_0001,gp_set_0001_vid_0003,gp_254,train,1920,1440,269,10197,10465,1,1,0,10462,1,1,266,,0,0,0,1.0,0,0,0
gp_set_0001,gp_set_0001_vid_0003,gp_406,train,1920,1440,60,10453,10512,1,1,0,10509,1,1,57,,0,0,0,1.0,0,0,0
gp_set_0001,gp_set_0001_vid_0003,gp_407,train,1920,1440,74,10476,10549,1,1,0,10546,1,1,71,,0,0,0,1.0,0,0,0
gp_set_0001,gp_set_0001_vid_0003,gp_410,train,1920,1440,104,10491,10594,1,1,0,10591,1,1,101,,0,0,0,1.0,0,0,0
gp_set_0001,gp_set_0001_vid_0003,gp_413,train,1920,1440,57,10674,10730,1,1,0,10727,1,1,54,,0,0,0,1.0,0,0,0
gp_set_0001,gp_set_0001_vid_0003,gp_419,train,1920,1440,82,10785,10866,1,1,0,10863,1,1,79,,0,0,0,1.0,0,0,0
gp_set_0001,gp_set_0001_vid_0003,gp_422,train,1920,1440,101,10915,11015,1,1,0,11012,1,1,98,,0,0,0,1.0,0,0,0
gp_set_0001,gp_set_0001_vid_0003,gp_423,train,1920,1440,103,10979,11081,1,1,0,11078,1,1,100,,0,0,0,1.0,0,0,0
gp_set_0001,gp_set_0001_vid_0003,gp_426,train,1920,1440,97,11145,11241,1,1,0,11238,1,1,94,,0,0,0,1.0,0,0,0
gp_set_0001,gp_set_0001_vid_0003,gp_433,train,1920,1440,73,11146,11218,1,1,0,11215,1,1,70,,0,0,0,1.0,0,0,0
gp_set_0001,gp_set_0001_vid_0003,gp_435,train,1920,1440,59,11163,11221,1,1,0,11218,1,1,56,,0,0,0,1.0,0,0,0
gp_set_0001,gp_set_0001_vid_0003,gp_440,train,1920,1440,83,11193,11275,1,1,0,11272,1,1,80,,0,0,0,1.0,0,0,0
gp_set_0001,gp_set_0001_vid_0003,gp_442,train,1920,1440,74,11190,11263,1,1,0,11260,1,1,71,,0,0,0,1.0,0,0,0
gp_set_0001,gp_set_0001_vid_0003,gp_445,train,1920,1440,114,11567,11680,1,1,0,11677,1,1,111,,0,0,0,1.0,0,0,0
gp_set_0001,gp_set_0001_vid_0003,gp_448,train,1920,1440,92,11590,11681,1,1,0,11678,1,1,89,,0,0,0,1.0,0,0,0
gp_set_0001,gp_set_0001_vid_0003,gp_451,train,1920,1440,68,11724,11791,1,1,0,11788,1,1,65,,0,0,0,1.0,0,0,0
gp_set_0001,gp_set_0001_vid_0003,gp_454,train,1920,1440,68,11777,11844,1,1,0,11841,1,1,65,,0,0,0,1.0,0,0,0
gp_set_0001,gp_set_0001_vid_0003,gp_456,train,1920,1440,124,11882,12005,1,1,0,12002,1,1,121,,0,0,0,1.0,0,0,0
gp_set_0001,gp_set_0001_vid_0003,gp_461,train,1920,1440,94,12018,12111,1,1,0,12108,1,1,91,,0,0,0,1.0,0,0,0
gp_set_0001,gp_set_0001_vid_0003,gp_464,train,1920,1440,55,12222,12276,1,1,0,12273,1,1,52,,0,0,0,1.0,0,0,0
gp_set_0001,gp_set_0001_vid_0003,gp_474,train,1920,1440,102,12190,12291,1,1,0,12288,1,1,99,,0,0,0,1.0,0,0,0
gp_set_0001,gp_set_0001_vid_0003,gp_475,train,1920,1440,99,12190,12288,1,1,0,12285,1,1,96,,0,0,0,1.0,0,0,0
gp_set_0001,gp_set_0001_vid_0003,gp_480,train,1920,1440,59,12503,12561,1,1,0,12558,1,1,56,,0,0,0,1.0,0,0,0
gp_set_0001,gp_set_0001_vid_0003,gp_506,train,1920,1440,72,13106,13177,1,1,0,13174,1,1,69,,0,0,0,1.0,0,0,0
gp_set_0001,gp_set_0001_vid_0003,gp_508,train,1920,1440,54,13202,13255,1,1,0,13252,1,1,51,,0,0,0,1.0,0,0,0
gp_set_0001,gp_set_0001_vid_0003,gp_511,train,1920,1440,55,13275,13329,1,1,0,13326,1,1,52,,0,0,0,1.0,0,0,0
gp_set_0001,gp_set_0001_vid_0003,gp_513,train,1920,1440,52,13275,13326,1,1,0,13323,1,1,49,,0,0,0,1.0,0,0,0
gp_set_0001,gp_set_0001_vid_0003,gp_518,train,1920,1440,56,13303,13358,1,1,0,13355,1,1,53,,0,0,0,1.0,0,0,0
gp_set_0001,gp_set_0001_vid_0003,gp_521,train,1920,1440,80,13267,13346,1,1,0,13343,1,1,77,,0,0,0,1.0,0,0,0
gp_set_0001,gp_set_0001_vid_0003,gp_523,train,1920,1440,52,13341,13392,1,1,0,13389,1,1,49,,0,0,0,1.0,0,0,0
gp_set_0001,gp_set_0001_vid_0003,gp_526,train,1920,1440,103,13371,13473,1,1,0,13470,1,1,100,,0,0,0,1.0,0,0,0
gp_set_0001,gp_set_0001_vid_0003,gp_530,train,1920,1440,69,13685,13753,1,1,0,13750,1,1,66,,0,0,0,1.0,0,0,0
gp_set_0001,gp_set_0001_vid_0003,gp_533,train,1920,1440,36,13983,14018,1,1,0,14015,1,1,33,,0,0,0,1.0,0,0,0
gp_set_0001,gp_set_0001_vid_0003,gp_534,train,1920,1440,33,13983,14015,1,1,0,14012,1,1,30,,0,0,0,1.0,0,0,0
gp_set_0001,gp_set_0001_vid_0003,gp_536,train,1920,1440,22,14042,14063,1,1,0,14060,1,1,19,,0,0,0,1.0,0,0,0
gp_set_0001,gp_set_0001_vid_0003,gp_537,train,1920,1440,65,14051,14115,1,1,0,14112,1,1,62,,0,0,0,1.0,0,0,0
gp_set_0001,gp_set_0001_vid_0003,gp_542,train,1920,1440,70,14104,14173,1,1,0,14170,1,1,67,,0,0,0,1.0,0,0,0
gp_set_0001,gp_set_0001_vid_0003,gp_544,train,1920,1440,69,14104,14172,1,1,0,14769,0,0,,,0,0,0,1.0,0,0,0
gp_set_0001,gp_set_0001_vid_0003,gp_554,train,1920,1440,104,14360,14463,1,1,0,14460,1,1,101,,0,0,0,1.0,0,0,0
gp_set_0001,gp_set_0001_vid_0003,gp_553,train,1920,1440,89,14360,14448,1,1,0,14445,1,1,86,,0,0,0,1.0,0,0,0
gp_set_0001,gp_set_0001_vid_0003,gp_552,train,1920,1440,88,14360,14447,1,1,0,14444,1,1,85,,0,0,0,1.0,0,0,0
gp_set_0001,gp_set_0001_vid_0003,gp_558,train,1920,1440,85,14473,14557,1,1,0,14554,1,1,82,,0,0,0,1.0,0,0,0
gp_set_0001,gp_set_0001_vid_0003,gp_562,train,1920,1440,51,14768,14818,1,1,0,14815,1,1,48,,0,0,0,1.0,0,0,0
gp_set_0001,gp_set_0001_vid_0003,gp_565,train,1920,1440,60,14795,14854,1,1,0,14851,1,1,57,,0,0,0,1.0,0,0,0
gp_set_0001,gp_set_0001_vid_0003,gp_564,train,1920,1440,56,14795,14850,1,1,0,14847,1,1,53,,0,0,0,1.0,0,0,0
gp_set_0001,gp_set_0001_vid_0003,gp_568,train,1920,1440,61,14835,14895,1,1,0,14892,1,1,58,,0,0,0,1.0,0,0,0
gp_set_0001,gp_set_0001_vid_0003,gp_569,train,1920,1440,50,14828,14877,1,1,1,14828,1,1,1,14828,29,0,0,1.0,0,0,0
gp_set_0001,gp_set_0001_vid_0003,gp_578,train,1920,1440,115,14925,15039,1,1,1,14925,1,1,1,14925,109,0,0,1.0,0,0,0
gp_set_0001,gp_set_0001_vid_0003,gp_582,train,1920,1440,110,14925,15034,1,1,1,14925,1,1,1,14925,93,0,0,1.0,0,0,0
gp_set_0001,gp_set_0001_vid_0003,gp_583,train,1920,1440,115,14925,15039,1,1,1,14925,1,1,1,14925,115,0,0,1.0,0,0,0
gp_set_0001,gp_set_0001_vid_0003,gp_586,train,1920,1440,48,15123,15170,1,1,0,15167,1,1,45,,0,0,0,1.0,0,0,0
gp_set_0001,gp_set_0001_vid_0003,gp_593,train,1920,1440,87,15199,15285,1,1,0,15282,1,1,84,,0,0,0,1.0,0,0,0
gp_set_0001,gp_set_0001_vid_0003,gp_594,train,1920,1440,87,15199,15285,1,1,0,15282,1,1,84,,0,0,0,1.0,0,0,0
gp_set_0001,gp_set_0001_vid_0003,gp_599,train,1920,1440,186,15529,15714,1,1,1,15711,1,1,183,,0,0,0,1.0,0,0,0
gp_set_0001,gp_set_0001_vid_0003,gp_607,train,1920,1440,301,15534,15834,1,1,0,15831,1,1,298,,0,0,0,1.0,0,0,0
gp_set_0001,gp_set_0001_vid_0005,gp_403,train,1920,1440,131,908,1038,1,1,0,1035,1,1,128,,0,0,0,1.0,0,0,0
gp_set_0001,gp_set_0001_vid_0005,gp_408,train,1920,1440,159,784,942,1,1,0,939,1,1,156,,0,0,0,1.0,0,0,0
gp_set_0001,gp_set_0001_vid_0005,gp_414,train,1920,1440,66,754,819,1,1,0,816,1,1,63,,0,0,0,1.0,0,0,0
gp_set_0001,gp_set_0001_vid_0005,gp_418,train,1920,1440,42,842,883,1,1,0,880,1,1,39,,0,0,0,1.0,0,0,0
gp_set_0001,gp_set_0001_vid_0005,gp_420,train,1920,1440,179,824,1002,1,1,0,999,1,1,176,,0,0,0,1.0,0,0,0
gp_set_0001,gp_set_0001_vid_0005,gp_425,train,1920,1440,49,1329,1377,1,1,0,1374,1,1,46,,0,0,0,1.0,0,0,0
gp_set_0001,gp_set_0001_vid_0005,gp_429,train,1920,1440,54,1368,1421,1,1,0,1418,1,1,51,,0,0,0,1.0,0,0,0
gp_set_0001,gp_set_0001_vid_0005,gp_434,train,1920,1440,59,1473,1531,1,1,0,1528,1,1,56,,0,0,0,1.0,0,0,0
gp_set_0001,gp_set_0001_vid_0005,gp_438,train,1920,1440,15,1512,1526,1,1,0,1523,1,1,12,,0,0,0,1.0,0,0,0
gp_set_0001,gp_set_0001_vid_0005,gp_439,train,1920,1440,17,1498,1514,1,1,0,1511,1,1,14,,0,0,0,1.0,0,0,0
gp_set_0001,gp_set_0001_vid_0005,gp_441,train,1920,1440,4,1510,1513,1,1,0,1510,1,1,1,,0,0,0,1.0,0,0,0
gp_set_0001,gp_set_0001_vid_0005,gp_398,train,1920,1440,508,133,640,1,1,1,300,1,1,168,300,341,0,0,1.0,0,0,0
gp_set_0001,gp_set_0001_vid_0005,gp_397,train,1920,1440,559,98,656,1,1,1,300,1,1,203,300,357,0,0,1.0,0,0,0
gp_set_0001,gp_set_0001_vid_0005,gp_399,train,1920,1440,689,0,688,1,1,1,343,1,1,344,343,346,0,0,1.0,0,0,0
gp_set_0001,gp_set_0001_vid_0005,gp_443,train,1920,1440,90,1828,1917,1,1,0,1914,1,1,87,,0,0,0,1.0,0,0,0
gp_set_0001,gp_set_0001_vid_0005,gp_444,train,1920,1440,25,1943,1967,1,1,0,1964,1,1,22,,0,0,0,1.0,0,0,0
gp_set_0001,gp_set_0001_vid_0005,gp_446,train,1920,1440,56,2046,2101,1,1,0,2098,1,1,53,,0,0,0,1.0,0,0,0
gp_set_0001,gp_set_0001_vid_0005,gp_450,train,1920,1440,66,2055,2120,1,1,0,2117,1,1,63,,0,0,0,1.0,0,0,0
gp_set_0001,gp_set_0001_vid_0005,gp_455,train,1920,1440,22,2139,2160,1,1,0,2157,1,1,19,,0,0,0,1.0,0,0,0
gp_set_0001,gp_set_0001_vid_0005,gp_460,train,1920,1440,20,2145,2164,1,1,0,2161,1,1,17,,0,0,0,1.0,0,0,0
gp_set_0001,gp_set_0001_vid_0005,gp_462,train,1920,1440,18,2174,2191,1,1,0,2188,1,1,15,,0,0,0,1.0,0,0,0
gp_set_0001,gp_set_0001_vid_0005,gp_465,train,1920,1440,23,2326,2348,1,1,0,2344,1,1,19,,0,0,0,1.0,0,0,0
gp_set_0001,gp_set_0001_vid_0005,gp_468,train,1920,1440,20,2327,2346,1,1,0,2345,1,1,19,,0,0,0,1.0,0,0,0
gp_set_0001,gp_set_0001_vid_0005,gp_470,train,1920,1440,50,2363,2412,1,1,0,2409,1,1,47,,0,0,0,1.0,0,0,0
gp_set_0001,gp_set_0001_vid_0005,gp_473,train,1920,1440,69,2409,2477,1,1,0,2474,1,1,66,,0,0,0,1.0,0,0,0
gp_set_0001,gp_set_0001_vid_0005,gp_476,train,1920,1440,9,2590,2599,2,1,0,2596,1,1,7,,0,0,0,1.0,0,0,0
gp_set_0001,gp_set_0001_vid_0005,gp_479,train,1920,1440,113,2536,2648,1,1,0,2645,1,1,110,,0,0,0,1.0,0,0,0
gp_set_0001,gp_set_0001_vid_0005,gp_481,train,1920,1440,62,2619,2680,1,1,0,2677,1,1,59,,0,0,0,1.0,0,0,0
gp_set_0001,gp_set_0001_vid_0005,gp_482,train,1920,1440,27,2647,2673,1,1,0,2670,1,1,24,,0,0,0,1.0,0,0,0
gp_set_0001,gp_set_0001_vid_0005,gp_483,train,1920,1440,45,2658,2702,1,1,0,2699,1,1,42,,0,0,0,1.0,0,0,0
gp_set_0001,gp_set_0001_vid_0005,gp_484,train,1920,1440,48,2657,2704,1,1,0,2701,1,1,45,,0,0,0,1.0,0,0,0
gp_set_0001,gp_set_0001_vid_0005,gp_486,train,1920,1440,49,2662,2710,1,1,0,2707,1,1,46,,0,0,0,1.0,0,0,0
gp_set_0001,gp_set_0001_vid_0005,gp_487,train,1920,1440,25,2707,2731,1,1,0,2728,1,1,22,,0,0,0,1.0,0,0,0
gp_set_0001,gp_set_0001_vid_0005,gp_492,train,1920,1440,20,2884,2903,1,1,0,2900,1,1,17,,0,0,0,1.0,0,0,0
gp_set_0001,gp_set_0001_vid_0005,gp_497,train,1920,1440,62,2956,3017,1,1,0,3014,1,1,59,,0,0,0,1.0,0,0,0
gp_set_0001,gp_set_0001_vid_0005,gp_498,train,1920,1440,90,2961,3050,1,1,0,3047,1,1,87,,0,0,0,1.0,0,0,0
gp_set_0001,gp_set_0001_vid_0005,gp_503,train,1920,1440,55,3061,3115,1,1,0,3112,1,1,52,,0,0,0,1.0,0,0,0
gp_set_0001,gp_set_0001_vid_0005,gp_507,train,1920,1440,37,3087,3123,1,1,0,3120,1,1,34,,0,0,0,1.0,0,0,0
gp_set_0001,gp_set_0001_vid_0005,gp_514,train,1920,1440,40,3410,3449,1,1,0,3446,1,1,37,,0,0,0,1.0,0,0,0
gp_set_0001,gp_set_0001_vid_0005,gp_519,train,1920,1440,92,3441,3532,1,1,0,3529,1,1,89,,0,0,0,1.0,0,0,0
gp_set_0001,gp_set_0001_vid_0005,gp_522,train,1920,1440,43,3463,3505,1,1,0,3502,1,1,40,3463,43,0,0,1.0,0,0,0
gp_set_0001,gp_set_0001_vid_0005,gp_525,train,1920,1440,40,3497,3536,1,1,0,3533,1,1,37,,0,0,0,1.0,0,0,0
gp_set_0001,gp_set_0001_vid_0005,gp_527,train,1920,1440,37,3502,3538,1,1,0,3535,1,1,34,3502,37,0,0,1.0,0,0,0
gp_set_0001,gp_set_0001_vid_0005,gp_463,train,1920,1440,206,2049,2254,1,1,1,2049,1,1,1,2049,127,43,0,1.0,0,0,0
gp_set_0001,gp_set_0001_vid_0005,gp_531,train,1920,1440,65,3611,3675,1,1,0,3672,1,1,62,,0,0,0,1.0,0,0,0
gp_set_0001,gp_set_0001_vid_0005,gp_532,train,1920,1440,33,3611,3643,1,1,0,3640,1,1,30,,0,0,0,1.0,0,0,0
gp_set_0001,gp_set_0001_vid_0005,gp_538,train,1920,1440,50,3695,3744,1,1,0,3741,1,1,47,,0,0,0,1.0,0,0,0
gp_set_0001,gp_set_0001_vid_0005,gp_539,train,1920,1440,75,3709,3783,1,1,0,3780,1,1,72,,0,0,0,1.0,0,0,0
gp_set_0001,gp_set_0001_vid_0005,gp_541,train,1920,1440,50,3728,3777,1,1,0,3774,1,1,47,,0,0,0,1.0,0,0,0
gp_set_0001,gp_set_0001_vid_0005,gp_543,train,1920,1440,46,3726,3771,1,1,0,3738,1,1,13,,0,0,0,1.0,0,0,0
gp_set_0001,gp_set_0001_vid_0005,gp_545,train,1920,1440,56,3718,3773,1,1,0,3770,1,1,53,,0,0,0,1.0,0,0,0
gp_set_0001,gp_set_0001_vid_0005,gp_547,train,1920,1440,25,3904,3928,1,1,0,3925,1,1,22,,0,0,0,1.0,0,0,0
gp_set_0001,gp_set_0001_vid_0005,gp_549,train,1920,1440,73,4047,4119,1,1,0,4116,1,1,70,,0,0,0,1.0,0,0,0
gp_set_0001,gp_set_0001_vid_0005,gp_551,train,1920,1440,70,4277,4346,1,1,0,4343,1,1,67,,0,0,0,1.0,0,0,0
gp_set_0001,gp_set_0001_vid_0005,gp_556,train,1920,1440,59,4318,4376,1,1,0,4373,1,1,56,,0,0,0,1.0,0,0,0
gp_set_0001,gp_set_0001_vid_0005,gp_559,train,1920,1440,60,4355,4414,1,1,0,4411,1,1,57,,0,0,0,1.0,0,0,0
gp_set_0001,gp_set_0001_vid_0005,gp_577,train,1920,1440,7,8247,8253,1,1,0,8250,1,1,4,,0,0,0,1.0,0,0,0
gp_set_0001,gp_set_0001_vid_0005,gp_579,train,1920,1440,32,8345,8376,1,1,0,8373,1,1,29,,0,0,0,1.0,0,0,0
gp_set_0001,gp_set_0001_vid_0005,gp_580,train,1920,1440,117,8381,8497,1,1,0,8494,1,1,114,,0,0,0,1.0,0,0,0
gp_set_0001,gp_set_0001_vid_0005,gp_581,train,1920,1440,73,8401,8473,1,1,0,8470,1,1,70,,0,0,0,1.0,0,0,0
gp_set_0001,gp_set_0001_vid_0005,gp_584,train,1920,1440,47,8462,8508,1,1,0,5805,0,0,,8462,2,0,0,1.0,0,0,0
gp_set_0001,gp_set_0001_vid_0005,gp_585,train,1920,1440,48,8464,8511,1,1,0,8508,1,1,45,,0,0,0,1.0,0,0,0
gp_set_0001,gp_set_0001_vid_0005,gp_587,train,1920,1440,54,8502,8555,1,1,0,8552,1,1,51,,0,0,0,1.0,0,0,0
gp_set_0001,gp_set_0001_vid_0005,gp_588,train,1920,1440,122,8553,8674,1,1,0,8671,1,1,119,,0,0,0,1.0,0,0,0
gp_set_0001,gp_set_0001_vid_0005,gp_591,train,1920,1440,76,8634,8709,1,1,0,8706,1,1,73,,0,0,0,1.0,0,0,0
gp_set_0001,gp_set_0001_vid_0005,gp_595,train,1920,1440,19,8670,8688,1,1,0,8685,1,1,16,,0,0,0,1.0,0,0,0
gp_set_0001,gp_set_0001_vid_0005,gp_596,train,1920,1440,72,8657,8728,1,1,0,8725,1,1,69,,0,0,0,1.0,0,0,0
gp_set_0001,gp_set_0001_vid_0005,gp_600,train,1920,1440,79,8662,8740,1,1,0,8737,1,1,76,,0,0,0,1.0,0,0,0
gp_set_0001,gp_set_0001_vid_0005,gp_602,train,1920,1440,76,8664,8739,1,1,0,8736,1,1,73,,0,0,0,1.0,0,0,0
gp_set_0001,gp_set_0001_vid_0005,gp_604,train,1920,1440,72,8783,8854,1,1,0,8851,1,1,69,,0,0,0,1.0,0,0,0
gp_set_0001,gp_set_0001_vid_0005,gp_605,train,1920,1440,78,8807,8884,1,1,0,8881,1,1,75,,0,0,0,1.0,0,0,0
gp_set_0001,gp_set_0001_vid_0005,gp_606,train,1920,1440,68,8826,8893,1,1,0,8890,1,1,65,,0,0,0,1.0,0,0,0
gp_set_0001,gp_set_0001_vid_0005,gp_610,train,1920,1440,17,8990,9006,1,1,0,9003,1,1,14,,0,0,0,1.0,0,0,0
gp_set_0001,gp_set_0001_vid_0005,gp_612,train,1920,1440,83,9004,9086,1,1,0,9083,1,1,80,,0,0,0,1.0,0,0,0
gp_set_0001,gp_set_0001_vid_0005,gp_616,train,1920,1440,9,9332,9340,1,1,0,9337,1,1,6,,0,0,0,1.0,0,0,0
gp_set_0001,gp_set_0001_vid_0005,gp_680,train,1920,1440,25,9381,9405,1,1,0,9402,1,1,22,,0,0,0,1.0,0,0,0
gp_set_0001,gp_set_0001_vid_0005,gp_682,train,1920,1440,24,9411,9434,1,1,0,9431,1,1,21,,0,0,0,1.0,0,0,0
gp_set_0001,gp_set_0001_vid_0005,gp_683,train,1920,1440,25,9616,9640,1,1,0,9637,1,1,22,,0,0,0,1.0,0,0,0
gp_set_0001,gp_set_0001_vid_0005,gp_686,train,1920,1440,44,9999,10042,1,1,0,10039,1,1,41,,0,0,0,1.0,0,0,0
gp_set_0001,gp_set_0001_vid_0005,gp_687,train,1920,1440,38,10002,10039,1,1,0,10036,1,1,35,,0,0,0,1.0,0,0,0
gp_set_0001,gp_set_0001_vid_0005,gp_692,train,1920,1440,31,10276,10306,1,1,0,10303,1,1,28,,0,0,0,1.0,0,0,0
gp_set_0001,gp_set_0001_vid_0005,gp_694,train,1920,1440,16,10309,10324,1,1,0,10321,1,1,13,,0,0,0,1.0,0,0,0
gp_set_0001,gp_set_0001_vid_0005,gp_695,train,1920,1440,21,10306,10326,1,1,0,10323,1,1,18,,0,0,0,1.0,0,0,0
gp_set_0001,gp_set_0001_vid_0005,gp_696,train,1920,1440,51,10380,10430,1,1,0,10427,1,1,48,,0,0,0,1.0,0,0,0
gp_set_0001,gp_set_0001_vid_0005,gp_698,train,1920,1440,28,10418,10445,1,1,0,10442,1,1,25,,0,0,0,1.0,0,0,0
gp_set_0001,gp_set_0001_vid_0005,gp_699,train,1920,1440,23,10428,10450,1,1,0,10447,1,1,20,,0,0,0,1.0,0,0,0
gp_set_0001,gp_set_0001_vid_0005,gp_701,train,1920,1440,130,10607,10736,1,1,0,10733,1,1,127,,0,0,0,1.0,0,0,0
gp_set_0001,gp_set_0001_vid_0005,gp_346,train,1920,1440,84,10851,10934,1,1,0,10931,1,1,81,,0,0,0,1.0,0,0,0
gp_set_0001,gp_set_0001_vid_0005,gp_353,train,1920,1440,93,11228,11320,1,1,0,11317,1,1,90,,0,0,0,1.0,0,0,0
gp_set_0001,gp_set_0001_vid_0005,gp_354,train,1920,1440,47,11296,11342,1,1,0,11339,1,1,44,,0,0,0,1.0,0,0,0
gp_set_0001,gp_set_0001_vid_0005,gp_392,train,1920,1440,20,11446,11465,1,1,0,11462,1,1,17,,0,0,0,1.0,0,0,0
gp_set_0001,gp_set_0001_vid_0005,gp_355,train,1920,1440,87,11424,11510,1,1,0,11507,1,1,84,,0,0,0,1.0,0,0,0
gp_set_0001,gp_set_0001_vid_0005,gp_357,train,1920,1440,83,11433,11515,1,1,0,11512,1,1,80,,0,0,0,1.0,0,0,0
gp_set_0001,gp_set_0001_vid_0005,gp_356,train,1920,1440,78,11434,11511,1,1,0,11508,1,1,75,,0,0,0,1.0,0,0,0
gp_set_0001,gp_set_0001_vid_0005,gp_358,train,1920,1440,32,11483,11514,1,1,0,11511,1,1,29,11506,1,0,0,1.0,0,0,0
gp_set_0001,gp_set_0001_vid_0005,gp_359,train,1920,1440,78,11481,11558,1,1,0,11555,1,1,75,,0,0,0,1.0,0,0,0
gp_set_0001,gp_set_0001_vid_0005,gp_360,train,1920,1440,79,11644,11722,1,1,0,11719,1,1,76,,0,0,0,1.0,0,0,0
gp_set_0001,gp_set_0001_vid_0005,gp_361,train,1920,1440,66,11716,11781,1,1,0,11778,1,1,63,,0,0,0,1.0,0,0,0
gp_set_0001,gp_set_0001_vid_0005,gp_362,train,1920,1440,34,11786,11819,1,1,0,11816,1,1,31,,0,0,0,1.0,0,0,0
gp_set_0001,gp_set_0001_vid_0005,gp_364,train,1920,1440,66,11886,11951,1,1,0,11948,1,1,63,,0,0,0,1.0,0,0,0
gp_set_0001,gp_set_0001_vid_0005,gp_365,train,1920,1440,49,11905,11953,1,1,0,11950,1,1,46,,0,0,0,1.0,0,0,0
gp_set_0001,gp_set_0001_vid_0005,gp_366,train,1920,1440,73,12058,12130,1,1,0,12127,1,1,70,,0,0,0,1.0,0,0,0
gp_set_0001,gp_set_0001_vid_0005,gp_367,train,1920,1440,94,12540,12633,1,1,0,12566,1,1,27,12587,1,59,0,1.0,0,0,0
gp_set_0001,gp_set_0001_vid_0005,gp_363,train,1920,1440,43,11788,11830,1,1,0,11827,1,1,40,,0,0,0,1.0,0,0,0
gp_set_0001,gp_set_0001_vid_0005,gp_350,train,1920,1440,23,11023,11045,1,1,0,11042,1,1,20,,0,0,0,1.0,0,0,0
gp_set_0001,gp_set_0001_vid_0005,gp_393,train,1920,1440,41,11046,11086,1,1,0,11083,1,1,38,,0,0,0,1.0,0,0,0
gp_set_0001,gp_set_0001_vid_0005,gp_347,train,1920,1440,257,10862,11118,1,1,1,10862,1,1,1,10862,257,0,0,1.0,0,0,0
gp_set_0001,gp_set_0001_vid_0005,gp_348,train,1920,1440,261,10874,11134,1,1,1,10874,1,1,1,10874,261,0,0,1.0,0,0,0
gp_set_0001,gp_set_0001_vid_0005,gp_349,train,1920,1440,255,10868,11122,1,1,1,10868,1,1,1,10868,255,0,0,1.0,0,0,0
gp_set_0001,gp_set_0001_vid_0005,gp_351,train,1920,1440,288,10951,11238,1,1,1,10951,1,1,1,10951,288,0,0,1.0,0,0,0
gp_set_0001,gp_set_0001_vid_0005,gp_352,train,1920,1440,148,11101,11248,1,1,1,11101,1,1,1,11101,148,0,0,1.0,0,0,0
gp_set_0001,gp_set_0001_vid_0005,gp_622,train,1920,1440,86,12672,12757,1,1,0,12754,1,1,83,,0,0,0,1.0,0,0,0
gp_set_0001,gp_set_0001_vid_0005,gp_623,train,1920,1440,80,12756,12835,1,1,0,12832,1,1,77,,0,0,0,1.0,0,0,0
gp_set_0001,gp_set_0001_vid_0005,gp_624,train,1920,1440,48,12780,12827,1,1,0,12824,1,1,45,,0,0,0,1.0,0,0,0
gp_set_0001,gp_set_0001_vid_0005,gp_625,train,1920,1440,15,12982,12996,1,1,0,12993,1,1,12,,0,0,0,1.0,0,0,0
gp_set_0001,gp_set_0001_vid_0005,gp_155,train,1920,1440,11,13043,13053,1,1,0,13050,1,1,8,,0,0,0,1.0,0,0,0
gp_set_0001,gp_set_0001_vid_0005,gp_156,train,1920,1440,7,13062,13068,1,1,0,13065,1,1,4,,0,0,0,1.0,0,0,0
gp_set_0001,gp_set_0001_vid_0005,gp_630,train,1920,1440,44,13384,13427,1,1,0,13424,1,1,41,,0,0,0,1.0,0,0,0
gp_set_0001,gp_set_0001_vid_0005,gp_629,train,1920,1440,34,13384,13417,1,1,0,13414,1,1,31,,0,0,0,1.0,0,0,0
gp_set_0001,gp_set_0001_vid_0005,gp_628,train,1920,1440,13,13384,13396,1,1,0,13393,1,1,10,,0,0,0,1.0,0,0,0
gp_set_0001,gp_set_0001_vid_0005,gp_631,train,1920,1440,33,13406,13438,1,1,0,13435,1,1,30,,0,0,0,1.0,0,0,0
gp_set_0001,gp_set_0001_vid_0005,gp_632,train,1920,1440,16,13424,13439,1,1,0,13436,1,1,13,,0,0,0,1.0,0,0,0
gp_set_0001,gp_set_0001_vid_0005,gp_633,train,1920,1440,27,13433,13459,1,1,0,13456,1,1,24,,0,0,0,1.0,0,0,0
gp_set_0001,gp_set_0001_vid_0005,gp_634,train,1920,1440,41,13450,13490,1,1,0,13487,1,1,38,,0,0,0,1.0,0,0,0
gp_set_0001,gp_set_0001_vid_0005,gp_635,train,1920,1440,63,13563,13625,1,1,0,13622,1,1,60,,0,0,0,1.0,0,0,0
gp_set_0001,gp_set_0001_vid_0005,gp_626,train,1920,1440,46,13224,13269,1,1,0,13266,1,1,43,,0,0,0,1.0,0,0,0
gp_set_0001,gp_set_0001_vid_0005,gp_627,train,1920,1440,49,13224,13272,1,1,0,13269,1,1,46,,0,0,0,1.0,0,0,0
gp_set_0001,gp_set_0001_vid_0005,gp_636,train,1920,1440,70,13587,13656,1,1,0,13653,1,1,67,,0,0,0,1.0,0,0,0
gp_set_0001,gp_set_0001_vid_0005,gp_641,train,1920,1440,105,13694,13798,1,1,0,13795,1,1,102,13694,26,0,0,1.0,0,0,0
gp_set_0001,gp_set_0001_vid_0005,gp_1115,train,1920,1440,12,13773,13784,1,1,0,13781,1,1,9,,0,0,0,1.0,0,0,0
gp_set_0001,gp_set_0001_vid_0005,gp_642,train,1920,1440,99,13692,13790,1,1,0,13787,1,1,96,13692,94,0,0,1.0,0,0,0
gp_set_0001,gp_set_0001_vid_0005,gp_644,train,1920,1440,52,13749,13800,1,1,0,13797,1,1,49,,0,0,0,1.0,0,0,0
gp_set_0001,gp_set_0001_vid_0005,gp_643,train,1920,1440,86,13707,13792,1,1,0,13789,1,1,83,13717,20,0,0,1.0,0,0,0
gp_set_0001,gp_set_0001_vid_0005,gp_1121,train,1920,1440,33,13773,13805,1,1,0,13802,1,1,30,,0,0,0,1.0,0,0,0
gp_set_0001,gp_set_0001_vid_0005,gp_647,train,1920,1440,79,13890,13968,1,1,0,13965,1,1,76,,0,0,0,1.0,0,0,0
gp_set_0001,gp_set_0001_vid_0005,gp_648,train,1920,1440,44,13917,13960,1,1,0,13957,1,1,41,,0,0,0,1.0,0,0,0
gp_set_0001,gp_set_0001_vid_0005,gp_649,train,1920,1440,18,14003,14020,1,1,0,14017,1,1,15,,0,0,0,1.0,0,0,0
gp_set_0001,gp_set_0001_vid_0005,gp_650,train,1920,1440,37,14014,14050,1,1,0,14047,1,1,34,,0,0,0,1.0,0,0,0
gp_set_0001,gp_set_0001_vid_0005,gp_660,train,1920,1440,38,14020,14057,1,1,0,14054,1,1,35,,0,0,0,1.0,0,0,0
gp_set_0001,gp_set_0001_vid_0005,gp_661,train,1920,1440,62,14067,14128,1,1,0,14125,1,1,59,,0,0,0,1.0,0,0,0
gp_set_0001,gp_set_0001_vid_0005,gp_666,train,1920,1440,30,14163,14192,1,1,0,14193,0,0,,,0,0,0,1.0,0,0,0
gp_set_0001,gp_set_0001_vid_0005,gp_668,train,1920,1440,30,14166,14195,1,1,0,14192,1,1,27,,0,0,0,1.0,0,0,0
gp_set_0001,gp_set_0001_vid_0005,gp_671,train,1920,1440,27,14170,14196,1,1,0,14189,1,1,20,,0,0,0,1.0,0,0,0
gp_set_0001,gp_set_0001_vid_0005,gp_673,train,1920,1440,22,14321,14342,1,1,0,14339,1,1,19,,0,0,0,1.0,0,0,0
gp_set_0001,gp_set_0001_vid_0005,gp_676,train,1920,1440,14,14332,14345,1,1,0,14342,1,1,11,,0,0,0,1.0,0,0,0
gp_set_0001,gp_set_0001_vid_0005,gp_678,train,1920,1440,7,14358,14364,1,1,0,14361,1,1,4,,0,0,0,1.0,0,0,0
gp_set_0001,gp_set_0001_vid_0005,gp_637,train,1920,1440,196,13612,13807,1,1,1,13634,1,1,23,13634,174,0,0,1.0,0,0,0
gp_set_0001,gp_set_0001_vid_0005,gp_638,train,1920,1440,233,13603,13835,1,1,1,13603,1,1,1,13603,233,0,0,1.0,0,0,0
gp_set_0001,gp_set_0001_vid_0005,gp_640,train,1920,1440,139,13659,13797,1,1,1,13668,1,1,10,13668,130,0,0,1.0,0,0,0
gp_set_0001,gp_set_0001_vid_0005,gp_639,train,1920,1440,252,13561,13812,1,1,1,13561,1,1,1,13561,226,0,0,1.0,0,0,0
gp_set_0001,gp_set_0001_vid_0005,gp_645,train,1920,1440,199,13645,13843,1,1,1,13645,1,1,1,13645,199,0,0,1.0,0,0,0
gp_set_0001,gp_set_0001_vid_0005,gp_646,train,1920,1440,190,13649,13838,1,1,1,13649,1,1,1,13649,151,0,0,1.0,0,0,0
gp_set_0001,gp_set_0001_vid_0005,gp_706,train,1920,1440,52,14443,14494,1,1,0,14491,1,1,49,,0,0,0,1.0,0,0,0
gp_set_0001,gp_set_0001_vid_0005,gp_708,train,1920,1440,42,14547,14588,1,1,0,14585,1,1,39,,0,0,0,1.0,0,0,0
gp_set_0001,gp_set_0001_vid_0005,gp_713,train,1920,1440,37,14547,14583,1,1,0,14580,1,1,34,,0,0,0,1.0,0,0,0
gp_set_0001,gp_set_0001_vid_0005,gp_714,train,1920,1440,39,14555,14593,1,1,0,14590,1,1,36,,0,0,0,1.0,0,0,0
gp_set_0001,gp_set_0001_vid_0005,gp_717,train,1920,1440,23,14574,14596,1,1,0,14593,1,1,20,,0,0,0,1.0,0,0,0
gp_set_0001,gp_set_0001_vid_0005,gp_722,train,1920,1440,31,14660,14690,1,1,0,14687,1,1,28,,0,0,0,1.0,0,0,0
gp_set_0001,gp_set_0001_vid_0005,gp_723,train,1920,1440,18,14789,14806,1,1,0,14803,1,1,15,,0,0,0,1.0,0,0,0
gp_set_0001,gp_set_0001_vid_0005,gp_726,train,1920,1440,32,14827,14858,1,1,0,14855,1,1,29,,0,0,0,1.0,0,0,0
gp_set_0001,gp_set_0001_vid_0005,gp_727,train,1920,1440,76,14827,14902,1,1,0,14899,1,1,73,,0,0,0,1.0,0,0,0
gp_set_0001,gp_set_0001_vid_0005,gp_729,train,1920,1440,23,14870,14892,1,1,0,14889,1,1,20,,0,0,0,1.0,0,0,0
gp_set_0001,gp_set_0001_vid_0005,gp_733,train,1920,1440,34,14972,15005,1,1,0,15002,1,1,31,,0,0,0,1.0,0,0,0
gp_set_0001,gp_set_0001_vid_0005,gp_735,train,1920,1440,32,14978,15009,1,1,0,15006,1,1,29,,0,0,0,1.0,0,0,0
gp_set_0001,gp_set_0001_vid_0005,gp_746,train,1920,1440,75,16822,16896,1,1,0,16893,1,1,72,,0,0,0,1.0,0,0,0
gp_set_0001,gp_set_0001_vid_0005,gp_748,train,1920,1440,16,16823,16838,1,1,0,16835,1,1,13,,0,0,0,1.0,0,0,0
gp_set_0001,gp_set_0001_vid_0005,gp_750,train,1920,1440,121,16987,17107,1,1,0,17104,1,1,118,,0,0,0,1.0,0,0,0
gp_set_0001,gp_set_0001_vid_0005,gp_760,train,1920,1440,34,17440,17473,1,1,0,17470,1,1,31,,0,0,0,1.0,0,0,0
gp_set_0001,gp_set_0001_vid_0005,gp_762,train,1920,1440,39,17474,17512,1,1,0,17509,1,1,36,,0,0,0,1.0,0,0,0
gp_set_0001,gp_set_0001_vid_0005,gp_764,train,1920,1440,108,17624,17731,1,1,0,17728,1,1,105,,0,0,0,1.0,0,0,0
gp_set_0001,gp_set_0001_vid_0005,gp_766,train,1920,1440,96,17669,17764,1,1,0,17761,1,1,93,,0,0,0,1.0,0,0,0
gp_set_0001,gp_set_0001_vid_0005,gp_770,train,1920,1440,29,17700,17728,1,1,0,17725,1,1,26,,0,0,0,1.0,0,0,0
gp_set_0001,gp_set_0001_vid_0005,gp_772,train,1920,1440,39,17719,17757,1,1,0,17754,1,1,36,,0,0,0,1.0,0,0,0
gp_set_0001,gp_set_0001_vid_0005,gp_773,train,1920,1440,23,17722,17744,1,1,0,17741,1,1,20,,0,0,0,1.0,0,0,0
gp_set_0001,gp_set_0001_vid_0005,gp_776,train,1920,1440,16,17734,17749,1,1,0,17746,1,1,13,,0,0,0,1.0,0,0,0
gp_set_0001,gp_set_0001_vid_0005,gp_778,train,1920,1440,23,17710,17732,1,1,0,17729,1,1,20,,0,0,0,1.0,0,0,0
gp_set_0001,gp_set_0001_vid_0005,gp_779,train,1920,1440,18,17703,17720,1,1,0,17717,1,1,15,,0,0,0,1.0,0,0,0
gp_set_0001,gp_set_0001_vid_0005,gp_780,train,1920,1440,26,17714,17739,1,1,0,17736,1,1,23,,0,0,0,1.0,0,0,0
gp_set_0001,gp_set_0001_vid_0005,gp_781,train,1920,1440,33,17694,17726,1,1,0,17723,1,1,30,,0,0,0,1.0,0,0,0
gp_set_0001,gp_set_0001_vid_0005,gp_785,train,1920,1440,29,17743,17771,1,1,0,17768,1,1,26,,0,0,0,1.0,0,0,0
gp_set_0001,gp_set_0001_vid_0005,gp_786,train,1920,1440,19,17774,17792,1,1,0,17789,1,1,16,,0,0,0,1.0,0,0,0
gp_set_0001,gp_set_0001_vid_0005,gp_789,train,1920,1440,31,17723,17753,1,1,0,17750,1,1,28,,0,0,0,1.0,0,0,0
gp_set_0001,gp_set_0001_vid_0005,gp_791,train,1920,1440,40,17739,17778,1,1,0,17775,1,1,37,,0,0,0,1.0,0,0,0
gp_set_0001,gp_set_0001_vid_0005,gp_806,train,1920,1440,13,17788,17800,1,1,0,17797,1,1,10,,0,0,0,1.0,0,0,0
gp_set_0001,gp_set_0001_vid_0005,gp_807,train,1920,1440,17,17799,17815,1,1,0,17812,1,1,14,,0,0,0,1.0,0,0,0
gp_set_0001,gp_set_0001_vid_0005,gp_809,train,1920,1440,22,17811,17832,1,1,0,17829,1,1,19,,0,0,0,1.0,0,0,0
gp_set_0001,gp_set_0001_vid_0005,gp_811,train,1920,1440,41,17834,17874,1,1,0,17871,1,1,38,,0,0,0,1.0,0,0,0
gp_set_0001,gp_set_0001_vid_0005,gp_813,train,1920,1440,26,17897,17922,1,1,0,17919,1,1,23,,0,0,0,1.0,0,0,0
gp_set_0001,gp_set_0001_vid_0005,gp_818,train,1920,1440,11,17851,17861,1,1,0,17858,1,1,8,,0,0,0,1.0,0,0,0
gp_set_0001,gp_set_0001_vid_0005,gp_822,train,1920,1440,8,18023,18030,1,1,0,18027,1,1,5,,0,0,0,1.0,0,0,0
gp_set_0001,gp_set_0001_vid_0005,gp_823,train,1920,1440,12,18054,18065,1,1,0,18062,1,1,9,,0,0,0,1.0,0,0,0
gp_set_0001,gp_set_0001_vid_0005,gp_827,train,1920,1440,17,18065,18081,1,1,0,18078,1,1,14,,0,0,0,1.0,0,0,0
gp_set_0001,gp_set_0001_vid_0005,gp_830,train,1920,1440,15,18075,18089,1,1,0,18087,1,1,13,,0,0,0,1.0,0,0,0
gp_set_0001,gp_set_0001_vid_0005,gp_833,train,1920,1440,15,18106,18120,1,1,0,18117,1,1,12,,0,0,0,1.0,0,0,0
gp_set_0001,gp_set_0001_vid_0005,gp_834,train,1920,1440,15,18114,18128,1,1,0,18126,1,1,13,,0,0,0,1.0,0,0,0
gp_set_0001,gp_set_0001_vid_0005,gp_836,train,1920,1440,15,18121,18135,1,1,0,18132,1,1,12,,0,0,0,1.0,0,0,0
gp_set_0001,gp_set_0001_vid_0005,gp_839,train,1920,1440,18,18124,18141,1,1,0,18138,1,1,15,,0,0,0,1.0,0,0,0
gp_set_0001,gp_set_0001_vid_0005,gp_840,train,1920,1440,17,18130,18146,1,1,0,18143,1,1,14,,0,0,0,1.0,0,0,0
gp_set_0001,gp_set_0001_vid_0005,gp_841,train,1920,1440,29,18150,18178,1,1,0,18175,1,1,26,,0,0,0,1.0,0,0,0
gp_set_0001,gp_set_0001_vid_0005,gp_843,train,1920,1440,52,18176,18227,1,1,0,18224,1,1,49,,0,0,0,1.0,0,0,0
gp_set_0001,gp_set_0001_vid_0005,gp_844,train,1920,1440,73,18180,18252,1,1,0,18249,1,1,70,,0,0,0,1.0,0,0,0
gp_set_0001,gp_set_0001_vid_0005,gp_847,train,1920,1440,73,18195,18267,1,1,0,18265,1,1,71,,0,0,0,1.0,0,0,0
gp_set_0001,gp_set_0001_vid_0005,gp_849,train,1920,1440,46,18213,18258,1,1,0,18255,1,1,43,,0,0,0,1.0,0,0,0
gp_set_0001,gp_set_0001_vid_0005,gp_850,train,1920,1440,19,18274,18292,1,1,0,18289,1,1,16,,0,0,0,1.0,0,0,0
gp_set_0001,gp_set_0001_vid_0005,gp_851,train,1920,1440,40,18223,18262,1,1,0,18259,1,1,37,,0,0,0,1.0,0,0,0
gp_set_0001,gp_set_0001_vid_0005,gp_854,train,1920,1440,54,18236,18289,1,1,0,18286,1,1,51,,0,0,0,1.0,0,0,0
gp_set_0001,gp_set_0001_vid_0005,gp_855,train,1920,1440,59,18350,18408,1,1,0,18405,1,1,56,,0,0,0,1.0,0,0,0
gp_set_0001,gp_set_0001_vid_0005,gp_860,train,1920,1440,54,18370,18423,1,1,0,18420,1,1,51,,0,0,0,1.0,0,0,0
gp_set_0001,gp_set_0001_vid_0005,gp_861,train,1920,1440,36,18404,18439,1,1,0,18436,1,1,33,,0,0,0,1.0,0,0,0
gp_set_0001,gp_set_0001_vid_0005,gp_863,train,1920,1440,12,18450,18461,1,1,0,18458,1,1,9,,0,0,0,1.0,0,0,0
gp_set_0001,gp_set_0001_vid_0005,gp_867,train,1920,1440,57,18549,18605,1,1,0,18602,1,1,54,,0,0,0,1.0,0,0,0
gp_set_0001,gp_set_0001_vid_0005,gp_874,train,1920,1440,53,18563,18615,1,1,0,18613,1,1,51,,0,0,0,1.0,0,0,0
gp_set_0001,gp_set_0001_vid_0005,gp_883,train,1920,1440,65,19198,19262,1,1,0,19259,1,1,62,,0,0,0,1.0,0,0,0
gp_set_0001,gp_set_0001_vid_0005,gp_888,train,1920,1440,93,19441,19533,1,1,0,19530,1,1,90,,0,0,0,1.0,0,0,0
gp_set_0001,gp_set_0001_vid_0005,gp_891,train,1920,1440,53,19779,19831,1,1,0,19828,1,1,50,,0,0,0,1.0,0,0,0
gp_set_0001,gp_set_0001_vid_0005,gp_893,train,1920,1440,76,19790,19865,1,1,0,19862,1,1,73,,0,0,0,1.0,0,0,0
gp_set_0001,gp_set_0001_vid_0005,gp_897,train,1920,1440,43,19838,19880,1,1,0,19877,1,1,40,,0,0,0,1.0,0,0,0
gp_set_0001,gp_set_0001_vid_0005,gp_899,train,1920,1440,42,19854,19895,1,1,0,19892,1,1,39,,0,0,0,1.0,0,0,0
gp_set_0001,gp_set_0001_vid_0005,gp_900,train,1920,1440,35,19938,19972,1,1,0,19969,1,1,32,,0,0,0,1.0,0,0,0
gp_set_0001,gp_set_0001_vid_0005,gp_907,train,1920,1440,37,20135,20171,1,1,0,20168,1,1,34,,0,0,0,1.0,0,0,0
gp_set_0001,gp_set_0001_vid_0005,gp_910,train,1920,1440,57,20136,20192,1,1,0,20189,1,1,54,20136,10,0,0,1.0,0,0,0
gp_set_0001,gp_set_0001_vid_0005,gp_912,train,1920,1440,56,20149,20204,1,1,0,20201,1,1,53,,0,0,0,1.0,0,0,0
gp_set_0001,gp_set_0001_vid_0005,gp_913,train,1920,1440,23,20205,20227,1,1,0,20224,1,1,20,,0,0,0,1.0,0,0,0
gp_set_0001,gp_set_0001_vid_0005,gp_915,train,1920,1440,21,20222,20242,1,1,0,20239,1,1,18,,0,0,0,1.0,0,0,0
gp_set_0001,gp_set_0001_vid_0005,gp_919,train,1920,1440,7,20255,20261,1,1,0,20258,1,1,4,,0,0,0,1.0,0,0,0
gp_set_0001,gp_set_0001_vid_0005,gp_921,train,1920,1440,114,20294,20407,1,1,0,20404,1,1,111,,0,0,0,1.0,0,0,0
gp_set_0001,gp_set_0001_vid_0005,gp_925,train,1920,1440,68,20298,20365,1,1,0,20362,1,1,65,,0,0,0,1.0,0,0,0
gp_set_0001,gp_set_0001_vid_0005,gp_928,train,1920,1440,42,20300,20341,1,1,0,20338,1,1,39,,0,0,0,1.0,0,0,0
gp_set_0001,gp_set_0001_vid_0005,gp_929,train,1920,1440,36,20431,20466,1,1,0,20463,1,1,33,,0,0,0,1.0,0,0,0
gp_set_0001,gp_set_0001_vid_0005,gp_931,train,1920,1440,21,20465,20485,1,1,0,20482,1,1,18,,0,0,0,1.0,0,0,0
gp_set_0001,gp_set_0001_vid_0005,gp_932,train,1920,1440,22,20461,20482,1,1,0,20479,1,1,19,,0,0,0,1.0,0,0,0
gp_set_0001,gp_set_0001_vid_0005,gp_965,train,1920,1440,37,20864,20900,1,1,0,20897,1,1,34,,0,0,0,1.0,0,0,0
gp_set_0001,gp_set_0001_vid_0005,gp_966,train,1920,1440,86,20889,20974,1,1,0,20971,1,1,83,,0,0,0,1.0,0,0,0
gp_set_0001,gp_set_0001_vid_0005,gp_970,train,1920,1440,21,20973,20993,1,1,0,2096,0,0,,,0,0,0,1.0,0,0,0
gp_set_0001,gp_set_0001_vid_0005,gp_971,train,1920,1440,56,21046,21101,1,1,0,21098,1,1,53,,0,0,0,1.0,0,0,0
gp_set_0001,gp_set_0001_vid_0005,gp_936,train,1920,1440,259,20483,20741,1,1,1,20570,1,1,88,20570,172,0,0,1.0,0,0,0
gp_set_0001,gp_set_0001_vid_0005,gp_940,train,1920,1440,240,20510,20749,1,1,1,20558,1,1,49,20558,192,0,0,1.0,0,0,0
gp_set_0001,gp_set_0001_vid_0005,gp_944,train,1920,1440,177,20563,20739,1,1,1,20611,1,1,49,20623,117,0,0,1.0,0,0,0
gp_set_0001,gp_set_0001_vid_0005,gp_945,train,1920,1440,202,20556,20757,1,1,1,20560,1,1,5,20560,198,0,0,1.0,0,0,0
gp_set_0001,gp_set_0001_vid_0005,gp_946,train,1920,1440,237,20528,20764,1,1,1,20629,1,1,102,20633,132,0,0,1.0,0,0,0
gp_set_0001,gp_set_0001_vid_0005,gp_1331,train,1920,1440,159,20611,20769,1,1,1,20668,1,1,58,20668,102,0,0,1.0,0,0,0
gp_set_0001,gp_set_0001_vid_0005,gp_952,train,1920,1440,170,20614,20783,1,1,1,20690,1,1,77,20694,90,0,0,1.0,0,0,0
gp_set_0001,gp_set_0001_vid_0005,gp_955,train,1920,1440,193,20621,20813,1,1,1,20722,1,1,102,20722,92,0,0,1.0,0,0,0
gp_set_0001,gp_set_0001_vid_0005,gp_957,train,1920,1440,216,20636,20851,1,1,1,20785,1,1,150,20785,67,0,0,1.0,0,0,0
gp_set_0001,gp_set_0001_vid_0005,gp_958,train,1920,1440,323,20584,20906,1,1,1,20645,1,1,62,20645,262,0,0,1.0,0,0,0
gp_set_0001,gp_set_0001_vid_0005,gp_961,train,1920,1440,326,20584,20909,1,1,1,20699,1,1,116,20699,211,0,0,1.0,0,0,0
gp_set_0001,gp_set_0001_vid_0005,gp_963,train,1920,1440,329,20584,20912,1,1,1,20717,1,1,134,20717,196,0,0,1.0,0,0,0
gp_set_0001,gp_set_0001_vid_0006,gp_656,train,1920,1440,40,1228,1267,1,1,0,1264,1,1,37,,0,0,0,1.0,0,0,0
gp_set_0001,gp_set_0001_vid_0006,gp_657,train,1920,1440,42,1249,1290,1,1,0,1287,1,1,39,,0,0,0,1.0,0,0,0
gp_set_0001,gp_set_0001_vid_0006,gp_661,train,1920,1440,51,1496,1546,1,1,0,1543,1,1,48,,0,0,0,1.0,0,0,0
gp_set_0001,gp_set_0001_vid_0006,gp_608,train,1920,1440,196,666,861,1,1,1,667,1,1,2,666,196,0,0,1.0,0,0,0
gp_set_0001,gp_set_0001_vid_0006,gp_651,train,1920,1440,350,615,964,1,1,1,664,1,1,50,664,274,0,0,1.0,0,0,0
gp_set_0001,gp_set_0001_vid_0006,gp_652,train,1920,1440,263,750,1012,1,1,1,750,1,1,1,750,263,0,0,1.0,0,0,0
gp_set_0001,gp_set_0001_vid_0006,gp_665,train,1920,1440,35,1918,1952,1,1,0,1949,1,1,32,,0,0,0,1.0,0,0,0
gp_set_0001,gp_set_0001_vid_0006,gp_669,train,1920,1440,50,2142,2191,1,1,0,2188,1,1,47,,0,0,0,1.0,0,0,0
gp_set_0001,gp_set_0001_vid_0006,gp_672,train,1920,1440,54,2461,2514,1,1,0,2511,1,1,51,,0,0,0,1.0,0,0,0
gp_set_0001,gp_set_0001_vid_0006,gp_677,train,1920,1440,85,3227,3311,1,1,0,3308,1,1,82,,0,0,0,1.0,0,0,0
gp_set_0001,gp_set_0001_vid_0006,gp_679,train,1920,1440,45,2932,2976,1,1,0,2973,1,1,42,,0,0,0,1.0,0,0,0
gp_set_0001,gp_set_0001_vid_0006,gp_685,train,1920,1440,77,5109,5185,1,1,0,5182,1,1,74,,0,0,0,1.0,0,0,0
gp_set_0001,gp_set_0001_vid_0006,gp_687,train,1920,1440,62,5109,5170,1,1,0,5166,1,1,58,,0,0,0,1.0,0,0,0
gp_set_0001,gp_set_0001_vid_0006,gp_688,train,1920,1440,48,5161,5208,1,1,0,5205,1,1,45,,0,0,0,1.0,0,0,0
gp_set_0001,gp_set_0001_vid_0006,gp_689,train,1920,1440,77,5209,5285,1,1,0,5282,1,1,74,,0,0,0,1.0,0,0,0
gp_set_0001,gp_set_0001_vid_0006,gp_693,train,1920,1440,47,5342,5388,1,1,0,5385,1,1,44,,0,0,0,1.0,0,0,0
gp_set_0001,gp_set_0001_vid_0006,gp_697,train,1920,1440,105,5714,5818,1,1,0,5815,1,1,102,,0,0,0,1.0,0,0,0
gp_set_0001,gp_set_0001_vid_0006,gp_701,train,1920,1440,88,5916,6003,1,1,0,6000,1,1,85,,0,0,0,1.0,0,0,0
gp_set_0001,gp_set_0001_vid_0006,gp_704,train,1920,1440,60,6048,6107,1,1,0,6104,1,1,57,,0,0,0,1.0,0,0,0
gp_set_0001,gp_set_0001_vid_0006,gp_711,train,1920,1440,41,6174,6214,1,1,0,6211,1,1,38,,0,0,0,1.0,0,0,0
gp_set_0001,gp_set_0001_vid_0006,gp_710,train,1920,1440,45,6188,6232,1,1,0,6229,1,1,42,,0,0,0,1.0,0,0,0
gp_set_0001,gp_set_0001_vid_0006,gp_715,train,1920,1440,93,6174,6266,1,1,0,6263,1,1,90,,0,0,0,1.0,0,0,0
gp_set_0001,gp_set_0001_vid_0006,gp_719,train,1920,1440,47,6209,6255,1,1,0,6252,1,1,44,,0,0,0,1.0,0,0,0
gp_set_0001,gp_set_0001_vid_0006,gp_730,train,1920,1440,27,6258,6284,1,1,0,6281,1,1,24,,0,0,0,1.0,0,0,0
gp_set_0001,gp_set_0001_vid_0006,gp_731,train,1920,1440,34,6261,6294,1,1,0,6291,1,1,31,,0,0,0,1.0,0,0,0
gp_set_0001,gp_set_0001_vid_0006,gp_732,train,1920,1440,53,6255,6307,1,1,0,6304,1,1,50,,0,0,0,1.0,0,0,0
gp_set_0001,gp_set_0001_vid_0006,gp_738,train,1920,1440,38,6411,6448,1,1,0,6445,1,1,35,,0,0,0,1.0,0,0,0
gp_set_0001,gp_set_0001_vid_0006,gp_739,train,1920,1440,37,6418,6454,1,1,0,6451,1,1,34,,0,0,0,1.0,0,0,0
gp_set_0001,gp_set_0001_vid_0006,gp_740,train,1920,1440,41,6423,6467,2,1,0,6459,1,1,37,,0,0,0,1.0,0,0,0
gp_set_0001,gp_set_0001_vid_0006,gp_743,train,1920,1440,61,6440,6500,1,1,0,6497,1,1,58,,0,0,0,1.0,0,0,0
gp_set_0001,gp_set_0001_vid_0006,gp_747,train,1920,1440,42,6490,6531,1,1,0,6528,1,1,39,,0,0,0,1.0,0,0,0
gp_set_0001,gp_set_0001_vid_0006,gp_749,train,1920,1440,93,6510,6602,1,1,0,6599,1,1,90,,0,0,0,1.0,0,0,0
gp_set_0001,gp_set_0001_vid_0006,gp_752,train,1920,1440,50,6512,6561,1,1,0,6558,1,1,47,,0,0,0,1.0,0,0,0
gp_set_0001,gp_set_0001_vid_0006,gp_755,train,1920,1440,28,6590,6617,1,1,0,6614,1,1,25,,0,0,0,1.0,0,0,0
gp_set_0001,gp_set_0001_vid_0006,gp_758,train,1920,1440,50,6877,6926,1,1,0,6923,1,1,47,,0,0,0,1.0,0,0,0
gp_set_0001,gp_set_0001_vid_0006,gp_759,train,1920,1440,53,6920,6972,1,1,0,6969,1,1,50,,0,0,0,1.0,0,0,0
gp_set_0001,gp_set_0001_vid_0006,gp_769,train,1920,1440,56,7230,7285,1,1,0,7282,1,1,53,,0,0,0,1.0,0,0,0
gp_set_0001,gp_set_0001_vid_0006,gp_768,train,1920,1440,36,7251,7286,1,1,0,7283,1,1,33,,0,0,0,1.0,0,0,0
gp_set_0001,gp_set_0001_vid_0006,gp_777,train,1920,1440,44,7619,7662,1,1,0,7659,1,1,41,,0,0,0,1.0,0,0,0
gp_set_0001,gp_set_0001_vid_0006,gp_782,train,1920,1440,62,7782,7843,1,1,0,7840,1,1,59,,0,0,0,1.0,0,0,0
gp_set_0001,gp_set_0001_vid_0006,gp_787,train,1920,1440,110,7839,7948,1,1,0,7945,1,1,107,,0,0,0,1.0,0,0,0
gp_set_0001,gp_set_0001_vid_0006,gp_793,train,1920,1440,34,7829,7862,1,1,0,7859,1,1,31,,0,0,0,1.0,0,0,0
gp_set_0001,gp_set_0001_vid_0006,gp_796,train,1920,1440,109,7839,7947,1,1,0,7944,1,1,106,,0,0,0,1.0,0,0,0
gp_set_0001,gp_set_0001_vid_0006,gp_799,train,1920,1440,78,8265,8342,1,1,0,8339,1,1,75,,0,0,0,1.0,0,0,0
gp_set_0001,gp_set_0001_vid_0006,gp_801,train,1920,1440,63,8382,8444,1,1,0,8441,1,1,60,,0,0,0,1.0,0,0,0
gp_set_0001,gp_set_0001_vid_0006,gp_803,train,1920,1440,81,8687,8767,1,1,0,8764,1,1,78,,0,0,0,1.0,0,0,0
gp_set_0001,gp_set_0001_vid_0006,gp_805,train,1920,1440,64,8832,8895,1,1,0,8892,1,1,61,,0,0,0,1.0,0,0,0
gp_set_0001,gp_set_0001_vid_0006,gp_808,train,1920,1440,33,8889,8921,1,1,0,8918,1,1,30,,0,0,0,1.0,0,0,0
gp_set_0001,gp_set_0001_vid_0006,gp_812,train,1920,1440,56,8889,8944,1,1,0,8941,1,1,53,,0,0,0,1.0,0,0,0
gp_set_0001,gp_set_0001_vid_0006,gp_814,train,1920,1440,66,8891,8956,1,1,0,8953,1,1,63,,0,0,0,1.0,0,0,0
gp_set_0001,gp_set_0001_vid_0006,gp_819,train,1920,1440,21,8959,8979,1,1,0,8976,1,1,18,,0,0,0,1.0,0,0,0
gp_set_0001,gp_set_0001_vid_0006,gp_824,train,1920,1440,29,8983,9011,1,1,0,9008,1,1,26,,0,0,0,1.0,0,0,0
gp_set_0001,gp_set_0001_vid_0006,gp_829,train,1920,1440,46,9123,9168,1,1,0,9165,1,1,43,,0,0,0,1.0,0,0,0
gp_set_0001,gp_set_0001_vid_0006,gp_835,train,1920,1440,34,9487,9520,1,1,0,9517,1,1,31,,0,0,0,1.0,0,0,0
gp_set_0001,gp_set_0001_vid_0006,gp_848,train,1920,1440,49,9986,10034,1,1,0,10031,1,1,46,,0,0,0,1.0,0,0,0
gp_set_0001,gp_set_0001_vid_0006,gp_856,train,1920,1440,66,10256,10321,1,1,0,10318,1,1,63,,0,0,0,1.0,0,0,0
gp_set_0001,gp_set_0001_vid_0006,gp_858,train,1920,1440,36,10297,10332,1,1,0,10329,1,1,33,,0,0,0,1.0,0,0,0
gp_set_0001,gp_set_0001_vid_0006,gp_859,train,1920,1440,38,10297,10334,1,1,0,10331,1,1,35,,0,0,0,1.0,0,0,0
gp_set_0001,gp_set_0001_vid_0006,gp_862,train,1920,1440,45,10534,10578,1,1,0,10575,1,1,42,,0,0,0,1.0,0,0,0
gp_set_0001,gp_set_0001_vid_0006,gp_864,train,1920,1440,32,10673,10704,1,1,0,10701,1,1,29,,0,0,0,1.0,0,0,0
gp_set_0001,gp_set_0001_vid_0006,gp_865,train,1920,1440,33,10673,10705,1,1,0,10702,1,1,30,,0,0,0,1.0,0,0,0
gp_set_0001,gp_set_0001_vid_0006,gp_866,train,1920,1440,40,10713,10752,1,1,0,10749,1,1,37,,0,0,0,1.0,0,0,0
gp_set_0001,gp_set_0001_vid_0006,gp_870,train,1920,1440,55,10718,10772,1,1,0,10769,1,1,52,,0,0,0,1.0,0,0,0
gp_set_0001,gp_set_0001_vid_0006,gp_875,train,1920,1440,37,10738,10774,1,1,0,10771,1,1,34,,0,0,0,1.0,0,0,0
gp_set_0001,gp_set_0001_vid_0006,gp_876,train,1920,1440,28,10467,10494,1,1,0,10491,1,1,25,,0,0,0,1.0,0,0,0
gp_set_0001,gp_set_0001_vid_0006,gp_877,train,1920,1440,34,10480,10513,1,1,0,10510,1,1,31,,0,0,0,1.0,0,0,0
gp_set_0001,gp_set_0001_vid_0006,gp_820,train,1920,1440,30,8975,9004,1,1,0,9001,1,1,27,,0,0,0,1.0,0,0,0
gp_set_0001,gp_set_0001_vid_0006,gp_821,train,1920,1440,33,8975,9007,1,1,0,9004,1,1,30,,0,0,0,1.0,0,0,0
gp_set_0001,gp_set_0001_vid_0006,gp_886,train,1920,1440,35,10819,10853,1,1,0,10850,1,1,32,,0,0,0,1.0,0,0,0
gp_set_0001,gp_set_0001_vid_0006,gp_887,train,1920,1440,45,10819,10863,1,1,0,10860,1,1,42,,0,0,0,1.0,0,0,0
gp_set_0001,gp_set_0001_vid_0006,gp_898,train,1920,1440,44,14120,14163,1,1,0,14160,1,1,41,,0,0,0,1.0,0,0,0
gp_set_0001,gp_set_0001_vid_0006,gp_901,train,1920,1440,23,14375,14397,1,1,0,14394,1,1,20,,0,0,0,1.0,0,0,0
gp_set_0001,gp_set_0001_vid_0006,gp_903,train,1920,1440,32,14619,14650,1,1,0,14647,1,1,29,,0,0,0,1.0,0,0,0
gp_set_0001,gp_set_0001_vid_0006,gp_904,train,1920,1440,22,14663,14684,1,1,0,14681,1,1,19,,0,0,0,1.0,0,0,0
gp_set_0001,gp_set_0001_vid_0006,gp_908,train,1920,1440,31,14808,14838,1,1,0,14835,1,1,28,,0,0,0,1.0,0,0,0
gp_set_0001,gp_set_0001_vid_0006,gp_909,train,1920,1440,29,14813,14841,1,1,0,14838,1,1,26,,0,0,0,1.0,0,0,0
gp_set_0001,gp_set_0001_vid_0006,gp_911,train,1920,1440,32,14939,14970,1,1,0,14967,1,1,29,,0,0,0,1.0,0,0,0
gp_set_0001,gp_set_0001_vid_0006,gp_914,train,1920,1440,50,15032,15081,1,1,0,15078,1,1,47,,0,0,0,1.0,0,0,0
gp_set_0001,gp_set_0001_vid_0006,gp_918,train,1920,1440,76,15063,15138,1,1,0,15135,1,1,73,,0,0,0,1.0,0,0,0
gp_set_0001,gp_set_0001_vid_0006,gp_923,train,1920,1440,78,15122,15199,1,1,0,15196,1,1,75,,0,0,0,1.0,0,0,0
gp_set_0001,gp_set_0001_vid_0006,gp_924,train,1920,1440,56,15140,15195,1,1,0,15192,1,1,53,,0,0,0,1.0,0,0,0
gp_set_0001,gp_set_0001_vid_0006,gp_933,train,1920,1440,34,15168,15201,1,1,0,15198,1,1,31,,0,0,0,1.0,0,0,0
gp_set_0001,gp_set_0001_vid_0006,gp_938,train,1920,1440,65,15581,15645,1,1,0,15642,1,1,62,,0,0,0,1.0,0,0,0
gp_set_0001,gp_set_0001_vid_0006,gp_942,train,1920,1440,55,15653,15707,1,1,0,15704,1,1,52,,0,0,0,1.0,0,0,0
gp_set_0001,gp_set_0001_vid_0006,gp_947,train,1920,1440,89,15673,15761,1,1,0,15758,1,1,86,,0,0,0,1.0,0,0,0
gp_set_0001,gp_set_0001_vid_0006,gp_930,train,1920,1440,277,14922,15198,1,1,1,14922,1,1,1,14922,199,0,0,1.0,0,0,0
gp_set_0001,gp_set_0001_vid_0006,gp_950,train,1920,1440,72,16320,16391,1,1,0,16388,1,1,69,,0,0,0,1.0,0,0,0
gp_set_0001,gp_set_0001_vid_0006,gp_954,train,1920,1440,57,16578,16634,1,1,0,16631,1,1,54,,0,0,0,1.0,0,0,0
gp_set_0001,gp_set_0001_vid_0006,gp_956,train,1920,1440,63,16590,16652,1,1,0,16649,1,1,60,,0,0,0,1.0,0,0,0
gp_set_0001,gp_set_0001_vid_0006,gp_959,train,1920,1440,40,16900,16939,1,1,0,16936,1,1,37,,0,0,0,1.0,0,0,0
gp_set_0001,gp_set_0001_vid_0006,gp_960,train,1920,1440,42,16900,16941,1,1,0,16938,1,1,39,,0,0,0,1.0,0,0,0
gp_set_0001,gp_set_0001_vid_0006,gp_962,train,1920,1440,21,17001,17021,1,1,0,17018,1,1,18,,0,0,0,1.0,0,0,0
gp_set_0001,gp_set_0001_vid_0006,gp_969,train,1920,1440,88,17325,17412,1,1,0,17409,1,1,85,,0,0,0,1.0,0,0,0
gp_set_0001,gp_set_0001_vid_0006,gp_972,train,1920,1440,52,17454,17505,1,1,0,17502,1,1,49,,0,0,0,1.0,0,0,0
gp_set_0001,gp_set_0001_vid_0006,gp_983,train,1920,1440,38,17767,17804,1,1,0,17801,1,1,35,,0,0,0,1.0,0,0,0
gp_set_0001,gp_set_0001_vid_0006,gp_984,train,1920,1440,24,17775,17798,1,1,0,17795,1,1,21,,0,0,0,1.0,0,0,0
gp_set_0001,gp_set_0001_vid_0006,gp_985,train,1920,1440,39,17814,17852,1,1,0,17849,1,1,36,,0,0,0,1.0,0,0,0
gp_set_0001,gp_set_0001_vid_0006,gp_989,train,1920,1440,35,18031,18065,1,1,0,18062,1,1,32,,0,0,0,1.0,0,0,0
gp_set_0001,gp_set_0001_vid_0006,gp_990,train,1920,1440,48,18031,18078,1,1,0,18075,1,1,45,,0,0,0,1.0,0,0,0
gp_set_0001,gp_set_0001_vid_0006,gp_992,train,1920,1440,24,18114,18137,1,1,0,18134,1,1,21,,0,0,0,1.0,0,0,0
gp_set_0001,gp_set_0001_vid_0006,gp_995,train,1920,1440,107,18426,18532,1,1,0,18529,1,1,104,,0,0,0,1.0,0,0,0
gp_set_0001,gp_set_0001_vid_0006,gp_999,train,1920,1440,74,18613,18686,1,1,0,18683,1,1,71,,0,0,0,1.0,0,0,0
gp_set_0001,gp_set_0001_vid_0006,gp_1003,train,1920,1440,78,18613,18690,1,1,0,18687,1,1,75,,0,0,0,1.0,0,0,0
gp_set_0001,gp_set_0001_vid_0006,gp_1010,train,1920,1440,37,18878,18914,1,1,0,18911,1,1,34,,0,0,0,1.0,0,0,0
gp_set_0001,gp_set_0001_vid_0006,gp_1011,train,1920,1440,44,18886,18929,1,1,0,18926,1,1,41,,0,0,0,1.0,0,0,0
gp_set_0001,gp_set_0001_vid_0006,gp_1012,train,1920,1440,49,18886,18934,1,1,0,18931,1,1,46,,0,0,0,1.0,0,0,0
gp_set_0001,gp_set_0001_vid_0006,gp_1013,train,1920,1440,47,18897,18943,1,1,0,18940,1,1,44,,0,0,0,1.0,0,0,0
gp_set_0001,gp_set_0001_vid_0006,gp_1014,train,1920,1440,49,18911,18959,1,1,0,18956,1,1,46,,0,0,0,1.0,0,0,0
gp_set_0001,gp_set_0001_vid_0006,gp_1015,train,1920,1440,47,18917,18963,1,1,0,18960,1,1,44,,0,0,0,1.0,0,0,0
gp_set_0001,gp_set_0001_vid_0006,gp_1025,train,1920,1440,39,19089,19127,1,1,0,19124,1,1,36,,0,0,0,1.0,0,0,0
gp_set_0001,gp_set_0001_vid_0006,gp_1027,train,1920,1440,6,19165,19170,1,1,0,19167,1,1,3,,0,0,0,1.0,0,0,0
gp_set_0001,gp_set_0001_vid_0006,gp_1030,train,1920,1440,82,19133,19214,1,1,0,19211,1,1,79,,0,0,0,1.0,0,0,0
gp_set_0001,gp_set_0001_vid_0006,gp_1031,train,1920,1440,99,19133,19231,1,1,0,19228,1,1,96,,0,0,0,1.0,0,0,0
gp_set_0001,gp_set_0001_vid_0006,gp_1032,train,1920,1440,70,19163,19232,1,1,0,19229,1,1,67,,0,0,0,1.0,0,0,0
gp_set_0001,gp_set_0001_vid_0006,gp_1033,train,1920,1440,62,19181,19242,1,1,0,19239,1,1,59,,0,0,0,1.0,0,0,0
gp_set_0001,gp_set_0001_vid_0006,gp_1035,train,1920,1440,45,19322,19366,1,1,0,19363,1,1,42,,0,0,0,1.0,0,0,0
gp_set_0001,gp_set_0001_vid_0006,gp_1038,train,1920,1440,37,19390,19426,1,1,0,19423,1,1,34,,0,0,0,1.0,0,0,0
gp_set_0001,gp_set_0001_vid_0006,gp_1042,train,1920,1440,49,19465,19513,1,1,0,19510,1,1,46,,0,0,0,1.0,0,0,0
gp_set_0001,gp_set_0001_vid_0006,gp_1043,train,1920,1440,58,19465,19522,1,1,0,19519,1,1,55,,0,0,0,1.0,0,0,0
gp_set_0001,gp_set_0001_vid_0006,gp_1045,train,1920,1440,134,19512,19645,1,1,0,19642,1,1,131,,0,0,0,1.0,0,0,0
gp_set_0001,gp_set_0001_vid_0006,gp_1050,train,1920,1440,81,19652,19732,1,1,0,19729,1,1,78,,0,0,0,1.0,0,0,0
gp_set_0001,gp_set_0001_vid_0006,gp_1022,train,1920,1440,173,18837,19009,1,1,1,18837,1,1,1,18837,173,0,0,1.0,0,0,0
gp_set_0001,gp_set_0001_vid_0006,gp_1021,train,1920,1440,168,18841,19008,1,1,1,18841,1,1,1,18841,168,0,0,1.0,0,0,0
gp_set_0001,gp_set_0001_vid_0006,gp_1053,train,1920,1440,43,19755,19797,1,1,0,19794,1,1,40,,0,0,0,1.0,0,0,0
gp_set_0001,gp_set_0001_vid_0006,gp_1054,train,1920,1440,42,19755,19796,1,1,0,19793,1,1,39,,0,0,0,1.0,0,0,0
gp_set_0001,gp_set_0001_vid_0006,gp_1055,train,1920,1440,63,19832,19894,1,1,0,19891,1,1,60,,0,0,0,1.0,0,0,0
gp_set_0001,gp_set_0001_vid_0006,gp_1058,train,1920,1440,18,20220,20237,1,1,0,20234,1,1,15,,0,0,0,1.0,0,0,0
gp_set_0001,gp_set_0001_vid_0006,gp_1064,train,1920,1440,69,20233,20301,1,1,0,20298,1,1,66,,0,0,0,1.0,0,0,0
gp_set_0001,gp_set_0001_vid_0006,gp_1068,train,1920,1440,59,20325,20383,1,1,0,20380,1,1,56,,0,0,0,1.0,0,0,0
gp_set_0001,gp_set_0001_vid_0006,gp_1072,train,1920,1440,14,20396,20409,1,1,0,20406,1,1,11,,0,0,0,1.0,0,0,0
gp_set_0001,gp_set_0001_vid_0006,gp_1074,train,1920,1440,42,20508,20549,1,1,0,20546,1,1,39,,0,0,0,1.0,0,0,0
gp_set_0001,gp_set_0001_vid_0006,gp_1077,train,1920,1440,58,20540,20597,1,1,0,20594,1,1,55,,0,0,0,1.0,0,0,0
gp_set_0001,gp_set_0001_vid_0006,gp_1082,train,1920,1440,83,20600,20682,1,1,0,20679,1,1,80,,0,0,0,1.0,0,0,0
gp_set_0001,gp_set_0001_vid_0006,gp_1088,train,1920,1440,48,20718,20765,1,1,0,20762,1,1,45,,0,0,0,1.0,0,0,0
gp_set_0001,gp_set_0001_vid_0006,gp_1095,train,1920,1440,43,20806,20848,1,1,0,20845,1,1,40,,0,0,0,1.0,0,0,0
gp_set_0001,gp_set_0001_vid_0007,gp_974,train,1920,1440,63,30,92,1,1,0,89,1,1,60,,0,0,0,1.0,0,0,0
gp_set_0001,gp_set_0001_vid_0007,gp_975,train,1920,1440,71,131,201,1,1,0,198,1,1,68,,0,0,0,1.0,0,0,0
gp_set_0001,gp_set_0001_vid_0007,gp_976,train,1920,1440,109,213,321,1,1,0,318,1,1,106,,0,0,0,1.0,0,0,0
gp_set_0001,gp_set_0001_vid_0007,gp_977,train,1920,1440,55,395,449,1,1,0,446,1,1,52,,0,0,0,1.0,0,0,0
gp_set_0001,gp_set_0001_vid_0007,gp_978,train,1920,1440,24,431,454,1,1,0,451,1,1,21,,0,0,0,1.0,0,0,0
gp_set_0001,gp_set_0001_vid_0007,gp_979,train,1920,1440,78,663,740,1,1,0,737,1,1,75,,0,0,0,1.0,0,0,0
gp_set_0001,gp_set_0001_vid_0007,gp_980,train,1920,1440,53,814,866,1,1,0,863,1,1,50,,0,0,0,1.0,0,0,0
gp_set_0001,gp_set_0001_vid_0007,gp_1159,train,1920,1440,69,853,921,1,1,0,918,1,1,66,,0,0,0,1.0,0,0,0
gp_set_0001,gp_set_0001_vid_0007,gp_994,train,1920,1440,36,925,960,1,1,0,957,1,1,33,,0,0,0,1.0,0,0,0
gp_set_0001,gp_set_0001_vid_0007,gp_998,train,1920,1440,25,1196,1220,1,1,0,1217,1,1,22,,0,0,0,1.0,0,0,0
gp_set_0001,gp_set_0001_vid_0007,gp_1001,train,1920,1440,24,1196,1219,1,1,0,1216,1,1,21,,0,0,0,1.0,0,0,0
gp_set_0001,gp_set_0001_vid_0007,gp_1002,train,1920,1440,65,1213,1277,1,1,0,1213,1,1,1,1213,65,0,0,1.0,0,0,0
gp_set_0001,gp_set_0001_vid_0007,gp_1004,train,1920,1440,75,1389,1463,1,1,0,1460,1,1,72,,0,0,0,1.0,0,0,0
gp_set_0001,gp_set_0001_vid_0007,gp_1005,train,1920,1440,62,1398,1459,1,1,0,1456,1,1,59,,0,0,0,1.0,0,0,0
gp_set_0001,gp_set_0001_vid_0007,gp_1006,train,1920,1440,45,1412,1456,1,1,0,1453,1,1,42,,0,0,0,1.0,0,0,0
gp_set_0001,gp_set_0001_vid_0007,gp_1007,train,1920,1440,94,1435,1528,1,1,0,1525,1,1,91,,0,0,0,1.0,0,0,0
gp_set_0001,gp_set_0001_vid_0007,gp_1009,train,1920,1440,65,1476,1561,2,1,0,1519,1,1,44,,0,0,0,1.0,0,0,0
gp_set_0001,gp_set_0001_vid_0007,gp_1018,train,1920,1440,61,1490,1550,1,1,0,1547,1,1,58,,0,0,0,1.0,0,0,0
gp_set_0001,gp_set_0001_vid_0007,gp_1019,train,1920,1440,58,1487,1544,1,1,0,1541,1,1,55,,0,0,0,1.0,0,0,0
gp_set_0001,gp_set_0001_vid_0007,gp_1020,train,1920,1440,22,1462,1483,1,1,0,1480,1,1,19,,0,0,0,1.0,0,0,0
gp_set_0001,gp_set_0001_vid_0007,gp_1024,train,1920,1440,33,1488,1520,1,1,0,1517,1,1,30,,0,0,0,1.0,0,0,0
gp_set_0001,gp_set_0001_vid_0007,gp_1034,train,1920,1440,40,3227,3266,1,1,0,3263,1,1,37,,0,0,0,1.0,0,0,0
gp_set_0001,gp_set_0001_vid_0007,gp_1036,train,1920,1440,45,3227,3271,1,1,0,3268,1,1,42,,0,0,0,1.0,0,0,0
gp_set_0001,gp_set_0001_vid_0007,gp_1037,train,1920,1440,53,3271,3323,1,1,0,3320,1,1,50,,0,0,0,1.0,0,0,0
gp_set_0001,gp_set_0001_vid_0007,gp_1039,train,1920,1440,50,3307,3356,1,1,0,3353,1,1,47,,0,0,0,1.0,0,0,0
gp_set_0001,gp_set_0001_vid_0007,gp_1040,train,1920,1440,103,3325,3427,1,1,0,3424,1,1,100,,0,0,0,1.0,0,0,0
gp_set_0001,gp_set_0001_vid_0007,gp_1028,train,1920,1440,391,2423,2813,1,1,1,2423,1,1,1,2423,391,0,0,1.0,0,0,0
gp_set_0001,gp_set_0001_vid_0007,gp_1049,train,1920,1440,45,3669,3713,1,1,0,3710,1,1,42,,0,0,0,1.0,0,0,0
gp_set_0001,gp_set_0001_vid_0007,gp_1050,train,1920,1440,61,3747,3807,1,1,0,3804,1,1,58,,0,0,0,1.0,0,0,0
gp_set_0001,gp_set_0001_vid_0007,gp_1051,train,1920,1440,54,3806,3859,1,1,0,3856,1,1,51,,0,0,0,1.0,0,0,0
gp_set_0001,gp_set_0001_vid_0007,gp_1052,train,1920,1440,106,3932,4037,1,1,0,4034,1,1,103,,0,0,0,1.0,0,0,0
gp_set_0001,gp_set_0001_vid_0007,gp_1060,train,1920,1440,64,4675,4738,1,1,0,4735,1,1,61,,0,0,0,1.0,0,0,0
gp_set_0001,gp_set_0001_vid_0007,gp_1063,train,1920,1440,36,4853,4888,1,1,0,4885,1,1,33,,0,0,0,1.0,0,0,0
gp_set_0001,gp_set_0001_vid_0007,gp_1065,train,1920,1440,21,4871,4891,1,1,0,4888,1,1,18,,0,0,0,1.0,0,0,0
gp_set_0001,gp_set_0001_vid_0007,gp_1069,train,1920,1440,25,4864,4888,1,1,0,4885,1,1,22,,0,0,0,1.0,0,0,0
gp_set_0001,gp_set_0001_vid_0007,gp_1073,train,1920,1440,59,4896,4954,1,1,0,4951,1,1,56,,0,0,0,1.0,0,0,0
gp_set_0001,gp_set_0001_vid_0007,gp_1075,train,1920,1440,33,5153,5185,1,1,0,5182,1,1,30,,0,0,0,1.0,0,0,0
gp_set_0001,gp_set_0001_vid_0007,gp_1078,train,1920,1440,50,5293,5342,1,1,0,5389,0,0,,,0,0,0,1.0,0,0,0
gp_set_0001,gp_set_0001_vid_0007,gp_1080,train,1920,1440,30,5304,5333,1,1,0,5330,1,1,27,,0,0,0,1.0,0,0,0
gp_set_0001,gp_set_0001_vid_0007,gp_1083,train,1920,1440,31,5262,5292,1,1,0,5289,1,1,28,,0,0,0,1.0,0,0,0
gp_set_0001,gp_set_0001_vid_0007,gp_1086,train,1920,1440,59,5331,5389,1,1,0,5386,1,1,56,,0,0,0,1.0,0,0,0
gp_set_0001,gp_set_0001_vid_0007,gp_1087,train,1920,1440,47,5343,5389,1,1,0,5386,1,1,44,,0,0,0,1.0,0,0,0
gp_set_0001,gp_set_0001_vid_0007,gp_1089,train,1920,1440,10,5309,5318,1,1,0,5315,1,1,7,,0,0,0,1.0,0,0,0
gp_set_0001,gp_set_0001_vid_0007,gp_1091,train,1920,1440,27,5363,5389,1,1,0,5386,1,1,24,,0,0,0,1.0,0,0,0
gp_set_0001,gp_set_0001_vid_0007,gp_1092,train,1920,1440,31,5359,5389,1,1,0,5386,1,1,28,,0,0,0,1.0,0,0,0
gp_set_0001,gp_set_0001_vid_0007,gp_1044,train,1920,1440,50,3590,3639,1,1,0,3636,1,1,47,,0,0,0,1.0,0,0,0
gp_set_0001,gp_set_0001_vid_0007,gp_1096,train,1920,1440,64,5529,5592,1,1,0,5589,1,1,61,,0,0,0,1.0,0,0,0
gp_set_0001,gp_set_0001_vid_0007,gp_1097,train,1920,1440,44,5543,5586,1,1,0,5583,1,1,41,,0,0,0,1.0,0,0,0
gp_set_0001,gp_set_0001_vid_0007,gp_1098,train,1920,1440,51,5563,5613,1,1,0,5610,1,1,48,,0,0,0,1.0,0,0,0
gp_set_0001,gp_set_0001_vid_0007,gp_1099,train,1920,1440,46,5655,5700,1,1,0,5697,1,1,43,,0,0,0,1.0,0,0,0
gp_set_0001,gp_set_0001_vid_0007,gp_1182,train,1920,1440,132,5672,5803,1,1,0,5800,1,1,129,,0,0,0,1.0,0,0,0
gp_set_0001,gp_set_0001_vid_0007,gp_1183,train,1920,1440,98,5707,5804,1,1,0,5801,1,1,95,,0,0,0,1.0,0,0,0
gp_set_0001,gp_set_0001_vid_0007,gp_1184,train,1920,1440,75,5730,5804,1,1,0,5801,1,1,72,,0,0,0,1.0,0,0,0
gp_set_0001,gp_set_0001_vid_0007,gp_1186,train,1920,1440,53,5950,6002,1,1,0,6599,0,0,,,0,0,0,1.0,0,0,0
gp_set_0001,gp_set_0001_vid_0007,gp_1187,train,1920,1440,95,5929,6023,1,1,0,6020,1,1,92,,0,0,0,1.0,0,0,0
gp_set_0001,gp_set_0001_vid_0007,gp_1190,train,1920,1440,37,6028,6064,1,1,0,6061,1,1,34,,0,0,0,1.0,0,0,0
gp_set_0001,gp_set_0001_vid_0007,gp_1191,train,1920,1440,17,5986,6002,1,1,0,6599,0,0,,,0,0,0,1.0,0,0,0
gp_set_0001,gp_set_0001_vid_0007,gp_1192,train,1920,1440,44,6013,6056,1,1,0,6053,1,1,41,,0,0,0,1.0,0,0,0
gp_set_0001,gp_set_0001_vid_0007,gp_1193,train,1920,1440,52,6015,6066,1,1,0,6063,1,1,49,,0,0,0,1.0,0,0,0
gp_set_0001,gp_set_0001_vid_0007,gp_1195,train,1920,1440,18,6041,6058,1,1,0,6055,1,1,15,,0,0,0,1.0,0,0,0
gp_set_0001,gp_set_0001_vid_0007,gp_1196,train,1920,1440,79,6101,6179,1,1,0,6176,1,1,76,,0,0,0,1.0,0,0,0
gp_set_0001,gp_set_0001_vid_0007,gp_1197,train,1920,1440,106,6167,6272,1,1,0,6269,1,1,103,6236,37,0,0,1.0,0,0,0
gp_set_0001,gp_set_0001_vid_0007,gp_1198,train,1920,1440,120,6205,6324,1,1,0,6321,1,1,117,,0,0,0,1.0,0,0,0
gp_set_0001,gp_set_0001_vid_0007,gp_1200,train,1920,1440,50,6497,6546,1,1,0,6543,1,1,47,,0,0,0,1.0,0,0,0
gp_set_0001,gp_set_0001_vid_0007,gp_1201,train,1920,1440,74,6668,6741,1,1,0,6738,1,1,71,,0,0,0,1.0,0,0,0
gp_set_0001,gp_set_0001_vid_0007,gp_1188,train,1920,1440,243,5829,6071,1,1,1,5829,1,1,1,5829,243,0,0,1.0,0,0,0
gp_set_0001,gp_set_0001_vid_0007,gp_1202,train,1920,1440,45,8389,8433,1,1,0,8430,1,1,42,,0,0,0,1.0,0,0,0
gp_set_0001,gp_set_0001_vid_0007,gp_1203,train,1920,1440,45,8388,8432,1,1,0,8429,1,1,42,,0,0,0,1.0,0,0,0
gp_set_0001,gp_set_0001_vid_0007,gp_1204,train,1920,1440,24,8458,8481,1,1,0,8478,1,1,21,,0,0,0,1.0,0,0,0
gp_set_0001,gp_set_0001_vid_0007,gp_1205,train,1920,1440,55,8463,8517,1,1,0,8514,1,1,52,,0,0,0,1.0,0,0,0
gp_set_0001,gp_set_0001_vid_0007,gp_1206,train,1920,1440,73,8498,8570,1,1,0,8567,1,1,70,,0,0,0,1.0,0,0,0
gp_set_0001,gp_set_0001_vid_0007,gp_1208,train,1920,1440,59,8877,8935,1,1,0,8932,1,1,56,,0,0,0,1.0,0,0,0
gp_set_0001,gp_set_0001_vid_0007,gp_1209,train,1920,1440,33,8937,8969,1,1,0,8966,1,1,30,,0,0,0,1.0,0,0,0
gp_set_0001,gp_set_0001_vid_0007,gp_1210,train,1920,1440,44,9060,9103,1,1,0,9099,1,1,40,9060,39,0,0,1.0,0,0,0
gp_set_0001,gp_set_0001_vid_0007,gp_1211,train,1920,1440,32,9578,9609,1,1,0,9606,1,1,29,,0,0,0,1.0,0,0,0
gp_set_0001,gp_set_0001_vid_0007,gp_1213,train,1920,1440,52,9638,9689,1,1,0,9686,1,1,49,,0,0,0,1.0,0,0,0
gp_set_0001,gp_set_0001_vid_0007,gp_1214,train,1920,1440,54,9856,9909,1,1,0,9906,1,1,51,,0,0,0,1.0,0,0,0
gp_set_0001,gp_set_0001_vid_0007,gp_1215,train,1920,1440,47,10256,10302,1,1,0,10299,1,1,44,,0,0,0,1.0,0,0,0
gp_set_0001,gp_set_0001_vid_0007,gp_1218,train,1920,1440,30,10611,10640,1,1,0,10637,1,1,27,,0,0,0,1.0,0,0,0
gp_set_0001,gp_set_0001_vid_0007,gp_1219,train,1920,1440,29,10621,10649,1,1,0,10646,1,1,26,,0,0,0,1.0,0,0,0
gp_set_0001,gp_set_0001_vid_0007,gp_1220,train,1920,1440,74,10693,10766,1,1,0,10763,1,1,71,,0,0,0,1.0,0,0,0
gp_set_0001,gp_set_0001_vid_0007,gp_1217,train,1920,1440,222,10543,10764,1,1,1,10543,1,1,1,10543,222,0,0,1.0,0,0,0
gp_set_0001,gp_set_0001_vid_0007,gp_1221,train,1920,1440,53,10782,10834,1,1,0,10831,1,1,50,,0,0,0,1.0,0,0,0
gp_set_0001,gp_set_0001_vid_0007,gp_1222,train,1920,1440,34,10781,10814,1,1,0,10811,1,1,31,,0,0,0,1.0,0,0,0
gp_set_0001,gp_set_0001_vid_0007,gp_1223,train,1920,1440,33,10790,10822,1,1,0,10819,1,1,30,,0,0,0,1.0,0,0,0
gp_set_0001,gp_set_0001_vid_0007,gp_1224,train,1920,1440,78,10841,10918,1,1,0,10915,1,1,75,,0,0,0,1.0,0,0,0
gp_set_0001,gp_set_0001_vid_0007,gp_1226,train,1920,1440,67,11419,11485,1,1,0,11482,1,1,64,,0,0,0,1.0,0,0,0
gp_set_0001,gp_set_0001_vid_0007,gp_1228,train,1920,1440,43,11447,11489,1,1,0,11486,1,1,40,,0,0,0,1.0,0,0,0
gp_set_0001,gp_set_0001_vid_0007,gp_1229,train,1920,1440,35,11479,11513,1,1,0,11510,1,1,32,,0,0,0,1.0,0,0,0
gp_set_0001,gp_set_0001_vid_0007,gp_1231,train,1920,1440,55,11527,11581,1,1,0,11578,1,1,52,,0,0,0,1.0,0,0,0
gp_set_0001,gp_set_0001_vid_0007,gp_1233,train,1920,1440,58,11527,11584,1,1,0,11581,1,1,55,,0,0,0,1.0,0,0,0
gp_set_0001,gp_set_0001_vid_0007,gp_1234,train,1920,1440,30,11559,11588,1,1,0,11585,1,1,27,,0,0,0,1.0,0,0,0
gp_set_0001,gp_set_0001_vid_0007,gp_1237,train,1920,1440,29,11553,11581,1,1,0,11578,1,1,26,,0,0,0,1.0,0,0,0
gp_set_0001,gp_set_0001_vid_0007,gp_1239,train,1920,1440,29,11554,11582,1,1,0,11579,1,1,26,,0,0,0,1.0,0,0,0
gp_set_0001,gp_set_0001_vid_0007,gp_1241,train,1920,1440,71,11557,11627,1,1,0,11624,1,1,68,,0,0,0,1.0,0,0,0
gp_set_0001,gp_set_0001_vid_0007,gp_1242,train,1920,1440,89,11558,11646,1,1,0,11643,1,1,86,,0,0,0,1.0,0,0,0
gp_set_0001,gp_set_0001_vid_0007,gp_1248,train,1920,1440,42,11593,11634,1,1,0,11631,1,1,39,,0,0,0,1.0,0,0,0
gp_set_0001,gp_set_0001_vid_0007,gp_1251,train,1920,1440,46,11767,11812,1,1,0,11809,1,1,43,,0,0,0,1.0,0,0,0
gp_set_0001,gp_set_0001_vid_0007,gp_1252,train,1920,1440,41,11769,11809,1,1,0,11806,1,1,38,,0,0,0,1.0,0,0,0
gp_set_0001,gp_set_0001_vid_0007,gp_1253,train,1920,1440,49,11803,11851,1,1,0,11848,1,1,46,,0,0,0,1.0,0,0,0
gp_set_0001,gp_set_0001_vid_0007,gp_1257,train,1920,1440,62,11847,11908,1,1,0,11905,1,1,59,,0,0,0,1.0,0,0,0
gp_set_0001,gp_set_0001_vid_0007,gp_1259,train,1920,1440,60,11847,11906,1,1,0,11903,1,1,57,,0,0,0,1.0,0,0,0
gp_set_0001,gp_set_0001_vid_0007,gp_1263,train,1920,1440,63,11862,11924,1,1,0,11921,1,1,60,,0,0,0,1.0,0,0,0
gp_set_0001,gp_set_0001_vid_0007,gp_1268,train,1920,1440,45,11876,11920,1,1,0,11917,1,1,42,,0,0,0,1.0,0,0,0
gp_set_0001,gp_set_0001_vid_0007,gp_1270,train,1920,1440,41,11929,11969,1,1,0,11966,1,1,38,,0,0,0,1.0,0,0,0
gp_set_0001,gp_set_0001_vid_0007,gp_1271,train,1920,1440,54,11933,11986,1,1,0,11983,1,1,51,,0,0,0,1.0,0,0,0
gp_set_0001,gp_set_0001_vid_0007,gp_1273,train,1920,1440,59,12052,12110,1,1,0,12107,1,1,56,,0,0,0,1.0,0,0,0
gp_set_0001,gp_set_0001_vid_0007,gp_1277,train,1920,1440,204,12064,12267,1,1,0,12264,1,1,201,,0,0,0,1.0,0,0,0
gp_set_0001,gp_set_0001_vid_0007,gp_1280,train,1920,1440,111,12123,12233,1,1,0,12230,1,1,108,,0,0,0,1.0,0,0,0
gp_set_0001,gp_set_0001_vid_0007,gp_1282,train,1920,1440,79,12554,12632,1,1,0,12566,1,1,13,,0,0,0,1.0,0,0,0
gp_set_0001,gp_set_0001_vid_0007,gp_1114,train,1920,1440,78,12636,12713,1,1,0,12710,1,1,75,,0,0,0,1.0,0,0,0
gp_set_0001,gp_set_0001_vid_0007,gp_1115,train,1920,1440,59,12686,12744,1,1,0,12741,1,1,56,,0,0,0,1.0,0,0,0
gp_set_0001,gp_set_0001_vid_0007,gp_1116,train,1920,1440,52,12708,12759,1,1,0,12756,1,1,49,,0,0,0,1.0,0,0,0
gp_set_0001,gp_set_0001_vid_0007,gp_1120,train,1920,1440,50,12708,12757,1,1,0,12754,1,1,47,,0,0,0,1.0,0,0,0
gp_set_0001,gp_set_0001_vid_0007,gp_1121,train,1920,1440,82,12756,12837,1,1,0,12834,1,1,79,,0,0,0,1.0,0,0,0
gp_set_0001,gp_set_0001_vid_0007,gp_1127,train,1920,1440,53,12859,12911,1,1,0,12859,1,1,1,12859,53,0,0,1.0,0,0,0
gp_set_0001,gp_set_0001_vid_0007,gp_1129,train,1920,1440,37,12967,13003,1,1,0,13000,1,1,34,,0,0,0,1.0,0,0,0
gp_set_0001,gp_set_0001_vid_0007,gp_1131,train,1920,1440,56,13046,13101,1,1,0,13098,1,1,53,,0,0,0,1.0,0,0,0
gp_set_0001,gp_set_0001_vid_0007,gp_1135,train,1920,1440,60,13187,13246,1,1,0,13187,1,1,1,13187,60,0,0,1.0,0,0,0
gp_set_0001,gp_set_0001_vid_0007,gp_1136,train,1920,1440,61,13188,13248,1,1,0,13188,1,1,1,13188,61,0,0,1.0,0,0,0
gp_set_0001,gp_set_0001_vid_0007,gp_1139,train,1920,1440,18,13237,13254,1,1,0,13237,1,1,1,13237,18,0,0,1.0,0,0,0
gp_set_0001,gp_set_0001_vid_0007,gp_1140,train,1920,1440,42,13215,13256,1,1,0,13253,1,1,39,,0,0,0,1.0,0,0,0
gp_set_0001,gp_set_0001_vid_0007,gp_1141,train,1920,1440,45,13185,13229,1,1,0,13226,1,1,42,,0,0,0,1.0,0,0,0
gp_set_0001,gp_set_0001_vid_0007,gp_1288,train,1920,1440,60,13251,13310,1,1,0,13307,1,1,57,,0,0,0,1.0,0,0,0
gp_set_0001,gp_set_0001_vid_0007,gp_1144,train,1920,1440,42,13369,13410,1,1,0,13407,1,1,39,,0,0,0,1.0,0,0,0
gp_set_0001,gp_set_0001_vid_0007,gp_1148,train,1920,1440,37,13470,13506,1,1,0,13503,1,1,34,,0,0,0,1.0,0,0,0
gp_set_0001,gp_set_0001_vid_0007,gp_1149,train,1920,1440,40,13541,13580,1,1,0,13577,1,1,37,,0,0,0,1.0,0,0,0
gp_set_0001,gp_set_0001_vid_0007,gp_1151,train,1920,1440,35,13685,13719,1,1,0,13716,1,1,32,,0,0,0,1.0,0,0,0
gp_set_0001,gp_set_0001_vid_0007,gp_1152,train,1920,1440,29,13729,13757,1,1,0,13754,1,1,26,,0,0,0,1.0,0,0,0
gp_set_0001,gp_set_0001_vid_0007,gp_1155,train,1920,1440,55,13783,13837,1,1,0,13834,1,1,52,,0,0,0,1.0,0,0,0
gp_set_0001,gp_set_0001_vid_0007,gp_1163,train,1920,1440,38,14011,14048,1,1,0,14045,1,1,35,,0,0,0,1.0,0,0,0
gp_set_0001,gp_set_0001_vid_0007,gp_1168,train,1920,1440,56,14158,14213,1,1,0,14210,1,1,53,,0,0,0,1.0,0,0,0
gp_set_0001,gp_set_0001_vid_0007,gp_1169,train,1920,1440,53,14158,14210,1,1,0,14207,1,1,50,,0,0,0,1.0,0,0,0
gp_set_0001,gp_set_0001_vid_0007,gp_1170,train,1920,1440,28,14235,14262,1,1,0,14259,1,1,25,,0,0,0,1.0,0,0,0
gp_set_0001,gp_set_0001_vid_0007,gp_1126,train,1920,1440,91,12820,12910,1,1,0,12855,1,1,36,12820,91,0,0,1.0,0,0,0
gp_set_0001,gp_set_0001_vid_0007,gp_1146,train,1920,1440,90,13377,13466,1,1,0,13430,1,1,54,13377,90,0,0,1.0,0,0,0
gp_set_0001,gp_set_0001_vid_0007,gp_1111,train,1920,1440,72,12565,12636,1,1,0,12629,1,1,65,,0,0,0,1.0,0,0,0
gp_set_0001,gp_set_0001_vid_0007,gp_1113,train,1920,1440,6,12565,12570,1,1,0,12567,1,1,3,,0,0,0,1.0,0,0,0
gp_set_0001,gp_set_0001_vid_0007,gp_1174,train,1920,1440,47,14379,14425,1,1,0,1422,0,0,,,0,0,0,1.0,0,0,0
gp_set_0001,gp_set_0001_vid_0007,gp_1173,train,1920,1440,48,14393,14440,1,1,0,14437,1,1,45,,0,0,0,1.0,0,0,0
gp_set_0001,gp_set_0001_vid_0007,gp_1179,train,1920,1440,62,14435,14496,1,1,0,14493,1,1,59,,0,0,0,1.0,0,0,0
gp_set_0001,gp_set_0001_vid_0007,gp_1178,train,1920,1440,61,14435,14495,1,1,0,14492,1,1,58,,0,0,0,1.0,0,0,0
gp_set_0001,gp_set_0001_vid_0007,gp_1177,train,1920,1440,60,14435,14494,1,1,0,14491,1,1,57,,0,0,0,1.0,0,0,0
gp_set_0001,gp_set_0001_vid_0007,gp_1180,train,1920,1440,83,14715,14797,1,1,0,14794,1,1,80,,0,0,0,1.0,0,0,0
gp_set_0001,gp_set_0001_vid_0007,gp_1181,train,1920,1440,35,14786,14820,1,1,0,14817,1,1,32,,0,0,0,1.0,0,0,0
gp_set_0001,gp_set_0001_vid_0007,gp_1225,train,1920,1440,38,14791,14828,1,1,0,14825,1,1,35,,0,0,0,1.0,0,0,0
gp_set_0001,gp_set_0001_vid_0007,gp_1227,train,1920,1440,65,14831,14895,1,1,0,14892,1,1,62,,0,0,0,1.0,0,0,0
gp_set_0001,gp_set_0001_vid_0007,gp_1232,train,1920,1440,37,14887,14923,1,1,0,14920,1,1,34,,0,0,0,1.0,0,0,0
gp_set_0001,gp_set_0001_vid_0007,gp_1240,train,1920,1440,64,14925,14988,1,1,0,14985,1,1,61,,0,0,0,1.0,0,0,0
gp_set_0001,gp_set_0001_vid_0007,gp_1243,train,1920,1440,40,15218,15257,1,1,0,15254,1,1,37,,0,0,0,1.0,0,0,0
gp_set_0001,gp_set_0001_vid_0007,gp_1246,train,1920,1440,23,15202,15224,1,1,0,15221,1,1,20,,0,0,0,1.0,0,0,0
gp_set_0001,gp_set_0001_vid_0007,gp_1247,train,1920,1440,25,15345,15369,1,1,0,15366,1,1,22,,0,0,0,1.0,0,0,0
gp_set_0001,gp_set_0001_vid_0007,gp_1250,train,1920,1440,28,15370,15397,1,1,0,15394,1,1,25,,0,0,0,1.0,0,0,0
gp_set_0001,gp_set_0001_vid_0007,gp_1254,train,1920,1440,25,15446,15470,1,1,0,15767,0,0,,,0,0,0,1.0,0,0,0
gp_set_0001,gp_set_0001_vid_0007,gp_1256,train,1920,1440,43,15550,15592,1,1,0,15589,1,1,40,,0,0,0,1.0,0,0,0
gp_set_0001,gp_set_0001_vid_0007,gp_1258,train,1920,1440,44,15537,15580,1,1,0,15577,1,1,41,,0,0,0,1.0,0,0,0
gp_set_0001,gp_set_0001_vid_0007,gp_1261,train,1920,1440,68,15541,15608,1,1,0,15605,1,1,65,,0,0,0,1.0,0,0,0
gp_set_0001,gp_set_0001_vid_0007,gp_1262,train,1920,1440,65,15541,15605,1,1,0,15602,1,1,62,,0,0,0,1.0,0,0,0
gp_set_0001,gp_set_0001_vid_0007,gp_1264,train,1920,1440,52,15581,15632,1,1,0,15629,1,1,49,,0,0,0,1.0,0,0,0
gp_set_0001,gp_set_0001_vid_0007,gp_1265,train,1920,1440,35,15581,15615,1,1,0,15612,1,1,32,,0,0,0,1.0,0,0,0
gp_set_0001,gp_set_0001_vid_0007,gp_1266,train,1920,1440,37,15717,15753,1,1,0,15750,1,1,34,,0,0,0,1.0,0,0,0
gp_set_0001,gp_set_0001_vid_0007,gp_1274,train,1920,1440,28,15850,15877,1,1,0,15874,1,1,25,,0,0,0,1.0,0,0,0
gp_set_0001,gp_set_0001_vid_0007,gp_1275,train,1920,1440,26,15850,15875,1,1,0,15872,1,1,23,,0,0,0,1.0,0,0,0
gp_set_0001,gp_set_0001_vid_0007,gp_1276,train,1920,1440,25,15850,15874,1,1,0,15871,1,1,22,,0,0,0,1.0,0,0,0
gp_set_0001,gp_set_0001_vid_0007,gp_1279,train,1920,1440,35,15860,15894,1,1,0,15891,1,1,32,,0,0,0,1.0,0,0,0
gp_set_0001,gp_set_0001_vid_0007,gp_1283,train,1920,1440,43,15978,16020,1,1,0,16017,1,1,40,,0,0,0,1.0,0,0,0
gp_set_0001,gp_set_0001_vid_0007,gp_1291,train,1920,1440,44,15978,16021,1,1,0,16018,1,1,41,,0,0,0,1.0,0,0,0
gp_set_0001,gp_set_0001_vid_0007,gp_1292,train,1920,1440,21,16096,16116,1,1,0,16113,1,1,18,,0,0,0,1.0,0,0,0
gp_set_0001,gp_set_0001_vid_0007,gp_1296,train,1920,1440,31,16103,16133,1,1,0,16130,1,1,28,,0,0,0,1.0,0,0,0
gp_set_0001,gp_set_0001_vid_0007,gp_1304,train,1920,1440,35,16119,16153,1,1,0,16150,1,1,32,,0,0,0,1.0,0,0,0
gp_set_0001,gp_set_0001_vid_0007,gp_1305,train,1920,1440,42,16118,16159,1,1,0,16156,1,1,39,,0,0,0,1.0,0,0,0
gp_set_0001,gp_set_0001_vid_0007,gp_1235,train,1920,1440,120,14870,14989,1,1,0,14873,1,1,4,14870,120,0,0,1.0,0,0,0
gp_set_0001,gp_set_0001_vid_0007,gp_1236,train,1920,1440,124,14870,14993,1,1,0,14873,1,1,4,14870,124,0,0,1.0,0,0,0
gp_set_0001,gp_set_0001_vid_0007,gp_1249,train,1920,1440,149,15281,15429,1,1,0,15426,1,1,146,15281,149,0,0,1.0,0,0,0
gp_set_0001,gp_set_0001_vid_0007,gp_1310,train,1920,1440,29,16211,16239,1,1,0,16236,1,1,26,,0,0,0,1.0,0,0,0
gp_set_0001,gp_set_0001_vid_0007,gp_1312,train,1920,1440,43,16227,16269,1,1,0,16266,1,1,40,,0,0,0,1.0,0,0,0
gp_set_0001,gp_set_0001_vid_0007,gp_1315,train,1920,1440,41,16249,16289,1,1,0,16286,1,1,38,,0,0,0,1.0,0,0,0
gp_set_0001,gp_set_0001_vid_0007,gp_1317,train,1920,1440,22,16307,16328,1,1,0,16325,1,1,19,,0,0,0,1.0,0,0,0
gp_set_0001,gp_set_0001_vid_0007,gp_1318,train,1920,1440,31,16307,16337,1,1,0,16334,1,1,28,,0,0,0,1.0,0,0,0
gp_set_0001,gp_set_0001_vid_0007,gp_1323,train,1920,1440,32,16306,16337,1,1,0,16334,1,1,29,,0,0,0,1.0,0,0,0
gp_set_0001,gp_set_0001_vid_0007,gp_1329,train,1920,1440,17,16374,16390,1,1,0,16387,1,1,14,,0,0,0,1.0,0,0,0
gp_set_0001,gp_set_0001_vid_0007,gp_1337,train,1920,1440,56,16508,16563,1,1,0,16560,1,1,53,,0,0,0,1.0,0,0,0
gp_set_0001,gp_set_0001_vid_0007,gp_1341,train,1920,1440,35,16560,16594,1,1,0,16591,1,1,32,,0,0,0,1.0,0,0,0
gp_set_0001,gp_set_0001_vid_0007,gp_1343,train,1920,1440,42,16572,16613,1,1,0,16610,1,1,39,16572,42,0,0,1.0,0,0,0
gp_set_0001,gp_set_0001_vid_0007,gp_1349,train,1920,1440,35,16556,16590,1,1,0,16587,1,1,32,,0,0,0,1.0,0,0,0
gp_set_0001,gp_set_0001_vid_0007,gp_1350,train,1920,1440,43,16562,16604,1,1,0,16601,1,1,40,,0,0,0,1.0,0,0,0
gp_set_0001,gp_set_0001_vid_0007,gp_1351,train,1920,1440,23,16615,16637,1,1,0,16615,1,1,1,,0,23,0,1.0,0,0,0
gp_set_0001,gp_set_0001_vid_0007,gp_1362,train,1920,1440,43,16691,16733,1,1,0,16691,1,1,1,16691,43,0,0,1.0,0,0,0
gp_set_0001,gp_set_0001_vid_0007,gp_1366,train,1920,1440,45,16734,16778,1,1,0,16775,1,1,42,,0,0,0,1.0,0,0,0
gp_set_0001,gp_set_0001_vid_0007,gp_1369,train,1920,1440,20,16739,16758,1,1,0,16755,1,1,17,,0,0,0,1.0,0,0,0
gp_set_0001,gp_set_0001_vid_0007,gp_1382,train,1920,1440,29,16869,16897,1,1,0,16894,1,1,26,,0,0,0,1.0,0,0,0
gp_set_0001,gp_set_0001_vid_0007,gp_1381,train,1920,1440,28,16869,16896,1,1,0,16893,1,1,25,,0,0,0,1.0,0,0,0
gp_set_0001,gp_set_0001_vid_0007,gp_1388,train,1920,1440,31,16889,16919,1,1,0,16916,1,1,28,,0,0,0,1.0,0,0,0
gp_set_0001,gp_set_0001_vid_0007,gp_1389,train,1920,1440,34,16889,16922,1,1,0,16919,1,1,31,,0,0,0,1.0,0,0,0
gp_set_0001,gp_set_0001_vid_0007,gp_1393,train,1920,1440,42,16910,16951,1,1,0,16948,1,1,39,,0,0,0,1.0,0,0,0
gp_set_0001,gp_set_0001_vid_0007,gp_1398,train,1920,1440,53,16880,16932,1,1,0,16929,1,1,50,,0,0,0,1.0,0,0,0
gp_set_0001,gp_set_0001_vid_0007,gp_1402,train,1920,1440,32,16939,16970,1,1,0,16967,1,1,29,,0,0,0,1.0,0,0,0
gp_set_0001,gp_set_0001_vid_0007,gp_1408,train,1920,1440,23,16965,16987,1,1,0,-10,0,0,,,0,0,0,1.0,0,0,0
gp_set_0001,gp_set_0001_vid_0007,gp_1407,train,1920,1440,26,16965,16990,1,1,0,16987,1,1,23,,0,0,0,1.0,0,0,0
gp_set_0001,gp_set_0001_vid_0007,gp_1413,train,1920,1440,43,17083,17125,1,1,0,17122,1,1,40,,0,0,0,1.0,0,0,0
gp_set_0001,gp_set_0001_vid_0007,gp_1414,train,1920,1440,54,17108,17161,1,1,0,17158,1,1,51,,0,0,0,1.0,0,0,0
gp_set_0001,gp_set_0001_vid_0007,gp_1421,train,1920,1440,21,17119,17139,1,1,0,17136,1,1,18,,0,0,0,1.0,0,0,0
gp_set_0001,gp_set_0001_vid_0007,gp_1424,train,1920,1440,26,17387,17412,1,1,0,17409,1,1,23,,0,0,0,1.0,0,0,0
gp_set_0001,gp_set_0001_vid_0007,gp_1427,train,1920,1440,32,17408,17439,1,1,0,17436,1,1,29,,0,0,0,1.0,0,0,0
gp_set_0001,gp_set_0001_vid_0007,gp_1432,train,1920,1440,38,17412,17449,1,1,0,17446,1,1,35,,0,0,0,1.0,0,0,0
gp_set_0001,gp_set_0001_vid_0007,gp_1433,train,1920,1440,27,17432,17458,1,1,0,17455,1,1,24,,0,0,0,1.0,0,0,0
gp_set_0001,gp_set_0001_vid_0007,gp_1435,train,1920,1440,23,17463,17485,1,1,0,17482,1,1,20,,0,0,0,1.0,0,0,0
gp_set_0001,gp_set_0001_vid_0007,gp_1438,train,1920,1440,24,17500,17523,1,1,0,17520,1,1,21,,0,0,0,1.0,0,0,0
gp_set_0001,gp_set_0001_vid_0007,gp_1439,train,1920,1440,28,17508,17535,1,1,0,17532,1,1,25,,0,0,0,1.0,0,0,0
gp_set_0001,gp_set_0001_vid_0007,gp_1447,train,1920,1440,40,17566,17605,1,1,0,17602,1,1,37,,0,0,0,1.0,0,0,0
gp_set_0001,gp_set_0001_vid_0007,gp_1448,train,1920,1440,39,17566,17604,1,1,0,17601,1,1,36,,0,0,0,1.0,0,0,0
gp_set_0001,gp_set_0001_vid_0007,gp_1452,train,1920,1440,45,17573,17617,1,1,0,17614,1,1,42,,0,0,0,1.0,0,0,0
gp_set_0001,gp_set_0001_vid_0007,gp_1455,train,1920,1440,34,17632,17665,1,1,0,17662,1,1,31,,0,0,0,1.0,0,0,0
gp_set_0001,gp_set_0001_vid_0007,gp_1460,train,1920,1440,45,17666,17710,1,1,0,17707,1,1,42,,0,0,0,1.0,0,0,0
gp_set_0001,gp_set_0001_vid_0007,gp_1356,train,1920,1440,204,16499,16702,1,1,0,16699,1,1,201,16499,28,0,0,1.0,0,0,0
gp_set_0001,gp_set_0001_vid_0007,gp_1358,train,1920,1440,82,16631,16712,1,1,0,16709,1,1,79,16631,49,0,0,1.0,0,0,0
gp_set_0001,gp_set_0001_vid_0007,gp_1373,train,1920,1440,126,16723,16848,1,1,0,16796,1,1,74,,0,0,0,1.0,0,0,0
gp_set_0001,gp_set_0001_vid_0007,gp_1376,train,1920,1440,123,16723,16845,1,1,0,16796,1,1,74,,0,0,0,1.0,0,0,0
gp_set_0001,gp_set_0001_vid_0007,gp_1483,train,1920,1440,34,18010,18043,1,1,0,18040,1,1,31,,0,0,0,1.0,0,0,0
gp_set_0001,gp_set_0001_vid_0007,gp_1485,train,1920,1440,72,18027,18098,1,1,0,18095,1,1,69,,0,0,0,1.0,0,0,0
gp_set_0001,gp_set_0001_vid_0007,gp_1486,train,1920,1440,88,18058,18145,1,1,0,18142,1,1,85,,0,0,0,1.0,0,0,0
gp_set_0001,gp_set_0001_vid_0007,gp_1489,train,1920,1440,77,18150,18226,1,1,0,18223,1,1,74,,0,0,0,1.0,0,0,0
gp_set_0001,gp_set_0001_vid_0007,gp_1492,train,1920,1440,66,18160,18225,1,1,0,18222,1,1,63,,0,0,0,1.0,0,0,0
gp_set_0001,gp_set_0001_vid_0007,gp_1493,train,1920,1440,75,18160,18234,1,1,0,18231,1,1,72,,0,0,0,1.0,0,0,0
gp_set_0001,gp_set_0001_vid_0007,gp_1501,train,1920,1440,56,18202,18257,1,1,0,18254,1,1,53,,0,0,0,1.0,0,0,0
gp_set_0001,gp_set_0001_vid_0007,gp_1504,train,1920,1440,40,18261,18300,1,1,0,18297,1,1,37,,0,0,0,1.0,0,0,0
gp_set_0001,gp_set_0001_vid_0007,gp_1508,train,1920,1440,49,18274,18322,1,1,0,18319,1,1,46,,0,0,0,1.0,0,0,0
gp_set_0001,gp_set_0001_vid_0007,gp_1513,train,1920,1440,63,18334,18396,1,1,0,18393,1,1,60,,0,0,0,1.0,0,0,0
gp_set_0001,gp_set_0001_vid_0007,gp_1512,train,1920,1440,42,18340,18381,1,1,0,18378,1,1,39,,0,0,0,1.0,0,0,0
gp_set_0001,gp_set_0001_vid_0007,gp_1515,train,1920,1440,33,18331,18363,1,1,0,18360,1,1,30,,0,0,0,1.0,0,0,0
gp_set_0001,gp_set_0001_vid_0007,gp_1519,train,1920,1440,72,18370,18441,1,1,0,18439,1,1,70,,0,0,0,1.0,0,0,0
gp_set_0001,gp_set_0001_vid_0007,gp_1524,train,1920,1440,56,18426,18481,1,1,0,18478,1,1,53,,0,0,0,1.0,0,0,0
gp_set_0001,gp_set_0001_vid_0007,gp_1526,train,1920,1440,25,18503,18527,1,1,0,18522,1,1,20,,0,0,0,1.0,0,0,0
gp_set_0001,gp_set_0001_vid_0007,gp_1527,train,1920,1440,22,18504,18525,1,1,0,18524,1,1,21,,0,0,0,1.0,0,0,0
gp_set_0001,gp_set_0001_vid_0007,gp_1529,train,1920,1440,36,18541,18576,1,1,0,18573,1,1,33,,0,0,0,1.0,0,0,0
gp_set_0001,gp_set_0001_vid_0007,gp_1531,train,1920,1440,50,18673,18722,1,1,0,18719,1,1,47,,0,0,0,1.0,0,0,0
gp_set_0001,gp_set_0001_vid_0007,gp_1533,train,1920,1440,48,18673,18720,1,1,0,18717,1,1,45,,0,0,0,1.0,0,0,0
gp_set_0001,gp_set_0001_vid_0007,gp_1537,train,1920,1440,38,18762,18799,1,1,0,18796,1,1,35,,0,0,0,1.0,0,0,0
gp_set_0001,gp_set_0001_vid_0007,gp_1539,train,1920,1440,39,18784,18822,1,1,0,18818,1,1,35,,0,0,0,1.0,0,0,0
gp_set_0001,gp_set_0001_vid_0007,gp_1541,train,1920,1440,40,18835,18874,1,1,0,18871,1,1,37,,0,0,0,1.0,0,0,0
gp_set_0001,gp_set_0001_vid_0007,gp_1543,train,1920,1440,38,18913,18950,1,1,0,18947,1,1,35,,0,0,0,1.0,0,0,0
gp_set_0001,gp_set_0001_vid_0007,gp_1544,train,1920,1440,49,19008,19056,1,1,0,19053,1,1,46,,0,0,0,1.0,0,0,0
gp_set_0001,gp_set_0001_vid_0007,gp_1547,train,1920,1440,36,19123,19158,1,1,0,19155,1,1,33,,0,0,0,1.0,0,0,0
gp_set_0001,gp_set_0001_vid_0007,gp_1550,train,1920,1440,40,19307,19346,1,1,0,19343,1,1,37,,0,0,0,1.0,0,0,0
gp_set_0001,gp_set_0001_vid_0007,gp_1551,train,1920,1440,32,19307,19338,1,1,0,19335,1,1,29,,0,0,0,1.0,0,0,0
gp_set_0001,gp_set_0001_vid_0007,gp_1553,train,1920,1440,33,19345,19377,1,1,0,19374,1,1,30,,0,0,0,1.0,0,0,0
gp_set_0001,gp_set_0001_vid_0007,gp_1555,train,1920,1440,59,19364,19422,1,1,0,19419,1,1,56,,0,0,0,1.0,0,0,0
gp_set_0001,gp_set_0001_vid_0007,gp_1557,train,1920,1440,30,19511,19540,1,1,0,19537,1,1,27,,0,0,0,1.0,0,0,0
gp_set_0001,gp_set_0001_vid_0007,gp_1561,train,1920,1440,22,19561,19582,1,1,0,19579,1,1,19,,0,0,0,1.0,0,0,0
gp_set_0001,gp_set_0001_vid_0007,gp_1562,train,1920,1440,27,19628,19654,1,1,0,19651,1,1,24,,0,0,0,1.0,0,0,0
gp_set_0001,gp_set_0001_vid_0007,gp_1522,train,1920,1440,140,18157,18296,1,1,0,18170,1,1,14,18157,131,0,0,1.0,0,0,0
gp_set_0001,gp_set_0001_vid_0007,gp_1484,train,1920,1440,93,17950,18042,1,1,0,17950,1,1,1,17950,60,0,0,1.0,0,0,0
gp_set_0001,gp_set_0001_vid_0007,gp_1569,train,1920,1440,27,19837,19863,1,1,0,19860,1,1,24,,0,0,0,1.0,0,0,0
gp_set_0001,gp_set_0001_vid_0007,gp_1571,train,1920,1440,42,19841,19882,1,1,0,19879,1,1,39,,0,0,0,1.0,0,0,0
gp_set_0001,gp_set_0001_vid_0007,gp_1574,train,1920,1440,49,19849,19897,1,1,0,19894,1,1,46,,0,0,0,1.0,0,0,0
gp_set_0001,gp_set_0001_vid_0007,gp_1577,train,1920,1440,32,19896,19927,1,1,0,19924,1,1,29,,0,0,0,1.0,0,0,0
gp_set_0001,gp_set_0001_vid_0007,gp_1578,train,1920,1440,39,20005,20043,1,1,0,20040,1,1,36,,0,0,0,1.0,0,0,0
gp_set_0001,gp_set_0001_vid_0007,gp_1585,train,1920,1440,22,20224,20245,1,1,0,20242,1,1,19,,0,0,0,1.0,0,0,0
gp_set_0001,gp_set_0001_vid_0007,gp_1586,train,1920,1440,33,20288,20320,1,1,0,20317,1,1,30,,0,33,0,1.0,0,0,0
gp_set_0001,gp_set_0001_vid_0007,gp_1587,train,1920,1440,34,20319,20352,1,1,0,20347,1,1,29,,0,0,0,1.0,0,0,0
gp_set_0001,gp_set_0001_vid_0007,gp_1590,train,1920,1440,41,20385,20425,1,1,0,20422,1,1,38,,0,0,0,1.0,0,0,0
gp_set_0001,gp_set_0001_vid_0007,gp_1591,train,1920,1440,38,20385,20422,1,1,0,20419,1,1,35,,0,0,0,1.0,0,0,0
gp_set_0001,gp_set_0001_vid_0007,gp_1593,train,1920,1440,32,20462,20493,1,1,0,20490,1,1,29,,0,0,0,1.0,0,0,0
gp_set_0001,gp_set_0001_vid_0007,gp_1595,train,1920,1440,50,20552,20601,1,1,0,20598,1,1,47,,0,0,0,1.0,0,0,0
gp_set_0001,gp_set_0001_vid_0007,gp_1597,train,1920,1440,44,20559,20602,1,1,0,20599,1,1,41,,0,0,0,1.0,0,0,0
gp_set_0001,gp_set_0001_vid_0007,gp_1599,train,1920,1440,37,20648,20684,1,1,0,20681,1,1,34,,0,0,0,1.0,0,0,0
gp_set_0001,gp_set_0001_vid_0007,gp_1602,train,1920,1440,60,20676,20735,1,1,0,20732,1,1,57,20676,33,0,0,1.0,0,0,0
gp_set_0001,gp_set_0001_vid_0007,gp_1603,train,1920,1440,49,20693,20741,1,1,0,20738,1,1,46,,0,0,0,1.0,0,0,0
gp_set_0001,gp_set_0001_vid_0007,gp_1605,train,1920,1440,92,20793,20884,1,1,0,20881,1,1,89,,0,0,0,1.0,0,0,0
gp_set_0001,gp_set_0001_vid_0007,gp_1606,train,1920,1440,68,20793,20860,1,1,0,20857,1,1,65,,0,0,0,1.0,0,0,0
gp_set_0001,gp_set_0001_vid_0007,gp_1607,train,1920,1440,55,20793,20847,1,1,0,20844,1,1,52,,0,0,0,1.0,0,0,0
gp_set_0001,gp_set_0001_vid_0007,gp_1611,train,1920,1440,56,20796,20851,1,1,0,20848,1,1,53,,0,0,0,1.0,0,0,0
gp_set_0001,gp_set_0001_vid_0007,gp_1613,train,1920,1440,53,20834,20886,1,1,0,20883,1,1,50,,0,0,0,1.0,0,0,0
gp_set_0001,gp_set_0001_vid_0007,gp_1614,train,1920,1440,76,20867,20942,1,1,0,20939,1,1,73,,0,0,0,1.0,0,0,0
gp_set_0001,gp_set_0001_vid_0007,gp_1616,train,1920,1440,41,20888,20928,1,1,0,20925,1,1,38,,0,0,0,1.0,0,0,0
gp_set_0001,gp_set_0001_vid_0007,gp_1618,train,1920,1440,52,20915,20966,1,1,0,20963,1,1,49,,0,0,0,1.0,0,0,0
gp_set_0001,gp_set_0001_vid_0007,gp_1622,train,1920,1440,53,20917,20969,1,1,0,20966,1,1,50,,0,0,0,1.0,0,0,0
gp_set_0001,gp_set_0001_vid_0007,gp_1623,train,1920,1440,41,20974,21014,1,1,0,21011,1,1,38,,0,0,0,1.0,0,0,0
gp_set_0001,gp_set_0001_vid_0007,gp_1625,train,1920,1440,34,21036,21069,1,1,0,21066,1,1,31,,0,0,0,1.0,0,0,0
gp_set_0001,gp_set_0001_vid_0007,gp_1627,train,1920,1440,47,21071,21117,1,1,0,21114,1,1,44,,0,0,0,1.0,0,0,0
gp_set_0001,gp_set_0001_vid_0007,gp_1628,train,1920,1440,12,21109,21120,1,1,0,21117,1,1,9,,0,0,0,1.0,0,0,0
gp_set_0001,gp_set_0001_vid_0007,gp_1629,train,1920,1440,42,21117,21158,1,1,0,21155,1,1,39,,0,0,0,1.0,0,0,0
gp_set_0001,gp_set_0001_vid_0007,gp_1631,train,1920,1440,27,21137,21163,1,1,0,21160,1,1,24,,0,0,0,1.0,0,0,0
gp_set_0001,gp_set_0001_vid_0007,gp_1633,train,1920,1440,32,21137,21168,1,1,0,21165,1,1,29,,0,0,0,1.0,0,0,0
gp_set_0001,gp_set_0001_vid_0007,gp_1636,train,1920,1440,37,21172,21208,1,1,0,21205,1,1,34,,0,0,0,1.0,0,0,0
gp_set_0001,gp_set_0001_vid_0007,gp_1638,train,1920,1440,23,21187,21209,1,1,0,21206,1,1,20,,0,0,0,1.0,0,0,0
gp_set_0001,gp_set_0001_vid_0007,gp_1567,train,1920,1440,104,19745,19848,1,1,1,19745,1,1,1,19745,64,0,0,1.0,0,0,0
gp_set_0001,gp_set_0001_vid_0008,gp_653,train,1920,1440,36,268,303,1,1,0,268,1,1,1,,0,0,0,1.0,0,0,0
gp_set_0001,gp_set_0001_vid_0008,gp_654,train,1920,1440,40,268,307,1,1,0,268,1,1,1,,0,0,0,1.0,0,0,0
gp_set_0001,gp_set_0001_vid_0008,gp_658,train,1920,1440,41,425,465,1,1,0,462,1,1,38,,0,0,0,1.0,0,0,0
gp_set_0001,gp_set_0001_vid_0008,gp_659,train,1920,1440,50,425,474,1,1,0,471,1,1,47,,0,0,0,1.0,0,0,0
gp_set_0001,gp_set_0001_vid_0008,gp_662,train,1920,1440,60,424,483,1,1,0,480,1,1,57,,0,0,0,1.0,0,0,0
gp_set_0001,gp_set_0001_vid_0008,gp_663,train,1920,1440,52,445,496,1,1,0,493,1,1,49,,0,0,0,1.0,0,0,0
gp_set_0001,gp_set_0001_vid_0008,gp_664,train,1920,1440,28,1450,1477,1,1,0,474,0,0,,,0,0,0,1.0,0,0,0
gp_set_0001,gp_set_0001_vid_0008,gp_681,train,1920,1440,56,1229,1284,1,1,0,1281,1,1,53,,0,0,0,1.0,0,0,0
gp_set_0001,gp_set_0001_vid_0008,gp_655,train,1920,1440,153,192,344,1,1,0,307,1,1,116,192,153,0,0,1.0,0,0,0
gp_set_0001,gp_set_0001_vid_0008,gp_675,train,1920,1440,209,1107,1315,1,1,1,1131,1,1,25,1107,209,0,0,1.0,0,0,0
gp_set_0001,gp_set_0001_vid_0008,gp_674,train,1920,1440,209,1107,1315,1,1,1,1131,1,1,25,1107,209,0,0,1.0,0,0,0
gp_set_0001,gp_set_0001_vid_0008,gp_670,train,1920,1440,247,1634,1880,1,1,1,1725,1,1,92,1634,158,0,0,1.0,0,0,0
gp_set_0001,gp_set_0001_vid_0008,gp_667,train,1920,1440,95,1634,1728,1,1,0,1725,1,1,92,,0,0,0,1.0,0,0,0
gp_set_0001,gp_set_0001_vid_0008,gp_618,train,1920,1440,169,0,168,1,1,0,165,1,1,166,,0,0,0,1.0,0,0,0
gp_set_0001,gp_set_0001_vid_0008,gp_619,train,1920,1440,169,0,168,1,1,0,165,1,1,166,118,51,0,0,1.0,0,0,0
gp_set_0001,gp_set_0001_vid_0008,gp_620,train,1920,1440,204,0,203,1,1,0,200,1,1,201,,0,0,0,1.0,0,0,0
gp_set_0001,gp_set_0001_vid_0008,gp_690,train,1920,1440,45,2156,2200,1,1,0,2197,1,1,42,,0,0,0,1.0,0,0,0
gp_set_0001,gp_set_0001_vid_0008,gp_691,train,1920,1440,36,2174,2209,1,1,0,2206,1,1,33,,0,0,0,1.0,0,0,0
gp_set_0001,gp_set_0001_vid_0008,gp_700,train,1920,1440,29,2399,2427,1,1,0,2424,1,1,26,,0,0,0,1.0,0,0,0
gp_set_0001,gp_set_0001_vid_0008,gp_702,train,1920,1440,34,2652,2685,1,1,0,2682,1,1,31,,0,0,0,1.0,0,0,0
gp_set_0001,gp_set_0001_vid_0008,gp_703,train,1920,1440,36,2652,2687,1,1,0,2684,1,1,33,,0,0,0,1.0,0,0,0
gp_set_0001,gp_set_0001_vid_0008,gp_705,train,1920,1440,23,2672,2694,1,1,0,2691,1,1,20,,0,0,0,1.0,0,0,0
gp_set_0001,gp_set_0001_vid_0008,gp_707,train,1920,1440,40,2702,2741,1,1,0,2738,1,1,37,,0,0,0,1.0,0,0,0
gp_set_0001,gp_set_0001_vid_0008,gp_709,train,1920,1440,22,2779,2800,1,1,0,2797,1,1,19,,0,0,0,1.0,0,0,0
gp_set_0001,gp_set_0001_vid_0008,gp_712,train,1920,1440,35,2799,2833,1,1,0,2830,1,1,32,,0,0,0,1.0,0,0,0
gp_set_0001,gp_set_0001_vid_0008,gp_716,train,1920,1440,14,2874,2887,1,1,0,2884,1,1,11,,0,0,0,1.0,0,0,0
gp_set_0001,gp_set_0001_vid_0008,gp_718,train,1920,1440,17,2875,2891,1,1,0,2888,1,1,14,,0,0,0,1.0,0,0,0
gp_set_0001,gp_set_0001_vid_0008,gp_720,train,1920,1440,52,3042,3093,1,1,0,3090,1,1,49,,0,0,0,1.0,0,0,0
gp_set_0001,gp_set_0001_vid_0008,gp_721,train,1920,1440,54,3042,3095,1,1,0,3092,1,1,51,,0,0,0,1.0,0,0,0
gp_set_0001,gp_set_0001_vid_0008,gp_724,train,1920,1440,43,3142,3184,1,1,0,3181,1,1,40,,0,0,0,1.0,0,0,0
gp_set_0001,gp_set_0001_vid_0008,gp_725,train,1920,1440,45,3142,3186,1,1,0,3183,1,1,42,,0,0,0,1.0,0,0,0
gp_set_0001,gp_set_0001_vid_0008,gp_728,train,1920,1440,42,3148,3189,1,1,0,3186,1,1,39,,0,0,0,1.0,0,0,0
gp_set_0001,gp_set_0001_vid_0008,gp_734,train,1920,1440,44,3303,3346,1,1,0,3343,1,1,41,,0,0,0,1.0,0,0,0
gp_set_0001,gp_set_0001_vid_0008,gp_736,train,1920,1440,46,3427,3472,1,1,0,3469,1,1,43,,0,0,0,1.0,0,0,0
gp_set_0001,gp_set_0001_vid_0008,gp_737,train,1920,1440,49,3427,3475,1,1,0,3472,1,1,46,,0,0,0,1.0,0,0,0
gp_set_0001,gp_set_0001_vid_0008,gp_741,train,1920,1440,44,3442,3485,1,1,0,3482,1,1,41,,0,0,0,1.0,0,0,0
gp_set_0001,gp_set_0001_vid_0008,gp_742,train,1920,1440,48,3442,3489,1,1,0,3486,1,1,45,,0,0,0,1.0,0,0,0
gp_set_0001,gp_set_0001_vid_0008,gp_744,train,1920,1440,33,3690,3722,1,1,0,3719,1,1,30,,0,0,0,1.0,0,0,0
gp_set_0001,gp_set_0001_vid_0008,gp_745,train,1920,1440,29,3690,3718,1,1,0,3715,1,1,26,,0,0,0,1.0,0,0,0
gp_set_0001,gp_set_0001_vid_0008,gp_748,train,1920,1440,48,3776,3823,1,1,0,3820,1,1,45,,0,0,0,1.0,0,0,0
gp_set_0001,gp_set_0001_vid_0008,gp_751,train,1920,1440,42,3821,3862,1,1,0,3859,1,1,39,,0,0,0,1.0,0,0,0
gp_set_0001,gp_set_0001_vid_0008,gp_753,train,1920,1440,64,3817,3880,1,1,0,3877,1,1,61,,0,0,0,1.0,0,0,0
gp_set_0001,gp_set_0001_vid_0008,gp_754,train,1920,1440,68,3817,3884,1,1,0,3881,1,1,65,,0,0,0,1.0,0,0,0
gp_set_0001,gp_set_0001_vid_0008,gp_756,train,1920,1440,76,3892,3967,1,1,0,3964,1,1,73,,0,0,0,1.0,0,0,0
gp_set_0001,gp_set_0001_vid_0008,gp_757,train,1920,1440,78,3892,3969,1,1,0,3966,1,1,75,,0,0,0,1.0,0,0,0
gp_set_0001,gp_set_0001_vid_0008,gp_761,train,1920,1440,52,3947,3998,1,1,0,3995,1,1,49,,0,0,0,1.0,0,0,0
gp_set_0001,gp_set_0001_vid_0008,gp_763,train,1920,1440,44,4014,4057,1,1,0,4054,1,1,41,,0,0,0,1.0,0,0,0
gp_set_0001,gp_set_0001_vid_0008,gp_765,train,1920,1440,34,4159,4192,1,1,0,4189,1,1,31,,0,0,0,1.0,0,0,0
gp_set_0001,gp_set_0001_vid_0008,gp_767,train,1920,1440,30,4159,4188,1,1,0,4185,1,1,27,,0,0,0,1.0,0,0,0
gp_set_0001,gp_set_0001_vid_0008,gp_774,train,1920,1440,53,4219,4271,1,1,0,4268,1,1,50,,0,0,0,1.0,0,0,0
gp_set_0001,gp_set_0001_vid_0008,gp_775,train,1920,1440,55,4219,4273,1,1,0,4270,1,1,52,,0,0,0,1.0,0,0,0
gp_set_0001,gp_set_0001_vid_0008,gp_783,train,1920,1440,25,4281,4305,1,1,0,4302,1,1,22,,0,0,0,1.0,0,0,0
gp_set_0001,gp_set_0001_vid_0008,gp_784,train,1920,1440,35,4298,4332,1,1,0,4329,1,1,32,,0,0,0,1.0,0,0,0
gp_set_0001,gp_set_0001_vid_0008,gp_788,train,1920,1440,22,4385,4406,1,1,0,4403,1,1,19,,0,0,0,1.0,0,0,0
gp_set_0001,gp_set_0001_vid_0008,gp_790,train,1920,1440,56,4380,4435,1,1,0,4432,1,1,53,,0,0,0,1.0,0,0,0
gp_set_0001,gp_set_0001_vid_0008,gp_792,train,1920,1440,64,4383,4446,1,1,0,4443,1,1,61,,0,0,0,1.0,0,0,0
gp_set_0001,gp_set_0001_vid_0008,gp_794,train,1920,1440,36,4439,4474,1,1,0,4439,1,1,1,,0,0,0,1.0,0,0,0
gp_set_0001,gp_set_0001_vid_0008,gp_795,train,1920,1440,38,4439,4476,1,1,0,4439,1,1,1,,0,0,0,1.0,0,0,0
gp_set_0001,gp_set_0001_vid_0008,gp_797,train,1920,1440,66,4439,4504,1,1,0,4439,1,1,1,,0,0,0,1.0,0,0,0
gp_set_0001,gp_set_0001_vid_0008,gp_798,train,1920,1440,81,4511,4591,1,1,0,4588,1,1,78,,0,0,0,1.0,0,0,0
gp_set_0001,gp_set_0001_vid_0008,gp_800,train,1920,1440,34,4543,4576,1,1,0,4573,1,1,31,,0,0,0,1.0,0,0,0
gp_set_0001,gp_set_0001_vid_0008,gp_810,train,1920,1440,47,4588,4634,1,1,0,4631,1,1,44,,0,0,0,1.0,0,0,0
gp_set_0001,gp_set_0001_vid_0008,gp_842,train,1920,1440,79,4660,4738,1,1,0,4735,1,1,76,,0,0,0,1.0,0,0,0
gp_set_0001,gp_set_0001_vid_0008,gp_845,train,1920,1440,43,4653,4695,1,1,0,4692,1,1,40,,0,0,0,1.0,0,0,0
gp_set_0001,gp_set_0001_vid_0008,gp_846,train,1920,1440,54,4688,4741,1,1,0,4738,1,1,51,,0,0,0,1.0,0,0,0
gp_set_0001,gp_set_0001_vid_0008,gp_852,train,1920,1440,49,4717,4765,1,1,0,4761,1,1,45,,0,0,0,1.0,0,0,0
gp_set_0001,gp_set_0001_vid_0008,gp_853,train,1920,1440,45,4717,4761,1,1,0,4758,1,1,42,,0,0,0,1.0,0,0,0
gp_set_0001,gp_set_0001_vid_0008,gp_857,train,1920,1440,8,4762,4769,1,1,0,4766,1,1,5,,0,0,0,1.0,0,0,0
gp_set_0001,gp_set_0001_vid_0008,gp_868,train,1920,1440,47,4806,4852,1,1,0,4849,1,1,44,,0,0,0,1.0,0,0,0
gp_set_0001,gp_set_0001_vid_0008,gp_869,train,1920,1440,54,4830,4883,1,1,0,4880,1,1,51,,0,0,0,1.0,0,0,0
gp_set_0001,gp_set_0001_vid_0008,gp_871,train,1920,1440,61,4867,4927,1,1,0,4924,1,1,58,,0,0,0,1.0,0,0,0
gp_set_0001,gp_set_0001_vid_0008,gp_872,train,1920,1440,65,4867,4931,1,1,0,4928,1,1,62,,0,0,0,1.0,0,0,0
gp_set_0001,gp_set_0001_vid_0008,gp_873,train,1920,1440,64,4867,4930,1,1,0,4927,1,1,61,,0,0,0,1.0,0,0,0
gp_set_0001,gp_set_0001_vid_0008,gp_878,train,1920,1440,62,4897,4958,1,1,0,4955,1,1,59,,0,0,0,1.0,0,0,0
gp_set_0001,gp_set_0001_vid_0008,gp_879,train,1920,1440,60,4897,4956,1,1,0,4953,1,1,57,,0,0,0,1.0,0,0,0
gp_set_0001,gp_set_0001_vid_0008,gp_880,train,1920,1440,63,4897,4959,1,1,0,4956,1,1,60,,0,0,0,1.0,0,0,0
gp_set_0001,gp_set_0001_vid_0008,gp_881,train,1920,1440,45,4914,4958,1,1,0,4955,1,1,42,,0,0,0,1.0,0,0,0
gp_set_0001,gp_set_0001_vid_0008,gp_882,train,1920,1440,70,4913,4982,1,1,0,4979,1,1,67,,0,0,0,1.0,0,0,0
gp_set_0001,gp_set_0001_vid_0008,gp_884,train,1920,1440,33,4930,4962,1,1,0,4959,1,1,30,,0,0,0,1.0,0,0,0
gp_set_0001,gp_set_0001_vid_0008,gp_885,train,1920,1440,47,4992,5038,1,1,0,5035,1,1,44,,0,0,0,1.0,0,0,0
gp_set_0001,gp_set_0001_vid_0008,gp_888,train,1920,1440,43,5042,5084,1,1,0,5081,1,1,40,,0,0,0,1.0,0,0,0
gp_set_0001,gp_set_0001_vid_0008,gp_889,train,1920,1440,40,5071,5110,1,1,0,5107,1,1,37,,0,0,0,1.0,0,0,0
gp_set_0001,gp_set_0001_vid_0008,gp_890,train,1920,1440,54,5088,5141,1,1,0,5138,1,1,51,,0,0,0,1.0,0,0,0
gp_set_0001,gp_set_0001_vid_0008,gp_892,train,1920,1440,56,5141,5196,1,1,0,5193,1,1,53,,0,0,0,1.0,0,0,0
gp_set_0001,gp_set_0001_vid_0008,gp_894,train,1920,1440,51,5132,5182,1,1,0,5179,1,1,48,,0,0,0,1.0,0,0,0
gp_set_0001,gp_set_0001_vid_0008,gp_895,train,1920,1440,56,5132,5187,1,1,0,5184,1,1,53,,0,0,0,1.0,0,0,0
gp_set_0001,gp_set_0001_vid_0008,gp_896,train,1920,1440,59,5132,5190,1,1,0,5187,1,1,56,,0,0,0,1.0,0,0,0
gp_set_0001,gp_set_0001_vid_0008,gp_902,train,1920,1440,270,5245,5514,1,1,0,5386,1,1,142,5388,2,0,0,1.0,0,0,0
gp_set_0001,gp_set_0001_vid_0008,gp_905,train,1920,1440,421,5235,5655,1,1,0,5386,1,1,152,,0,0,0,1.0,0,0,0
gp_set_0001,gp_set_0001_vid_0008,gp_906,train,1920,1440,444,5235,5678,1,1,0,5386,1,1,152,,0,0,0,1.0,0,0,0
gp_set_0001,gp_set_0001_vid_0008,gp_771,train,1920,1440,239,4006,4244,1,1,1,4006,1,1,1,4006,239,0,0,1.0,0,0,0
gp_set_0001,gp_set_0001_vid_0008,gp_802,train,1920,1440,169,4452,4620,1,1,1,4452,1,1,1,4452,125,0,0,1.0,0,0,0
gp_set_0001,gp_set_0001_vid_0008,gp_817,train,1920,1440,115,4524,4638,1,1,1,4524,1,1,1,4524,114,0,0,1.0,0,0,0
gp_set_0001,gp_set_0001_vid_0008,gp_816,train,1920,1440,98,4543,4640,1,1,1,4543,1,1,1,4543,98,0,0,1.0,0,0,0
gp_set_0001,gp_set_0001_vid_0008,gp_815,train,1920,1440,158,4491,4648,1,1,1,4556,1,1,66,4547,102,0,0,1.0,0,0,0
gp_set_0001,gp_set_0001_vid_0008,gp_832,train,1920,1440,78,4590,4667,1,1,1,4649,1,1,60,4649,19,0,0,1.0,0,0,0
gp_set_0001,gp_set_0001_vid_0008,gp_831,train,1920,1440,83,4590,4672,1,1,1,4649,1,1,60,4649,24,0,0,1.0,0,0,0
gp_set_0001,gp_set_0001_vid_0008,gp_826,train,1920,1440,49,4605,4653,1,1,1,4605,1,1,1,4605,49,0,0,1.0,0,0,0
gp_set_0001,gp_set_0001_vid_0008,gp_825,train,1920,1440,50,4602,4651,1,1,1,4602,1,1,1,4602,50,0,0,1.0,0,0,0
gp_set_0001,gp_set_0001_vid_0008,gp_837,train,1920,1440,80,4622,4701,1,1,1,4622,1,1,1,4622,61,0,0,1.0,0,0,0
gp_set_0001,gp_set_0001_vid_0008,gp_838,train,1920,1440,89,4612,4700,1,1,1,4612,1,1,1,4612,71,0,0,1.0,0,0,0
gp_set_0001,gp_set_0001_vid_0008,gp_804,train,1920,1440,395,4373,4767,1,1,1,4373,1,1,1,4435,66,0,0,1.0,0,0,0
gp_set_0001,gp_set_0001_vid_0008,gp_828,train,1920,1440,63,4616,4678,1,1,1,4616,1,1,1,4616,63,0,0,1.0,0,0,0
gp_set_0001,gp_set_0001_vid_0008,gp_256,train,1920,1440,154,5385,5538,1,1,0,5535,1,1,151,,0,0,0,1.0,0,0,0
gp_set_0001,gp_set_0001_vid_0008,gp_257,train,1920,1440,160,5385,5544,1,1,0,5541,1,1,157,,0,0,0,1.0,0,0,0
gp_set_0001,gp_set_0001_vid_0008,gp_258,train,1920,1440,102,5385,5489,2,1,0,5486,1,1,34,,0,0,0,1.0,0,0,0
gp_set_0001,gp_set_0001_vid_0008,gp_259,train,1920,1440,199,5385,5583,1,1,0,5580,1,1,196,,0,0,0,1.0,0,0,0
gp_set_0001,gp_set_0001_vid_0008,gp_260,train,1920,1440,119,5462,5580,1,1,0,5577,1,1,116,,0,0,0,1.0,0,0,0
gp_set_0001,gp_set_0001_vid_0008,gp_261,train,1920,1440,213,5496,5708,1,1,0,5705,1,1,210,,0,0,0,1.0,0,0,0
gp_set_0001,gp_set_0001_vid_0008,gp_262,train,1920,1440,219,5449,5667,1,1,0,5664,1,1,216,,0,0,0,1.0,0,0,0
gp_set_0001,gp_set_0001_vid_0008,gp_268,train,1920,1440,107,5755,5861,1,1,0,5755,1,1,1,5789,73,0,0,1.0,0,0,0
gp_set_0001,gp_set_0001_vid_0008,gp_269,train,1920,1440,136,5755,5890,1,1,0,5755,1,1,1,5790,101,0,0,1.0,0,0,0
gp_set_0001,gp_set_0001_vid_0008,gp_270,train,1920,1440,100,5770,5869,1,1,0,5770,1,1,1,5790,80,0,0,1.0,0,0,0
gp_set_0001,gp_set_0001_vid_0008,gp_271,train,1920,1440,94,5790,5883,1,1,0,5790,1,1,1,5810,74,0,0,1.0,0,0,0
gp_set_0001,gp_set_0001_vid_0008,gp_274,train,1920,1440,304,5724,6027,1,1,1,5915,1,1,192,5915,93,0,0,1.0,0,0,0
gp_set_0001,gp_set_0001_vid_0008,gp_277,train,1920,1440,248,5869,6116,1,1,0,6113,1,1,245,,0,0,0,1.0,0,0,0
gp_set_0001,gp_set_0001_vid_0008,gp_278,train,1920,1440,168,5926,6093,1,1,1,5960,1,1,35,5971,123,0,0,1.0,0,0,0
gp_set_0001,gp_set_0001_vid_0008,gp_282,train,1920,1440,114,5990,6103,1,1,0,6100,1,1,111,,0,0,0,1.0,0,0,0
gp_set_0001,gp_set_0001_vid_0008,gp_283,train,1920,1440,111,5990,6100,1,1,0,6097,1,1,108,,0,0,0,1.0,0,0,0
gp_set_0001,gp_set_0001_vid_0008,gp_287,train,1920,1440,83,6115,6197,1,1,0,6194,1,1,80,,0,0,0,1.0,0,0,0
gp_set_0001,gp_set_0001_vid_0008,gp_288,train,1920,1440,62,6128,6189,1,1,0,6185,1,1,58,,0,0,0,1.0,0,0,0
gp_set_0001,gp_set_0001_vid_0008,gp_289,train,1920,1440,27,6159,6185,1,1,0,6182,1,1,24,,0,0,0,1.0,0,0,0
gp_set_0001,gp_set_0001_vid_0008,gp_290,train,1920,1440,167,6114,6280,1,1,0,6277,1,1,164,,0,0,0,1.0,0,0,0
gp_set_0001,gp_set_0001_vid_0008,gp_291,train,1920,1440,115,6136,6250,1,1,0,6247,1,1,112,,0,0,0,1.0,0,0,0
gp_set_0001,gp_set_0001_vid_0008,gp_292,train,1920,1440,92,6165,6256,1,1,0,6253,1,1,89,,0,0,0,1.0,0,0,0
gp_set_0001,gp_set_0001_vid_0008,gp_297,train,1920,1440,29,6345,6373,1,1,0,6370,1,1,26,,0,0,0,1.0,0,0,0
gp_set_0001,gp_set_0001_vid_0008,gp_298,train,1920,1440,36,6345,6380,1,1,0,6377,1,1,33,,0,0,0,1.0,0,0,0
gp_set_0001,gp_set_0001_vid_0008,gp_299,train,1920,1440,28,6520,6547,1,1,0,6544,1,1,25,,0,0,0,1.0,0,0,0
gp_set_0001,gp_set_0001_vid_0008,gp_300,train,1920,1440,30,6520,6549,1,1,0,6545,1,1,26,,0,0,0,1.0,0,0,0
gp_set_0001,gp_set_0001_vid_0008,gp_302,train,1920,1440,75,6358,6432,1,1,0,6429,1,1,72,,0,0,0,1.0,0,0,0
gp_set_0001,gp_set_0001_vid_0008,gp_303,train,1920,1440,75,6366,6440,1,1,0,6427,1,1,62,,0,0,0,1.0,0,0,0
gp_set_0001,gp_set_0001_vid_0008,gp_304,train,1920,1440,85,6366,6450,1,1,0,6447,1,1,82,,0,0,0,1.0,0,0,0
gp_set_0001,gp_set_0001_vid_0008,gp_305,train,1920,1440,54,6408,6461,1,1,0,6458,1,1,51,,0,0,0,1.0,0,0,0
gp_set_0001,gp_set_0001_vid_0008,gp_307,train,1920,1440,69,6409,6477,1,1,0,6474,1,1,66,,0,0,0,1.0,0,0,0
gp_set_0001,gp_set_0001_vid_0008,gp_308,train,1920,1440,351,5710,6060,1,1,0,6056,1,1,347,,0,0,0,1.0,0,0,0
gp_set_0001,gp_set_0001_vid_0008,gp_309,train,1920,1440,52,6433,6484,1,1,0,6481,1,1,49,,0,0,0,1.0,0,0,0
gp_set_0001,gp_set_0001_vid_0008,gp_310,train,1920,1440,53,6433,6485,1,1,0,6482,1,1,50,,0,0,0,1.0,0,0,0
gp_set_0001,gp_set_0001_vid_0008,gp_311,train,1920,1440,71,6506,6576,1,1,0,6573,1,1,68,,0,0,0,1.0,0,0,0
gp_set_0001,gp_set_0001_vid_0008,gp_312,train,1920,1440,47,6505,6551,1,1,0,6548,1,1,44,,0,0,0,1.0,0,0,0
gp_set_0001,gp_set_0001_vid_0008,gp_313,train,1920,1440,40,6522,6561,1,1,0,6558,1,1,37,,0,0,0,1.0,0,0,0
gp_set_0001,gp_set_0001_vid_0008,gp_314,train,1920,1440,14,6559,6572,1,1,0,6569,1,1,11,,0,0,0,1.0,0,0,0
gp_set_0001,gp_set_0001_vid_0008,gp_315,train,1920,1440,50,6538,6587,1,1,0,6584,1,1,47,,0,0,0,1.0,0,0,0
gp_set_0001,gp_set_0001_vid_0008,gp_316,train,1920,1440,35,6563,6597,1,1,0,6594,1,1,32,,0,0,0,1.0,0,0,0
gp_set_0001,gp_set_0001_vid_0008,gp_317,train,1920,1440,25,6577,6601,1,1,0,6598,1,1,22,,0,0,0,1.0,0,0,0
gp_set_0001,gp_set_0001_vid_0008,gp_318,train,1920,1440,25,6560,6584,1,1,0,6581,1,1,22,,0,0,0,1.0,0,0,0
gp_set_0001,gp_set_0001_vid_0008,gp_319,train,1920,1440,35,6566,6600,1,1,0,6597,1,1,32,,0,0,0,1.0,0,0,0
gp_set_0001,gp_set_0001_vid_0008,gp_320,train,1920,1440,66,6546,6611,1,1,0,6608,1,1,63,6546,3,0,0,1.0,0,0,0
gp_set_0001,gp_set_0001_vid_0008,gp_322,train,1920,1440,63,6629,6691,1,1,0,6688,1,1,60,,0,0,0,1.0,0,0,0
gp_set_0001,gp_set_0001_vid_0008,gp_323,train,1920,1440,81,6632,6712,1,1,0,6709,1,1,78,,0,0,0,1.0,0,0,0
gp_set_0001,gp_set_0001_vid_0008,gp_324,train,1920,1440,70,6668,6737,1,1,0,6734,1,1,67,,0,0,0,1.0,0,0,0
gp_set_0001,gp_set_0001_vid_0008,gp_326,train,1920,1440,40,6697,6736,1,1,0,6733,1,1,37,,0,0,0,1.0,0,0,0
gp_set_0001,gp_set_0001_vid_0008,gp_327,train,1920,1440,51,6717,6767,1,1,0,6764,1,1,48,,0,0,0,1.0,0,0,0
gp_set_0001,gp_set_0001_vid_0008,gp_328,train,1920,1440,66,6728,6793,1,1,0,6790,1,1,63,,0,0,0,1.0,0,0,0
gp_set_0001,gp_set_0001_vid_0008,gp_329,train,1920,1440,77,6791,6867,1,1,0,6864,1,1,74,,0,0,0,1.0,0,0,0
gp_set_0001,gp_set_0001_vid_0008,gp_330,train,1920,1440,47,6751,6797,1,1,0,6794,1,1,44,,0,0,0,1.0,0,0,0
gp_set_0001,gp_set_0001_vid_0008,gp_331,train,1920,1440,41,6758,6798,1,1,0,6795,1,1,38,,0,0,0,1.0,0,0,0
gp_set_0001,gp_set_0001_vid_0008,gp_332,train,1920,1440,131,6794,6924,1,1,0,6921,1,1,128,,0,0,0,1.0,0,0,0
gp_set_0001,gp_set_0001_vid_0008,gp_334,train,1920,1440,78,6910,6987,1,1,0,6984,1,1,75,,0,0,0,1.0,0,0,0
gp_set_0001,gp_set_0001_vid_0008,gp_335,train,1920,1440,73,6910,6982,1,1,0,6979,1,1,70,,0,0,0,1.0,0,0,0
gp_set_0001,gp_set_0001_vid_0008,gp_336,train,1920,1440,33,6918,6950,1,1,0,6946,1,1,29,,0,0,0,1.0,0,0,0
gp_set_0001,gp_set_0001_vid_0008,gp_337,train,1920,1440,111,6927,7037,1,1,0,7034,1,1,108,,0,0,0,1.0,0,0,0
gp_set_0001,gp_set_0001_vid_0008,gp_339,train,1920,1440,68,6932,6999,1,1,0,6932,1,1,1,,0,0,0,1.0,0,0,0
gp_set_0001,gp_set_0001_vid_0008,gp_340,train,1920,1440,131,6935,7065,1,1,0,7062,1,1,128,,0,0,0,1.0,0,0,0
gp_set_0001,gp_set_0001_vid_0008,gp_341,train,1920,1440,42,7039,7080,1,1,0,7077,1,1,39,,0,0,0,1.0,0,0,0
gp_set_0001,gp_set_0001_vid_0008,gp_342,train,1920,1440,45,7039,7083,1,1,0,7080,1,1,42,,0,0,0,1.0,0,0,0
gp_set_0001,gp_set_0001_vid_0008,gp_343,train,1920,1440,41,7061,7101,1,1,0,7098,1,1,38,,0,0,0,1.0,0,0,0
gp_set_0001,gp_set_0001_vid_0008,gp_344,train,1920,1440,50,7061,7110,1,1,0,7107,1,1,47,,0,0,0,1.0,0,0,0
gp_set_0001,gp_set_0001_vid_0008,gp_345,train,1920,1440,26,7091,7116,1,1,0,7113,1,1,23,,0,0,0,1.0,0,0,0
gp_set_0001,gp_set_0001_vid_0008,gp_373,train,1920,1440,33,7093,7125,1,1,0,7121,1,1,29,,0,0,0,1.0,0,0,0
gp_set_0001,gp_set_0001_vid_0008,gp_375,train,1920,1440,40,7126,7165,1,1,0,7162,1,1,37,,0,0,0,1.0,0,0,0
gp_set_0001,gp_set_0001_vid_0008,gp_377,train,1920,1440,48,7126,7173,1,1,0,7170,1,1,45,,0,0,0,1.0,0,0,0
gp_set_0001,gp_set_0001_vid_0008,gp_263,train,1920,1440,308,5436,5743,1,1,1,5436,1,1,1,5436,153,0,0,1.0,0,0,0
gp_set_0001,gp_set_0001_vid_0008,gp_266,train,1920,1440,272,5492,5763,1,1,1,5614,1,1,123,5604,160,0,0,1.0,0,0,0
gp_set_0001,gp_set_0001_vid_0008,gp_267,train,1920,1440,274,5453,5726,1,1,1,5453,1,1,1,5453,248,0,0,1.0,0,0,0
gp_set_0001,gp_set_0001_vid_0008,gp_275,train,1920,1440,416,5570,5985,1,1,1,5875,1,1,306,5875,111,0,0,1.0,0,0,0
gp_set_0001,gp_set_0001_vid_0008,gp_276,train,1920,1440,410,5570,5979,1,1,1,5888,1,1,319,5888,92,0,0,1.0,0,0,0
gp_set_0001,gp_set_0001_vid_0008,gp_273,train,1920,1440,409,5595,6003,1,1,1,5915,1,1,321,5915,79,0,0,1.0,0,0,0
gp_set_0001,gp_set_0001_vid_0008,gp_272,train,1920,1440,160,5610,5769,1,1,0,5766,1,1,157,,0,0,0,1.0,0,0,0
gp_set_0001,gp_set_0001_vid_0008,gp_294,train,1920,1440,284,6044,6327,1,1,1,6044,1,1,1,6044,240,0,0,1.0,0,0,0
gp_set_0001,gp_set_0001_vid_0008,gp_306,train,1920,1440,152,6301,6452,1,1,0,6443,1,1,143,6399,33,98,0,1.0,0,0,0
gp_set_0001,gp_set_0001_vid_0008,gp_325,train,1920,1440,234,6581,6814,1,1,1,6610,1,1,30,6610,170,0,0,1.0,0,0,0
gp_set_0001,gp_set_0001_vid_0008,gp_333,train,1920,1440,223,6814,7036,1,1,1,6872,1,1,59,6869,123,55,0,1.0,0,0,0
gp_set_0001,gp_set_0001_vid_0008,gp_279,train,1920,1440,188,5913,6100,1,1,1,5913,1,1,1,5913,178,0,0,1.0,0,0,0
gp_set_0001,gp_set_0001_vid_0008,gp_280,train,1920,1440,600,5431,6125,2,1,1,5851,1,1,1,5901,225,0,0,1.0,0,0,0
gp_set_0001,gp_set_0001_vid_0008,gp_284,train,1920,1440,281,5869,6149,1,1,1,6006,1,1,138,6055,95,0,0,1.0,0,0,0
gp_set_0001,gp_set_0001_vid_0008,gp_293,train,1920,1440,322,6034,6355,1,1,1,6170,1,1,137,6170,147,0,0,1.0,0,0,0
gp_set_0001,gp_set_0001_vid_0008,gp_296,train,1920,1440,519,5870,6388,1,1,1,6034,1,1,165,6034,244,0,0,1.0,0,0,0
gp_set_0001,gp_set_0001_vid_0008,gp_295,train,1920,1440,533,5870,6402,1,1,1,6050,1,1,181,6050,228,0,0,1.0,0,0,0
gp_set_0001,gp_set_0001_vid_0008,gp_285,train,1920,1440,700,5479,6178,1,1,1,5479,1,1,1,5479,306,0,0,1.0,0,0,0
gp_set_0001,gp_set_0001_vid_0008,gp_286,train,1920,1440,691,5479,6169,1,1,1,5479,1,1,1,5479,306,0,0,1.0,0,0,0
gp_set_0001,gp_set_0001_vid_0008,gp_916,train,1920,1440,23,7180,7202,1,1,0,7199,1,1,20,,0,0,0,1.0,0,0,0
gp_set_0001,gp_set_0001_vid_0008,gp_917,train,1920,1440,27,7180,7206,1,1,0,7203,1,1,24,,0,0,0,1.0,0,0,0
gp_set_0001,gp_set_0001_vid_0008,gp_920,train,1920,1440,39,7193,7231,1,1,0,7228,1,1,36,,0,0,0,1.0,0,0,0
gp_set_0001,gp_set_0001_vid_0008,gp_922,train,1920,1440,43,7200,7242,1,1,0,7239,1,1,40,,0,0,0,1.0,0,0,0
gp_set_0001,gp_set_0001_vid_0008,gp_926,train,1920,1440,75,7210,7284,1,1,0,7281,1,1,72,,0,0,0,1.0,0,0,0
gp_set_0001,gp_set_0001_vid_0008,gp_927,train,1920,1440,83,7210,7292,1,1,0,7289,1,1,80,,0,0,0,1.0,0,0,0
gp_set_0001,gp_set_0001_vid_0008,gp_934,train,1920,1440,78,7334,7411,1,1,0,7408,1,1,75,,0,0,0,1.0,0,0,0
gp_set_0001,gp_set_0001_vid_0008,gp_935,train,1920,1440,70,7334,7403,1,1,0,7400,1,1,67,,0,0,0,1.0,0,0,0
gp_set_0001,gp_set_0001_vid_0008,gp_937,train,1920,1440,75,7334,7408,1,1,0,7405,1,1,72,,0,0,0,1.0,0,0,0
gp_set_0001,gp_set_0001_vid_0008,gp_939,train,1920,1440,44,7350,7393,1,1,0,7350,1,1,1,,0,0,0,1.0,0,0,0
gp_set_0001,gp_set_0001_vid_0008,gp_941,train,1920,1440,79,7387,7465,1,1,0,7462,1,1,76,,0,0,0,1.0,0,0,0
gp_set_0001,gp_set_0001_vid_0008,gp_943,train,1920,1440,250,7409,7658,1,1,0,7655,1,1,247,,0,0,0,1.0,0,0,0
gp_set_0001,gp_set_0001_vid_0008,gp_948,train,1920,1440,106,7521,7626,1,1,0,7621,1,1,101,7521,63,0,0,1.0,0,0,0
gp_set_0001,gp_set_0001_vid_0008,gp_949,train,1920,1440,28,7581,7608,1,1,0,7605,1,1,25,,0,0,0,1.0,0,0,0
gp_set_0001,gp_set_0001_vid_0008,gp_951,train,1920,1440,63,7631,7693,1,1,0,7690,1,1,60,,0,0,0,1.0,0,0,0
gp_set_0001,gp_set_0001_vid_0008,gp_953,train,1920,1440,249,7603,7851,1,1,0,7848,1,1,246,,0,0,0,1.0,0,0,0
gp_set_0001,gp_set_0001_vid_0008,gp_964,train,1920,1440,156,7677,7832,1,1,0,7829,1,1,153,,0,0,0,1.0,0,0,0
gp_set_0001,gp_set_0001_vid_0008,gp_967,train,1920,1440,37,7840,7876,1,1,0,7873,1,1,34,,0,0,0,1.0,0,0,0
gp_set_0001,gp_set_0001_vid_0008,gp_968,train,1920,1440,39,7840,7878,1,1,0,7875,1,1,36,,0,0,0,1.0,0,0,0
gp_set_0001,gp_set_0001_vid_0008,gp_973,train,1920,1440,48,7900,7947,1,1,0,7974,0,0,,,0,0,0,1.0,0,0,0
gp_set_0001,gp_set_0001_vid_0008,gp_981,train,1920,1440,53,7290,7342,1,1,0,7339,1,1,50,,0,0,0,1.0,0,0,0
gp_set_0001,gp_set_0001_vid_0008,gp_982,train,1920,1440,80,7334,7413,1,1,0,7410,1,1,77,,0,0,0,1.0,0,0,0
gp_set_0001,gp_set_0001_vid_0008,gp_986,train,1920,1440,66,7777,7842,1,1,0,7839,1,1,63,,0,0,0,1.0,0,0,0
gp_set_0001,gp_set_0001_vid_0008,gp_987,train,1920,1440,90,7794,7883,1,1,0,7880,1,1,87,,0,0,0,1.0,0,0,0
gp_set_0001,gp_set_0001_vid_0008,gp_988,train,1920,1440,93,7794,7886,1,1,0,7883,1,1,90,,0,0,0,1.0,0,0,0
gp_set_0001,gp_set_0001_vid_0008,gp_991,train,1920,1440,31,7916,7946,1,1,0,7943,1,1,28,,0,0,0,1.0,0,0,0
gp_set_0001,gp_set_0001_vid_0008,gp_993,train,1920,1440,48,7924,7971,1,1,0,7968,1,1,45,,0,0,0,1.0,0,0,0
gp_set_0001,gp_set_0001_vid_0008,gp_996,train,1920,1440,22,7929,7950,1,1,0,7947,1,1,19,,0,0,0,1.0,0,0,0
gp_set_0001,gp_set_0001_vid_0008,gp_997,train,1920,1440,29,7929,7957,1,1,0,7954,1,1,26,,0,0,0,1.0,0,0,0
gp_set_0001,gp_set_0001_vid_0008,gp_1000,train,1920,1440,28,7939,7966,1,1,0,7963,1,1,25,,0,0,0,1.0,0,0,0
gp_set_0001,gp_set_0001_vid_0008,gp_1008,train,1920,1440,42,8247,8288,1,1,0,8285,1,1,39,,0,0,0,1.0,0,0,0
gp_set_0001,gp_set_0001_vid_0008,gp_1015,train,1920,1440,80,8293,8372,1,1,0,8369,1,1,77,,0,0,0,1.0,0,0,0
gp_set_0001,gp_set_0001_vid_0008,gp_1017,train,1920,1440,76,8293,8368,1,1,0,8365,1,1,73,,0,0,0,1.0,0,0,0
gp_set_0001,gp_set_0001_vid_0008,gp_1023,train,1920,1440,69,8382,8450,1,1,0,8447,1,1,66,,0,0,0,1.0,0,0,0
gp_set_0001,gp_set_0001_vid_0008,gp_1026,train,1920,1440,99,8515,8613,1,1,0,8515,1,1,1,,0,0,0,1.0,0,0,0
gp_set_0001,gp_set_0001_vid_0008,gp_1029,train,1920,1440,274,8487,8760,1,1,0,8757,1,1,271,,0,0,0,1.0,0,0,0
gp_set_0001,gp_set_0001_vid_0008,gp_1046,train,1920,1440,314,8607,8920,1,1,0,8917,1,1,311,,0,0,0,1.0,0,0,0
gp_set_0001,gp_set_0001_vid_0008,gp_1047,train,1920,1440,308,8607,8914,1,1,0,8911,1,1,305,,0,0,0,1.0,0,0,0
gp_set_0001,gp_set_0001_vid_0008,gp_1048,train,1920,1440,204,8607,8810,1,1,0,8807,1,1,201,,0,0,0,1.0,0,0,0
gp_set_0001,gp_set_0001_vid_0008,gp_1056,train,1920,1440,53,8743,8795,1,1,0,8792,1,1,50,,0,0,0,1.0,0,0,0
gp_set_0001,gp_set_0001_vid_0008,gp_1057,train,1920,1440,66,8927,8992,1,1,0,8976,1,1,50,,0,0,0,1.0,0,0,0
gp_set_0001,gp_set_0001_vid_0008,gp_1037,train,1920,1440,394,8381,8774,1,1,0,8490,1,1,110,8381,109,0,0,1.0,0,0,0
gp_set_0001,gp_set_0001_vid_0008,gp_1041,train,1920,1440,207,8585,8791,1,1,1,8585,1,1,1,8585,207,0,0,1.0,0,0,0
gp_set_0001,gp_set_0001_vid_0008,gp_1066,train,1920,1440,47,9117,9163,1,1,0,9160,1,1,44,,0,0,0,1.0,0,0,0
gp_set_0001,gp_set_0001_vid_0008,gp_1079,train,1920,1440,62,9368,9429,1,1,0,9426,1,1,59,,0,0,0,1.0,0,0,0
gp_set_0001,gp_set_0001_vid_0008,gp_1081,train,1920,1440,50,9418,9467,1,1,0,9464,1,1,47,,0,0,0,1.0,0,0,0
gp_set_0001,gp_set_0001_vid_0008,gp_1084,train,1920,1440,43,9455,9497,1,1,0,9494,1,1,40,,0,0,0,1.0,0,0,0
gp_set_0001,gp_set_0001_vid_0008,gp_1085,train,1920,1440,47,9455,9501,1,1,0,9498,1,1,44,,0,0,0,1.0,0,0,0
gp_set_0001,gp_set_0001_vid_0008,gp_1089,train,1920,1440,30,9546,9575,1,1,0,9572,1,1,27,,0,0,0,1.0,0,0,0
gp_set_0001,gp_set_0001_vid_0008,gp_1090,train,1920,1440,32,9546,9577,1,1,0,9574,1,1,29,,0,0,0,1.0,0,0,0
gp_set_0001,gp_set_0001_vid_0008,gp_1093,train,1920,1440,33,9561,9593,1,1,0,9590,1,1,30,,0,0,0,1.0,0,0,0
gp_set_0001,gp_set_0001_vid_0008,gp_1094,train,1920,1440,37,9561,9597,1,1,0,9594,1,1,34,,0,0,0,1.0,0,0,0
gp_set_0001,gp_set_0001_vid_0008,gp_1100,train,1920,1440,24,9722,9745,1,1,0,9742,1,1,21,,0,0,0,1.0,0,0,0
gp_set_0001,gp_set_0001_vid_0008,gp_1101,train,1920,1440,32,9704,9735,1,1,0,9732,1,1,29,,0,0,0,1.0,0,0,0
gp_set_0001,gp_set_0001_vid_0008,gp_1102,train,1920,1440,24,9738,9761,1,1,0,9758,1,1,21,,0,0,0,1.0,0,0,0
gp_set_0001,gp_set_0001_vid_0008,gp_1103,train,1920,1440,8,9780,9787,1,1,0,9784,1,1,5,,0,0,0,1.0,0,0,0
gp_set_0001,gp_set_0001_vid_0008,gp_1104,train,1920,1440,39,9913,9951,1,1,0,9948,1,1,36,,0,0,0,1.0,0,0,0
gp_set_0001,gp_set_0001_vid_0008,gp_1105,train,1920,1440,27,9922,9948,1,1,0,9945,1,1,24,,0,0,0,1.0,0,0,0
gp_set_0001,gp_set_0001_vid_0008,gp_1106,train,1920,1440,43,10409,10451,1,1,0,10448,1,1,40,,0,11,0,1.0,0,0,0
gp_set_0001,gp_set_0001_vid_0008,gp_1061,train,1920,1440,102,9040,9141,1,1,0,9138,1,1,99,,0,0,0,1.0,0,0,0
gp_set_0001,gp_set_0001_vid_0008,gp_1062,train,1920,1440,104,9040,9143,1,1,0,9140,1,1,101,,0,0,0,1.0,0,0,0
gp_set_0001,gp_set_0001_vid_0008,gp_1067,train,1920,1440,70,9096,9165,1,1,0,9162,1,1,67,,0,0,0,1.0,0,0,0
gp_set_0001,gp_set_0001_vid_0008,gp_1070,train,1920,1440,115,9089,9203,1,1,0,9200,1,1,112,,0,0,0,1.0,0,0,0
gp_set_0001,gp_set_0001_vid_0008,gp_1071,train,1920,1440,117,9089,9205,1,1,0,9202,1,1,114,,0,0,0,1.0,0,0,0
gp_set_0001,gp_set_0001_vid_0008,gp_1076,train,1920,1440,104,9261,9364,1,1,0,9361,1,1,101,,0,0,0,1.0,0,0,0
gp_set_0001,gp_set_0001_vid_0008,gp_1107,train,1920,1440,49,10809,10857,1,1,0,10854,1,1,46,,0,0,0,1.0,0,0,0
gp_set_0001,gp_set_0001_vid_0008,gp_1109,train,1920,1440,24,11082,11105,1,1,0,11102,1,1,21,,0,0,0,1.0,0,0,0
gp_set_0001,gp_set_0001_vid_0008,gp_1117,train,1920,1440,52,11307,11358,1,1,0,11355,1,1,49,,0,0,0,1.0,0,0,0
gp_set_0001,gp_set_0001_vid_0008,gp_1122,train,1920,1440,22,11412,11433,1,1,0,11430,1,1,19,,0,0,0,1.0,0,0,0
gp_set_0001,gp_set_0001_vid_0008,gp_1123,train,1920,1440,33,11434,11466,1,1,0,11463,1,1,30,,0,0,0,1.0,0,0,0
gp_set_0001,gp_set_0001_vid_0008,gp_1124,train,1920,1440,35,11434,11468,1,1,0,11465,1,1,32,,0,0,0,1.0,0,0,0
gp_set_0001,gp_set_0001_vid_0008,gp_1125,train,1920,1440,37,11434,11470,1,1,0,11467,1,1,34,,0,0,0,1.0,0,0,0
gp_set_0001,gp_set_0001_vid_0008,gp_1128,train,1920,1440,43,11431,11473,1,1,0,11470,1,1,40,,0,0,0,1.0,0,0,0
gp_set_0001,gp_set_0001_vid_0008,gp_1130,train,1920,1440,31,11454,11484,1,1,0,11481,1,1,28,,0,0,0,1.0,0,0,0
gp_set_0001,gp_set_0001_vid_0008,gp_1132,train,1920,1440,56,11466,11521,1,1,0,11518,1,1,53,,0,0,0,1.0,0,0,0
gp_set_0001,gp_set_0001_vid_0008,gp_1133,train,1920,1440,38,11486,11523,1,1,0,11520,1,1,35,,0,0,0,1.0,0,0,0
gp_set_0001,gp_set_0001_vid_0008,gp_1134,train,1920,1440,39,11486,11524,1,1,0,11521,1,1,36,,0,0,0,1.0,0,0,0
gp_set_0001,gp_set_0001_vid_0008,gp_1137,train,1920,1440,45,11540,11584,1,1,0,11581,1,1,42,,0,0,0,1.0,0,0,0
gp_set_0001,gp_set_0001_vid_0008,gp_1138,train,1920,1440,47,11540,11586,1,1,0,11583,1,1,44,,0,0,0,1.0,0,0,0
gp_set_0001,gp_set_0001_vid_0008,gp_1142,train,1920,1440,34,11736,11769,1,1,0,11766,1,1,31,,0,0,0,1.0,0,0,0
gp_set_0001,gp_set_0001_vid_0008,gp_1143,train,1920,1440,34,11767,11800,1,1,0,11797,1,1,31,,0,0,0,1.0,0,0,0
gp_set_0001,gp_set_0001_vid_0008,gp_1145,train,1920,1440,54,11825,11878,1,1,0,11875,1,1,51,,0,0,0,1.0,0,0,0
gp_set_0001,gp_set_0001_vid_0008,gp_1150,train,1920,1440,42,11920,11961,1,1,0,11958,1,1,39,,0,0,0,1.0,0,0,0
gp_set_0001,gp_set_0001_vid_0008,gp_1153,train,1920,1440,30,11941,11970,1,1,0,11967,1,1,27,,0,0,0,1.0,0,0,0
gp_set_0001,gp_set_0001_vid_0008,gp_1154,train,1920,1440,35,11941,11975,1,1,0,11972,1,1,32,,0,0,0,1.0,0,0,0
gp_set_0001,gp_set_0001_vid_0008,gp_1156,train,1920,1440,37,11953,11989,1,1,0,11986,1,1,34,,0,0,0,1.0,0,0,0
gp_set_0001,gp_set_0001_vid_0008,gp_1157,train,1920,1440,35,11953,11987,1,1,0,11984,1,1,32,,0,0,0,1.0,0,0,0
gp_set_0001,gp_set_0001_vid_0008,gp_1158,train,1920,1440,42,11957,11998,1,1,0,11995,1,1,39,,0,0,0,1.0,0,0,0
gp_set_0001,gp_set_0001_vid_0008,gp_1160,train,1920,1440,57,11975,12031,1,1,0,12028,1,1,54,,0,0,0,1.0,0,0,0
gp_set_0001,gp_set_0001_vid_0008,gp_1161,train,1920,1440,60,11975,12034,1,1,0,12031,1,1,57,,0,0,0,1.0,0,0,0
gp_set_0001,gp_set_0001_vid_0008,gp_1162,train,1920,1440,64,11975,12038,1,1,0,12035,1,1,61,,0,0,0,1.0,0,0,0
gp_set_0001,gp_set_0001_vid_0008,gp_1164,train,1920,1440,71,12017,12087,1,1,0,12084,1,1,68,,0,0,0,1.0,0,0,0
gp_set_0001,gp_set_0001_vid_0008,gp_1165,train,1920,1440,108,12017,12124,1,1,0,12121,1,1,105,,0,0,0,1.0,0,0,0
gp_set_0001,gp_set_0001_vid_0008,gp_1171,train,1920,1440,55,12059,12113,1,1,0,12110,1,1,52,,0,0,0,1.0,0,0,0
gp_set_0001,gp_set_0001_vid_0008,gp_1189,train,1920,1440,111,12299,12410,2,1,1,12299,1,1,1,12299,111,0,0,1.0,0,0,0
gp_set_0001,gp_set_0001_vid_0008,gp_1199,train,1920,1440,174,12306,12479,1,1,1,12306,1,1,1,12306,174,0,0,1.0,0,0,0
gp_set_0001,gp_set_0001_vid_0008,gp_1201,train,1920,1440,138,12314,12451,1,1,1,12314,1,1,1,12314,138,0,0,1.0,0,0,0
gp_set_0001,gp_set_0001_vid_0008,gp_1207,train,1920,1440,227,12299,12525,1,1,1,12290,0,0,,12299,227,0,0,1.0,0,0,0
gp_set_0001,gp_set_0001_vid_0008,gp_1222,train,1920,1440,206,12338,12543,1,1,0,12540,1,1,203,,0,0,0,1.0,0,0,0
gp_set_0001,gp_set_0001_vid_0008,gp_1244,train,1920,1440,168,12378,12545,1,1,0,12543,1,1,166,,0,0,0,1.0,0,0,0
gp_set_0001,gp_set_0001_vid_0008,gp_1245,train,1920,1440,161,12378,12538,1,1,0,12535,1,1,158,,0,0,0,1.0,0,0,0
gp_set_0001,gp_set_0001_vid_0008,gp_1112,train,1920,1440,270,10957,11226,1,1,1,10957,1,1,1,10957,200,0,0,1.0,0,0,0
gp_set_0001,gp_set_0001_vid_0008,gp_1147,train,1920,1440,178,11759,11936,1,1,1,11759,1,1,1,11759,178,0,0,1.0,0,0,0
gp_set_0001,gp_set_0001_vid_0008,gp_1172,train,1920,1440,216,11974,12189,1,1,0,12183,1,1,210,11974,146,0,0,1.0,0,0,0
gp_set_0001,gp_set_0001_vid_0008,gp_1167,train,1920,1440,206,12036,12241,1,1,1,12036,1,1,1,12036,143,0,0,1.0,0,0,0
gp_set_0001,gp_set_0001_vid_0008,gp_1230,train,1920,1440,485,12064,12548,1,1,1,12064,1,1,1,12064,222,0,0,1.0,0,0,0
gp_set_0001,gp_set_0001_vid_0008,gp_1185,train,1920,1440,504,12043,12546,1,1,1,12263,1,1,221,12043,504,0,0,1.0,0,0,0
gp_set_0001,gp_set_0001_vid_0008,gp_1175,train,1920,1440,129,12065,12193,1,1,0,12190,1,1,126,12169,25,0,0,1.0,0,0,0
gp_set_0001,gp_set_0001_vid_0008,gp_1176,train,1920,1440,266,11950,12215,1,1,0,12208,1,1,259,12169,47,0,0,1.0,0,0,0
gp_set_0001,gp_set_0001_vid_0008,gp_1194,train,1920,1440,217,12276,12492,1,1,1,12270,0,0,,12276,217,0,0,1.0,0,0,0
gp_set_0001,gp_set_0001_vid_0008,gp_1239,train,1920,1440,404,12149,12552,1,1,1,12149,1,1,1,12149,404,0,0,1.0,0,0,0
gp_set_0001,gp_set_0001_vid_0008,gp_1238,train,1920,1440,411,12149,12559,1,1,1,12149,1,1,1,12149,411,0,0,1.0,0,0,0
gp_set_0001,gp_set_0001_vid_0008,gp_1108,train,1920,1440,138,10979,11116,1,1,0,11113,1,1,135,,0,0,0,1.0,0,0,0
gp_set_0001,gp_set_0001_vid_0008,gp_1118,train,1920,1440,78,11346,11423,1,1,0,11420,1,1,75,,0,0,0,1.0,0,0,0
gp_set_0001,gp_set_0001_vid_0008,gp_1119,train,1920,1440,80,11346,11425,1,1,0,11422,1,1,77,,0,0,0,1.0,0,0,0
gp_set_0001,gp_set_0001_vid_0008,gp_1166,train,1920,1440,276,11951,12226,1,1,1,11951,1,1,1,11951,227,0,0,1.0,0,0,0
gp_set_0001,gp_set_0001_vid_0008,gp_1212,train,1920,1440,167,12357,12523,1,1,1,12357,1,1,1,12357,167,0,0,1.0,0,0,0
gp_set_0001,gp_set_0001_vid_0008,gp_1216,train,1920,1440,147,12321,12467,1,1,1,12321,1,1,1,12321,147,0,0,1.0,0,0,0
gp_set_0001,gp_set_0001_vid_0008,gp_1284,train,1920,1440,354,12565,12918,1,1,1,12565,1,1,1,12565,354,0,0,1.0,0,0,0
gp_set_0001,gp_set_0001_vid_0008,gp_1281,train,1920,1440,447,12565,13011,1,1,1,12563,0,0,,12565,329,0,0,1.0,0,0,0
gp_set_0001,gp_set_0001_vid_0008,gp_1269,train,1920,1440,113,12801,12913,1,1,1,12801,1,1,1,12801,113,0,0,1.0,0,0,0
gp_set_0001,gp_set_0001_vid_0008,gp_1289,train,1920,1440,357,12585,12960,2,1,0,12930,1,1,346,,0,0,0,1.0,0,0,0
gp_set_0001,gp_set_0001_vid_0008,gp_1293,train,1920,1440,27,13291,13317,1,1,0,13314,1,1,24,,0,0,0,1.0,0,0,0
gp_set_0001,gp_set_0001_vid_0008,gp_1294,train,1920,1440,39,13467,13505,1,1,0,13502,1,1,36,,0,0,0,1.0,0,0,0
gp_set_0001,gp_set_0001_vid_0008,gp_1297,train,1920,1440,30,13498,13527,1,1,0,13524,1,1,27,,0,0,0,1.0,0,0,0
gp_set_0001,gp_set_0001_vid_0008,gp_1299,train,1920,1440,37,13609,13645,1,1,0,13642,1,1,34,,0,37,0,1.0,0,0,0
gp_set_0001,gp_set_0001_vid_0008,gp_1303,train,1920,1440,51,13653,13703,1,1,0,13700,1,1,48,,0,0,0,1.0,0,0,0
gp_set_0001,gp_set_0001_vid_0008,gp_1308,train,1920,1440,71,14205,14275,1,1,0,14272,1,1,68,,0,0,0,1.0,0,0,0
gp_set_0001,gp_set_0001_vid_0008,gp_1278,train,1920,1440,347,12731,13077,1,1,1,12768,1,1,38,12773,305,0,0,1.0,0,0,0
gp_set_0001,gp_set_0001_vid_0008,gp_1272,train,1920,1440,282,12782,13063,1,1,1,12782,1,1,1,12782,282,0,0,1.0,0,0,0
gp_set_0001,gp_set_0001_vid_0008,gp_1301,train,1920,1440,183,13488,13670,1,1,1,13488,1,1,1,13488,183,0,0,1.0,0,0,0
gp_set_0001,gp_set_0001_vid_0008,gp_1307,train,1920,1440,282,13606,13887,1,1,1,13606,1,1,1,13606,282,0,0,1.0,0,0,0
gp_set_0001,gp_set_0001_vid_0008,gp_1255,train,1920,1440,157,12760,12916,1,1,1,12760,1,1,1,12760,118,0,0,1.0,0,0,0
gp_set_0001,gp_set_0001_vid_0008,gp_1260,train,1920,1440,284,12722,13005,1,1,1,12722,1,1,1,12722,137,0,0,1.0,0,0,0
gp_set_0001,gp_set_0001_vid_0008,gp_1313,train,1920,1440,105,14417,14521,1,1,0,14518,1,1,102,,0,0,0,1.0,0,0,0
gp_set_0001,gp_set_0001_vid_0008,gp_1316,train,1920,1440,120,14470,14589,1,1,0,14586,1,1,117,,0,0,0,1.0,0,0,0
gp_set_0001,gp_set_0001_vid_0008,gp_1319,train,1920,1440,7,14613,14619,1,1,0,14616,1,1,4,,0,0,0,1.0,0,0,0
gp_set_0001,gp_set_0001_vid_0008,gp_1320,train,1920,1440,43,14616,14658,1,1,0,14655,1,1,40,,0,0,0,1.0,0,0,0
gp_set_0001,gp_set_0001_vid_0008,gp_1322,train,1920,1440,26,14961,14986,1,1,0,14983,1,1,23,,0,0,0,1.0,0,0,0
gp_set_0001,gp_set_0001_vid_0008,gp_1324,train,1920,1440,49,14978,15026,1,1,0,15023,1,1,46,,0,0,0,1.0,0,0,0
gp_set_0001,gp_set_0001_vid_0008,gp_1325,train,1920,1440,54,14978,15031,1,1,0,15028,1,1,51,,0,0,0,1.0,0,0,0
gp_set_0001,gp_set_0001_vid_0008,gp_1326,train,1920,1440,61,14978,15038,1,1,0,15035,1,1,58,,0,0,0,1.0,0,0,0
gp_set_0001,gp_set_0001_vid_0008,gp_1330,train,1920,1440,39,15089,15127,1,1,0,15124,1,1,36,,0,0,0,1.0,0,0,0
gp_set_0001,gp_set_0001_vid_0008,gp_1332,train,1920,1440,53,15116,15168,1,1,0,15165,1,1,50,,0,0,0,1.0,0,0,0
gp_set_0001,gp_set_0001_vid_0008,gp_1333,train,1920,1440,32,15195,15226,1,1,0,15223,1,1,29,,0,0,0,1.0,0,0,0
gp_set_0001,gp_set_0001_vid_0008,gp_1335,train,1920,1440,32,15390,15421,1,1,0,15418,1,1,29,,0,0,0,1.0,0,0,0
gp_set_0001,gp_set_0001_vid_0008,gp_1336,train,1920,1440,42,15390,15431,1,1,0,15428,1,1,39,,0,0,0,1.0,0,0,0
gp_set_0001,gp_set_0001_vid_0008,gp_1339,train,1920,1440,20,15473,15492,1,1,0,15489,1,1,17,,0,0,0,1.0,0,0,0
gp_set_0001,gp_set_0001_vid_0008,gp_1340,train,1920,1440,23,15473,15495,1,1,0,15492,1,1,20,,0,0,0,1.0,0,0,0
gp_set_0001,gp_set_0001_vid_0008,gp_1342,train,1920,1440,31,15476,15506,1,1,0,15503,1,1,28,,0,0,0,1.0,0,0,0
gp_set_0001,gp_set_0001_vid_0008,gp_1345,train,1920,1440,28,15790,15817,1,1,0,15814,1,1,25,,0,0,0,1.0,0,0,0
gp_set_0001,gp_set_0001_vid_0008,gp_1346,train,1920,1440,24,15818,15841,1,1,0,15838,1,1,21,,0,0,0,1.0,0,0,0
gp_set_0001,gp_set_0001_vid_0008,gp_1348,train,1920,1440,50,16014,16063,1,1,0,16060,1,1,47,,0,0,0,1.0,0,0,0
gp_set_0001,gp_set_0001_vid_0008,gp_1352,train,1920,1440,32,16055,16086,1,1,0,16083,1,1,29,,0,0,0,1.0,0,0,0
gp_set_0001,gp_set_0001_vid_0008,gp_1354,train,1920,1440,56,16722,16777,1,1,0,16774,1,1,53,,0,0,0,1.0,0,0,0
gp_set_0001,gp_set_0001_vid_0008,gp_1356,train,1920,1440,53,16766,16818,1,1,0,16815,1,1,50,16766,53,0,0,1.0,0,0,0
gp_set_0001,gp_set_0001_vid_0008,gp_1359,train,1920,1440,45,16904,16948,1,1,0,16945,1,1,42,,0,0,0,1.0,0,0,0
gp_set_0001,gp_set_0001_vid_0008,gp_1360,train,1920,1440,57,17465,17521,1,1,0,17518,1,1,54,,0,0,0,1.0,0,0,0
gp_set_0001,gp_set_0001_vid_0008,gp_1363,train,1920,1440,34,17547,17580,1,1,0,17578,1,1,32,,0,0,0,1.0,0,0,0
gp_set_0001,gp_set_0001_vid_0008,gp_1364,train,1920,1440,32,17547,17578,1,1,0,17575,1,1,29,,0,0,0,1.0,0,0,0
gp_set_0001,gp_set_0001_vid_0008,gp_1365,train,1920,1440,79,17602,17680,1,1,0,17677,1,1,76,,0,0,0,1.0,0,0,0
gp_set_0001,gp_set_0001_vid_0008,gp_1368,train,1920,1440,65,17843,17907,1,1,0,17904,1,1,62,,0,0,0,1.0,0,0,0
gp_set_0001,gp_set_0001_vid_0008,gp_1370,train,1920,1440,49,18189,18237,1,1,0,18234,1,1,46,,0,0,0,1.0,0,0,0
gp_set_0001,gp_set_0001_vid_0008,gp_1372,train,1920,1440,61,18217,18277,1,1,0,18274,1,1,58,,0,0,0,1.0,0,0,0
gp_set_0001,gp_set_0001_vid_0008,gp_1375,train,1920,1440,35,18474,18508,1,1,0,18505,1,1,32,,0,0,0,1.0,0,0,0
gp_set_0001,gp_set_0001_vid_0008,gp_1377,train,1920,1440,67,18514,18580,1,1,0,18577,1,1,64,,0,0,0,1.0,0,0,0
gp_set_0001,gp_set_0001_vid_0008,gp_1378,train,1920,1440,63,18514,18576,1,1,0,18573,1,1,60,,0,0,0,1.0,0,0,0
gp_set_0001,gp_set_0001_vid_0008,gp_1380,train,1920,1440,54,18659,18712,1,1,0,18709,1,1,51,,0,0,0,1.0,0,0,0
gp_set_0001,gp_set_0001_vid_0008,gp_1383,train,1920,1440,53,18686,18738,1,1,0,18735,1,1,50,,0,0,0,1.0,0,0,0
gp_set_0001,gp_set_0001_vid_0008,gp_1385,train,1920,1440,44,18775,18818,1,1,0,18815,1,1,41,,0,0,0,1.0,0,0,0
gp_set_0001,gp_set_0001_vid_0008,gp_1386,train,1920,1440,63,18900,18962,1,1,0,18959,1,1,60,,0,0,0,1.0,0,0,0
gp_set_0001,gp_set_0001_vid_0008,gp_1390,train,1920,1440,53,18946,18998,1,1,0,18995,1,1,50,,0,0,0,1.0,0,0,0
gp_set_0001,gp_set_0001_vid_0008,gp_1392,train,1920,1440,85,18964,19048,1,1,0,19044,1,1,81,,0,0,0,1.0,0,0,0
gp_set_0001,gp_set_0001_vid_0008,gp_1395,train,1920,1440,56,18972,19027,1,1,0,19024,1,1,53,,0,0,0,1.0,0,0,0
gp_set_0001,gp_set_0001_vid_0008,gp_1396,train,1920,1440,61,19023,19083,1,1,0,19080,1,1,58,,0,0,0,1.0,0,0,0
gp_set_0001,gp_set_0001_vid_0008,gp_1399,train,1920,1440,66,19023,19088,1,1,0,19085,1,1,63,,0,0,0,1.0,0,0,0
gp_set_0001,gp_set_0001_vid_0008,gp_1400,train,1920,1440,47,18987,19033,1,1,0,19030,1,1,44,,0,0,0,1.0,0,0,0
gp_set_0001,gp_set_0001_vid_0008,gp_1404,train,1920,1440,51,18987,19037,1,1,0,19034,1,1,48,,0,0,0,1.0,0,0,0
gp_set_0001,gp_set_0001_vid_0008,gp_1406,train,1920,1440,64,19050,19113,1,1,0,19110,1,1,61,,0,0,0,1.0,0,0,0
gp_set_0001,gp_set_0001_vid_0008,gp_1409,train,1920,1440,31,19101,19131,1,1,0,19128,1,1,28,,0,0,0,1.0,0,0,0
gp_set_0001,gp_set_0001_vid_0008,gp_1416,train,1920,1440,104,19149,19252,1,1,0,19249,1,1,101,,0,0,0,1.0,0,0,0
gp_set_0001,gp_set_0001_vid_0008,gp_1417,train,1920,1440,112,19149,19260,1,1,0,19257,1,1,109,,0,0,0,1.0,0,0,0
gp_set_0001,gp_set_0001_vid_0008,gp_1420,train,1920,1440,36,19444,19479,1,1,0,19476,1,1,33,,0,0,0,1.0,0,0,0
gp_set_0001,gp_set_0001_vid_0008,gp_1422,train,1920,1440,61,19481,19541,1,1,0,19538,1,1,58,,0,0,0,1.0,0,0,0
gp_set_0001,gp_set_0001_vid_0008,gp_1423,train,1920,1440,41,19599,19639,1,1,0,19636,1,1,38,,0,0,0,1.0,0,0,0
gp_set_0001,gp_set_0001_vid_0008,gp_1425,train,1920,1440,53,19671,19723,1,1,0,19720,1,1,50,,0,0,0,1.0,0,0,0
gp_set_0001,gp_set_0001_vid_0008,gp_1428,train,1920,1440,58,19697,19754,1,1,0,19746,1,1,50,,0,0,0,1.0,0,0,0
gp_set_0001,gp_set_0001_vid_0008,gp_1429,train,1920,1440,53,19697,19749,1,1,0,19746,1,1,50,,0,0,0,1.0,0,0,0
gp_set_0001,gp_set_0001_vid_0008,gp_1430,train,1920,1440,60,19697,19756,1,1,0,19746,1,1,50,,0,0,0,1.0,0,0,0
gp_set_0001,gp_set_0001_vid_0008,gp_1436,train,1920,1440,42,19016,19057,1,1,0,19054,1,1,39,,0,0,0,1.0,0,0,0
gp_set_0001,gp_set_0001_vid_0008,gp_1411,train,1920,1440,212,18994,19205,1,1,1,18994,1,1,1,18994,168,0,0,1.0,0,0,0
gp_set_0001,gp_set_0001_vid_0008,gp_1412,train,1920,1440,209,18994,19202,1,1,1,18994,1,1,1,18994,153,0,0,1.0,0,0,0
gp_set_0001,gp_set_0001_vid_0008,gp_1443,train,1920,1440,45,19745,19789,1,1,0,19786,1,1,42,,0,0,0,1.0,0,0,0
gp_set_0001,gp_set_0001_vid_0008,gp_1445,train,1920,1440,56,19977,20032,1,1,0,20029,1,1,53,,0,0,0,1.0,0,0,0
gp_set_0001,gp_set_0001_vid_0008,gp_1449,train,1920,1440,96,20150,20245,1,1,0,20242,1,1,93,,0,0,0,1.0,0,0,0
gp_set_0001,gp_set_0001_vid_0008,gp_1451,train,1920,1440,35,20418,20452,1,1,0,20449,1,1,32,,0,0,0,1.0,0,0,0
gp_set_0001,gp_set_0001_vid_0008,gp_1454,train,1920,1440,41,20596,20636,1,1,0,20633,1,1,38,20596,41,0,0,1.0,0,0,0
gp_set_0001,gp_set_0001_vid_0008,gp_1456,train,1920,1440,39,20645,20683,1,1,0,20680,1,1,36,,0,0,0,1.0,0,0,0
gp_set_0001,gp_set_0001_vid_0008,gp_1458,train,1920,1440,63,20845,20907,1,1,0,20904,1,1,60,,0,0,0,1.0,0,0,0
gp_set_0001,gp_set_0001_vid_0008,gp_1462,train,1920,1440,41,21120,21160,1,1,0,21157,1,1,38,,0,0,0,1.0,0,0,0
gp_set_0001,gp_set_0001_vid_0008,gp_1463,train,1920,1440,43,21120,21162,1,1,0,21159,1,1,40,,0,0,0,1.0,0,0,0
gp_set_0002,gp_set_0002_vid_0001,gp_4255,train,1920,1440,108,12,119,1,1,0,116,1,1,105,,0,0,0,1.0,0,0,0
gp_set_0002,gp_set_0002_vid_0001,gp_4256,train,1920,1440,106,12,117,1,1,0,114,1,1,103,,0,0,0,1.0,0,0,0
gp_set_0002,gp_set_0002_vid_0001,gp_4259,train,1920,1440,116,290,405,1,1,0,402,1,1,113,,0,0,0,1.0,0,0,0
gp_set_0002,gp_set_0002_vid_0001,gp_4262,train,1920,1440,173,472,644,1,1,0,472,1,1,1,472,25,0,0,1.0,0,0,0
gp_set_0002,gp_set_0002_vid_0001,gp_4263,train,1920,1440,172,479,650,1,1,0,479,1,1,1,479,27,0,0,1.0,0,0,0
gp_set_0002,gp_set_0002_vid_0001,gp_4267,train,1920,1440,113,844,956,1,1,0,953,1,1,110,,0,0,0,1.0,0,0,0
gp_set_0002,gp_set_0002_vid_0001,gp_4268,train,1920,1440,97,1498,1594,1,1,0,1591,1,1,94,,0,0,0,1.0,0,0,0
gp_set_0002,gp_set_0002_vid_0001,gp_4272,train,1920,1440,93,1524,1616,1,1,0,1613,1,1,90,,0,0,0,1.0,0,0,0
gp_set_0002,gp_set_0002_vid_0001,gp_4273,train,1920,1440,82,1553,1634,1,1,0,1631,1,1,79,,0,0,0,1.0,0,0,0
gp_set_0002,gp_set_0002_vid_0001,gp_4311,train,1920,1440,63,1237,1299,1,1,0,1296,1,1,60,,0,0,0,1.0,0,0,0
gp_set_0002,gp_set_0002_vid_0001,gp_4312,train,1920,1440,83,1481,1563,1,1,0,1560,1,1,80,,0,0,0,1.0,0,0,0
gp_set_0002,gp_set_0002_vid_0001,gp_4314,train,1920,1440,82,1487,1568,1,1,0,1565,1,1,79,,0,0,0,1.0,0,0,0
gp_set_0002,gp_set_0002_vid_0001,gp_4315,train,1920,1440,49,1534,1582,1,1,0,1579,1,1,46,,0,0,0,1.0,0,0,0
gp_set_0002,gp_set_0002_vid_0001,gp_4316,train,1920,1440,48,1592,1639,1,1,0,1636,1,1,45,,0,0,0,1.0,0,0,0
gp_set_0002,gp_set_0002_vid_0001,gp_4277,train,1920,1440,93,2042,2134,1,1,0,2131,1,1,90,,0,0,0,1.0,0,0,0
gp_set_0002,gp_set_0002_vid_0001,gp_4278,train,1920,1440,136,2053,2188,1,1,0,2185,1,1,133,,0,0,0,1.0,0,0,0
gp_set_0002,gp_set_0002_vid_0001,gp_4279,train,1920,1440,141,2053,2193,1,1,0,2190,1,1,138,,0,0,0,1.0,0,0,0
gp_set_0002,gp_set_0002_vid_0001,gp_4281,train,1920,1440,263,2211,2473,1,1,1,2211,1,1,1,2211,263,0,0,1.0,0,0,0
gp_set_0002,gp_set_0002_vid_0001,gp_4283,train,1920,1440,53,3259,3311,1,1,0,3308,1,1,50,3259,53,0,0,1.0,0,0,0
gp_set_0002,gp_set_0002_vid_0001,gp_4317,train,1920,1440,26,1811,1836,1,1,0,1833,1,1,23,,0,0,0,1.0,0,0,0
gp_set_0002,gp_set_0002_vid_0001,gp_4318,train,1920,1440,92,1956,2047,1,1,0,2044,1,1,89,,0,0,0,1.0,0,0,0
gp_set_0002,gp_set_0002_vid_0001,gp_4319,train,1920,1440,202,2240,2441,1,1,0,2438,1,1,199,,0,0,0,1.0,0,0,0
gp_set_0002,gp_set_0002_vid_0001,gp_4320,train,1920,1440,85,3271,3355,1,1,0,3352,1,1,82,,0,0,0,1.0,0,0,0
gp_set_0002,gp_set_0002_vid_0001,gp_4285,train,1920,1440,171,3646,3816,1,1,0,3813,1,1,168,,0,0,0,1.0,0,0,0
gp_set_0002,gp_set_0002_vid_0001,gp_4286,train,1920,1440,163,3664,3826,1,1,0,3823,1,1,160,,0,0,0,1.0,0,0,0
gp_set_0002,gp_set_0002_vid_0001,gp_4290,train,1920,1440,114,4101,4214,1,1,0,4211,1,1,111,,0,0,0,1.0,0,0,0
gp_set_0002,gp_set_0002_vid_0001,gp_4293,train,1920,1440,138,4416,4553,1,1,0,4550,1,1,135,,0,0,0,1.0,0,0,0
gp_set_0002,gp_set_0002_vid_0001,gp_4295,train,1920,1440,151,4570,4720,1,1,0,4717,1,1,148,,0,0,0,1.0,0,0,0
gp_set_0002,gp_set_0002_vid_0001,gp_4297,train,1920,1440,92,4652,4743,1,1,0,4740,1,1,89,,0,0,0,1.0,0,0,0
gp_set_0002,gp_set_0002_vid_0001,gp_4298,train,1920,1440,94,4652,4745,1,1,0,4742,1,1,91,,0,0,0,1.0,0,0,0
gp_set_0002,gp_set_0002_vid_0001,gp_4299,train,1920,1440,87,5209,5295,1,1,0,5292,1,1,84,,0,0,0,1.0,0,0,0
gp_set_0002,gp_set_0002_vid_0001,gp_4300,train,1920,1440,41,5260,5300,1,1,0,5296,1,1,37,,0,0,0,1.0,0,0,0
gp_set_0002,gp_set_0002_vid_0001,gp_4301,train,1920,1440,34,5269,5302,1,1,0,5299,1,1,31,,0,0,0,1.0,0,0,0
gp_set_0002,gp_set_0002_vid_0001,gp_4321,train,1920,1440,100,3711,3810,1,1,0,3807,1,1,97,,0,0,0,1.0,0,0,0
gp_set_0002,gp_set_0002_vid_0001,gp_4324,train,1920,1440,140,3666,3805,1,1,0,3802,1,1,137,,0,0,0,1.0,0,0,0
gp_set_0002,gp_set_0002_vid_0001,gp_4326,train,1920,1440,112,4310,4421,1,1,0,4418,1,1,109,,0,0,0,1.0,0,0,0
gp_set_0002,gp_set_0002_vid_0001,gp_4328,train,1920,1440,186,4823,5008,1,1,0,5005,1,1,183,,0,0,0,1.0,0,0,0
gp_set_0002,gp_set_0002_vid_0001,gp_4329,train,1920,1440,123,5018,5140,1,1,0,5137,1,1,120,,0,0,0,1.0,0,0,0
gp_set_0002,gp_set_0002_vid_0001,gp_4305,train,1920,1440,133,5385,5517,1,1,0,5514,1,1,130,,0,0,0,1.0,0,0,0
gp_set_0002,gp_set_0002_vid_0001,gp_4332,train,1920,1440,15,7236,7250,1,1,0,7247,1,1,12,,0,0,0,1.0,0,0,0
gp_set_0002,gp_set_0002_vid_0001,gp_4333,train,1920,1440,21,7239,7259,1,1,0,7256,1,1,18,,0,0,0,1.0,0,0,0
gp_set_0002,gp_set_0002_vid_0001,gp_4334,train,1920,1440,38,7249,7286,1,1,0,7283,1,1,35,,0,0,0,1.0,0,0,0
gp_set_0002,gp_set_0002_vid_0001,gp_4335,train,1920,1440,48,7267,7314,1,1,0,7311,1,1,45,,0,0,0,1.0,0,0,0
gp_set_0002,gp_set_0002_vid_0001,gp_4337,train,1920,1440,27,7292,7318,1,1,0,7318,1,1,27,,0,0,0,1.0,0,0,0
gp_set_0002,gp_set_0002_vid_0001,gp_4338,train,1920,1440,51,7274,7324,1,1,0,7321,1,1,48,,0,0,0,1.0,0,0,0
gp_set_0002,gp_set_0002_vid_0001,gp_4746,train,1920,1440,49,7279,7327,1,1,0,7324,1,1,46,,0,0,0,1.0,0,0,0
gp_set_0002,gp_set_0002_vid_0001,gp_4340,train,1920,1440,22,7310,7331,1,1,0,7328,1,1,19,,0,0,0,1.0,0,0,0
gp_set_0002,gp_set_0002_vid_0001,gp_4342,train,1920,1440,54,7342,7395,1,1,0,7392,1,1,51,,0,0,0,1.0,0,0,0
gp_set_0002,gp_set_0002_vid_0001,gp_4343,train,1920,1440,42,17234,17275,1,1,0,17272,1,1,39,,0,0,0,1.0,0,0,0
gp_set_0002,gp_set_0002_vid_0001,gp_4344,train,1920,1440,71,7364,7434,1,1,0,7431,1,1,68,,0,0,0,1.0,0,0,0
gp_set_0002,gp_set_0002_vid_0001,gp_4348,train,1920,1440,118,8099,8216,1,1,0,8213,1,1,115,,0,0,0,1.0,0,0,0
gp_set_0002,gp_set_0002_vid_0001,gp_6750,train,1920,1440,559,8276,8834,1,1,1,8490,1,1,215,8485,340,0,0,1.0,0,0,0
gp_set_0002,gp_set_0002_vid_0001,gp_4350,train,1920,1440,100,9204,9303,1,1,0,9300,1,1,97,,0,0,0,1.0,0,0,0
gp_set_0002,gp_set_0002_vid_0001,gp_4351,train,1920,1440,187,9287,9473,1,1,0,9470,1,1,184,9287,60,0,0,1.0,0,0,0
gp_set_0002,gp_set_0002_vid_0001,gp_4353,train,1920,1440,145,9341,9485,1,1,0,9482,1,1,142,,0,0,0,1.0,0,0,0
gp_set_0002,gp_set_0002_vid_0001,gp_4355,train,1920,1440,120,9543,9662,1,1,0,9659,1,1,117,,0,0,0,1.0,0,0,0
gp_set_0002,gp_set_0002_vid_0001,gp_4357,train,1920,1440,413,10060,10472,1,1,1,10060,1,1,1,,0,0,0,1.0,0,0,0
gp_set_0002,gp_set_0002_vid_0001,gp_4358,train,1920,1440,549,10605,11153,1,1,0,10771,1,1,167,,0,0,0,1.0,0,0,0
gp_set_0002,gp_set_0002_vid_0001,gp_4359,train,1920,1440,544,10607,11150,1,1,0,10771,1,1,165,,0,0,0,1.0,0,0,0
gp_set_0002,gp_set_0002_vid_0001,gp_4360,train,1920,1440,562,10609,11170,1,1,0,10771,1,1,163,,0,0,0,1.0,0,0,0
gp_set_0002,gp_set_0002_vid_0001,gp_4364,train,1920,1440,601,11324,11924,1,1,0,11921,1,1,598,,0,0,0,1.0,0,0,0
gp_set_0002,gp_set_0002_vid_0001,gp_4365,train,1920,1440,470,11418,11887,1,1,0,11884,1,1,467,,0,0,0,1.0,0,0,0
gp_set_0002,gp_set_0002_vid_0001,gp_4366,train,1920,1440,338,11454,11791,1,1,0,11788,1,1,335,,0,0,0,1.0,0,0,0
gp_set_0002,gp_set_0002_vid_0001,gp_4367,train,1920,1440,202,11932,12133,1,1,0,12127,1,1,196,,0,0,0,1.0,0,0,0
gp_set_0002,gp_set_0002_vid_0001,gp_4368,train,1920,1440,199,11932,12130,1,1,0,12130,1,1,199,,0,0,0,1.0,0,0,0
gp_set_0002,gp_set_0002_vid_0001,gp_4369,train,1920,1440,208,11932,12139,1,1,0,12136,1,1,205,,0,0,0,1.0,0,0,0
gp_set_0002,gp_set_0002_vid_0001,gp_4370,train,1920,1440,228,12075,12302,1,1,1,12075,1,1,1,,0,0,0,1.0,0,0,0
gp_set_0002,gp_set_0002_vid_0001,gp_4371,train,1920,1440,102,12374,12475,1,1,0,12472,1,1,99,,0,0,0,1.0,0,0,0
gp_set_0002,gp_set_0002_vid_0001,gp_4372,train,1920,1440,105,12478,12582,1,1,0,12566,1,1,89,,0,0,0,1.0,0,0,0
gp_set_0002,gp_set_0002_vid_0001,gp_4373,train,1920,1440,106,12478,12583,1,1,0,12566,1,1,89,,0,0,0,1.0,0,0,0
gp_set_0002,gp_set_0002_vid_0001,gp_4376,train,1920,1440,130,12565,12694,1,1,0,12691,1,1,127,12668,27,0,0,1.0,0,0,0
gp_set_0002,gp_set_0002_vid_0001,gp_4377,train,1920,1440,77,12724,12800,1,1,0,12797,1,1,74,,0,0,0,1.0,0,0,0
gp_set_0002,gp_set_0002_vid_0001,gp_4378,train,1920,1440,118,12875,12992,1,1,0,12989,1,1,115,,0,0,0,1.0,0,0,0
gp_set_0002,gp_set_0002_vid_0001,gp_4379,train,1920,1440,70,12965,13034,1,1,0,13031,1,1,67,,0,0,0,1.0,0,0,0
gp_set_0002,gp_set_0002_vid_0001,gp_4380,train,1920,1440,108,13115,13222,1,1,0,13219,1,1,105,,0,0,0,1.0,0,0,0
gp_set_0002,gp_set_0002_vid_0001,gp_4381,train,1920,1440,110,13115,13224,1,1,0,13221,1,1,107,,0,0,0,1.0,0,0,0
gp_set_0002,gp_set_0002_vid_0001,gp_4384,train,1920,1440,61,14084,14144,1,1,0,14141,1,1,58,,0,0,0,1.0,0,0,0
gp_set_0002,gp_set_0002_vid_0001,gp_4386,train,1920,1440,144,14057,14200,1,1,0,14197,1,1,141,,0,0,0,1.0,0,0,0
gp_set_0002,gp_set_0002_vid_0001,gp_4388,train,1920,1440,75,14171,14245,1,1,0,14292,0,0,,,0,0,0,1.0,0,0,0
gp_set_0002,gp_set_0002_vid_0001,gp_4391,train,1920,1440,68,14184,14251,1,1,0,14248,1,1,65,,0,0,0,1.0,0,0,0
gp_set_0002,gp_set_0002_vid_0001,gp_4394,train,1920,1440,55,15071,15125,1,1,0,15122,1,1,52,,0,0,0,1.0,0,0,0
gp_set_0002,gp_set_0002_vid_0001,gp_4395,train,1920,1440,73,15071,15143,1,1,0,15140,1,1,70,,0,0,0,1.0,0,0,0
gp_set_0002,gp_set_0002_vid_0001,gp_4397,train,1920,1440,99,15380,15478,1,1,0,15475,1,1,96,,0,0,0,1.0,0,0,0
gp_set_0002,gp_set_0002_vid_0001,gp_4398,train,1920,1440,82,15469,15550,1,1,0,15547,1,1,79,,0,0,0,1.0,0,0,0
gp_set_0002,gp_set_0002_vid_0001,gp_4402,train,1920,1440,106,15886,15991,1,1,0,15988,1,1,103,,0,0,0,1.0,0,0,0
gp_set_0002,gp_set_0002_vid_0001,gp_4403,train,1920,1440,82,16011,16092,1,1,1,16089,1,1,79,,0,0,0,1.0,0,0,0
gp_set_0002,gp_set_0002_vid_0001,gp_4405,train,1920,1440,90,16059,16148,1,1,0,16145,1,1,87,,0,0,0,1.0,0,0,0
gp_set_0002,gp_set_0002_vid_0001,gp_4242,train,1920,1440,35,16155,16189,1,1,0,16186,1,1,32,,0,0,0,1.0,0,0,0
gp_set_0002,gp_set_0002_vid_0001,gp_4243,train,1920,1440,46,16155,16200,1,1,0,16197,1,1,43,,0,0,0,1.0,0,0,0
gp_set_0002,gp_set_0002_vid_0001,gp_4244,train,1920,1440,136,16155,16290,1,1,0,16287,1,1,133,,0,0,0,1.0,0,0,0
gp_set_0002,gp_set_0002_vid_0001,gp_4245,train,1920,1440,105,16224,16328,1,1,0,16325,1,1,102,,0,0,0,1.0,0,0,0
gp_set_0002,gp_set_0002_vid_0001,gp_4246,train,1920,1440,72,16231,16302,1,1,0,16299,1,1,69,,0,0,0,1.0,0,0,0
gp_set_0002,gp_set_0002_vid_0001,gp_4247,train,1920,1440,264,16414,16677,1,1,0,16414,1,1,1,,0,195,0,1.0,0,0,0
gp_set_0002,gp_set_0002_vid_0001,gp_4250,train,1920,1440,102,16824,16925,1,1,0,16922,1,1,99,,0,0,0,1.0,0,0,0
gp_set_0002,gp_set_0002_vid_0001,gp_4252,train,1920,1440,125,16926,17050,1,1,0,17047,1,1,122,,0,0,0,1.0,0,0,0
gp_set_0002,gp_set_0002_vid_0001,gp_4254,train,1920,1440,237,16896,17132,1,1,0,17129,1,1,234,,0,0,0,1.0,0,0,0
gp_set_0002,gp_set_0002_vid_0001,gp_4325,train,1920,1440,86,17068,17153,1,1,0,17150,1,1,83,,0,0,0,1.0,0,0,0
gp_set_0002,gp_set_0002_vid_0001,gp_4327,train,1920,1440,82,17106,17187,1,1,0,17184,1,1,79,,0,0,0,1.0,0,0,0
gp_set_0002,gp_set_0002_vid_0001,gp_4330,train,1920,1440,74,17182,17255,1,1,0,17252,1,1,71,,0,0,0,1.0,0,0,0
gp_set_0002,gp_set_0002_vid_0001,gp_4331,train,1920,1440,72,17181,17252,1,1,0,17249,1,1,69,,0,0,0,1.0,0,0,0
gp_set_0002,gp_set_0002_vid_0001,gp_4336,train,1920,1440,79,17181,17259,1,1,0,17256,1,1,76,,0,0,0,1.0,0,0,0
gp_set_0002,gp_set_0002_vid_0001,gp_4341,train,1920,1440,48,17180,17227,1,1,0,17224,1,1,45,,0,0,0,1.0,0,0,0
gp_set_0002,gp_set_0002_vid_0001,gp_4345,train,1920,1440,119,17254,17372,1,1,0,17369,1,1,116,,0,0,0,1.0,0,0,0
gp_set_0002,gp_set_0002_vid_0001,gp_4346,train,1920,1440,75,17249,17323,1,1,0,17320,1,1,72,,0,0,0,1.0,0,0,0
gp_set_0002,gp_set_0002_vid_0001,gp_4347,train,1920,1440,71,17249,17319,1,1,0,17316,1,1,68,,0,0,0,1.0,0,0,0
gp_set_0002,gp_set_0002_vid_0001,gp_4349,train,1920,1440,99,17308,17406,1,1,0,17403,1,1,96,,0,0,0,1.0,0,0,0
gp_set_0002,gp_set_0002_vid_0001,gp_4352,train,1920,1440,95,17308,17402,1,1,0,17399,1,1,92,,0,0,0,1.0,0,0,0
gp_set_0002,gp_set_0002_vid_0001,gp_4354,train,1920,1440,93,17340,17432,1,1,0,17429,1,1,90,,0,0,0,1.0,0,0,0
gp_set_0002,gp_set_0002_vid_0001,gp_4356,train,1920,1440,78,17401,17478,1,1,0,17475,1,1,75,,0,0,0,1.0,0,0,0
gp_set_0002,gp_set_0002_vid_0001,gp_4382,train,1920,1440,139,17392,17530,1,1,0,17527,1,1,136,,0,0,0,1.0,0,0,0
gp_set_0002,gp_set_0002_vid_0001,gp_4383,train,1920,1440,94,17422,17515,1,1,0,17512,1,1,91,,0,0,0,1.0,0,0,0
gp_set_0002,gp_set_0002_vid_0001,gp_4385,train,1920,1440,35,17552,17586,1,1,0,17583,1,1,32,,0,0,0,1.0,0,0,0
gp_set_0002,gp_set_0002_vid_0001,gp_4387,train,1920,1440,145,17734,17878,1,1,1,17734,1,1,1,,0,0,0,1.0,0,6,0
gp_set_0002,gp_set_0002_vid_0001,gp_4389,train,1920,1440,128,17790,17917,1,1,0,17914,1,1,125,,0,0,0,1.0,0,0,0
gp_set_0002,gp_set_0002_vid_0001,gp_4390,train,1920,1440,138,17790,17927,1,1,0,17924,1,1,135,,0,0,0,1.0,0,0,0
gp_set_0002,gp_set_0002_vid_0001,gp_4392,train,1920,1440,105,17850,17954,1,1,0,-10,0,0,,,0,0,0,1.0,0,0,0
gp_set_0002,gp_set_0002_vid_0001,gp_4393,train,1920,1440,89,17856,17944,1,1,0,17941,1,1,86,,0,0,0,1.0,0,0,0
gp_set_0002,gp_set_0002_vid_0001,gp_4396,train,1920,1440,84,17871,17954,1,1,0,17951,1,1,81,,0,0,0,1.0,0,0,0
gp_set_0002,gp_set_0002_vid_0001,gp_4399,train,1920,1440,84,17871,17954,1,1,0,17951,1,1,81,,0,0,0,1.0,0,0,0
gp_set_0002,gp_set_0002_vid_0001,gp_4463,train,1920,1440,178,16261,16438,1,1,0,16435,1,1,175,,0,0,0,1.0,0,0,0
gp_set_0002,gp_set_0002_vid_0001,gp_4464,train,1920,1440,51,16612,16662,1,1,0,16659,1,1,48,,0,0,0,1.0,0,0,0
gp_set_0002,gp_set_0002_vid_0001,gp_4465,train,1920,1440,68,17625,17692,1,1,0,17689,1,1,65,,0,0,0,1.0,0,0,0
gp_set_0002,gp_set_0002_vid_0001,gp_4466,train,1920,1440,38,17917,17954,1,1,0,17951,1,1,35,,0,0,0,1.0,0,0,0
gp_set_0002,gp_set_0002_vid_0001,gp_4400,train,1920,1440,99,17954,18052,1,1,0,18049,1,1,96,,0,0,0,1.0,0,0,0
gp_set_0002,gp_set_0002_vid_0001,gp_4401,train,1920,1440,99,17950,18048,1,1,1,17950,1,1,1,,0,0,0,1.0,0,0,0
gp_set_0002,gp_set_0002_vid_0001,gp_4406,train,1920,1440,354,17950,18303,1,1,1,17950,1,1,1,17950,263,0,0,1.0,0,0,0
gp_set_0002,gp_set_0002_vid_0001,gp_4404,train,1920,1440,95,18153,18247,1,1,0,18244,1,1,92,,0,0,0,1.0,0,0,0
gp_set_0002,gp_set_0002_vid_0001,gp_4407,train,1920,1440,44,18267,18310,1,1,0,18307,1,1,41,,0,0,0,1.0,0,0,0
gp_set_0002,gp_set_0002_vid_0001,gp_4408,train,1920,1440,924,18268,19191,1,1,1,18268,1,1,1,,0,0,0,1.0,0,0,0
gp_set_0002,gp_set_0002_vid_0001,gp_4409,train,1920,1440,113,19123,19235,1,1,0,19232,1,1,110,,0,0,0,1.0,0,0,0
gp_set_0002,gp_set_0002_vid_0001,gp_4410,train,1920,1440,113,18332,18444,1,1,0,18441,1,1,110,,0,0,0,1.0,0,0,0
gp_set_0002,gp_set_0002_vid_0001,gp_4411,train,1920,1440,47,18292,18338,1,1,0,18335,1,1,44,,0,0,0,1.0,0,0,0
gp_set_0002,gp_set_0002_vid_0001,gp_4412,train,1920,1440,46,18285,18330,1,1,0,18327,1,1,43,,0,0,0,1.0,0,0,0
gp_set_0002,gp_set_0002_vid_0001,gp_4413,train,1920,1440,97,18355,18451,1,1,0,18448,1,1,94,,0,0,0,1.0,0,0,0
gp_set_0002,gp_set_0002_vid_0001,gp_4414,train,1920,1440,91,18403,18493,1,1,0,18490,1,1,88,,0,0,0,1.0,0,0,0
gp_set_0002,gp_set_0002_vid_0001,gp_4415,train,1920,1440,123,18403,18525,1,1,0,18522,1,1,120,,0,0,0,1.0,0,0,0
gp_set_0002,gp_set_0002_vid_0001,gp_4416,train,1920,1440,99,18549,18647,1,1,0,18644,1,1,96,,0,0,0,1.0,0,0,0
gp_set_0002,gp_set_0002_vid_0001,gp_4417,train,1920,1440,76,18649,18724,1,1,0,18721,1,1,73,,0,0,0,1.0,0,0,0
gp_set_0002,gp_set_0002_vid_0001,gp_4418,train,1920,1440,84,18651,18734,1,1,0,18731,1,1,81,,0,0,0,1.0,0,0,0
gp_set_0002,gp_set_0002_vid_0001,gp_4419,train,1920,1440,225,18635,18859,1,1,1,18635,1,1,1,,0,0,0,1.0,0,0,0
gp_set_0002,gp_set_0002_vid_0001,gp_4420,train,1920,1440,82,18684,18765,1,1,0,18762,1,1,79,,0,0,0,1.0,0,0,0
gp_set_0002,gp_set_0002_vid_0001,gp_4421,train,1920,1440,171,18737,18907,1,1,0,18904,1,1,168,,0,0,0,1.0,0,0,0
gp_set_0002,gp_set_0002_vid_0001,gp_4422,train,1920,1440,182,18735,18916,1,1,1,18735,1,1,1,,0,0,0,1.0,0,0,0
gp_set_0002,gp_set_0002_vid_0001,gp_4423,train,1920,1440,78,18836,18913,1,1,0,18910,1,1,75,,0,0,0,1.0,0,0,0
gp_set_0002,gp_set_0002_vid_0001,gp_4424,train,1920,1440,71,19046,19116,1,1,1,19046,1,1,1,,0,0,0,1.0,0,0,0
gp_set_0002,gp_set_0002_vid_0001,gp_4425,train,1920,1440,158,19131,19288,1,1,1,19131,1,1,1,,0,0,0,1.0,0,0,0
gp_set_0002,gp_set_0002_vid_0001,gp_4426,train,1920,1440,75,19268,19342,1,1,0,19339,1,1,72,,0,0,0,1.0,0,0,0
gp_set_0002,gp_set_0002_vid_0001,gp_4427,train,1920,1440,161,19297,19457,1,1,0,19454,1,1,158,,0,0,0,1.0,0,0,0
gp_set_0002,gp_set_0002_vid_0001,gp_4428,train,1920,1440,253,19333,19585,1,1,0,19582,1,1,250,,0,0,0,1.0,0,0,0
gp_set_0002,gp_set_0002_vid_0001,gp_4429,train,1920,1440,227,19346,19572,1,1,0,19569,1,1,224,,0,0,0,1.0,0,0,0
gp_set_0002,gp_set_0002_vid_0001,gp_4430,train,1920,1440,135,19569,19703,1,1,1,19569,1,1,1,19569,135,0,0,1.0,0,0,0
gp_set_0002,gp_set_0002_vid_0001,gp_4431,train,1920,1440,187,19563,19749,1,1,0,-10,0,0,,19665,84,0,0,1.0,0,0,0
gp_set_0002,gp_set_0002_vid_0001,gp_4432,train,1920,1440,63,19687,19749,1,1,0,19746,1,1,60,,0,0,0,1.0,0,0,0
gp_set_0002,gp_set_0002_vid_0001,gp_4433,train,1920,1440,71,19745,19815,1,1,0,19812,1,1,68,,0,0,0,1.0,0,0,0
gp_set_0002,gp_set_0002_vid_0001,gp_4434,train,1920,1440,110,19745,19854,1,1,0,19851,1,1,107,,0,0,0,1.0,0,0,0
gp_set_0002,gp_set_0002_vid_0001,gp_4436,train,1920,1440,186,19745,19930,1,1,1,19745,1,1,1,19745,152,0,0,1.0,0,0,0
gp_set_0002,gp_set_0002_vid_0001,gp_4437,train,1920,1440,173,19745,19917,1,1,1,19745,1,1,1,19745,111,0,0,1.0,0,0,0
gp_set_0002,gp_set_0002_vid_0001,gp_4435,train,1920,1440,93,19794,19886,1,1,0,19883,1,1,90,,0,0,0,1.0,0,0,0
gp_set_0002,gp_set_0002_vid_0001,gp_4438,train,1920,1440,69,19908,19976,1,1,0,19973,1,1,66,,0,0,0,1.0,0,0,0
gp_set_0002,gp_set_0002_vid_0001,gp_4439,train,1920,1440,70,19979,20048,1,1,0,20045,1,1,67,,0,0,0,1.0,0,0,0
gp_set_0002,gp_set_0002_vid_0001,gp_4440,train,1920,1440,142,19977,20118,1,1,0,20115,1,1,139,,0,0,0,1.0,0,0,0
gp_set_0002,gp_set_0002_vid_0001,gp_4441,train,1920,1440,130,19959,20088,1,1,0,20085,1,1,127,,0,0,0,1.0,0,0,0
gp_set_0002,gp_set_0002_vid_0001,gp_4442,train,1920,1440,126,19981,20106,1,1,0,20103,1,1,123,,0,0,0,1.0,0,0,0
gp_set_0002,gp_set_0002_vid_0001,gp_4443,train,1920,1440,162,20107,20268,1,1,0,20265,1,1,159,,0,0,0,1.0,0,0,0
gp_set_0002,gp_set_0002_vid_0001,gp_4444,train,1920,1440,136,20119,20254,1,1,0,20251,1,1,133,,0,0,0,1.0,0,0,0
gp_set_0002,gp_set_0002_vid_0001,gp_4445,train,1920,1440,135,20191,20325,1,1,0,20322,1,1,132,,0,0,0,1.0,0,0,0
gp_set_0002,gp_set_0002_vid_0001,gp_4446,train,1920,1440,68,20278,20345,1,1,0,20342,1,1,65,,0,0,0,1.0,0,0,0
gp_set_0002,gp_set_0002_vid_0001,gp_4447,train,1920,1440,149,20260,20408,1,1,0,20405,1,1,146,,0,0,0,1.0,0,0,0
gp_set_0002,gp_set_0002_vid_0001,gp_4448,train,1920,1440,126,20293,20418,1,1,1,20293,1,1,1,20293,126,0,0,1.0,0,0,0
gp_set_0002,gp_set_0002_vid_0001,gp_4449,train,1920,1440,138,20282,20419,1,1,1,20282,1,1,1,20282,138,0,0,1.0,0,0,0
gp_set_0002,gp_set_0002_vid_0001,gp_4450,train,1920,1440,88,20469,20556,1,1,0,20553,1,1,85,,0,0,0,1.0,0,0,0
gp_set_0002,gp_set_0002_vid_0001,gp_4451,train,1920,1440,215,20422,20636,1,1,0,20633,1,1,212,,0,0,0,1.0,0,0,0
gp_set_0002,gp_set_0002_vid_0001,gp_4452,train,1920,1440,757,20453,21209,1,1,0,21206,1,1,754,,0,0,0,1.0,0,0,0
gp_set_0002,gp_set_0002_vid_0001,gp_4453,train,1920,1440,113,20762,20874,1,1,0,20871,1,1,110,,0,0,0,1.0,0,0,0
gp_set_0002,gp_set_0002_vid_0001,gp_4454,train,1920,1440,87,20425,20511,1,1,0,20508,1,1,84,,0,0,0,1.0,0,0,0
gp_set_0002,gp_set_0002_vid_0001,gp_4455,train,1920,1440,196,20416,20611,1,1,0,20608,1,1,193,,0,0,0,1.0,0,0,0
gp_set_0002,gp_set_0002_vid_0001,gp_4456,train,1920,1440,106,20486,20591,1,1,0,20588,1,1,103,,0,0,0,1.0,0,0,0
gp_set_0002,gp_set_0002_vid_0001,gp_4457,train,1920,1440,123,20460,20582,1,1,0,20579,1,1,120,,0,0,0,1.0,0,0,0
gp_set_0002,gp_set_0002_vid_0001,gp_4458,train,1920,1440,96,20584,20679,1,1,0,20676,1,1,93,,0,0,0,1.0,0,0,0
gp_set_0002,gp_set_0002_vid_0001,gp_4459,train,1920,1440,126,20639,20764,1,1,0,20761,1,1,123,,0,0,0,1.0,0,0,0
gp_set_0002,gp_set_0002_vid_0001,gp_4460,train,1920,1440,136,20957,21092,1,1,0,21089,1,1,133,,0,0,0,1.0,0,0,0
gp_set_0002,gp_set_0002_vid_0001,gp_4461,train,1920,1440,150,20974,21123,1,1,0,21120,1,1,147,,0,0,0,1.0,0,0,0
gp_set_0002,gp_set_0002_vid_0001,gp_4462,train,1920,1440,110,21033,21142,1,1,0,21139,1,1,107,,0,0,0,1.0,0,0,0
gp_set_0002,gp_set_0002_vid_0002,gp_4819,train,1920,1440,27,45,71,1,1,0,67,1,1,23,,0,0,0,1.0,0,0,0
gp_set_0002,gp_set_0002_vid_0002,gp_4820,train,1920,1440,28,60,87,1,1,0,82,1,1,23,,0,0,0,1.0,0,0,0
gp_set_0002,gp_set_0002_vid_0002,gp_4822,train,1920,1440,29,60,88,1,1,0,82,1,1,23,,0,0,0,1.0,0,0,0
gp_set_0002,gp_set_0002_vid_0002,gp_4823,train,1920,1440,38,284,321,1,1,0,316,1,1,33,,0,0,0,1.0,0,0,0
gp_set_0002,gp_set_0002_vid_0002,gp_4824,train,1920,1440,55,482,536,1,1,0,532,1,1,51,,0,0,0,1.0,0,0,0
gp_set_0002,gp_set_0002_vid_0002,gp_4825,train,1920,1440,48,695,742,1,1,0,739,1,1,45,,0,0,0,1.0,0,0,0
gp_set_0002,gp_set_0002_vid_0002,gp_4826,train,1920,1440,73,693,765,1,1,0,759,1,1,67,,0,0,0,1.0,0,0,0
gp_set_0002,gp_set_0002_vid_0002,gp_4827,train,1920,1440,77,697,773,1,1,0,769,1,1,73,,0,0,0,1.0,0,0,0
gp_set_0002,gp_set_0002_vid_0002,gp_4830,train,1920,1440,45,912,956,1,1,0,949,1,1,38,,0,0,0,1.0,0,0,0
gp_set_0002,gp_set_0002_vid_0002,gp_4831,train,1920,1440,46,958,1003,1,1,0,1000,1,1,43,,0,0,0,1.0,0,0,0
gp_set_0002,gp_set_0002_vid_0002,gp_4832,train,1920,1440,53,1027,1079,1,1,0,1076,1,1,50,,0,0,0,1.0,0,0,0
gp_set_0002,gp_set_0002_vid_0002,gp_4835,train,1920,1440,63,1030,1092,1,1,0,1089,1,1,60,,0,0,0,1.0,0,0,0
gp_set_0002,gp_set_0002_vid_0002,gp_4836,train,1920,1440,53,1062,1114,1,1,0,1111,1,1,50,,0,0,0,1.0,0,0,0
gp_set_0002,gp_set_0002_vid_0002,gp_4838,train,1920,1440,42,1127,1168,1,1,0,1162,1,1,36,,0,0,0,1.0,0,0,0
gp_set_0002,gp_set_0002_vid_0002,gp_4839,train,1920,1440,36,1085,1120,1,1,0,1117,1,1,33,,0,0,0,1.0,0,0,0
gp_set_0002,gp_set_0002_vid_0002,gp_4840,train,1920,1440,42,1194,1235,1,1,0,1231,1,1,38,,0,0,0,1.0,0,0,0
gp_set_0002,gp_set_0002_vid_0002,gp_4842,train,1920,1440,36,1279,1314,1,1,0,1311,1,1,33,,0,0,0,1.0,0,0,0
gp_set_0002,gp_set_0002_vid_0002,gp_4844,train,1920,1440,44,1281,1324,1,1,0,1321,1,1,41,,0,0,0,1.0,0,0,0
gp_set_0002,gp_set_0002_vid_0002,gp_4847,train,1920,1440,35,1361,1395,1,1,0,1388,1,1,28,,0,0,0,1.0,0,0,0
gp_set_0002,gp_set_0002_vid_0002,gp_4848,train,1920,1440,43,1396,1438,1,1,0,-10,0,0,,,0,0,0,1.0,0,0,0
gp_set_0002,gp_set_0002_vid_0002,gp_4850,train,1920,1440,245,1419,1694,3,1,0,1691,1,1,143,,0,0,0,1.0,0,0,0
gp_set_0002,gp_set_0002_vid_0002,gp_4851,train,1920,1440,27,1732,1758,1,1,0,1754,1,1,23,,0,0,0,1.0,0,0,0
gp_set_0002,gp_set_0002_vid_0002,gp_4852,train,1920,1440,25,1754,1778,1,1,0,1771,1,1,18,,0,0,0,1.0,0,0,0
gp_set_0002,gp_set_0002_vid_0002,gp_4853,train,1920,1440,30,1698,1727,1,1,0,1723,1,1,26,,0,0,0,1.0,0,0,0
gp_set_0002,gp_set_0002_vid_0002,gp_5290,train,1920,1440,29,75,103,1,1,0,97,1,1,23,,0,0,0,1.0,0,0,0
gp_set_0002,gp_set_0002_vid_0002,gp_5295,train,1920,1440,42,470,511,1,1,0,507,1,1,38,,0,0,0,1.0,0,0,0
gp_set_0002,gp_set_0002_vid_0002,gp_5298,train,1920,1440,34,465,498,1,1,0,492,1,1,28,,0,0,0,1.0,0,0,0
gp_set_0002,gp_set_0002_vid_0002,gp_5302,train,1920,1440,77,663,739,1,1,0,734,1,1,72,,0,0,0,1.0,0,0,0
gp_set_0002,gp_set_0002_vid_0002,gp_5305,train,1920,1440,10,740,749,1,1,0,744,1,1,5,,0,0,0,1.0,0,0,0
gp_set_0002,gp_set_0002_vid_0002,gp_5306,train,1920,1440,50,1027,1076,1,1,0,1073,1,1,47,,0,0,0,1.0,0,0,0
gp_set_0002,gp_set_0002_vid_0002,gp_5309,train,1920,1440,59,1030,1088,1,1,0,1085,1,1,56,,0,0,0,1.0,0,0,0
gp_set_0002,gp_set_0002_vid_0002,gp_5313,train,1920,1440,33,1279,1311,1,1,0,1308,1,1,30,,0,0,0,1.0,0,0,0
gp_set_0002,gp_set_0002_vid_0002,gp_5314,train,1920,1440,41,1281,1321,1,1,0,1318,1,1,38,,0,0,0,1.0,0,0,0
gp_set_0002,gp_set_0002_vid_0002,gp_5325,train,1920,1440,28,1696,1723,1,1,0,1718,1,1,23,,0,0,0,1.0,0,0,0
gp_set_0002,gp_set_0002_vid_0002,gp_4818,train,1920,1440,14,0,13,1,1,0,7,1,1,8,,0,0,0,1.0,0,0,0
gp_set_0002,gp_set_0002_vid_0002,gp_4855,train,1920,1440,55,1883,1945,2,1,0,1940,1,1,26,,0,0,0,1.0,0,0,0
gp_set_0002,gp_set_0002_vid_0002,gp_4856,train,1920,1440,35,1928,1962,1,1,0,1955,1,1,28,,0,0,0,1.0,0,0,0
gp_set_0002,gp_set_0002_vid_0002,gp_4857,train,1920,1440,50,2085,2145,2,1,0,2142,1,1,29,,0,0,0,1.0,0,0,0
gp_set_0002,gp_set_0002_vid_0002,gp_4858,train,1920,1440,69,2093,2173,2,1,0,2167,1,1,41,,0,0,0,1.0,0,0,0
gp_set_0002,gp_set_0002_vid_0002,gp_4860,train,1920,1440,39,2223,2261,1,1,0,2258,1,1,36,,0,0,0,1.0,0,0,0
gp_set_0002,gp_set_0002_vid_0002,gp_4861,train,1920,1440,27,2251,2277,1,1,0,2273,1,1,23,,0,0,0,1.0,0,0,0
gp_set_0002,gp_set_0002_vid_0002,gp_4863,train,1920,1440,51,2318,2368,1,1,0,2362,1,1,45,,0,0,0,1.0,0,0,0
gp_set_0002,gp_set_0002_vid_0002,gp_4864,train,1920,1440,42,2329,2370,1,1,0,2367,1,1,39,,0,0,0,1.0,0,0,0
gp_set_0002,gp_set_0002_vid_0002,gp_4866,train,1920,1440,49,2330,2378,1,1,0,2372,1,1,43,,0,0,0,1.0,0,0,0
gp_set_0002,gp_set_0002_vid_0002,gp_4868,train,1920,1440,43,2363,2405,1,1,0,2400,1,1,38,,0,0,0,1.0,0,0,0
gp_set_0002,gp_set_0002_vid_0002,gp_4870,train,1920,1440,48,2373,2420,1,1,0,2415,1,1,43,,0,0,0,1.0,0,0,0
gp_set_0002,gp_set_0002_vid_0002,gp_4872,train,1920,1440,35,2538,2575,2,1,0,2571,0,1,,,0,0,0,1.0,0,0,0
gp_set_0002,gp_set_0002_vid_0002,gp_4875,train,1920,1440,45,2549,2593,1,1,0,2586,1,1,38,,0,0,0,1.0,0,0,0
gp_set_0002,gp_set_0002_vid_0002,gp_4876,train,1920,1440,51,2530,2581,2,1,0,2576,1,1,5,,0,0,0,1.0,0,0,0
gp_set_0002,gp_set_0002_vid_0002,gp_4878,train,1920,1440,44,2591,2634,1,1,0,2630,1,1,40,,0,0,0,1.0,0,0,0
gp_set_0002,gp_set_0002_vid_0002,gp_4880,train,1920,1440,62,2659,2720,1,1,0,2716,1,1,58,,0,0,0,1.0,0,0,0
gp_set_0002,gp_set_0002_vid_0002,gp_4881,train,1920,1440,37,2670,2706,1,1,0,2702,1,1,33,,0,0,0,1.0,0,0,0
gp_set_0002,gp_set_0002_vid_0002,gp_4883,train,1920,1440,63,2720,2782,1,1,0,2777,1,1,58,,0,0,0,1.0,0,0,0
gp_set_0002,gp_set_0002_vid_0002,gp_4884,train,1920,1440,46,2753,2798,1,1,0,2795,1,1,43,,0,0,0,1.0,0,0,0
gp_set_0002,gp_set_0002_vid_0002,gp_4886,train,1920,1440,32,2889,2920,1,1,0,2916,1,1,28,,0,0,0,1.0,0,0,0
gp_set_0002,gp_set_0002_vid_0002,gp_6751,train,1920,1440,36,2977,3012,1,1,0,3009,1,1,33,,0,0,0,1.0,0,0,0
gp_set_0002,gp_set_0002_vid_0002,gp_4888,train,1920,1440,53,3091,3143,1,1,0,3138,1,1,48,,0,0,0,1.0,0,0,0
gp_set_0002,gp_set_0002_vid_0002,gp_4891,train,1920,1440,80,3318,3397,1,1,0,3390,1,1,73,,0,0,0,1.0,0,0,0
gp_set_0002,gp_set_0002_vid_0002,gp_4890,train,1920,1440,77,3318,3394,1,1,0,3390,1,1,73,,0,0,0,1.0,0,0,0
gp_set_0002,gp_set_0002_vid_0002,gp_5327,train,1920,1440,23,1882,1915,2,1,0,1898,1,1,17,,0,0,0,1.0,0,0,0
gp_set_0002,gp_set_0002_vid_0002,gp_5330,train,1920,1440,47,2330,2376,1,1,0,2372,1,1,43,,0,0,0,1.0,0,0,0
gp_set_0002,gp_set_0002_vid_0002,gp_5331,train,1920,1440,45,2373,2417,1,1,0,2410,1,1,38,,0,0,0,1.0,0,0,0
gp_set_0002,gp_set_0002_vid_0002,gp_5332,train,1920,1440,20,2522,2541,1,1,0,2534,1,1,13,,0,0,0,1.0,0,0,0
gp_set_0002,gp_set_0002_vid_0002,gp_5335,train,1920,1440,35,2735,2769,1,1,0,2762,1,1,28,,0,0,0,1.0,0,0,0
gp_set_0002,gp_set_0002_vid_0002,gp_5337,train,1920,1440,49,3018,3066,1,1,0,3060,1,1,43,,0,0,0,1.0,0,0,0
gp_set_0002,gp_set_0002_vid_0002,gp_4896,train,1920,1440,38,3702,3739,1,1,0,3334,0,0,,,0,0,0,1.0,0,0,0
gp_set_0002,gp_set_0002_vid_0002,gp_4897,train,1920,1440,56,3698,3753,1,1,0,3750,1,1,53,,0,0,0,1.0,0,0,0
gp_set_0002,gp_set_0002_vid_0002,gp_4898,train,1920,1440,43,3756,3798,1,1,0,3796,1,1,41,,0,0,0,1.0,0,0,0
gp_set_0002,gp_set_0002_vid_0002,gp_4912,train,1920,1440,209,4086,4294,1,1,1,4086,1,1,1,4086,209,0,0,1.0,0,0,0
gp_set_0002,gp_set_0002_vid_0002,gp_4913,train,1920,1440,215,4074,4288,1,1,1,4074,1,1,1,4074,215,0,0,1.0,0,0,0
gp_set_0002,gp_set_0002_vid_0002,gp_4914,train,1920,1440,201,4085,4285,1,1,1,4085,1,1,1,4085,197,0,0,1.0,0,0,0
gp_set_0002,gp_set_0002_vid_0002,gp_4915,train,1920,1440,29,4517,4545,1,1,0,4539,1,1,23,,0,0,0,1.0,0,0,0
gp_set_0002,gp_set_0002_vid_0002,gp_4917,train,1920,1440,45,4590,4634,1,1,0,4627,1,1,38,,0,0,0,1.0,0,0,0
gp_set_0002,gp_set_0002_vid_0002,gp_4921,train,1920,1440,53,4598,4650,1,1,0,4645,1,1,48,,0,0,0,1.0,0,0,0
gp_set_0002,gp_set_0002_vid_0002,gp_4924,train,1920,1440,39,4637,4675,1,1,0,4672,1,1,36,,0,0,0,1.0,0,0,0
gp_set_0002,gp_set_0002_vid_0002,gp_4925,train,1920,1440,43,4655,4697,1,1,0,4694,1,1,40,,0,0,0,1.0,0,0,0
gp_set_0002,gp_set_0002_vid_0002,gp_4927,train,1920,1440,39,4691,4729,1,1,0,4729,1,1,39,,0,0,0,1.0,0,0,0
gp_set_0002,gp_set_0002_vid_0002,gp_4931,train,1920,1440,29,4821,4849,1,1,0,4843,1,1,23,,0,0,0,1.0,0,0,0
gp_set_0002,gp_set_0002_vid_0002,gp_4930,train,1920,1440,33,4745,4777,1,1,0,4772,1,1,28,,0,0,0,1.0,0,0,0
gp_set_0002,gp_set_0002_vid_0002,gp_4935,train,1920,1440,37,4814,4850,1,1,0,4846,1,1,33,,0,0,0,1.0,0,0,0
gp_set_0002,gp_set_0002_vid_0002,gp_4937,train,1920,1440,55,4815,4869,1,1,0,4862,1,1,48,,0,0,0,1.0,0,0,0
gp_set_0002,gp_set_0002_vid_0002,gp_4940,train,1920,1440,42,4869,4910,1,1,0,4906,1,1,38,,0,0,0,1.0,0,0,0
gp_set_0002,gp_set_0002_vid_0002,gp_4942,train,1920,1440,52,5040,5091,1,1,0,5087,1,1,48,,0,0,0,1.0,0,0,0
gp_set_0002,gp_set_0002_vid_0002,gp_4944,train,1920,1440,57,5038,5094,1,1,0,5090,1,1,53,,0,0,0,1.0,0,0,0
gp_set_0002,gp_set_0002_vid_0002,gp_4946,train,1920,1440,58,5079,5136,1,1,0,5131,1,1,53,,0,0,0,1.0,0,0,0
gp_set_0002,gp_set_0002_vid_0002,gp_4947,train,1920,1440,60,5089,5148,1,1,0,5141,1,1,53,,0,0,0,1.0,0,0,0
gp_set_0002,gp_set_0002_vid_0002,gp_4948,train,1920,1440,57,5183,5239,1,1,0,5235,1,1,53,,0,0,0,1.0,0,0,0
gp_set_0002,gp_set_0002_vid_0002,gp_4949,train,1920,1440,62,5285,5346,1,1,0,5342,1,1,58,,0,0,0,1.0,0,0,0
gp_set_0002,gp_set_0002_vid_0002,gp_5347,train,1920,1440,64,4105,4168,1,1,0,4162,1,1,58,,0,0,0,1.0,0,0,0
gp_set_0002,gp_set_0002_vid_0002,gp_5351,train,1920,1440,66,4101,4166,1,1,0,4163,1,1,63,,0,0,0,1.0,0,0,0
gp_set_0002,gp_set_0002_vid_0002,gp_5358,train,1920,1440,41,4590,4630,1,1,0,4627,1,1,38,,0,0,0,1.0,0,0,0
gp_set_0002,gp_set_0002_vid_0002,gp_5362,train,1920,1440,22,4637,4658,1,1,0,4655,1,1,19,,0,0,0,1.0,0,0,0
gp_set_0002,gp_set_0002_vid_0002,gp_5364,train,1920,1440,23,4661,4683,1,1,0,4680,1,1,20,,0,0,0,1.0,0,0,0
gp_set_0002,gp_set_0002_vid_0002,gp_5367,train,1920,1440,34,4667,4700,1,1,0,4697,1,1,31,,0,0,0,1.0,0,0,0
gp_set_0002,gp_set_0002_vid_0002,gp_5369,train,1920,1440,27,4691,4717,1,1,0,4714,1,1,24,,0,0,0,1.0,0,0,0
gp_set_0002,gp_set_0002_vid_0002,gp_5373,train,1920,1440,54,4815,4868,1,1,0,4862,1,1,48,,0,0,0,1.0,0,0,0
gp_set_0002,gp_set_0002_vid_0002,gp_5377,train,1920,1440,49,5040,5088,1,1,0,5082,1,1,43,,0,0,0,1.0,0,0,0
gp_set_0002,gp_set_0002_vid_0002,gp_5381,train,1920,1440,52,5079,5130,1,1,0,5126,1,1,48,,0,0,0,1.0,0,0,0
gp_set_0002,gp_set_0002_vid_0002,gp_5382,train,1920,1440,42,5101,5142,1,1,0,5138,1,1,38,,0,0,0,1.0,0,0,0
gp_set_0002,gp_set_0002_vid_0002,gp_5384,train,1920,1440,38,5157,5194,1,1,0,5189,1,1,33,,0,0,0,1.0,0,0,0
gp_set_0002,gp_set_0002_vid_0002,gp_5385,train,1920,1440,59,5285,5343,1,1,0,5337,1,1,53,,0,0,0,1.0,0,0,0
gp_set_0002,gp_set_0002_vid_0002,gp_5386,train,1920,1440,421,5343,5777,3,1,0,5732,1,1,33,,0,0,0,1.0,0,0,0
gp_set_0002,gp_set_0002_vid_0002,gp_4950,train,1920,1440,528,6450,6981,2,1,0,6977,1,1,375,,0,0,0,1.0,0,0,0
gp_set_0002,gp_set_0002_vid_0002,gp_4954,train,1920,1440,360,6687,7046,1,1,0,7039,1,1,353,,0,0,0,1.0,0,0,0
gp_set_0002,gp_set_0002_vid_0002,gp_4958,train,1920,1440,384,6863,7246,1,1,0,7242,1,1,380,,0,324,0,1.0,0,0,0
gp_set_0002,gp_set_0002_vid_0002,gp_4961,train,1920,1440,246,7011,7256,1,1,0,7253,1,1,243,7180,72,174,0,1.0,0,0,0
gp_set_0002,gp_set_0002_vid_0002,gp_4966,train,1920,1440,179,6984,7162,1,1,0,7156,1,1,173,,0,0,0,1.0,0,0,0
gp_set_0002,gp_set_0002_vid_0002,gp_4969,train,1920,1440,184,7163,7346,1,1,1,7248,1,1,86,7180,163,21,0,1.0,0,0,0
gp_set_0002,gp_set_0002_vid_0002,gp_5388,train,1920,1440,419,5768,6190,2,1,0,6185,1,1,96,,0,0,0,1.0,0,0,0
gp_set_0002,gp_set_0002_vid_0002,gp_4974,train,1920,1440,41,7180,7220,1,1,0,7181,1,1,2,,0,0,0,1.0,0,0,0
gp_set_0002,gp_set_0002_vid_0002,gp_4983,train,1920,1440,129,7338,7466,1,1,0,7460,1,1,123,,0,0,0,1.0,0,0,0
gp_set_0002,gp_set_0002_vid_0002,gp_4985,train,1920,1440,119,7344,7462,1,1,0,7456,1,1,113,,0,0,0,1.0,0,0,0
gp_set_0002,gp_set_0002_vid_0002,gp_4986,train,1920,1440,164,7426,7589,1,1,0,7583,1,1,158,,0,0,0,1.0,0,0,0
gp_set_0002,gp_set_0002_vid_0002,gp_4991,train,1920,1440,176,7486,7661,1,1,0,7658,1,1,173,,0,0,0,1.0,0,0,0
gp_set_0002,gp_set_0002_vid_0002,gp_4994,train,1920,1440,40,7757,7796,1,1,0,7789,1,1,33,,0,0,0,1.0,0,0,0
gp_set_0002,gp_set_0002_vid_0002,gp_4997,train,1920,1440,28,7786,7813,1,1,0,7808,1,1,23,,0,0,0,1.0,0,0,0
gp_set_0002,gp_set_0002_vid_0002,gp_4998,train,1920,1440,30,7876,7905,1,1,0,7898,1,1,23,7876,1,0,0,1.0,0,0,0
gp_set_0002,gp_set_0002_vid_0002,gp_5000,train,1920,1440,24,8031,8055,2,1,0,8048,1,1,18,,0,0,0,1.0,0,0,0
gp_set_0002,gp_set_0002_vid_0002,gp_5001,train,1920,1440,15,8088,8102,1,1,0,8095,1,1,8,,0,0,0,1.0,0,0,0
gp_set_0002,gp_set_0002_vid_0002,gp_5002,train,1920,1440,12,8173,8184,1,1,0,8180,1,1,8,,0,0,0,1.0,0,0,0
gp_set_0002,gp_set_0002_vid_0002,gp_5003,train,1920,1440,159,8367,8525,1,1,1,8367,1,1,1,8367,159,0,0,1.0,0,0,0
gp_set_0002,gp_set_0002_vid_0002,gp_5008,train,1920,1440,348,8384,8731,1,1,1,8384,1,1,1,8384,240,0,0,1.0,0,0,0
gp_set_0002,gp_set_0002_vid_0002,gp_5016,train,1920,1440,336,8410,8745,1,1,1,8410,1,1,1,8410,247,0,0,1.0,0,0,0
gp_set_0002,gp_set_0002_vid_0002,gp_5021,train,1920,1440,131,8496,8626,1,1,1,-10,0,0,,8496,131,0,0,1.0,0,0,0
gp_set_0002,gp_set_0002_vid_0002,gp_5025,train,1920,1440,212,8527,8738,1,1,1,8620,1,1,94,,0,0,0,1.0,0,0,0
gp_set_0002,gp_set_0002_vid_0002,gp_5026,train,1920,1440,143,8572,8714,1,1,1,8590,1,1,19,8572,143,0,0,1.0,0,0,0
gp_set_0002,gp_set_0002_vid_0002,gp_5022,train,1920,1440,275,8459,8733,1,1,1,8600,1,1,142,8528,206,0,0,1.0,0,0,0
gp_set_0002,gp_set_0002_vid_0002,gp_5012,train,1920,1440,211,8392,8602,1,1,1,8445,1,1,54,8439,164,0,0,1.0,0,0,0
gp_set_0002,gp_set_0002_vid_0002,gp_5023,train,1920,1440,192,8453,8644,1,1,1,8555,1,1,103,8537,108,0,0,1.0,0,0,0
gp_set_0002,gp_set_0002_vid_0002,gp_5024,train,1920,1440,220,8467,8686,1,1,1,8584,1,1,118,8557,130,0,0,1.0,0,0,0
gp_set_0002,gp_set_0002_vid_0002,gp_5046,train,1920,1440,225,8519,8743,1,1,1,8630,1,1,112,,0,0,0,1.0,0,0,0
gp_set_0002,gp_set_0002_vid_0002,gp_5055,train,1920,1440,51,8839,8889,1,1,0,8886,1,1,48,,0,0,0,1.0,0,0,0
gp_set_0002,gp_set_0002_vid_0002,gp_5057,train,1920,1440,65,8854,8918,1,1,0,8912,1,1,59,,0,0,0,1.0,0,0,0
gp_set_0002,gp_set_0002_vid_0002,gp_5060,train,1920,1440,72,8937,9008,1,1,0,9004,1,1,68,,0,0,0,1.0,0,0,0
gp_set_0002,gp_set_0002_vid_0002,gp_5061,train,1920,1440,30,7931,7960,1,1,0,7953,1,1,23,,0,0,0,1.0,0,0,0
gp_set_0002,gp_set_0002_vid_0002,gp_5406,train,1920,1440,91,7436,7526,1,1,0,7959,0,0,,,0,0,0,1.0,0,0,0
gp_set_0002,gp_set_0002_vid_0002,gp_5407,train,1920,1440,122,7509,7630,1,1,0,7626,1,1,118,,0,0,0,1.0,0,0,0
gp_set_0002,gp_set_0002_vid_0002,gp_5408,train,1920,1440,22,7600,7621,1,1,0,7617,1,1,18,,0,0,0,1.0,0,0,0
gp_set_0002,gp_set_0002_vid_0002,gp_5409,train,1920,1440,9,7957,7965,1,0,,,0,0,,,0,0,0,1.0,0,0,0
gp_set_0002,gp_set_0002_vid_0002,gp_5410,train,1920,1440,31,7967,7997,1,1,0,7994,1,1,28,,0,0,0,1.0,0,0,0
gp_set_0002,gp_set_0002_vid_0002,gp_5411,train,1920,1440,26,7976,8001,1,1,0,-10,0,0,,,0,0,0,1.0,0,0,0
gp_set_0002,gp_set_0002_vid_0002,gp_5412,train,1920,1440,21,8031,8051,1,1,0,8048,1,1,18,,0,0,0,1.0,0,0,0
gp_set_0002,gp_set_0002_vid_0002,gp_5413,train,1920,1440,26,8099,8124,1,1,0,-10,0,0,,,0,0,0,1.0,0,0,0
gp_set_0002,gp_set_0002_vid_0002,gp_5414,train,1920,1440,42,8128,8169,1,1,0,8165,1,1,38,,0,0,0,1.0,0,0,0
gp_set_0002,gp_set_0002_vid_0002,gp_5415,train,1920,1440,73,8339,8411,1,1,0,8406,1,1,68,,0,0,0,1.0,0,0,0
gp_set_0002,gp_set_0002_vid_0002,gp_5416,train,1920,1440,44,8363,8406,1,1,0,8400,1,1,38,,0,0,0,1.0,0,0,0
gp_set_0002,gp_set_0002_vid_0002,gp_5417,train,1920,1440,85,8412,8496,1,1,0,8489,1,1,78,,0,0,0,1.0,0,0,0
gp_set_0002,gp_set_0002_vid_0002,gp_5418,train,1920,1440,35,8868,8902,1,1,0,8896,1,1,29,,0,0,0,1.0,0,0,0
gp_set_0002,gp_set_0002_vid_0002,gp_5419,train,1920,1440,23,8957,8979,1,1,0,8977,1,1,21,,0,0,0,1.0,0,0,0
gp_set_0002,gp_set_0002_vid_0002,gp_5420,train,1920,1440,23,8957,8979,1,1,0,8977,1,1,21,,0,0,0,1.0,0,0,0
gp_set_0002,gp_set_0002_vid_0002,gp_5421,train,1920,1440,81,8960,9040,1,1,0,9037,1,1,78,,0,0,0,1.0,0,0,0
gp_set_0002,gp_set_0002_vid_0002,gp_5422,train,1920,1440,24,8956,8979,1,1,0,8977,1,1,22,,0,0,0,1.0,0,0,0
gp_set_0002,gp_set_0002_vid_0002,gp_5423,train,1920,1440,22,8916,8937,1,1,0,8933,1,1,18,,0,0,0,1.0,0,0,0
gp_set_0002,gp_set_0002_vid_0002,gp_4962,train,1920,1440,53,8997,9049,1,1,0,9045,1,1,49,,0,0,0,1.0,0,0,0
gp_set_0002,gp_set_0002_vid_0002,gp_4964,train,1920,1440,55,9021,9075,1,1,0,9072,1,1,52,,0,0,0,1.0,0,0,0
gp_set_0002,gp_set_0002_vid_0002,gp_4965,train,1920,1440,57,9029,9085,1,1,0,9081,1,1,53,,0,0,0,1.0,0,0,0
gp_set_0002,gp_set_0002_vid_0002,gp_4967,train,1920,1440,41,9060,9100,1,1,0,9099,1,1,40,,0,0,0,1.0,0,0,0
gp_set_0002,gp_set_0002_vid_0002,gp_4968,train,1920,1440,149,9014,9162,1,1,1,9014,1,1,1,9044,114,0,0,1.0,0,0,0
gp_set_0002,gp_set_0002_vid_0002,gp_4970,train,1920,1440,56,9114,9169,1,1,1,9166,1,1,53,,0,0,0,1.0,0,0,0
gp_set_0002,gp_set_0002_vid_0002,gp_4971,train,1920,1440,47,9241,9287,1,1,0,9284,1,1,44,,0,0,0,1.0,0,0,0
gp_set_0002,gp_set_0002_vid_0002,gp_4972,train,1920,1440,59,9305,9363,1,1,0,9360,1,1,56,,0,0,0,1.0,0,0,0
gp_set_0002,gp_set_0002_vid_0002,gp_4973,train,1920,1440,80,9305,9384,1,1,0,9379,1,1,75,,0,0,0,1.0,0,0,0
gp_set_0002,gp_set_0002_vid_0002,gp_4975,train,1920,1440,45,9365,9409,1,1,0,9405,1,1,41,,0,0,0,1.0,0,0,0
gp_set_0002,gp_set_0002_vid_0002,gp_4977,train,1920,1440,55,9374,9428,1,1,0,9424,1,1,51,,0,0,0,1.0,0,0,0
gp_set_0002,gp_set_0002_vid_0002,gp_4978,train,1920,1440,62,9429,9490,1,1,0,9487,1,1,59,,0,0,0,1.0,0,0,0
gp_set_0002,gp_set_0002_vid_0002,gp_4980,train,1920,1440,42,9493,9534,1,1,0,9531,1,1,39,,0,0,0,1.0,0,0,0
gp_set_0002,gp_set_0002_vid_0002,gp_4982,train,1920,1440,33,9550,9582,1,1,0,9531,0,0,,,0,0,0,1.0,0,0,0
gp_set_0002,gp_set_0002_vid_0002,gp_4984,train,1920,1440,51,9577,9627,1,1,0,9623,1,1,47,,0,0,0,1.0,0,0,0
gp_set_0002,gp_set_0002_vid_0002,gp_4987,train,1920,1440,57,9608,9664,1,1,0,9661,1,1,54,,0,0,0,1.0,0,0,0
gp_set_0002,gp_set_0002_vid_0002,gp_4988,train,1920,1440,62,9608,9669,1,1,0,9665,1,1,58,,0,0,0,1.0,0,0,0
gp_set_0002,gp_set_0002_vid_0002,gp_4989,train,1920,1440,71,9611,9681,1,1,0,9677,1,1,67,,0,0,0,1.0,0,0,0
gp_set_0002,gp_set_0002_vid_0002,gp_4990,train,1920,1440,52,9633,9684,1,1,0,9681,1,1,49,,0,0,0,1.0,0,0,0
gp_set_0002,gp_set_0002_vid_0002,gp_4993,train,1920,1440,112,9838,9949,1,1,0,9945,1,1,108,,0,0,0,1.0,0,0,0
gp_set_0002,gp_set_0002_vid_0002,gp_4995,train,1920,1440,30,10231,10260,1,1,0,10256,1,1,26,10231,30,0,0,1.0,0,0,0
gp_set_0002,gp_set_0002_vid_0002,gp_4996,train,1920,1440,33,10269,10301,1,1,0,10298,1,1,30,,0,0,0,1.0,0,0,0
gp_set_0002,gp_set_0002_vid_0002,gp_4999,train,1920,1440,57,10319,10375,1,1,0,10372,1,1,54,,0,0,0,1.0,0,0,0
gp_set_0002,gp_set_0002_vid_0002,gp_5424,train,1920,1440,43,9060,9102,1,1,0,9045,0,0,,,0,0,0,1.0,0,0,0
gp_set_0002,gp_set_0002_vid_0002,gp_5425,train,1920,1440,45,9577,9621,1,1,0,9617,1,1,41,,0,0,0,1.0,0,0,0
gp_set_0002,gp_set_0002_vid_0002,gp_5426,train,1920,1440,95,9838,9932,1,1,0,9929,1,1,92,,0,0,0,1.0,0,0,0
gp_set_0002,gp_set_0002_vid_0002,gp_5427,train,1920,1440,36,10698,10733,1,1,0,10730,1,1,33,,0,0,0,1.0,0,0,0
gp_set_0002,gp_set_0002_vid_0002,gp_5004,train,1920,1440,16,10927,10942,1,1,0,10939,1,1,13,,0,0,0,1.0,0,0,0
gp_set_0002,gp_set_0002_vid_0002,gp_5005,train,1920,1440,28,10936,10963,1,1,0,10960,1,1,25,,0,0,0,1.0,0,0,0
gp_set_0002,gp_set_0002_vid_0002,gp_5006,train,1920,1440,27,10941,10967,1,1,0,10963,1,1,23,,0,0,0,1.0,0,0,0
gp_set_0002,gp_set_0002_vid_0002,gp_5007,train,1920,1440,29,10951,10979,1,1,0,1094,0,0,,,0,0,0,1.0,0,0,0
gp_set_0002,gp_set_0002_vid_0002,gp_5009,train,1920,1440,38,10885,10922,1,1,0,10919,1,1,35,,0,0,0,1.0,0,0,0
gp_set_0002,gp_set_0002_vid_0002,gp_5010,train,1920,1440,32,11301,11332,1,1,0,11329,1,1,29,,0,0,0,1.0,0,0,0
gp_set_0002,gp_set_0002_vid_0002,gp_5011,train,1920,1440,87,11642,11728,1,1,0,11725,1,1,84,,0,0,0,1.0,0,0,0
gp_set_0002,gp_set_0002_vid_0002,gp_5013,train,1920,1440,55,11860,11914,1,1,0,11909,1,1,50,,0,0,0,1.0,0,0,0
gp_set_0002,gp_set_0002_vid_0002,gp_5015,train,1920,1440,69,11964,12032,1,1,0,12027,1,1,64,,0,0,0,1.0,0,0,0
gp_set_0002,gp_set_0002_vid_0002,gp_5017,train,1920,1440,26,12043,12068,1,1,0,12043,1,1,1,,0,26,0,1.0,0,0,0
gp_set_0002,gp_set_0002_vid_0002,gp_5019,train,1920,1440,29,12422,12450,1,1,0,12446,1,1,25,,0,0,0,1.0,0,0,0
gp_set_0002,gp_set_0002_vid_0002,gp_5018,train,1920,1440,36,12403,12438,1,1,0,1242,0,0,,,0,0,0,1.0,0,0,0
gp_set_0002,gp_set_0002_vid_0002,gp_5020,train,1920,1440,86,12473,12558,1,1,0,1222,0,0,,,0,0,0,1.0,0,0,0
gp_set_0002,gp_set_0002_vid_0002,gp_5428,train,1920,1440,12,10902,10913,1,1,0,10910,1,1,9,,0,0,0,1.0,0,0,0
gp_set_0002,gp_set_0002_vid_0002,gp_5429,train,1920,1440,31,11118,11148,1,1,0,11145,1,1,28,,0,0,0,1.0,0,0,0
gp_set_0002,gp_set_0002_vid_0002,gp_5430,train,1920,1440,12,11319,11330,1,1,0,11327,1,1,9,,0,0,0,1.0,0,0,0
gp_set_0002,gp_set_0002_vid_0002,gp_5431,train,1920,1440,70,11642,11711,1,1,0,11708,1,1,67,,0,0,0,1.0,0,0,0
gp_set_0002,gp_set_0002_vid_0002,gp_5432,train,1920,1440,30,11837,11866,1,1,0,11862,1,1,26,,0,0,0,1.0,0,0,0
gp_set_0002,gp_set_0002_vid_0002,gp_5433,train,1920,1440,36,11857,11892,1,1,0,11887,1,1,31,,0,0,0,1.0,0,0,0
gp_set_0002,gp_set_0002_vid_0002,gp_5434,train,1920,1440,15,12409,12423,1,1,0,12418,1,1,10,,0,0,0,1.0,0,0,0
gp_set_0002,gp_set_0002_vid_0002,gp_4951,train,1920,1440,84,12694,12777,1,1,0,12773,1,1,80,,0,0,0,1.0,0,0,0
gp_set_0002,gp_set_0002_vid_0002,gp_4952,train,1920,1440,152,13540,13691,1,1,0,13687,1,1,148,,0,0,0,1.0,0,0,0
gp_set_0002,gp_set_0002_vid_0002,gp_4953,train,1920,1440,163,13646,13808,1,1,0,13804,1,1,159,,0,0,0,1.0,0,0,0
gp_set_0002,gp_set_0002_vid_0002,gp_4955,train,1920,1440,71,14747,14817,1,1,0,14814,1,1,68,,0,0,0,1.0,0,0,0
gp_set_0002,gp_set_0002_vid_0002,gp_4957,train,1920,1440,261,15389,15649,1,1,0,15646,1,1,258,,0,0,0,1.0,0,0,0
gp_set_0002,gp_set_0002_vid_0002,gp_4959,train,1920,1440,50,15820,15869,1,1,0,15862,1,1,43,,0,0,0,1.0,0,0,0
gp_set_0002,gp_set_0002_vid_0004,gp_4108,train,1920,1080,189,2992,3180,1,1,1,2992,1,1,1,2992,189,0,0,1.0,0,0,0
gp_set_0002,gp_set_0002_vid_0004,gp_4109,train,1920,1080,194,6081,6274,1,1,1,6200,1,1,120,6081,194,0,0,1.0,0,0,0
gp_set_0002,gp_set_0002_vid_0004,gp_4110,train,1920,1080,179,6086,6264,1,1,1,6200,1,1,115,6086,179,0,0,1.0,0,0,0
gp_set_0002,gp_set_0002_vid_0004,gp_4111,train,1920,1080,177,6093,6269,1,1,1,6200,1,1,108,6093,177,0,0,1.0,0,0,0
gp_set_0002,gp_set_0002_vid_0004,gp_4112,train,1920,1080,464,6093,6556,1,1,1,6093,1,1,1,6093,464,0,0,1.0,0,0,0
gp_set_0002,gp_set_0002_vid_0004,gp_4113,train,1920,1080,281,7727,8007,1,1,1,7727,1,1,1,7727,281,0,0,1.0,0,0,0
gp_set_0002,gp_set_0002_vid_0004,gp_4114,train,1920,1080,161,9603,9763,1,1,1,9603,1,1,1,9603,161,0,0,1.0,0,0,0
gp_set_0002,gp_set_0002_vid_0004,gp_4118,train,1920,1080,233,10541,10773,1,1,1,10541,1,1,1,10541,233,0,0,1.0,0,0,0
gp_set_0002,gp_set_0002_vid_0004,gp_4116,train,1920,1080,218,10547,10764,1,1,1,10547,1,1,1,10547,218,0,0,1.0,0,0,0
gp_set_0002,gp_set_0002_vid_0004,gp_4117,train,1920,1080,209,10547,10755,1,1,1,10547,1,1,1,10547,209,0,0,1.0,0,0,0
gp_set_0002,gp_set_0002_vid_0004,gp_4115,train,1920,1080,130,10584,10713,1,1,1,10584,1,1,1,10584,130,0,0,1.0,0,0,0
gp_set_0002,gp_set_0002_vid_0004,gp_4120,train,1920,1080,125,10650,10774,1,1,1,10650,1,1,1,10650,125,0,0,1.0,0,0,0
gp_set_0002,gp_set_0002_vid_0004,gp_4119,train,1920,1080,70,10705,10774,1,1,1,10705,1,1,1,10705,70,0,0,1.0,0,0,0
gp_set_0002,gp_set_0002_vid_0004,gp_4198,train,1920,1080,357,10806,11162,1,1,1,10900,1,1,95,10806,357,0,0,1.0,0,0,0
gp_set_0002,gp_set_0002_vid_0004,gp_4203,train,1920,1080,281,11255,11535,1,1,1,11300,1,1,46,11255,281,0,0,1.0,0,0,0
gp_set_0002,gp_set_0002_vid_0004,gp_4206,train,1920,1080,190,11726,11915,1,1,1,11726,1,1,1,11726,190,0,0,1.0,0,0,0
gp_set_0002,gp_set_0002_vid_0004,gp_4207,train,1920,1080,187,11726,11912,1,1,1,11726,1,1,1,11726,187,0,0,1.0,0,0,0
gp_set_0002,gp_set_0002_vid_0004,gp_4209,train,1920,1080,248,12229,12476,1,1,1,12300,1,1,72,12229,248,0,0,1.0,0,0,0
gp_set_0002,gp_set_0002_vid_0004,gp_4210,train,1920,1080,224,12323,12565,2,1,1,12323,1,1,1,12323,224,0,0,1.0,0,0,0
gp_set_0002,gp_set_0002_vid_0004,gp_4212,train,1920,1080,184,12366,12549,1,1,1,12366,1,1,1,12366,184,0,0,1.0,0,0,0
gp_set_0002,gp_set_0002_vid_0004,gp_4167,train,1920,1080,162,12588,12749,1,1,1,12588,1,1,1,12588,162,0,0,1.0,0,0,0
gp_set_0002,gp_set_0002_vid_0004,gp_4168,train,1920,1080,115,12588,12702,1,1,1,12588,1,1,1,12588,115,0,0,1.0,0,0,0
gp_set_0002,gp_set_0002_vid_0004,gp_4171,train,1920,1080,145,12602,12746,1,1,1,12602,1,1,1,12602,145,0,0,1.0,0,0,0
gp_set_0002,gp_set_0002_vid_0004,gp_4169,train,1920,1080,175,12904,13078,1,1,0,13075,1,1,172,12904,175,0,0,1.0,0,0,0
gp_set_0002,gp_set_0002_vid_0004,gp_4174,train,1920,1080,262,12924,13185,1,1,1,12982,1,1,59,12924,262,0,0,1.0,0,0,0
gp_set_0002,gp_set_0002_vid_0004,gp_4175,train,1920,1080,234,13191,13424,1,1,1,13191,1,1,1,13191,234,0,0,1.0,0,0,0
gp_set_0002,gp_set_0002_vid_0004,gp_4176,train,1920,1080,133,13191,13323,1,1,0,13320,1,1,130,13191,133,0,0,1.0,0,0,0
gp_set_0002,gp_set_0002_vid_0004,gp_4177,train,1920,1080,244,13384,13627,1,1,1,13384,1,1,1,13384,244,0,0,1.0,0,0,0
gp_set_0002,gp_set_0002_vid_0004,gp_4178,train,1920,1080,434,13455,13888,1,1,1,13545,1,1,91,13455,434,0,0,1.0,0,0,0
gp_set_0002,gp_set_0002_vid_0004,gp_4179,train,1920,1080,176,13608,13783,1,1,1,13608,1,1,1,13608,176,0,0,1.0,0,0,0
gp_set_0002,gp_set_0002_vid_0004,gp_4180,train,1920,1080,559,13806,14364,1,1,1,13806,1,1,1,13806,559,0,0,1.0,0,0,0
gp_set_0002,gp_set_0002_vid_0004,gp_4181,train,1920,1080,545,13820,14364,1,1,1,13820,1,1,1,13820,545,0,0,1.0,0,0,0
gp_set_0002,gp_set_0002_vid_0004,gp_4148,train,1920,1080,201,14654,14854,1,1,1,14654,1,1,1,14654,201,0,0,1.0,0,0,0
gp_set_0002,gp_set_0002_vid_0004,gp_4150,train,1920,1080,105,14721,14825,1,1,1,14772,1,1,52,14721,105,0,0,1.0,0,0,0
gp_set_0002,gp_set_0002_vid_0004,gp_4157,train,1920,1080,152,15343,15494,1,1,0,15491,1,1,149,15343,152,0,0,1.0,0,0,0
gp_set_0002,gp_set_0002_vid_0004,gp_4158,train,1920,1080,58,15361,15418,1,1,0,15415,1,1,55,15361,58,0,0,1.0,0,0,0
gp_set_0002,gp_set_0002_vid_0004,gp_4159,train,1920,1080,51,15364,15414,1,1,0,15411,1,1,48,15364,51,0,0,1.0,0,0,0
gp_set_0002,gp_set_0002_vid_0004,gp_4162,train,1920,1080,365,15505,15869,1,1,1,15629,1,1,125,15505,365,0,0,1.0,0,0,0
gp_set_0002,gp_set_0002_vid_0004,gp_4127,train,1920,1080,202,16262,16463,1,1,1,16262,1,1,1,16262,202,0,0,1.0,0,0,0
gp_set_0002,gp_set_0002_vid_0004,gp_4130,train,1920,1080,279,16439,16717,1,1,1,16439,1,1,1,16439,279,0,0,1.0,0,0,0
gp_set_0002,gp_set_0002_vid_0004,gp_4133,train,1920,1080,264,16733,16996,1,1,1,16923,1,1,191,16733,264,0,0,1.0,0,0,0
gp_set_0002,gp_set_0002_vid_0004,gp_4143,train,1920,1080,266,16743,17008,1,1,1,16898,1,1,156,16743,266,0,0,1.0,0,0,0
gp_set_0002,gp_set_0002_vid_0004,gp_4144,train,1920,1080,257,16752,17008,1,1,1,16898,1,1,147,16752,257,0,0,1.0,0,0,0
gp_set_0002,gp_set_0002_vid_0004,gp_4125,train,1920,1080,119,18384,18502,1,1,1,18384,1,1,1,18384,119,0,0,1.0,0,0,0
gp_set_0002,gp_set_0002_vid_0005,gp_3742,train,1920,1440,206,1869,2074,1,1,0,1869,1,1,1,,0,0,0,1.0,0,0,0
gp_set_0002,gp_set_0002_vid_0005,gp_3744,train,1920,1440,244,2288,2531,1,1,1,2288,1,1,1,2288,118,126,0,1.0,0,0,0
gp_set_0002,gp_set_0002_vid_0005,gp_3745,train,1920,1440,160,2298,2457,1,1,1,2298,1,1,1,2298,91,69,0,1.0,0,0,0
gp_set_0002,gp_set_0002_vid_0005,gp_3749,train,1920,1440,149,2228,2376,1,1,0,2373,1,1,146,,0,0,0,1.0,0,0,0
gp_set_0002,gp_set_0002_vid_0005,gp_3750,train,1920,1440,262,2320,2581,1,1,1,2320,1,1,1,2320,217,45,0,1.0,0,0,0
gp_set_0002,gp_set_0002_vid_0005,gp_3752,train,1920,1440,197,2400,2596,1,1,1,2401,1,1,2,2400,137,60,0,1.0,0,0,0
gp_set_0002,gp_set_0002_vid_0005,gp_3753,train,1920,1440,229,2410,2638,1,1,1,2410,1,1,1,2410,159,70,0,1.0,0,0,0
gp_set_0002,gp_set_0002_vid_0005,gp_3759,train,1920,1440,309,2338,2646,1,1,1,2338,1,1,1,2338,309,0,0,1.0,0,0,0
gp_set_0002,gp_set_0002_vid_0005,gp_3760,train,1920,1440,305,2363,2667,1,1,1,2363,1,1,1,2363,305,0,0,1.0,0,0,0
gp_set_0002,gp_set_0002_vid_0005,gp_3764,train,1920,1440,237,2448,2684,1,1,1,2448,1,1,1,2448,67,0,0,1.0,0,0,0
gp_set_0002,gp_set_0002_vid_0005,gp_3765,train,1920,1440,124,2448,2571,1,1,1,2448,1,1,1,2448,100,24,0,1.0,0,0,0
gp_set_0002,gp_set_0002_vid_0005,gp_3768,train,1920,1440,116,2295,2410,1,1,0,2407,1,1,113,,0,0,0,1.0,0,0,0
gp_set_0002,gp_set_0002_vid_0005,gp_3771,train,1920,1440,71,2813,2883,1,1,0,2880,1,1,68,,0,0,0,1.0,0,0,0
gp_set_0002,gp_set_0002_vid_0005,gp_3773,train,1920,1440,62,3657,3718,1,1,0,3715,1,1,59,,0,0,0,1.0,0,0,0
gp_set_0002,gp_set_0002_vid_0005,gp_3776,train,1920,1440,20,7180,7199,1,1,0,7196,1,1,17,,0,0,0,1.0,0,0,0
gp_set_0002,gp_set_0002_vid_0005,gp_3777,train,1920,1440,40,7180,7219,1,1,0,7216,1,1,37,,0,0,0,1.0,0,0,0
gp_set_0002,gp_set_0002_vid_0005,gp_3781,train,1920,1440,91,7244,7334,1,1,0,7331,1,1,88,,0,0,0,1.0,0,0,0
gp_set_0002,gp_set_0002_vid_0005,gp_3785,train,1920,1440,124,7215,7338,1,1,0,7335,1,1,121,,0,0,0,1.0,0,0,0
gp_set_0002,gp_set_0002_vid_0005,gp_3791,train,1920,1440,100,7411,7510,1,1,0,7807,0,0,,,0,0,0,1.0,0,0,0
gp_set_0002,gp_set_0002_vid_0005,gp_3793,train,1920,1440,91,7446,7536,1,1,0,7533,1,1,88,,0,0,0,1.0,0,0,0
gp_set_0002,gp_set_0002_vid_0005,gp_3794,train,1920,1440,91,7451,7541,1,1,0,7538,1,1,88,,0,0,0,1.0,0,0,0
gp_set_0002,gp_set_0002_vid_0005,gp_3778,train,1920,1440,134,7193,7326,1,1,1,7193,1,1,1,7193,134,0,0,1.0,0,0,0
gp_set_0002,gp_set_0002_vid_0005,gp_3782,train,1920,1440,97,7234,7330,1,1,0,7327,1,1,94,,0,0,0,1.0,0,0,0
gp_set_0002,gp_set_0002_vid_0005,gp_3790,train,1920,1440,136,7394,7529,1,1,0,7526,1,1,133,,0,0,0,1.0,0,0,0
gp_set_0002,gp_set_0002_vid_0005,gp_3789,train,1920,1440,131,7394,7524,1,1,0,7521,1,1,128,,0,0,0,1.0,0,0,0
gp_set_0002,gp_set_0002_vid_0005,gp_3788,train,1920,1440,126,7394,7519,1,1,0,7516,1,1,123,,0,0,0,1.0,0,0,0
gp_set_0002,gp_set_0002_vid_0005,gp_3798,train,1920,1440,75,10770,10844,1,1,0,10841,1,1,72,,0,0,0,1.0,0,0,0
gp_set_0002,gp_set_0002_vid_0005,gp_3800,train,1920,1440,56,12205,12260,1,1,0,12257,1,1,53,,0,0,0,1.0,0,0,0
gp_set_0002,gp_set_0002_vid_0005,gp_3801,train,1920,1440,56,12205,12260,1,1,0,12257,1,1,53,,0,0,0,1.0,0,0,0
gp_set_0003,gp_set_0003_vid_0001,gp_3470,test,1920,1440,74,9,82,1,1,0,79,1,1,71,,0,0,0,1.0,0,0,0
gp_set_0003,gp_set_0003_vid_0001,gp_3472,test,1920,1440,74,41,114,1,1,0,111,1,1,71,,0,0,0,1.0,0,0,0
gp_set_0003,gp_set_0003_vid_0001,gp_3473,test,1920,1440,59,47,105,1,1,0,102,1,1,56,,0,0,0,1.0,0,0,0
gp_set_0003,gp_set_0003_vid_0001,gp_3474,test,1920,1440,99,93,191,1,1,0,188,1,1,96,,0,0,0,1.0,0,0,0
gp_set_0003,gp_set_0003_vid_0001,gp_3476,test,1920,1440,116,194,309,1,1,0,306,1,1,113,,0,0,0,1.0,0,0,0
gp_set_0003,gp_set_0003_vid_0001,gp_3478,test,1920,1440,41,632,672,1,1,0,669,1,1,38,,0,0,0,1.0,0,0,0
gp_set_0003,gp_set_0003_vid_0001,gp_3480,test,1920,1440,51,1092,1142,1,1,0,1139,1,1,48,,0,0,0,1.0,0,0,0
gp_set_0003,gp_set_0003_vid_0001,gp_3481,test,1920,1440,40,1102,1141,1,1,0,1138,1,1,37,,0,0,0,1.0,0,0,0
gp_set_0003,gp_set_0003_vid_0001,gp_3482,test,1920,1440,47,1241,1287,1,1,0,1284,1,1,44,,0,0,0,1.0,0,0,0
gp_set_0003,gp_set_0003_vid_0001,gp_3484,test,1920,1440,16,1270,1285,1,1,0,1282,1,1,13,,0,0,0,1.0,0,0,0
gp_set_0003,gp_set_0003_vid_0001,gp_3486,test,1920,1440,17,1369,1385,1,1,0,1382,1,1,14,,0,0,0,1.0,0,0,0
gp_set_0003,gp_set_0003_vid_0001,gp_3487,test,1920,1440,16,1368,1383,1,1,0,1380,1,1,13,,0,0,0,1.0,0,0,0
gp_set_0003,gp_set_0003_vid_0001,gp_3488,test,1920,1440,15,1401,1415,1,1,0,1411,1,1,11,,0,0,0,1.0,0,0,0
gp_set_0003,gp_set_0003_vid_0001,gp_3489,test,1920,1440,15,1400,1414,1,1,0,1412,1,1,13,,0,0,0,1.0,0,0,0
gp_set_0003,gp_set_0003_vid_0001,gp_3490,test,1920,1440,28,1454,1481,1,1,0,1478,1,1,25,,0,0,0,1.0,0,0,0
gp_set_0003,gp_set_0003_vid_0001,gp_3492,test,1920,1440,17,1463,1479,1,1,0,1476,1,1,14,,0,0,0,1.0,0,0,0
gp_set_0003,gp_set_0003_vid_0001,gp_3459,test,1920,1440,37,2229,2265,1,1,0,2262,1,1,34,,0,0,0,1.0,0,0,0
gp_set_0003,gp_set_0003_vid_0001,gp_3461,test,1920,1440,53,2277,2329,1,1,0,2326,1,1,50,,0,0,0,1.0,0,0,0
gp_set_0003,gp_set_0003_vid_0001,gp_3463,test,1920,1440,21,2446,2466,1,1,0,2463,1,1,18,,0,0,0,1.0,0,0,0
gp_set_0003,gp_set_0003_vid_0001,gp_3464,test,1920,1440,24,2446,2469,1,1,0,2466,1,1,21,,0,0,0,1.0,0,0,0
gp_set_0003,gp_set_0003_vid_0001,gp_3465,test,1920,1440,33,2956,2988,1,1,0,2985,1,1,30,,0,0,0,1.0,0,0,0
gp_set_0003,gp_set_0003_vid_0001,gp_3466,test,1920,1440,79,3472,3550,1,1,0,3547,1,1,76,,0,0,0,1.0,0,0,0
gp_set_0003,gp_set_0003_vid_0001,gp_3468,test,1920,1440,26,3569,3594,1,1,0,3629,0,0,,,0,0,0,1.0,0,0,0
gp_set_0003,gp_set_0003_vid_0001,gp_3452,test,1920,1440,24,3609,3632,1,1,0,3629,1,1,21,,0,0,0,1.0,0,0,0
gp_set_0003,gp_set_0003_vid_0001,gp_3453,test,1920,1440,23,4144,4166,1,1,0,4163,1,1,20,,0,0,0,1.0,0,0,0
gp_set_0003,gp_set_0003_vid_0001,gp_3454,test,1920,1440,23,4355,4377,1,1,0,4374,1,1,20,,0,0,0,1.0,0,0,0
gp_set_0003,gp_set_0003_vid_0001,gp_3456,test,1920,1440,72,3767,3838,1,1,0,3835,1,1,69,,0,0,0,1.0,0,0,0
gp_set_0003,gp_set_0003_vid_0001,gp_3445,test,1920,1440,46,6218,6263,1,1,0,6260,1,1,43,,0,0,0,1.0,0,0,0
gp_set_0003,gp_set_0003_vid_0001,gp_3447,test,1920,1440,66,6419,6484,1,1,0,6481,1,1,63,,0,0,0,1.0,0,0,0
gp_set_0003,gp_set_0003_vid_0001,gp_3449,test,1920,1440,48,6719,6766,1,1,0,6763,1,1,45,,0,0,0,1.0,0,0,0
gp_set_0003,gp_set_0003_vid_0001,gp_3436,test,1920,1440,87,7817,7903,1,1,0,7900,1,1,84,,0,0,0,1.0,0,0,0
gp_set_0003,gp_set_0003_vid_0001,gp_3442,test,1920,1440,78,8822,8899,1,1,0,8896,1,1,75,,0,0,0,1.0,0,0,0
gp_set_0003,gp_set_0003_vid_0001,gp_3396,test,1920,1440,68,9038,9105,1,1,0,9102,1,1,65,,0,0,0,1.0,0,0,0
gp_set_0003,gp_set_0003_vid_0001,gp_3399,test,1920,1440,43,9532,9574,1,1,0,9571,1,1,40,,0,0,0,1.0,0,0,0
gp_set_0003,gp_set_0003_vid_0001,gp_3401,test,1920,1440,28,9573,9600,1,1,0,9597,1,1,25,,0,0,0,1.0,0,0,0
gp_set_0003,gp_set_0003_vid_0001,gp_3403,test,1920,1440,35,9835,9869,1,1,0,9866,1,1,32,,0,0,0,1.0,0,0,0
gp_set_0003,gp_set_0003_vid_0001,gp_3405,test,1920,1440,89,9835,9923,1,1,0,9920,1,1,86,,0,0,0,1.0,0,0,0
gp_set_0003,gp_set_0003_vid_0001,gp_3409,test,1920,1440,83,9891,9973,1,1,0,9970,1,1,80,,0,0,0,1.0,0,0,0
gp_set_0003,gp_set_0003_vid_0001,gp_3411,test,1920,1440,48,10177,10224,1,1,0,10221,1,1,45,,0,0,0,1.0,0,0,0
gp_set_0003,gp_set_0003_vid_0001,gp_3415,test,1920,1440,43,10182,10224,1,1,0,10221,1,1,40,,0,0,0,1.0,0,0,0
gp_set_0003,gp_set_0003_vid_0001,gp_3420,test,1920,1440,65,10271,10335,1,1,0,10332,1,1,62,,0,0,0,1.0,0,0,0
gp_set_0003,gp_set_0003_vid_0001,gp_3422,test,1920,1440,49,10346,10394,1,1,0,10391,1,1,46,,0,0,0,1.0,0,0,0
gp_set_0003,gp_set_0003_vid_0001,gp_3423,test,1920,1440,36,10515,10550,1,1,0,10547,1,1,33,,0,0,0,1.0,0,0,0
gp_set_0003,gp_set_0003_vid_0001,gp_3427,test,1920,1440,43,10551,10593,1,1,0,10590,1,1,40,,0,0,0,1.0,0,0,0
gp_set_0003,gp_set_0003_vid_0001,gp_3428,test,1920,1440,42,10718,10759,1,1,0,10756,1,1,39,,0,0,0,1.0,0,0,0
gp_set_0003,gp_set_0003_vid_0001,gp_3381,test,1920,1440,26,11202,11227,1,1,0,11224,1,1,23,,0,0,0,1.0,0,0,0
gp_set_0003,gp_set_0003_vid_0001,gp_3382,test,1920,1440,86,11778,11863,1,1,0,11860,1,1,83,,0,0,0,1.0,0,0,0
gp_set_0003,gp_set_0003_vid_0001,gp_3384,test,1920,1440,44,12168,12211,1,1,0,12208,1,1,41,,0,0,0,1.0,0,0,0
gp_set_0003,gp_set_0003_vid_0001,gp_3386,test,1920,1440,63,12294,12356,1,1,0,12353,1,1,60,,0,0,0,1.0,0,0,0
gp_set_0003,gp_set_0003_vid_0001,gp_3389,test,1920,1440,30,12326,12355,1,1,0,12352,1,1,27,,0,0,0,1.0,0,0,0
gp_set_0003,gp_set_0003_vid_0001,gp_3392,test,1920,1440,28,11844,11871,1,1,0,11868,1,1,25,,0,0,0,1.0,0,0,0
gp_set_0003,gp_set_0003_vid_0001,gp_3347,test,1920,1440,57,12735,12791,1,1,0,12788,1,1,54,,0,0,0,1.0,0,0,0
gp_set_0003,gp_set_0003_vid_0001,gp_3348,test,1920,1440,55,13135,13189,1,1,0,13186,1,1,52,,0,0,0,1.0,0,0,0
gp_set_0003,gp_set_0003_vid_0001,gp_3352,test,1920,1440,45,13201,13245,1,1,0,13242,1,1,42,,0,0,0,1.0,0,0,0
gp_set_0003,gp_set_0003_vid_0001,gp_3365,test,1920,1440,152,13013,13164,1,1,0,13161,1,1,149,,0,0,0,1.0,0,0,0
gp_set_0003,gp_set_0003_vid_0001,gp_3367,test,1920,1440,40,13431,13470,1,1,0,13467,1,1,37,,0,0,0,1.0,0,0,0
gp_set_0003,gp_set_0003_vid_0001,gp_3368,test,1920,1440,36,13459,13494,1,1,0,13491,1,1,33,,0,0,0,1.0,0,0,0
gp_set_0003,gp_set_0003_vid_0001,gp_3369,test,1920,1440,16,13189,13204,1,1,0,13201,1,1,13,,0,0,0,1.0,0,0,0
gp_set_0003,gp_set_0003_vid_0001,gp_3372,test,1920,1440,25,13289,13313,1,1,0,13310,1,1,22,,0,0,0,1.0,0,0,0
gp_set_0003,gp_set_0003_vid_0001,gp_3373,test,1920,1440,8,13350,13357,1,1,0,13354,1,1,5,,0,0,0,1.0,0,0,0
gp_set_0003,gp_set_0003_vid_0001,gp_3374,test,1920,1440,16,13451,13466,1,1,0,13463,1,1,13,,0,0,0,1.0,0,0,0
gp_set_0003,gp_set_0003_vid_0001,gp_3362,test,1920,1440,55,12680,12737,2,1,0,12734,1,1,11,,0,0,0,1.0,0,0,0
gp_set_0003,gp_set_0003_vid_0001,gp_3356,test,1920,1440,118,13251,13368,1,1,1,13251,1,1,1,13251,118,0,0,1.0,0,0,0
gp_set_0003,gp_set_0003_vid_0001,gp_3313,test,1920,1440,213,15255,15467,1,1,0,15464,1,1,210,,0,0,0,1.0,0,0,0
gp_set_0003,gp_set_0003_vid_0001,gp_3320,test,1920,1440,132,15378,15509,1,1,0,15506,1,1,129,,0,0,0,1.0,0,0,0
gp_set_0003,gp_set_0003_vid_0001,gp_3325,test,1920,1440,92,15658,15749,1,1,0,15746,1,1,89,,0,0,0,1.0,0,0,0
gp_set_0003,gp_set_0003_vid_0001,gp_3339,test,1920,1440,29,16030,16058,1,1,0,16055,1,1,26,,0,0,0,1.0,0,0,0
gp_set_0003,gp_set_0003_vid_0001,gp_3341,test,1920,1440,35,16037,16071,1,1,0,16068,1,1,32,,0,0,0,1.0,0,0,0
gp_set_0003,gp_set_0003_vid_0001,gp_3342,test,1920,1440,96,16050,16145,1,1,0,16142,1,1,93,,0,0,0,1.0,0,0,0
gp_set_0003,gp_set_0003_vid_0001,gp_3343,test,1920,1440,37,16055,16091,1,1,0,16088,1,1,34,,0,0,0,1.0,0,0,0
gp_set_0003,gp_set_0003_vid_0001,gp_3344,test,1920,1440,28,16058,16085,1,1,0,16082,1,1,25,,0,0,0,1.0,0,0,0
gp_set_0003,gp_set_0003_vid_0001,gp_3326,test,1920,1440,313,15837,16149,1,1,1,16024,1,1,188,16025,125,0,0,1.0,0,0,0
gp_set_0003,gp_set_0003_vid_0001,gp_3334,test,1920,1440,272,15862,16133,1,1,1,15906,1,1,45,15906,209,0,0,1.0,0,0,0
gp_set_0003,gp_set_0003_vid_0001,gp_3338,test,1920,1440,244,15899,16142,1,1,1,15991,1,1,93,15986,157,0,0,1.0,0,0,0
gp_set_0003,gp_set_0003_vid_0001,gp_3260,test,1920,1440,17,16251,16267,1,1,0,16264,1,1,14,,0,0,0,1.0,0,0,0
gp_set_0003,gp_set_0003_vid_0001,gp_3264,test,1920,1440,23,16266,16288,1,1,0,16285,1,1,20,,0,0,0,1.0,0,0,0
gp_set_0003,gp_set_0003_vid_0001,gp_3266,test,1920,1440,13,16267,16279,1,1,0,16276,1,1,10,,0,0,0,1.0,0,0,0
gp_set_0003,gp_set_0003_vid_0001,gp_3267,test,1920,1440,27,16500,16526,1,1,0,16523,1,1,24,,0,0,0,1.0,0,0,0
gp_set_0003,gp_set_0003_vid_0001,gp_3273,test,1920,1440,26,16729,16754,1,1,0,16751,1,1,23,,0,0,0,1.0,0,0,0
gp_set_0003,gp_set_0003_vid_0001,gp_3277,test,1920,1440,18,16988,17005,1,1,0,17002,1,1,15,,0,0,0,1.0,0,0,0
gp_set_0003,gp_set_0003_vid_0001,gp_3279,test,1920,1440,77,16997,17073,1,1,0,17070,1,1,74,,0,0,0,1.0,0,0,0
gp_set_0003,gp_set_0003_vid_0001,gp_3284,test,1920,1440,258,17175,17432,1,1,0,17429,1,1,255,,0,0,0,1.0,0,0,0
gp_set_0003,gp_set_0003_vid_0001,gp_3287,test,1920,1440,63,17766,17828,1,1,0,17825,1,1,60,,0,0,0,1.0,0,0,0
gp_set_0003,gp_set_0003_vid_0001,gp_3289,test,1920,1440,36,17777,17812,1,1,0,17809,1,1,33,,0,0,0,1.0,0,0,0
gp_set_0003,gp_set_0003_vid_0001,gp_3294,test,1920,1440,29,17843,17871,1,1,0,17868,1,1,26,,0,0,0,1.0,0,0,0
gp_set_0003,gp_set_0003_vid_0001,gp_3296,test,1920,1440,13,17863,17875,1,1,0,17872,1,1,10,,0,0,0,1.0,0,0,0
gp_set_0003,gp_set_0003_vid_0001,gp_3299,test,1920,1440,38,17871,17908,1,1,0,17905,1,1,35,,0,0,0,1.0,0,0,0
gp_set_0003,gp_set_0003_vid_0001,gp_3302,test,1920,1440,8,17872,17879,1,1,0,17876,1,1,5,,0,0,0,1.0,0,0,0
gp_set_0003,gp_set_0003_vid_0001,gp_3304,test,1920,1440,11,17871,17881,1,1,0,17878,1,1,8,,0,0,0,1.0,0,0,0
gp_set_0003,gp_set_0003_vid_0001,gp_3307,test,1920,1440,8,17882,17889,1,1,0,17886,1,1,5,,0,0,0,1.0,0,0,0
gp_set_0003,gp_set_0003_vid_0001,gp_3252,test,1920,1440,4,17950,17953,1,1,0,17950,1,1,1,,0,0,0,1.0,0,0,0
gp_set_0003,gp_set_0003_vid_0001,gp_3256,test,1920,1440,60,19311,19370,1,1,0,19367,1,1,57,,0,0,0,1.0,0,0,0
gp_set_0003,gp_set_0003_vid_0002,gp_1731,test,1920,1440,33,74,106,1,1,0,103,1,1,30,,0,0,0,1.0,0,0,0
gp_set_0003,gp_set_0003_vid_0002,gp_1732,test,1920,1440,29,83,111,1,1,0,108,1,1,26,,0,0,0,1.0,0,0,0
gp_set_0003,gp_set_0003_vid_0002,gp_1733,test,1920,1440,24,91,114,1,1,0,111,1,1,21,,0,0,0,1.0,0,0,0
gp_set_0003,gp_set_0003_vid_0002,gp_1735,test,1920,1440,63,92,154,1,1,0,151,1,1,60,,0,0,0,1.0,0,0,0
gp_set_0003,gp_set_0003_vid_0002,gp_1737,test,1920,1440,39,83,121,1,1,0,118,1,1,36,,0,0,0,1.0,0,0,0
gp_set_0003,gp_set_0003_vid_0002,gp_1740,test,1920,1440,18,106,123,1,1,0,120,1,1,15,,0,0,0,1.0,0,0,0
gp_set_0003,gp_set_0003_vid_0002,gp_1744,test,1920,1440,21,222,242,1,1,0,239,1,1,18,,0,0,0,1.0,0,0,0
gp_set_0003,gp_set_0003_vid_0002,gp_1745,test,1920,1440,19,227,245,1,1,0,242,1,1,16,,0,0,0,1.0,0,0,0
gp_set_0003,gp_set_0003_vid_0002,gp_1747,test,1920,1440,9,278,286,1,1,0,283,1,1,6,,0,0,0,1.0,0,0,0
gp_set_0003,gp_set_0003_vid_0002,gp_1749,test,1920,1440,17,302,318,1,1,0,315,1,1,14,,0,0,0,1.0,0,0,0
gp_set_0003,gp_set_0003_vid_0002,gp_1750,test,1920,1440,120,328,447,1,1,0,444,1,1,117,,0,0,0,1.0,0,0,0
gp_set_0003,gp_set_0003_vid_0002,gp_1752,test,1920,1440,40,367,406,1,1,0,403,1,1,37,,0,0,0,1.0,0,0,0
gp_set_0003,gp_set_0003_vid_0002,gp_1753,test,1920,1440,52,393,444,1,1,0,441,1,1,49,,0,0,0,1.0,0,0,0
gp_set_0003,gp_set_0003_vid_0002,gp_1755,test,1920,1440,37,505,541,1,1,0,538,1,1,34,,0,0,0,1.0,0,0,0
gp_set_0003,gp_set_0003_vid_0002,gp_1756,test,1920,1440,33,634,666,1,1,0,663,1,1,30,,0,0,0,1.0,0,0,0
gp_set_0003,gp_set_0003_vid_0002,gp_1757,test,1920,1440,43,777,819,1,1,0,816,1,1,40,,0,0,0,1.0,0,0,0
gp_set_0003,gp_set_0003_vid_0002,gp_1759,test,1920,1440,18,823,840,1,1,0,837,1,1,15,,0,0,0,1.0,0,0,0
gp_set_0003,gp_set_0003_vid_0002,gp_1760,test,1920,1440,15,822,836,1,1,0,833,1,1,12,,0,0,0,1.0,0,0,0
gp_set_0003,gp_set_0003_vid_0002,gp_1762,test,1920,1440,12,821,832,1,1,0,829,1,1,9,,0,0,0,1.0,0,0,0
gp_set_0003,gp_set_0003_vid_0002,gp_1763,test,1920,1440,49,895,943,1,1,0,940,1,1,46,,0,0,0,1.0,0,0,0
gp_set_0003,gp_set_0003_vid_0002,gp_1765,test,1920,1440,32,932,963,1,1,0,961,1,1,30,,0,0,0,1.0,0,0,0
gp_set_0003,gp_set_0003_vid_0002,gp_1767,test,1920,1440,15,998,1012,1,1,0,1009,1,1,12,,0,0,0,1.0,0,0,0
gp_set_0003,gp_set_0003_vid_0002,gp_1768,test,1920,1440,13,997,1009,1,1,0,1006,1,1,10,,0,0,0,1.0,0,0,0
gp_set_0003,gp_set_0003_vid_0002,gp_1770,test,1920,1440,56,1215,1270,1,1,0,1267,1,1,53,,0,0,0,1.0,0,0,0
gp_set_0003,gp_set_0003_vid_0002,gp_1771,test,1920,1440,26,1299,1324,1,1,0,1321,1,1,23,,0,0,0,1.0,0,0,0
gp_set_0003,gp_set_0003_vid_0002,gp_1772,test,1920,1440,21,1376,1396,1,1,0,1393,1,1,18,,0,0,0,1.0,0,0,0
gp_set_0003,gp_set_0003_vid_0002,gp_1773,test,1920,1440,16,1396,1411,1,1,0,1408,1,1,13,,0,0,0,1.0,0,0,0
gp_set_0003,gp_set_0003_vid_0002,gp_1774,test,1920,1440,22,1396,1417,1,1,0,1414,1,1,19,,0,0,0,1.0,0,0,0
gp_set_0003,gp_set_0003_vid_0002,gp_1775,test,1920,1440,31,1409,1439,1,1,0,1436,1,1,28,,0,0,0,1.0,0,0,0
gp_set_0003,gp_set_0003_vid_0002,gp_1778,test,1920,1440,36,1635,1670,1,1,0,1668,1,1,34,,0,0,0,1.0,0,0,0
gp_set_0003,gp_set_0003_vid_0002,gp_1781,test,1920,1440,70,1633,1702,1,1,0,1699,1,1,67,,0,0,0,1.0,0,0,0
gp_set_0003,gp_set_0003_vid_0002,gp_1784,test,1920,1440,50,1611,1660,1,1,0,1658,1,1,48,,0,0,0,1.0,0,0,0
gp_set_0003,gp_set_0003_vid_0002,gp_1786,test,1920,1440,24,1734,1757,1,1,0,1755,1,1,22,,0,0,0,1.0,0,0,0
gp_set_0003,gp_set_0003_vid_0002,gp_1788,test,1920,1440,28,1741,1768,1,1,0,1765,1,1,25,,0,0,0,1.0,0,0,0
gp_set_0003,gp_set_0003_vid_0002,gp_1790,test,1920,1440,28,1759,1786,1,1,0,1783,1,1,25,,0,0,0,1.0,0,0,0
gp_set_0003,gp_set_0003_vid_0002,gp_1791,test,1920,1440,11,1789,1799,1,1,0,1796,1,1,8,,0,0,0,1.0,0,0,0
gp_set_0003,gp_set_0003_vid_0002,gp_1728,test,1920,1440,67,32,98,1,1,0,95,1,1,64,,0,0,0,1.0,0,0,0
gp_set_0003,gp_set_0003_vid_0002,gp_1729,test,1920,1440,52,53,104,1,1,0,101,1,1,49,,0,0,0,1.0,0,0,0
gp_set_0003,gp_set_0003_vid_0002,gp_1736,test,1920,1440,119,19,137,1,1,0,134,1,1,116,,0,59,0,1.0,0,0,0
gp_set_0003,gp_set_0003_vid_0002,gp_1793,test,1920,1440,18,1838,1855,1,1,0,1852,1,1,15,,0,0,0,1.0,0,0,0
gp_set_0003,gp_set_0003_vid_0002,gp_1795,test,1920,1440,13,1848,1860,1,1,0,1857,1,1,10,,0,0,0,1.0,0,0,0
gp_set_0003,gp_set_0003_vid_0002,gp_1796,test,1920,1440,35,1870,1904,1,1,0,1901,1,1,32,,0,0,0,1.0,0,0,0
gp_set_0003,gp_set_0003_vid_0002,gp_1798,test,1920,1440,46,1869,1914,1,1,0,1911,1,1,43,,0,0,0,1.0,0,0,0
gp_set_0003,gp_set_0003_vid_0002,gp_1803,test,1920,1440,65,1883,1947,1,1,0,1944,1,1,62,,0,0,0,1.0,0,0,0
gp_set_0003,gp_set_0003_vid_0002,gp_1804,test,1920,1440,107,2054,2160,1,1,0,2158,1,1,105,,0,0,0,1.0,0,0,0
gp_set_0003,gp_set_0003_vid_0002,gp_1806,test,1920,1440,104,2050,2153,1,1,0,2150,1,1,101,,0,0,0,1.0,0,0,0
gp_set_0003,gp_set_0003_vid_0002,gp_1807,test,1920,1440,21,2127,2147,1,1,0,2144,1,1,18,,0,0,0,1.0,0,0,0
gp_set_0003,gp_set_0003_vid_0002,gp_1815,test,1920,1440,120,2260,2379,1,1,0,2376,1,1,117,2340,1,0,0,1.0,0,0,0
gp_set_0003,gp_set_0003_vid_0002,gp_1822,test,1920,1440,21,2310,2330,1,1,0,2327,1,1,18,2310,21,0,0,1.0,0,0,0
gp_set_0003,gp_set_0003_vid_0002,gp_1823,test,1920,1440,52,2321,2372,1,1,0,2369,1,1,49,,0,52,0,1.0,0,0,0
gp_set_0003,gp_set_0003_vid_0002,gp_1825,test,1920,1440,11,2495,2505,1,1,0,2502,1,1,8,,0,0,0,1.0,0,0,0
gp_set_0003,gp_set_0003_vid_0002,gp_1826,test,1920,1440,10,2492,2501,1,1,0,2498,1,1,7,,0,0,0,1.0,0,0,0
gp_set_0003,gp_set_0003_vid_0002,gp_1828,test,1920,1440,99,2484,2582,1,1,0,2579,1,1,96,,0,0,0,1.0,0,0,0
gp_set_0003,gp_set_0003_vid_0002,gp_1829,test,1920,1440,22,2569,2590,1,1,0,2587,1,1,19,,0,0,0,1.0,0,0,0
gp_set_0003,gp_set_0003_vid_0002,gp_1832,test,1920,1440,21,2579,2599,1,1,0,2596,1,1,18,,0,0,0,1.0,0,0,0
gp_set_0003,gp_set_0003_vid_0002,gp_1833,test,1920,1440,21,2584,2604,1,1,0,2601,1,1,18,,0,0,0,1.0,0,0,0
gp_set_0003,gp_set_0003_vid_0002,gp_1835,test,1920,1440,23,2595,2617,1,1,0,2614,1,1,20,,0,0,0,1.0,0,0,0
gp_set_0003,gp_set_0003_vid_0002,gp_1836,test,1920,1440,26,2596,2621,1,1,0,2618,1,1,23,,0,0,0,1.0,0,0,0
gp_set_0003,gp_set_0003_vid_0002,gp_1838,test,1920,1440,19,2612,2630,1,1,0,2627,1,1,16,,0,0,0,1.0,0,0,0
gp_set_0003,gp_set_0003_vid_0002,gp_1839,test,1920,1440,22,2605,2626,1,1,0,2623,1,1,19,,0,0,0,1.0,0,0,0
gp_set_0003,gp_set_0003_vid_0002,gp_1841,test,1920,1440,15,2622,2636,1,1,0,2633,1,1,12,,0,0,0,1.0,0,0,0
gp_set_0003,gp_set_0003_vid_0002,gp_1842,test,1920,1440,18,2684,2701,1,1,0,2698,1,1,15,,0,0,0,1.0,0,0,0
gp_set_0003,gp_set_0003_vid_0002,gp_1844,test,1920,1440,50,2763,2812,1,1,0,2809,1,1,47,,0,0,0,1.0,0,0,0
gp_set_0003,gp_set_0003_vid_0002,gp_1848,test,1920,1440,32,2913,2944,1,1,0,2941,1,1,29,,0,0,0,1.0,0,0,0
gp_set_0003,gp_set_0003_vid_0002,gp_1849,test,1920,1440,51,2916,2966,1,1,0,2963,1,1,48,,0,0,0,1.0,0,0,0
gp_set_0003,gp_set_0003_vid_0002,gp_1852,test,1920,1440,41,2937,2977,1,1,0,2974,1,1,38,,0,0,0,1.0,0,0,0
gp_set_0003,gp_set_0003_vid_0002,gp_1853,test,1920,1440,43,3052,3094,1,1,0,3091,1,1,40,,0,0,0,1.0,0,0,0
gp_set_0003,gp_set_0003_vid_0002,gp_1856,test,1920,1440,36,3130,3165,1,1,0,3162,1,1,33,,0,0,0,1.0,0,0,0
gp_set_0003,gp_set_0003_vid_0002,gp_1857,test,1920,1440,71,3184,3254,1,1,0,3251,1,1,68,,0,0,0,1.0,0,0,0
gp_set_0003,gp_set_0003_vid_0002,gp_1861,test,1920,1440,81,3418,3498,1,1,0,3495,1,1,78,,0,0,0,1.0,0,0,0
gp_set_0003,gp_set_0003_vid_0002,gp_1862,test,1920,1440,87,3436,3522,1,1,0,3519,1,1,84,,0,0,0,1.0,0,0,0
gp_set_0003,gp_set_0003_vid_0002,gp_1863,test,1920,1440,49,3452,3500,1,1,0,3497,1,1,46,,0,0,0,1.0,0,0,0
gp_set_0003,gp_set_0003_vid_0002,gp_1864,test,1920,1440,95,3450,3544,1,1,0,3541,1,1,92,,0,0,0,1.0,0,0,0
gp_set_0003,gp_set_0003_vid_0002,gp_1867,test,1920,1440,64,3464,3527,1,1,0,3524,1,1,61,,0,0,0,1.0,0,0,0
gp_set_0003,gp_set_0003_vid_0002,gp_1869,test,1920,1440,9,3530,3538,1,1,0,3535,1,1,6,,0,0,0,1.0,0,0,0
gp_set_0003,gp_set_0003_vid_0002,gp_1872,test,1920,1440,55,3540,3594,1,1,0,3591,1,1,52,,0,0,0,1.0,0,0,0
gp_set_0003,gp_set_0003_vid_0002,gp_1818,test,1920,1440,79,2260,2338,1,1,0,2335,1,1,76,2260,79,0,0,1.0,0,0,0
gp_set_0003,gp_set_0003_vid_0002,gp_1810,test,1920,1440,75,2108,2182,1,1,1,2108,1,1,1,2108,41,0,0,1.0,0,0,0
gp_set_0003,gp_set_0003_vid_0002,gp_1813,test,1920,1440,297,2024,2320,1,1,1,2024,1,1,1,2024,297,0,0,1.0,0,0,0
gp_set_0003,gp_set_0003_vid_0002,gp_1879,test,1920,1440,125,3674,3798,1,1,0,3795,1,1,122,,0,0,0,1.0,0,0,0
gp_set_0003,gp_set_0003_vid_0002,gp_1882,test,1920,1440,61,3736,3796,1,1,0,3793,1,1,58,,0,0,0,1.0,0,0,0
gp_set_0003,gp_set_0003_vid_0002,gp_1883,test,1920,1440,34,3787,3820,1,1,0,3817,1,1,31,,0,0,0,1.0,0,0,0
gp_set_0003,gp_set_0003_vid_0002,gp_1886,test,1920,1440,15,3812,3826,1,1,0,3823,1,1,12,,0,0,0,1.0,0,0,0
gp_set_0003,gp_set_0003_vid_0002,gp_1888,test,1920,1440,42,3907,3948,1,1,0,3945,1,1,39,,0,0,0,1.0,0,0,0
gp_set_0003,gp_set_0003_vid_0002,gp_1891,test,1920,1440,21,3931,3951,1,1,0,3948,1,1,18,,0,0,0,1.0,0,0,0
gp_set_0003,gp_set_0003_vid_0002,gp_1892,test,1920,1440,42,3948,3989,1,1,0,3986,1,1,39,,0,0,0,1.0,0,0,0
gp_set_0003,gp_set_0003_vid_0002,gp_1893,test,1920,1440,33,3982,4014,1,1,0,4011,1,1,30,,0,0,0,1.0,0,0,0
gp_set_0003,gp_set_0003_vid_0002,gp_1895,test,1920,1440,55,4002,4056,1,1,0,4053,1,1,52,,0,0,0,1.0,0,0,0
gp_set_0003,gp_set_0003_vid_0002,gp_1896,test,1920,1440,56,4015,4070,1,1,0,4067,1,1,53,,0,0,0,1.0,0,0,0
gp_set_0003,gp_set_0003_vid_0002,gp_1900,test,1920,1440,50,4031,4080,1,1,0,4077,1,1,47,,0,0,0,1.0,0,0,0
gp_set_0003,gp_set_0003_vid_0002,gp_1904,test,1920,1440,54,4041,4094,1,1,0,4091,1,1,51,,0,0,0,1.0,0,0,0
gp_set_0003,gp_set_0003_vid_0002,gp_1905,test,1920,1440,32,4070,4101,1,1,0,4098,1,1,29,,0,0,0,1.0,0,0,0
gp_set_0003,gp_set_0003_vid_0002,gp_1906,test,1920,1440,28,4057,4084,1,1,0,4081,1,1,25,,0,0,0,1.0,0,0,0
gp_set_0003,gp_set_0003_vid_0002,gp_1910,test,1920,1440,23,4114,4136,1,1,0,4133,1,1,20,,0,0,0,1.0,0,0,0
gp_set_0003,gp_set_0003_vid_0002,gp_1911,test,1920,1440,25,4139,4163,1,1,0,4160,1,1,22,,0,0,0,1.0,0,0,0
gp_set_0003,gp_set_0003_vid_0002,gp_1912,test,1920,1440,41,4232,4272,1,1,0,4269,1,1,38,,0,0,0,1.0,0,0,0
gp_set_0003,gp_set_0003_vid_0002,gp_1914,test,1920,1440,43,4234,4276,1,1,0,4269,1,1,36,,0,0,0,1.0,0,0,0
gp_set_0003,gp_set_0003_vid_0002,gp_1918,test,1920,1440,231,4355,4585,1,1,0,4582,1,1,228,,0,0,0,1.0,0,0,0
gp_set_0003,gp_set_0003_vid_0002,gp_1922,test,1920,1440,51,4582,4632,1,1,0,4629,1,1,48,,0,0,0,1.0,0,0,0
gp_set_0003,gp_set_0003_vid_0002,gp_1925,test,1920,1440,56,5089,5144,1,1,0,5141,1,1,53,,0,0,0,1.0,0,0,0
gp_set_0003,gp_set_0003_vid_0002,gp_1928,test,1920,1440,26,5238,5263,1,1,0,5260,1,1,23,,0,0,0,1.0,0,0,0
gp_set_0003,gp_set_0003_vid_0002,gp_1874,test,1920,1440,64,3593,3656,1,1,0,3653,1,1,61,,0,0,0,1.0,0,0,0
gp_set_0003,gp_set_0003_vid_0002,gp_1875,test,1920,1440,81,3592,3672,1,1,0,3669,1,1,78,,0,0,0,1.0,0,0,0
gp_set_0003,gp_set_0003_vid_0002,gp_1936,test,1920,1440,81,5478,5558,1,1,0,5555,1,1,78,,0,0,0,1.0,0,0,0
gp_set_0003,gp_set_0003_vid_0002,gp_1939,test,1920,1440,92,5478,5569,1,1,0,5566,1,1,89,,0,0,0,1.0,0,0,0
gp_set_0003,gp_set_0003_vid_0002,gp_1948,test,1920,1440,62,5515,5576,1,1,0,5573,1,1,59,,0,0,0,1.0,0,0,0
gp_set_0003,gp_set_0003_vid_0002,gp_1949,test,1920,1440,77,5455,5531,1,1,0,5528,1,1,74,,0,0,0,1.0,0,0,0
gp_set_0003,gp_set_0003_vid_0002,gp_1952,test,1920,1440,32,5718,5749,1,1,0,5746,1,1,29,,0,0,0,1.0,0,0,0
gp_set_0003,gp_set_0003_vid_0002,gp_1953,test,1920,1440,22,5756,5777,1,1,0,5774,1,1,19,,0,0,0,1.0,0,0,0
gp_set_0003,gp_set_0003_vid_0002,gp_1954,test,1920,1440,17,5782,5798,1,1,0,5790,1,1,9,,0,0,0,1.0,0,0,0
gp_set_0003,gp_set_0003_vid_0002,gp_1959,test,1920,1440,65,5844,5908,1,1,0,5905,1,1,62,,0,0,0,1.0,0,0,0
gp_set_0003,gp_set_0003_vid_0002,gp_1960,test,1920,1440,65,5846,5910,1,1,0,5907,1,1,62,,0,0,0,1.0,0,0,0
gp_set_0003,gp_set_0003_vid_0002,gp_1963,test,1920,1440,78,5767,5844,1,1,0,5841,1,1,75,,0,0,0,1.0,0,0,0
gp_set_0003,gp_set_0003_vid_0002,gp_1968,test,1920,1440,28,5933,5960,1,1,0,5957,1,1,25,,0,0,0,1.0,0,0,0
gp_set_0003,gp_set_0003_vid_0002,gp_1972,test,1920,1440,96,5942,6037,1,1,0,6034,1,1,93,,0,0,0,1.0,0,0,0
gp_set_0003,gp_set_0003_vid_0002,gp_1974,test,1920,1440,171,6052,6222,1,1,0,6219,1,1,168,,0,0,0,1.0,0,0,0
gp_set_0003,gp_set_0003_vid_0002,gp_1977,test,1920,1440,42,6028,6069,1,1,0,6066,1,1,39,,0,0,0,1.0,0,0,0
gp_set_0003,gp_set_0003_vid_0002,gp_1980,test,1920,1440,87,6076,6162,1,1,0,6159,1,1,84,,0,0,0,1.0,0,0,0
gp_set_0003,gp_set_0003_vid_0002,gp_1982,test,1920,1440,79,6098,6176,1,1,0,6173,1,1,76,,0,0,0,1.0,0,0,0
gp_set_0003,gp_set_0003_vid_0002,gp_1984,test,1920,1440,88,6098,6185,1,1,0,6182,1,1,85,,0,0,0,1.0,0,0,0
gp_set_0003,gp_set_0003_vid_0002,gp_1989,test,1920,1440,68,6121,6188,1,1,0,6185,1,1,65,,0,0,0,1.0,0,0,0
gp_set_0003,gp_set_0003_vid_0002,gp_1990,test,1920,1440,140,6071,6210,1,1,0,6207,1,1,137,,0,0,0,1.0,0,0,0
gp_set_0003,gp_set_0003_vid_0002,gp_1991,test,1920,1440,76,6191,6266,1,1,0,6263,1,1,73,,0,0,0,1.0,0,0,0
gp_set_0003,gp_set_0003_vid_0002,gp_1992,test,1920,1440,37,6276,6312,1,1,0,6309,1,1,34,,0,0,0,1.0,0,0,0
gp_set_0003,gp_set_0003_vid_0002,gp_1994,test,1920,1440,38,6316,6353,1,1,0,6350,1,1,35,,0,0,0,1.0,0,0,0
gp_set_0003,gp_set_0003_vid_0002,gp_1996,test,1920,1440,97,6297,6393,1,1,0,6390,1,1,94,,0,0,0,1.0,0,0,0
gp_set_0003,gp_set_0003_vid_0002,gp_1999,test,1920,1440,32,6377,6408,1,1,0,6405,1,1,29,,0,0,0,1.0,0,0,0
gp_set_0003,gp_set_0003_vid_0002,gp_2000,test,1920,1440,13,6406,6418,1,1,0,6415,1,1,10,,0,0,0,1.0,0,0,0
gp_set_0003,gp_set_0003_vid_0002,gp_2003,test,1920,1440,93,6407,6499,1,1,0,6496,1,1,90,,0,0,0,1.0,0,0,0
gp_set_0003,gp_set_0003_vid_0002,gp_2004,test,1920,1440,104,6407,6510,1,1,0,6507,1,1,101,,0,0,0,1.0,0,0,0
gp_set_0003,gp_set_0003_vid_0002,gp_2007,test,1920,1440,70,6425,6494,1,1,0,6491,1,1,67,,0,0,0,1.0,0,0,0
gp_set_0003,gp_set_0003_vid_0002,gp_2009,test,1920,1440,118,6490,6607,1,1,0,6604,1,1,115,,0,0,0,1.0,0,0,0
gp_set_0003,gp_set_0003_vid_0002,gp_2010,test,1920,1440,76,6596,6671,1,1,0,6668,1,1,73,,0,0,0,1.0,0,0,0
gp_set_0003,gp_set_0003_vid_0002,gp_2011,test,1920,1440,37,6614,6650,1,1,0,6647,1,1,34,,0,0,0,1.0,0,0,0
gp_set_0003,gp_set_0003_vid_0002,gp_2012,test,1920,1440,33,6621,6653,1,1,0,6650,1,1,30,,0,0,0,1.0,0,0,0
gp_set_0003,gp_set_0003_vid_0002,gp_2014,test,1920,1440,168,6699,6866,1,1,0,6863,1,1,165,,0,0,0,1.0,0,0,0
gp_set_0003,gp_set_0003_vid_0002,gp_2015,test,1920,1440,169,6721,6889,1,1,0,6886,1,1,166,,0,0,0,1.0,0,0,0
gp_set_0003,gp_set_0003_vid_0002,gp_2016,test,1920,1440,158,6745,6902,1,1,0,6899,1,1,155,,0,0,0,1.0,0,0,0
gp_set_0003,gp_set_0003_vid_0002,gp_2017,test,1920,1440,212,6810,7021,1,1,0,7018,1,1,209,,0,0,0,1.0,0,0,0
gp_set_0003,gp_set_0003_vid_0002,gp_2021,test,1920,1440,46,7016,7061,1,1,0,7058,1,1,43,,0,0,0,1.0,0,0,0
gp_set_0003,gp_set_0003_vid_0002,gp_2022,test,1920,1440,254,6931,7184,1,1,0,7181,1,1,251,,0,0,0,1.0,0,0,0
gp_set_0003,gp_set_0003_vid_0002,gp_2027,test,1920,1440,87,6974,7060,1,1,0,7057,1,1,84,,0,0,0,1.0,0,0,0
gp_set_0003,gp_set_0003_vid_0002,gp_2028,test,1920,1440,113,7048,7160,1,1,0,7157,1,1,110,,0,0,0,1.0,0,0,0
gp_set_0003,gp_set_0003_vid_0002,gp_2031,test,1920,1440,28,7080,7107,1,1,0,7104,1,1,25,,0,0,0,1.0,0,0,0
gp_set_0003,gp_set_0003_vid_0002,gp_2033,test,1920,1440,96,7089,7184,1,1,0,7181,1,1,93,,0,0,0,1.0,0,0,0
gp_set_0003,gp_set_0003_vid_0002,gp_2034,test,1920,1440,43,7142,7184,1,1,0,7181,1,1,40,,0,0,0,1.0,0,0,0
gp_set_0003,gp_set_0003_vid_0002,gp_2035,test,1920,1440,103,7145,7247,1,1,0,7181,1,1,37,,0,0,0,1.0,0,0,0
gp_set_0003,gp_set_0003_vid_0002,gp_2036,test,1920,1440,45,7140,7184,1,1,0,7181,1,1,42,,0,0,0,1.0,0,0,0
gp_set_0003,gp_set_0003_vid_0002,gp_2038,test,1920,1440,91,7087,7177,1,1,0,7174,1,1,88,,0,0,0,1.0,0,0,0
gp_set_0003,gp_set_0003_vid_0002,gp_1955,test,1920,1440,203,5692,5894,1,1,1,5692,1,1,1,5692,203,0,0,1.0,0,0,0
gp_set_0003,gp_set_0003_vid_0002,gp_1965,test,1920,1440,237,5801,6037,1,1,1,5901,1,1,101,5901,137,0,0,1.0,0,0,0
gp_set_0003,gp_set_0003_vid_0002,gp_1934,test,1920,1440,38,5422,5459,1,1,1,5422,1,1,1,5422,38,0,0,1.0,0,0,0
gp_set_0003,gp_set_0003_vid_0002,gp_2041,test,1920,1440,196,7188,7383,1,1,0,7380,1,1,193,,0,0,0,1.0,0,0,0
gp_set_0003,gp_set_0003_vid_0002,gp_2042,test,1920,1440,67,7295,7361,1,1,0,7358,1,1,64,,0,0,0,1.0,0,0,0
gp_set_0003,gp_set_0003_vid_0002,gp_2044,test,1920,1440,102,7355,7456,1,1,0,7453,1,1,99,,0,0,0,1.0,0,0,0
gp_set_0003,gp_set_0003_vid_0002,gp_2046,test,1920,1440,50,7437,7486,1,1,0,7483,1,1,47,,0,0,0,1.0,0,0,0
gp_set_0003,gp_set_0003_vid_0002,gp_2048,test,1920,1440,161,7532,7692,1,1,0,7689,1,1,158,,0,0,0,1.0,0,0,0
gp_set_0003,gp_set_0003_vid_0002,gp_2052,test,1920,1440,66,7657,7722,1,1,0,7719,1,1,63,,0,0,0,1.0,0,0,0
gp_set_0003,gp_set_0003_vid_0002,gp_2054,test,1920,1440,61,7658,7718,1,1,0,7715,1,1,58,,0,0,0,1.0,0,0,0
gp_set_0003,gp_set_0003_vid_0002,gp_2055,test,1920,1440,57,7684,7740,1,1,0,7737,1,1,54,,0,0,0,1.0,0,0,0
gp_set_0003,gp_set_0003_vid_0002,gp_2056,test,1920,1440,53,7684,7736,1,1,0,7733,1,1,50,,0,0,0,1.0,0,0,0
gp_set_0003,gp_set_0003_vid_0002,gp_2057,test,1920,1440,30,7704,7733,1,1,0,7730,1,1,27,,0,0,0,1.0,0,0,0
gp_set_0003,gp_set_0003_vid_0002,gp_2059,test,1920,1440,20,7731,7750,1,1,0,7747,1,1,17,,0,0,0,1.0,0,0,0
gp_set_0003,gp_set_0003_vid_0002,gp_2062,test,1920,1440,64,7743,7806,1,1,0,7803,1,1,61,,0,0,0,1.0,0,0,0
gp_set_0003,gp_set_0003_vid_0002,gp_2063,test,1920,1440,42,7769,7810,1,1,0,7807,1,1,39,,0,0,0,1.0,0,0,0
gp_set_0003,gp_set_0003_vid_0002,gp_2065,test,1920,1440,35,7794,7828,1,1,0,7825,1,1,32,,0,0,0,1.0,0,0,0
gp_set_0003,gp_set_0003_vid_0002,gp_2067,test,1920,1440,52,7796,7847,1,1,0,7844,1,1,49,,0,0,0,1.0,0,0,0
gp_set_0003,gp_set_0003_vid_0002,gp_2069,test,1920,1440,19,7825,7843,1,1,0,7840,1,1,16,,0,0,0,1.0,0,0,0
gp_set_0003,gp_set_0003_vid_0002,gp_2071,test,1920,1440,52,7809,7860,1,1,0,7857,1,1,49,,0,0,0,1.0,0,0,0
gp_set_0003,gp_set_0003_vid_0002,gp_2072,test,1920,1440,66,7775,7840,1,1,0,4837,0,0,,,0,0,0,1.0,0,0,0
gp_set_0003,gp_set_0003_vid_0002,gp_2073,test,1920,1440,169,7858,8026,1,1,0,8023,1,1,166,,0,0,0,1.0,0,0,0
gp_set_0003,gp_set_0003_vid_0002,gp_2074,test,1920,1440,143,7872,8014,1,1,0,8011,1,1,140,,0,0,0,1.0,0,0,0
gp_set_0003,gp_set_0003_vid_0002,gp_2075,test,1920,1440,31,7918,7948,1,1,0,7945,1,1,28,,0,0,0,1.0,0,0,0
gp_set_0003,gp_set_0003_vid_0002,gp_2085,test,1920,1440,30,7923,7952,1,1,0,7949,1,1,27,,0,0,0,1.0,0,0,0
gp_set_0003,gp_set_0003_vid_0002,gp_2086,test,1920,1440,169,7972,8140,1,1,0,8137,1,1,166,,0,0,0,1.0,0,0,0
gp_set_0003,gp_set_0003_vid_0002,gp_2088,test,1920,1440,130,7992,8121,1,1,0,8118,1,1,127,,0,0,0,1.0,0,0,0
gp_set_0003,gp_set_0003_vid_0002,gp_2090,test,1920,1440,135,8060,8194,1,1,0,8191,1,1,132,,0,0,0,1.0,0,0,0
gp_set_0003,gp_set_0003_vid_0002,gp_2092,test,1920,1440,115,8106,8220,1,1,0,8217,1,1,112,,0,0,0,1.0,0,0,0
gp_set_0003,gp_set_0003_vid_0002,gp_2093,test,1920,1440,48,8169,8216,1,1,0,8213,1,1,45,,0,0,0,1.0,0,0,0
gp_set_0003,gp_set_0003_vid_0002,gp_2097,test,1920,1440,121,8344,8464,1,1,0,8371,1,1,28,8364,101,0,0,1.0,0,0,0
gp_set_0003,gp_set_0003_vid_0002,gp_2099,test,1920,1440,40,8345,8384,1,1,0,8381,1,1,37,,0,0,0,1.0,0,0,0
gp_set_0003,gp_set_0003_vid_0002,gp_2101,test,1920,1440,65,8444,8508,1,1,0,8505,1,1,62,,0,0,0,1.0,0,0,0
gp_set_0003,gp_set_0003_vid_0002,gp_2103,test,1920,1440,50,8485,8534,1,1,0,8531,1,1,47,,0,0,0,1.0,0,0,0
gp_set_0003,gp_set_0003_vid_0002,gp_2105,test,1920,1440,89,8482,8570,1,1,0,8567,1,1,86,,0,0,0,1.0,0,0,0
gp_set_0003,gp_set_0003_vid_0002,gp_2106,test,1920,1440,45,8499,8543,1,1,0,8540,1,1,42,,0,0,0,1.0,0,0,0
gp_set_0003,gp_set_0003_vid_0002,gp_2108,test,1920,1440,56,8501,8556,1,1,0,8553,1,1,53,,0,0,0,1.0,0,0,0
gp_set_0003,gp_set_0003_vid_0002,gp_2110,test,1920,1440,46,8521,8566,1,1,0,8563,1,1,43,,0,0,0,1.0,0,0,0
gp_set_0003,gp_set_0003_vid_0002,gp_2111,test,1920,1440,57,8496,8552,1,1,0,8549,1,1,54,,0,0,0,1.0,0,0,0
gp_set_0003,gp_set_0003_vid_0002,gp_2112,test,1920,1440,43,8532,8574,1,1,0,8571,1,1,40,,0,0,0,1.0,0,0,0
gp_set_0003,gp_set_0003_vid_0002,gp_2116,test,1920,1440,47,8616,8662,1,1,0,8659,1,1,44,,0,0,0,1.0,0,0,0
gp_set_0003,gp_set_0003_vid_0002,gp_2118,test,1920,1440,37,8619,8655,1,1,0,8652,1,1,34,,0,0,0,1.0,0,0,0
gp_set_0003,gp_set_0003_vid_0002,gp_2124,test,1920,1440,62,8650,8711,1,1,0,8708,1,1,59,,0,0,0,1.0,0,0,0
gp_set_0003,gp_set_0003_vid_0002,gp_2126,test,1920,1440,29,8672,8700,1,1,0,8697,1,1,26,,0,0,0,1.0,0,0,0
gp_set_0003,gp_set_0003_vid_0002,gp_2127,test,1920,1440,18,8691,8708,1,1,0,8705,1,1,15,,0,0,0,1.0,0,0,0
gp_set_0003,gp_set_0003_vid_0002,gp_2129,test,1920,1440,67,8688,8754,1,1,0,8751,1,1,64,,0,0,0,1.0,0,0,0
gp_set_0003,gp_set_0003_vid_0002,gp_2132,test,1920,1440,42,8708,8749,1,1,0,8746,1,1,39,,0,0,0,1.0,0,0,0
gp_set_0003,gp_set_0003_vid_0002,gp_2135,test,1920,1440,23,8793,8815,1,1,0,8812,1,1,20,,0,0,0,1.0,0,0,0
gp_set_0003,gp_set_0003_vid_0002,gp_2136,test,1920,1440,16,8806,8821,1,1,0,8818,1,1,13,,0,0,0,1.0,0,0,0
gp_set_0003,gp_set_0003_vid_0002,gp_2153,test,1920,1440,155,8802,8956,1,1,0,8953,1,1,152,,0,0,0,1.0,0,0,0
gp_set_0003,gp_set_0003_vid_0002,gp_2162,test,1920,1440,22,8848,8869,1,1,0,8866,1,1,19,,0,0,0,1.0,0,0,0
gp_set_0003,gp_set_0003_vid_0002,gp_2164,test,1920,1440,84,8868,8951,1,1,0,8948,1,1,81,,0,0,0,1.0,0,0,0
gp_set_0003,gp_set_0003_vid_0002,gp_2094,test,1920,1440,131,8156,8286,1,1,1,8156,1,1,1,8156,131,0,0,1.0,0,0,0
gp_set_0003,gp_set_0003_vid_0002,gp_2138,test,1920,1440,191,8745,8935,1,1,1,8745,1,1,1,8745,191,0,0,1.0,0,0,0
gp_set_0003,gp_set_0003_vid_0002,gp_2144,test,1920,1440,183,8757,8939,1,1,1,8757,1,1,1,8757,183,0,0,1.0,0,0,0
gp_set_0003,gp_set_0003_vid_0002,gp_2166,test,1920,1440,164,8870,9033,1,1,1,8870,1,1,1,8870,164,0,0,1.0,0,0,0
gp_set_0003,gp_set_0003_vid_0002,gp_2173,test,1920,1440,69,9022,9090,1,1,0,9087,1,1,66,,0,0,0,1.0,0,0,0
gp_set_0003,gp_set_0003_vid_0002,gp_2176,test,1920,1440,45,9062,9106,1,1,0,9103,1,1,42,,0,0,0,1.0,0,0,0
gp_set_0003,gp_set_0003_vid_0002,gp_2177,test,1920,1440,73,9114,9186,1,1,0,9183,1,1,70,,0,0,0,1.0,0,0,0
gp_set_0003,gp_set_0003_vid_0002,gp_2181,test,1920,1440,12,9189,9200,1,1,0,9197,1,1,9,,0,0,0,1.0,0,0,0
gp_set_0003,gp_set_0003_vid_0002,gp_2184,test,1920,1440,17,9191,9207,1,1,0,9204,1,1,14,,0,0,0,1.0,0,0,0
gp_set_0003,gp_set_0003_vid_0002,gp_2186,test,1920,1440,69,9260,9328,1,1,0,9325,1,1,66,,0,0,0,1.0,0,0,0
gp_set_0003,gp_set_0003_vid_0002,gp_2188,test,1920,1440,16,9335,9350,1,1,0,9347,1,1,13,,0,0,0,1.0,0,0,0
gp_set_0003,gp_set_0003_vid_0002,gp_2191,test,1920,1440,26,9340,9365,1,1,0,9362,1,1,23,,0,0,0,1.0,0,0,0
gp_set_0003,gp_set_0003_vid_0002,gp_2192,test,1920,1440,235,9220,9454,1,1,0,9452,1,1,233,,0,0,0,1.0,0,0,0
gp_set_0003,gp_set_0003_vid_0002,gp_2200,test,1920,1440,164,9322,9485,1,1,0,9482,1,1,161,,0,0,0,1.0,0,0,0
gp_set_0003,gp_set_0003_vid_0002,gp_2203,test,1920,1440,70,9393,9462,1,1,0,9459,1,1,67,,0,0,0,1.0,0,0,0
gp_set_0003,gp_set_0003_vid_0002,gp_2205,test,1920,1440,102,9395,9496,1,1,0,9493,1,1,99,,0,0,0,1.0,0,0,0
gp_set_0003,gp_set_0003_vid_0002,gp_2209,test,1920,1440,43,9458,9500,1,1,0,9497,1,1,40,,0,0,0,1.0,0,0,0
gp_set_0003,gp_set_0003_vid_0002,gp_2212,test,1920,1440,50,9440,9489,1,1,0,9486,1,1,47,,0,0,0,1.0,0,0,0
gp_set_0003,gp_set_0003_vid_0002,gp_2213,test,1920,1440,34,9456,9489,1,1,0,9486,1,1,31,,0,0,0,1.0,0,0,0
gp_set_0003,gp_set_0003_vid_0002,gp_2216,test,1920,1440,30,9478,9507,1,1,0,9504,1,1,27,,0,0,0,1.0,0,0,0
gp_set_0003,gp_set_0003_vid_0002,gp_2218,test,1920,1440,40,9484,9523,1,1,0,9520,1,1,37,,0,0,0,1.0,0,0,0
gp_set_0003,gp_set_0003_vid_0002,gp_2223,test,1920,1440,25,9504,9528,1,1,0,9525,1,1,22,,0,0,0,1.0,0,0,0
gp_set_0003,gp_set_0003_vid_0002,gp_2224,test,1920,1440,4,9523,9526,1,1,0,9523,1,1,1,,0,0,0,1.0,0,0,0
gp_set_0003,gp_set_0003_vid_0002,gp_2225,test,1920,1440,34,9521,9554,1,1,0,9551,1,1,31,,0,0,0,1.0,0,0,0
gp_set_0003,gp_set_0003_vid_0002,gp_2227,test,1920,1440,37,9521,9557,1,1,0,9554,1,1,34,,0,0,0,1.0,0,0,0
gp_set_0003,gp_set_0003_vid_0002,gp_2228,test,1920,1440,39,9521,9559,1,1,0,9556,1,1,36,,0,0,0,1.0,0,0,0
gp_set_0003,gp_set_0003_vid_0002,gp_2230,test,1920,1440,36,9548,9583,1,1,0,9580,1,1,33,,0,0,0,1.0,0,0,0
gp_set_0003,gp_set_0003_vid_0002,gp_2231,test,1920,1440,55,9548,9602,1,1,0,9599,1,1,52,,0,0,0,1.0,0,0,0
gp_set_0003,gp_set_0003_vid_0002,gp_2234,test,1920,1440,38,9573,9610,1,1,0,9607,1,1,35,,0,0,0,1.0,0,0,0
gp_set_0003,gp_set_0003_vid_0002,gp_2236,test,1920,1440,39,9573,9611,1,1,0,9608,1,1,36,,0,0,0,1.0,0,0,0
gp_set_0003,gp_set_0003_vid_0002,gp_2238,test,1920,1440,51,9577,9627,1,1,0,9624,1,1,48,,0,0,0,1.0,0,0,0
gp_set_0003,gp_set_0003_vid_0002,gp_2240,test,1920,1440,49,9606,9654,1,1,0,9651,1,1,46,,0,0,0,1.0,0,0,0
gp_set_0003,gp_set_0003_vid_0002,gp_2241,test,1920,1440,47,9606,9652,1,1,0,9649,1,1,44,,0,0,0,1.0,0,0,0
gp_set_0003,gp_set_0003_vid_0002,gp_2243,test,1920,1440,45,9606,9650,1,1,0,9647,1,1,42,,0,0,0,1.0,0,0,0
gp_set_0003,gp_set_0003_vid_0002,gp_2244,test,1920,1440,38,9663,9700,1,1,0,9697,1,1,35,,0,0,0,1.0,0,0,0
gp_set_0003,gp_set_0003_vid_0002,gp_2246,test,1920,1440,35,9663,9697,1,1,0,9694,1,1,32,,0,0,0,1.0,0,0,0
gp_set_0003,gp_set_0003_vid_0002,gp_2250,test,1920,1440,45,9663,9707,1,1,0,9704,1,1,42,,0,0,0,1.0,0,0,0
gp_set_0003,gp_set_0003_vid_0002,gp_2253,test,1920,1440,29,9682,9710,1,1,0,9707,1,1,26,,0,0,0,1.0,0,0,0
gp_set_0003,gp_set_0003_vid_0002,gp_2254,test,1920,1440,36,9687,9722,1,1,0,9720,1,1,34,,0,0,0,1.0,0,0,0
gp_set_0003,gp_set_0003_vid_0002,gp_2256,test,1920,1440,39,9687,9725,1,1,0,9722,1,1,36,,0,0,0,1.0,0,0,0
gp_set_0003,gp_set_0003_vid_0002,gp_2258,test,1920,1440,40,9659,9698,1,1,0,9695,1,1,37,,0,0,0,1.0,0,0,0
gp_set_0003,gp_set_0003_vid_0002,gp_2261,test,1920,1440,49,9746,9794,1,1,0,9791,1,1,46,,0,0,0,1.0,0,0,0
gp_set_0003,gp_set_0003_vid_0002,gp_2262,test,1920,1440,81,9747,9827,1,1,0,9824,1,1,78,,0,0,0,1.0,0,0,0
gp_set_0003,gp_set_0003_vid_0002,gp_2264,test,1920,1440,82,9748,9829,1,1,0,9826,1,1,79,,0,0,0,1.0,0,0,0
gp_set_0003,gp_set_0003_vid_0002,gp_2266,test,1920,1440,86,9750,9835,1,1,0,9832,1,1,83,,0,0,0,1.0,0,0,0
gp_set_0003,gp_set_0003_vid_0002,gp_2271,test,1920,1440,89,9751,9839,1,1,0,9836,1,1,86,,0,0,0,1.0,0,0,0
gp_set_0003,gp_set_0003_vid_0002,gp_2274,test,1920,1440,112,9839,9950,1,1,0,9948,1,1,110,,0,0,0,1.0,0,0,0
gp_set_0003,gp_set_0003_vid_0002,gp_2277,test,1920,1440,16,9882,9897,1,1,0,9894,1,1,13,,0,0,0,1.0,0,0,0
gp_set_0003,gp_set_0003_vid_0002,gp_2278,test,1920,1440,73,9880,9952,1,1,0,9948,1,1,69,,0,0,0,1.0,0,0,0
gp_set_0003,gp_set_0003_vid_0002,gp_2281,test,1920,1440,57,9894,9950,1,1,0,9949,1,1,56,,0,0,0,1.0,0,0,0
gp_set_0003,gp_set_0003_vid_0002,gp_2285,test,1920,1440,170,9915,10084,1,1,0,10081,1,1,167,,0,0,0,1.0,0,0,0
gp_set_0003,gp_set_0003_vid_0002,gp_2289,test,1920,1440,77,9962,10038,1,1,0,10035,1,1,74,,0,0,0,1.0,0,0,0
gp_set_0003,gp_set_0003_vid_0002,gp_2295,test,1920,1440,42,9989,10030,1,1,0,10027,1,1,39,,0,0,0,1.0,0,0,0
gp_set_0003,gp_set_0003_vid_0002,gp_2296,test,1920,1440,51,10142,10192,1,1,0,10189,1,1,48,,0,0,0,1.0,0,0,0
gp_set_0003,gp_set_0003_vid_0002,gp_2300,test,1920,1440,43,10156,10198,1,1,0,10195,1,1,40,,0,0,0,1.0,0,0,0
gp_set_0003,gp_set_0003_vid_0002,gp_2302,test,1920,1440,192,10183,10374,1,1,0,10371,1,1,189,,0,0,0,1.0,0,0,0
gp_set_0003,gp_set_0003_vid_0002,gp_2305,test,1920,1440,93,10264,10356,1,1,1,10353,1,1,90,,0,0,0,1.0,0,0,0
gp_set_0003,gp_set_0003_vid_0002,gp_2308,test,1920,1440,50,10333,10382,1,1,0,10379,1,1,47,,0,0,0,1.0,0,0,0
gp_set_0003,gp_set_0003_vid_0002,gp_2309,test,1920,1440,76,10346,10421,1,1,0,10418,1,1,73,,0,0,0,1.0,0,0,0
gp_set_0003,gp_set_0003_vid_0002,gp_2313,test,1920,1440,48,10383,10430,1,1,0,10427,1,1,45,,0,0,0,1.0,0,0,0
gp_set_0003,gp_set_0003_vid_0002,gp_2314,test,1920,1440,33,10435,10467,1,1,0,10464,1,1,30,,0,0,0,1.0,0,0,0
gp_set_0003,gp_set_0003_vid_0002,gp_2315,test,1920,1440,38,10435,10472,1,1,0,10469,1,1,35,,0,0,0,1.0,0,0,0
gp_set_0003,gp_set_0003_vid_0002,gp_2317,test,1920,1440,70,10455,10524,1,1,0,10521,1,1,67,,0,0,0,1.0,0,0,0
gp_set_0003,gp_set_0003_vid_0002,gp_2319,test,1920,1440,66,10454,10519,1,1,0,10516,1,1,63,,0,0,0,1.0,0,0,0
gp_set_0003,gp_set_0003_vid_0002,gp_2322,test,1920,1440,35,10740,10774,1,1,0,10771,1,1,32,,0,0,0,1.0,0,0,0
gp_set_0003,gp_set_0003_vid_0002,gp_2326,test,1920,1440,29,10502,10530,1,1,0,10527,1,1,26,,0,0,0,1.0,0,0,0
gp_set_0003,gp_set_0003_vid_0002,gp_2328,test,1920,1440,29,10522,10550,1,1,0,10547,1,1,26,,0,0,0,1.0,0,0,0
gp_set_0003,gp_set_0003_vid_0002,gp_2329,test,1920,1440,57,10525,10581,1,1,0,10578,1,1,54,,0,0,0,1.0,0,0,0
gp_set_0003,gp_set_0003_vid_0002,gp_2331,test,1920,1440,63,10557,10619,1,1,0,10616,1,1,60,,0,0,0,1.0,0,0,0
gp_set_0003,gp_set_0003_vid_0002,gp_2334,test,1920,1440,28,10747,10774,1,1,0,10771,1,1,25,,0,0,0,1.0,0,0,0
gp_set_0003,gp_set_0003_vid_0002,gp_2335,test,1920,1440,15,10760,10774,1,1,0,10771,1,1,12,,0,0,0,1.0,0,0,0
gp_set_0003,gp_set_0003_vid_0002,gp_2336,test,1920,1440,13,10762,10774,1,1,0,10771,1,1,10,,0,0,0,1.0,0,0,0
gp_set_0003,gp_set_0003_vid_0002,gp_2337,test,1920,1440,34,10784,10817,1,1,0,10814,1,1,31,,0,0,0,1.0,0,0,0
gp_set_0003,gp_set_0003_vid_0002,gp_2338,test,1920,1440,59,10795,10853,1,1,0,10850,1,1,56,,0,0,0,1.0,0,0,0
gp_set_0003,gp_set_0003_vid_0002,gp_2345,test,1920,1440,62,10828,10889,1,1,0,10886,1,1,59,,0,0,0,1.0,0,0,0
gp_set_0003,gp_set_0003_vid_0002,gp_2346,test,1920,1440,60,10833,10892,1,1,0,10889,1,1,57,,0,0,0,1.0,0,0,0
gp_set_0003,gp_set_0003_vid_0002,gp_2347,test,1920,1440,62,10859,10920,1,1,0,10917,1,1,59,,0,0,0,1.0,0,0,0
gp_set_0003,gp_set_0003_vid_0002,gp_2351,test,1920,1440,65,10888,10952,1,1,0,10949,1,1,62,,0,0,0,1.0,0,0,0
gp_set_0003,gp_set_0003_vid_0002,gp_2352,test,1920,1440,32,10918,10949,1,1,0,10946,1,1,29,,0,0,0,1.0,0,0,0
gp_set_0003,gp_set_0003_vid_0002,gp_2353,test,1920,1440,30,10919,10948,1,1,0,10945,1,1,27,,0,0,0,1.0,0,0,0
gp_set_0003,gp_set_0003_vid_0002,gp_2354,test,1920,1440,34,10936,10969,1,1,0,10966,1,1,31,,0,0,0,1.0,0,0,0
gp_set_0003,gp_set_0003_vid_0002,gp_2355,test,1920,1440,53,10930,10982,1,1,0,10979,1,1,50,,0,0,0,1.0,0,0,0
gp_set_0003,gp_set_0003_vid_0002,gp_2356,test,1920,1440,53,10929,10981,1,1,0,10978,1,1,50,,0,0,0,1.0,0,0,0
gp_set_0003,gp_set_0003_vid_0002,gp_2357,test,1920,1440,49,10936,10984,1,1,0,10981,1,1,46,,0,0,0,1.0,0,0,0
gp_set_0003,gp_set_0003_vid_0002,gp_2358,test,1920,1440,47,10936,10982,1,1,0,10979,1,1,44,,0,0,0,1.0,0,0,0
gp_set_0003,gp_set_0003_vid_0002,gp_2359,test,1920,1440,13,10983,10995,1,1,0,10992,1,1,10,,0,0,0,1.0,0,0,0
gp_set_0003,gp_set_0003_vid_0002,gp_2361,test,1920,1440,7,10982,10988,1,1,0,10985,1,1,4,,0,0,0,1.0,0,0,0
gp_set_0003,gp_set_0003_vid_0002,gp_2362,test,1920,1440,21,10991,11011,1,1,0,11008,1,1,18,,0,0,0,1.0,0,0,0
gp_set_0003,gp_set_0003_vid_0002,gp_2364,test,1920,1440,27,11005,11031,1,1,0,11028,1,1,24,,0,0,0,1.0,0,0,0
gp_set_0003,gp_set_0003_vid_0002,gp_2366,test,1920,1440,20,11015,11034,1,1,0,11031,1,1,17,,0,0,0,1.0,0,0,0
gp_set_0003,gp_set_0003_vid_0002,gp_2367,test,1920,1440,21,11017,11037,1,1,0,11034,1,1,18,,0,0,0,1.0,0,0,0
gp_set_0003,gp_set_0003_vid_0002,gp_2632,test,1920,1440,17,11023,11039,1,1,0,11036,1,1,14,,0,0,0,1.0,0,0,0
gp_set_0003,gp_set_0003_vid_0002,gp_2370,test,1920,1440,47,11041,11087,1,1,0,11084,1,1,44,,0,0,0,1.0,0,0,0
gp_set_0003,gp_set_0003_vid_0002,gp_2372,test,1920,1440,34,11070,11103,1,1,0,11100,1,1,31,,0,0,0,1.0,0,0,0
gp_set_0003,gp_set_0003_vid_0002,gp_2374,test,1920,1440,36,11070,11105,1,1,0,11102,1,1,33,,0,0,0,1.0,0,0,0
gp_set_0003,gp_set_0003_vid_0002,gp_2376,test,1920,1440,35,11090,11124,1,1,0,11121,1,1,32,,0,0,0,1.0,0,0,0
gp_set_0003,gp_set_0003_vid_0002,gp_2380,test,1920,1440,47,11090,11136,1,1,0,11133,1,1,44,,0,0,0,1.0,0,0,0
gp_set_0003,gp_set_0003_vid_0002,gp_2382,test,1920,1440,71,11168,11238,1,1,0,11235,1,1,68,,0,0,0,1.0,0,0,0
gp_set_0003,gp_set_0003_vid_0002,gp_2385,test,1920,1440,75,11168,11242,1,1,0,11239,1,1,72,,0,0,0,1.0,0,0,0
gp_set_0003,gp_set_0003_vid_0002,gp_2386,test,1920,1440,32,11206,11237,1,1,0,11234,1,1,29,,0,0,0,1.0,0,0,0
gp_set_0003,gp_set_0003_vid_0002,gp_2388,test,1920,1440,102,11257,11358,1,1,0,11355,1,1,99,,0,0,0,1.0,0,0,0
gp_set_0003,gp_set_0003_vid_0002,gp_2390,test,1920,1440,136,11250,11385,1,1,0,11382,1,1,133,,0,0,0,1.0,0,0,0
gp_set_0003,gp_set_0003_vid_0002,gp_2393,test,1920,1440,73,11306,11378,1,1,0,11375,1,1,70,,0,0,0,1.0,0,0,0
gp_set_0003,gp_set_0003_vid_0002,gp_2395,test,1920,1440,113,11323,11435,1,1,0,11432,1,1,110,,0,0,0,1.0,0,0,0
gp_set_0003,gp_set_0003_vid_0002,gp_2396,test,1920,1440,33,11425,11457,1,1,0,11454,1,1,30,,0,0,0,1.0,0,0,0
gp_set_0003,gp_set_0003_vid_0002,gp_2397,test,1920,1440,20,11430,11449,1,1,0,11446,1,1,17,,0,0,0,1.0,0,0,0
gp_set_0003,gp_set_0003_vid_0002,gp_2399,test,1920,1440,86,11595,11680,1,1,0,11677,1,1,83,,0,0,0,1.0,0,0,0
gp_set_0003,gp_set_0003_vid_0002,gp_2403,test,1920,1440,101,11615,11715,1,1,0,11712,1,1,98,,0,0,0,1.0,0,0,0
gp_set_0003,gp_set_0003_vid_0002,gp_2404,test,1920,1440,87,11662,11748,1,1,0,11745,1,1,84,,0,0,0,1.0,0,0,0
gp_set_0003,gp_set_0003_vid_0002,gp_2406,test,1920,1440,46,11699,11744,1,1,0,11741,1,1,43,,0,0,0,1.0,0,0,0
gp_set_0003,gp_set_0003_vid_0002,gp_2408,test,1920,1440,62,11713,11774,1,1,0,11771,1,1,59,,0,0,0,1.0,0,0,0
gp_set_0003,gp_set_0003_vid_0002,gp_2410,test,1920,1440,73,11790,11862,1,1,0,11859,1,1,70,,0,0,0,1.0,0,0,0
gp_set_0003,gp_set_0003_vid_0002,gp_2414,test,1920,1440,74,11786,11859,1,1,0,11856,1,1,71,,0,0,0,1.0,0,0,0
gp_set_0003,gp_set_0003_vid_0002,gp_2417,test,1920,1440,73,11813,11885,1,1,0,11882,1,1,70,,0,0,0,1.0,0,0,0
gp_set_0003,gp_set_0003_vid_0002,gp_2419,test,1920,1440,109,11814,11922,1,1,0,11919,1,1,106,,0,0,0,1.0,0,0,0
gp_set_0003,gp_set_0003_vid_0002,gp_2422,test,1920,1440,16,11897,11912,1,1,0,11909,1,1,13,,0,0,0,1.0,0,0,0
gp_set_0003,gp_set_0003_vid_0002,gp_2425,test,1920,1440,115,11910,12024,1,1,0,12021,1,1,112,,0,0,0,1.0,0,0,0
gp_set_0003,gp_set_0003_vid_0002,gp_2426,test,1920,1440,101,11918,12018,1,1,0,12015,1,1,98,,0,0,0,1.0,0,0,0
gp_set_0003,gp_set_0003_vid_0002,gp_2429,test,1920,1440,81,12095,12175,1,1,0,12095,1,1,1,,0,0,0,1.0,0,0,0
gp_set_0003,gp_set_0003_vid_0002,gp_2432,test,1920,1440,5,12098,12102,1,1,1,12098,1,1,1,12098,5,0,0,1.0,0,0,0
gp_set_0003,gp_set_0003_vid_0002,gp_2435,test,1920,1440,91,12245,12335,1,1,0,12332,1,1,88,,0,0,0,1.0,0,0,0
gp_set_0003,gp_set_0003_vid_0002,gp_2437,test,1920,1440,86,12245,12330,1,1,0,12327,1,1,83,,0,0,0,1.0,0,0,0
gp_set_0003,gp_set_0003_vid_0002,gp_2438,test,1920,1440,59,12332,12390,1,1,0,12387,1,1,56,,0,0,0,1.0,0,0,0
gp_set_0003,gp_set_0003_vid_0002,gp_2440,test,1920,1440,84,12345,12428,1,1,0,12425,1,1,81,,0,0,0,1.0,0,0,0
gp_set_0003,gp_set_0003_vid_0002,gp_2441,test,1920,1440,31,12385,12415,1,1,0,12412,1,1,28,,0,0,0,1.0,0,0,0
gp_set_0003,gp_set_0003_vid_0002,gp_2442,test,1920,1440,76,12420,12495,1,1,0,12492,1,1,73,,0,0,0,1.0,0,0,0
gp_set_0003,gp_set_0003_vid_0002,gp_2444,test,1920,1440,74,12416,12489,1,1,0,12486,1,1,71,,0,0,0,1.0,0,0,0
gp_set_0003,gp_set_0003_vid_0002,gp_2448,test,1920,1440,121,12493,12613,1,1,0,12566,1,1,74,,0,0,0,1.0,0,0,0
gp_set_0003,gp_set_0003_vid_0002,gp_2450,test,1920,1440,117,12493,12609,1,1,0,12566,1,1,74,,0,0,0,1.0,0,0,0
gp_set_0003,gp_set_0003_vid_0002,gp_2451,test,1920,1440,93,12515,12607,1,1,0,12566,1,1,52,,0,0,0,1.0,0,0,0
gp_set_0003,gp_set_0003_vid_0002,gp_2485,test,1920,1440,53,12617,12669,1,1,0,12666,1,1,50,,0,0,0,1.0,0,0,0
gp_set_0003,gp_set_0003_vid_0002,gp_2486,test,1920,1440,86,12590,12675,1,1,0,12672,1,1,83,,0,0,0,1.0,0,0,0
gp_set_0003,gp_set_0003_vid_0002,gp_2490,test,1920,1440,45,12635,12679,1,1,0,12676,1,1,42,,0,0,0,1.0,0,0,0
gp_set_0003,gp_set_0003_vid_0002,gp_2492,test,1920,1440,31,12655,12685,1,1,0,12682,1,1,28,,0,0,0,1.0,0,0,0
gp_set_0003,gp_set_0003_vid_0002,gp_2494,test,1920,1440,57,12695,12751,1,1,0,12748,1,1,54,,0,0,0,1.0,0,0,0
gp_set_0003,gp_set_0003_vid_0002,gp_2496,test,1920,1440,111,12637,12747,1,1,0,12744,1,1,108,,0,0,0,1.0,0,0,0
gp_set_0003,gp_set_0003_vid_0002,gp_2500,test,1920,1440,60,12631,12690,1,1,0,12687,1,1,57,,0,0,0,1.0,0,0,0
gp_set_0003,gp_set_0003_vid_0002,gp_2502,test,1920,1440,56,12692,12747,1,1,0,12744,1,1,53,,0,0,0,1.0,0,0,0
gp_set_0003,gp_set_0003_vid_0002,gp_2503,test,1920,1440,57,12741,12797,1,1,0,12794,1,1,54,,0,0,0,1.0,0,0,0
gp_set_0003,gp_set_0003_vid_0002,gp_2506,test,1920,1440,119,12750,12868,1,1,0,12865,1,1,116,,0,0,0,1.0,0,0,0
gp_set_0003,gp_set_0003_vid_0002,gp_2507,test,1920,1440,93,12764,12856,1,1,0,12853,1,1,90,,0,0,0,1.0,0,0,0
gp_set_0003,gp_set_0003_vid_0002,gp_2508,test,1920,1440,103,12897,12999,1,1,0,12996,1,1,100,,0,0,0,1.0,0,0,0
gp_set_0003,gp_set_0003_vid_0002,gp_2509,test,1920,1440,21,12985,13005,1,1,0,13002,1,1,18,,0,0,0,1.0,0,0,0
gp_set_0003,gp_set_0003_vid_0002,gp_2511,test,1920,1440,6,12954,12959,1,1,0,12956,1,1,3,,0,0,0,1.0,0,0,0
gp_set_0003,gp_set_0003_vid_0002,gp_2512,test,1920,1440,10,12952,12961,1,1,0,12958,1,1,7,,0,0,0,1.0,0,0,0
gp_set_0003,gp_set_0003_vid_0002,gp_2513,test,1920,1440,29,12948,12976,1,1,0,12973,1,1,26,,0,0,0,1.0,0,0,0
gp_set_0003,gp_set_0003_vid_0002,gp_2685,test,1920,1440,31,13061,13091,1,1,0,13088,1,1,28,,0,0,0,1.0,0,0,0
gp_set_0003,gp_set_0003_vid_0002,gp_2514,test,1920,1440,29,13084,13112,1,1,0,13109,1,1,26,,0,0,0,1.0,0,0,0
gp_set_0003,gp_set_0003_vid_0002,gp_2515,test,1920,1440,97,13131,13227,1,1,0,13224,1,1,94,,0,0,0,1.0,0,0,0
gp_set_0003,gp_set_0003_vid_0002,gp_2517,test,1920,1440,9,13136,13144,1,1,0,13141,1,1,6,,0,0,0,1.0,0,0,0
gp_set_0003,gp_set_0003_vid_0002,gp_2518,test,1920,1440,103,13210,13312,1,1,0,13309,1,1,100,,0,0,0,1.0,0,0,0
gp_set_0003,gp_set_0003_vid_0002,gp_2519,test,1920,1440,48,13249,13296,1,1,0,13293,1,1,45,,0,0,0,1.0,0,0,0
gp_set_0003,gp_set_0003_vid_0002,gp_2523,test,1920,1440,61,13412,13472,1,1,0,13469,1,1,58,,0,0,0,1.0,0,0,0
gp_set_0003,gp_set_0003_vid_0002,gp_2524,test,1920,1440,86,13400,13485,1,1,0,13481,1,1,82,,0,0,0,1.0,0,0,0
gp_set_0003,gp_set_0003_vid_0002,gp_2526,test,1920,1440,82,13401,13482,1,1,0,13477,1,1,77,,0,0,0,1.0,0,0,0
gp_set_0003,gp_set_0003_vid_0002,gp_2527,test,1920,1440,69,13411,13479,1,1,0,13473,1,1,63,,0,0,0,1.0,0,0,0
gp_set_0003,gp_set_0003_vid_0002,gp_2528,test,1920,1440,50,13394,13443,1,1,0,13437,1,1,44,,0,0,0,1.0,0,0,0
gp_set_0003,gp_set_0003_vid_0002,gp_2531,test,1920,1440,130,13532,13661,1,1,0,13658,1,1,127,,0,0,0,1.0,0,0,0
gp_set_0003,gp_set_0003_vid_0002,gp_2533,test,1920,1440,72,13530,13601,1,1,0,13598,1,1,69,,0,0,0,1.0,0,0,0
gp_set_0003,gp_set_0003_vid_0002,gp_2535,test,1920,1440,25,13585,13609,1,1,0,13606,1,1,22,,0,0,0,1.0,0,0,0
gp_set_0003,gp_set_0003_vid_0002,gp_2536,test,1920,1440,30,13531,13560,1,1,0,13557,1,1,27,,0,0,0,1.0,0,0,0
gp_set_0003,gp_set_0003_vid_0002,gp_2539,test,1920,1440,23,13565,13587,1,1,0,13584,1,1,20,,0,0,0,1.0,0,0,0
gp_set_0003,gp_set_0003_vid_0002,gp_2543,test,1920,1440,50,13651,13700,1,1,0,13697,1,1,47,,0,0,0,1.0,0,0,0
gp_set_0003,gp_set_0003_vid_0002,gp_2544,test,1920,1440,85,13684,13768,1,1,0,13765,1,1,82,,0,0,0,1.0,0,0,0
gp_set_0003,gp_set_0003_vid_0002,gp_2545,test,1920,1440,74,13698,13771,1,1,0,13768,1,1,71,,0,0,0,1.0,0,0,0
gp_set_0003,gp_set_0003_vid_0002,gp_2548,test,1920,1440,77,13692,13768,1,1,0,13765,1,1,74,,0,0,0,1.0,0,0,0
gp_set_0003,gp_set_0003_vid_0002,gp_2552,test,1920,1440,25,13756,13780,1,1,0,13777,1,1,22,,0,0,0,1.0,0,0,0
gp_set_0003,gp_set_0003_vid_0002,gp_2555,test,1920,1440,39,13752,13790,1,1,0,13787,1,1,36,,0,0,0,1.0,0,0,0
gp_set_0003,gp_set_0003_vid_0002,gp_2556,test,1920,1440,48,13761,13808,1,1,0,13805,1,1,45,,0,0,0,1.0,0,0,0
gp_set_0003,gp_set_0003_vid_0002,gp_2557,test,1920,1440,41,13790,13830,1,1,0,13827,1,1,38,,0,0,0,1.0,0,0,0
gp_set_0003,gp_set_0003_vid_0002,gp_2559,test,1920,1440,47,13790,13836,1,1,0,13833,1,1,44,,0,0,0,1.0,0,0,0
gp_set_0003,gp_set_0003_vid_0002,gp_2560,test,1920,1440,37,13793,13829,1,1,0,13826,1,1,34,,0,0,0,1.0,0,0,0
gp_set_0003,gp_set_0003_vid_0002,gp_2561,test,1920,1440,11,13819,13829,1,1,0,13826,1,1,8,,0,0,0,1.0,0,0,0
gp_set_0003,gp_set_0003_vid_0002,gp_2563,test,1920,1440,50,13828,13877,1,1,0,13874,1,1,47,,0,0,0,1.0,0,0,0
gp_set_0003,gp_set_0003_vid_0002,gp_2564,test,1920,1440,20,13875,13894,1,1,0,13891,1,1,17,,0,0,0,1.0,0,0,0
gp_set_0003,gp_set_0003_vid_0002,gp_2565,test,1920,1440,48,13956,14003,1,1,0,14000,1,1,45,,0,0,0,1.0,0,0,0
gp_set_0003,gp_set_0003_vid_0002,gp_2566,test,1920,1440,26,13980,14005,1,1,0,14002,1,1,23,,0,0,0,1.0,0,0,0
gp_set_0003,gp_set_0003_vid_0002,gp_2567,test,1920,1440,20,13995,14014,1,1,0,14011,1,1,17,,0,0,0,1.0,0,0,0
gp_set_0003,gp_set_0003_vid_0002,gp_2568,test,1920,1440,52,13995,14046,1,1,0,14043,1,1,49,,0,0,0,1.0,0,0,0
gp_set_0003,gp_set_0003_vid_0002,gp_2569,test,1920,1440,66,14008,14073,1,1,0,14070,1,1,63,,0,0,0,1.0,0,0,0
gp_set_0003,gp_set_0003_vid_0002,gp_2570,test,1920,1440,52,14041,14092,1,1,0,14089,1,1,49,,0,0,0,1.0,0,0,0
gp_set_0003,gp_set_0003_vid_0002,gp_2571,test,1920,1440,51,14053,14103,1,1,0,14100,1,1,48,,0,0,0,1.0,0,0,0
gp_set_0003,gp_set_0003_vid_0002,gp_2572,test,1920,1440,28,14148,14175,1,1,0,14172,1,1,25,,0,0,0,1.0,0,0,0
gp_set_0003,gp_set_0003_vid_0002,gp_2573,test,1920,1440,31,14148,14178,1,1,0,14175,1,1,28,,0,0,0,1.0,0,0,0
gp_set_0003,gp_set_0003_vid_0002,gp_2574,test,1920,1440,18,14172,14189,1,1,0,14186,1,1,15,,0,0,0,1.0,0,0,0
gp_set_0003,gp_set_0003_vid_0002,gp_2575,test,1920,1440,51,14265,14315,1,1,0,14312,1,1,48,,0,0,0,1.0,0,0,0
gp_set_0003,gp_set_0003_vid_0002,gp_2577,test,1920,1440,35,14251,14285,1,1,0,14282,1,1,32,14251,35,0,0,1.0,0,0,0
gp_set_0003,gp_set_0003_vid_0002,gp_2578,test,1920,1440,75,14327,14401,1,1,0,14361,1,1,35,,0,0,0,1.0,0,0,0
gp_set_0003,gp_set_0003_vid_0002,gp_2579,test,1920,1440,66,14334,14399,1,1,0,14361,1,1,28,,0,0,0,1.0,0,0,0
gp_set_0003,gp_set_0003_vid_0002,gp_2581,test,1920,1440,72,14327,14398,1,1,0,14361,1,1,35,,0,0,0,1.0,0,0,0
gp_set_0003,gp_set_0003_vid_0002,gp_2504,test,1920,1440,263,12619,12881,1,1,1,12750,1,1,132,12747,135,114,0,1.0,0,0,0
gp_set_0003,gp_set_0003_vid_0002,gp_2520,test,1920,1440,260,13190,13449,1,1,1,13245,1,1,56,13245,141,54,0,1.0,0,0,0
gp_set_0003,gp_set_0003_vid_0002,gp_2483,test,1920,1440,21,12565,12585,1,1,0,12582,1,1,18,,0,0,0,1.0,0,0,0
gp_set_0003,gp_set_0003_vid_0002,gp_2591,test,1920,1440,44,14438,14481,1,1,0,14478,1,1,41,,0,0,0,1.0,0,0,0
gp_set_0003,gp_set_0003_vid_0002,gp_2592,test,1920,1440,64,14438,14501,1,1,0,14498,1,1,61,,0,0,0,1.0,0,0,0
gp_set_0003,gp_set_0003_vid_0002,gp_2595,test,1920,1440,49,14451,14499,1,1,0,14496,1,1,46,,0,0,0,1.0,0,0,0
gp_set_0003,gp_set_0003_vid_0002,gp_2597,test,1920,1440,71,14451,14521,1,1,0,14518,1,1,68,,0,0,0,1.0,0,0,0
gp_set_0003,gp_set_0003_vid_0002,gp_2599,test,1920,1440,30,14506,14535,1,1,0,14532,1,1,27,,0,0,0,1.0,0,0,0
gp_set_0003,gp_set_0003_vid_0002,gp_2603,test,1920,1440,13,14520,14532,1,1,0,14529,1,1,10,,0,0,0,1.0,0,0,0
gp_set_0003,gp_set_0003_vid_0002,gp_2604,test,1920,1440,48,14524,14571,1,1,0,14568,1,1,45,,0,0,0,1.0,0,0,0
gp_set_0003,gp_set_0003_vid_0002,gp_2606,test,1920,1440,52,14512,14563,1,1,0,14560,1,1,49,,0,0,0,1.0,0,0,0
gp_set_0003,gp_set_0003_vid_0002,gp_2608,test,1920,1440,50,14512,14561,1,1,0,14558,1,1,47,,0,0,0,1.0,0,0,0
gp_set_0003,gp_set_0003_vid_0002,gp_2609,test,1920,1440,61,14516,14576,1,1,0,14573,1,1,58,,0,0,0,1.0,0,0,0
gp_set_0003,gp_set_0003_vid_0002,gp_2611,test,1920,1440,58,14517,14574,1,1,0,14571,1,1,55,,0,0,0,1.0,0,0,0
gp_set_0003,gp_set_0003_vid_0002,gp_2613,test,1920,1440,30,14561,14590,1,1,0,14587,1,1,27,,0,0,0,1.0,0,0,0
gp_set_0003,gp_set_0003_vid_0002,gp_2617,test,1920,1440,11,14577,14587,1,1,0,14584,1,1,8,,0,0,0,1.0,0,0,0
gp_set_0003,gp_set_0003_vid_0002,gp_2619,test,1920,1440,49,14578,14626,1,1,0,14623,1,1,46,,0,0,0,1.0,0,0,0
gp_set_0003,gp_set_0003_vid_0002,gp_2621,test,1920,1440,26,14612,14637,1,1,0,14634,1,1,23,,0,0,0,1.0,0,0,0
gp_set_0003,gp_set_0003_vid_0002,gp_2623,test,1920,1440,68,14588,14655,1,1,0,14652,1,1,65,,0,0,0,1.0,0,0,0
gp_set_0003,gp_set_0003_vid_0002,gp_2625,test,1920,1440,89,14617,14705,1,1,0,14702,1,1,86,,0,0,0,1.0,0,0,0
gp_set_0003,gp_set_0003_vid_0002,gp_2629,test,1920,1440,139,14618,14756,1,1,0,14753,1,1,136,,0,0,0,1.0,0,0,0
gp_set_0003,gp_set_0003_vid_0002,gp_2631,test,1920,1440,98,14657,14754,1,1,0,14751,1,1,95,,0,0,0,1.0,0,0,0
gp_set_0003,gp_set_0003_vid_0002,gp_2635,test,1920,1440,92,14657,14748,1,1,0,14745,1,1,89,,0,0,0,1.0,0,0,0
gp_set_0003,gp_set_0003_vid_0002,gp_2637,test,1920,1440,50,14701,14750,1,1,0,14747,1,1,47,,0,0,0,1.0,0,0,0
gp_set_0003,gp_set_0003_vid_0002,gp_2641,test,1920,1440,9,14754,14762,1,1,0,14759,1,1,6,,0,0,0,1.0,0,0,0
gp_set_0003,gp_set_0003_vid_0002,gp_2642,test,1920,1440,22,14752,14773,1,1,0,14770,1,1,19,,0,0,0,1.0,0,0,0
gp_set_0003,gp_set_0003_vid_0002,gp_2643,test,1920,1440,61,14751,14811,1,1,0,14808,1,1,58,,0,0,0,1.0,0,0,0
gp_set_0003,gp_set_0003_vid_0002,gp_2647,test,1920,1440,60,14751,14810,1,1,0,14807,1,1,57,,0,0,0,1.0,0,0,0
gp_set_0003,gp_set_0003_vid_0002,gp_2649,test,1920,1440,70,14770,14839,1,1,0,14836,1,1,67,,0,0,0,1.0,0,0,0
gp_set_0003,gp_set_0003_vid_0002,gp_2650,test,1920,1440,67,14770,14836,1,1,0,14833,1,1,64,,0,0,0,1.0,0,0,0
gp_set_0003,gp_set_0003_vid_0002,gp_2652,test,1920,1440,53,14809,14861,1,1,0,14858,1,1,50,,0,0,0,1.0,0,0,0
gp_set_0003,gp_set_0003_vid_0002,gp_2654,test,1920,1440,49,14809,14857,1,1,0,14854,1,1,46,,0,0,0,1.0,0,0,0
gp_set_0003,gp_set_0003_vid_0002,gp_2655,test,1920,1440,12,14843,14854,1,1,0,14851,1,1,9,,0,0,0,1.0,0,0,0
gp_set_0003,gp_set_0003_vid_0002,gp_2660,test,1920,1440,73,14848,14920,1,1,0,14917,1,1,70,,0,0,0,1.0,0,0,0
gp_set_0003,gp_set_0003_vid_0002,gp_2661,test,1920,1440,98,14932,15029,1,1,0,15026,1,1,95,,0,0,0,1.0,0,0,0
gp_set_0003,gp_set_0003_vid_0002,gp_2665,test,1920,1440,46,14961,15006,1,1,0,15003,1,1,43,,0,0,0,1.0,0,0,0
gp_set_0003,gp_set_0003_vid_0002,gp_2666,test,1920,1440,65,14962,15026,1,1,0,15023,1,1,62,,0,0,0,1.0,0,0,0
gp_set_0003,gp_set_0003_vid_0002,gp_2668,test,1920,1440,94,14982,15075,1,1,0,15072,1,1,91,,0,0,0,1.0,0,0,0
gp_set_0003,gp_set_0003_vid_0002,gp_2671,test,1920,1440,80,14992,15071,1,1,0,15068,1,1,77,,0,0,0,1.0,0,0,0
gp_set_0003,gp_set_0003_vid_0002,gp_2672,test,1920,1440,59,15006,15064,1,1,0,15061,1,1,56,,0,0,0,1.0,0,0,0
gp_set_0003,gp_set_0003_vid_0002,gp_2675,test,1920,1440,42,15066,15107,1,1,0,15104,1,1,39,,0,0,0,1.0,0,0,0
gp_set_0003,gp_set_0003_vid_0002,gp_2677,test,1920,1440,33,15067,15099,1,1,0,15096,1,1,30,,0,0,0,1.0,0,0,0
gp_set_0003,gp_set_0003_vid_0002,gp_2681,test,1920,1440,49,15086,15134,1,1,0,15131,1,1,46,,0,0,0,1.0,0,0,0
gp_set_0003,gp_set_0003_vid_0002,gp_2682,test,1920,1440,97,15118,15214,1,1,0,15211,1,1,94,,0,0,0,1.0,0,0,0
gp_set_0003,gp_set_0003_vid_0002,gp_2684,test,1920,1440,81,15118,15198,1,1,0,15195,1,1,78,,0,0,0,1.0,0,0,0
gp_set_0003,gp_set_0003_vid_0002,gp_2697,test,1920,1440,30,15181,15210,1,1,0,15207,1,1,27,,0,0,0,1.0,0,0,0
gp_set_0003,gp_set_0003_vid_0002,gp_2699,test,1920,1440,36,15202,15237,1,1,0,15234,1,1,33,,0,0,0,1.0,0,0,0
gp_set_0003,gp_set_0003_vid_0002,gp_2701,test,1920,1440,34,15203,15236,1,1,0,15233,1,1,31,,0,0,0,1.0,0,0,0
gp_set_0003,gp_set_0003_vid_0002,gp_2702,test,1920,1440,18,15207,15224,1,1,0,15221,1,1,15,,0,0,0,1.0,0,0,0
gp_set_0003,gp_set_0003_vid_0002,gp_2705,test,1920,1440,31,15225,15255,1,1,0,15252,1,1,28,,0,0,0,1.0,0,0,0
gp_set_0003,gp_set_0003_vid_0002,gp_2706,test,1920,1440,27,15225,15251,1,1,0,15248,1,1,24,,0,0,0,1.0,0,0,0
gp_set_0003,gp_set_0003_vid_0002,gp_2708,test,1920,1440,62,15221,15282,1,1,0,15279,1,1,59,,0,0,0,1.0,0,0,0
gp_set_0003,gp_set_0003_vid_0002,gp_2711,test,1920,1440,60,15221,15280,1,1,0,15277,1,1,57,,0,0,0,1.0,0,0,0
gp_set_0003,gp_set_0003_vid_0002,gp_2716,test,1920,1440,46,15225,15270,1,1,0,15267,1,1,43,,0,0,0,1.0,0,0,0
gp_set_0003,gp_set_0003_vid_0002,gp_2720,test,1920,1440,15,15274,15288,1,1,0,15285,1,1,12,,0,0,0,1.0,0,0,0
gp_set_0003,gp_set_0003_vid_0002,gp_2721,test,1920,1440,36,15292,15327,1,1,0,15324,1,1,33,,0,0,0,1.0,0,0,0
gp_set_0003,gp_set_0003_vid_0002,gp_2722,test,1920,1440,23,15292,15314,1,1,0,15311,1,1,20,,0,0,0,1.0,0,0,0
gp_set_0003,gp_set_0003_vid_0002,gp_2726,test,1920,1440,47,15305,15351,1,1,0,15348,1,1,44,,0,0,0,1.0,0,0,0
gp_set_0003,gp_set_0003_vid_0002,gp_2728,test,1920,1440,37,15305,15341,1,1,0,15338,1,1,34,,0,0,0,1.0,0,0,0
gp_set_0003,gp_set_0003_vid_0002,gp_2730,test,1920,1440,62,15306,15367,1,1,0,15364,1,1,59,,0,0,0,1.0,0,0,0
gp_set_0003,gp_set_0003_vid_0002,gp_2733,test,1920,1440,14,15369,15382,1,1,0,15379,1,1,11,,0,0,0,1.0,0,0,0
gp_set_0003,gp_set_0003_vid_0002,gp_2736,test,1920,1440,60,15370,15429,1,1,0,15426,1,1,57,,0,0,0,1.0,0,0,0
gp_set_0003,gp_set_0003_vid_0002,gp_2738,test,1920,1440,43,15374,15416,1,1,0,15413,1,1,40,,0,0,0,1.0,0,0,0
gp_set_0003,gp_set_0003_vid_0002,gp_2741,test,1920,1440,55,15383,15437,1,1,0,15434,1,1,52,15383,55,0,0,1.0,0,0,0
gp_set_0003,gp_set_0003_vid_0002,gp_2744,test,1920,1440,174,15429,15602,1,1,0,15599,1,1,171,,0,0,0,1.0,0,7,0
gp_set_0003,gp_set_0003_vid_0002,gp_2750,test,1920,1440,110,15459,15568,1,1,0,15565,1,1,107,,0,0,0,1.0,0,0,0
gp_set_0003,gp_set_0003_vid_0002,gp_2753,test,1920,1440,30,15470,15499,1,1,0,15496,1,1,27,,0,0,0,1.0,0,0,0
gp_set_0003,gp_set_0003_vid_0002,gp_2756,test,1920,1440,45,15560,15604,1,1,0,-10,0,0,,,0,0,0,1.0,0,0,0
gp_set_0003,gp_set_0003_vid_0002,gp_2758,test,1920,1440,26,15639,15664,1,1,0,15661,1,1,23,,0,0,0,1.0,0,0,0
gp_set_0003,gp_set_0003_vid_0002,gp_2760,test,1920,1440,29,15641,15669,1,1,0,15666,1,1,26,,0,0,0,1.0,0,0,0
gp_set_0003,gp_set_0003_vid_0002,gp_2761,test,1920,1440,39,15849,15887,1,1,0,15884,1,1,36,,0,0,0,1.0,0,0,0
gp_set_0003,gp_set_0003_vid_0002,gp_2766,test,1920,1440,15,16105,16119,1,1,0,16117,1,1,13,,0,0,0,1.0,0,0,0
gp_set_0003,gp_set_0003_vid_0002,gp_2768,test,1920,1440,45,16133,16177,1,1,0,16156,1,1,24,,0,0,0,1.0,0,0,0
gp_set_0003,gp_set_0003_vid_0002,gp_2724,test,1920,1440,113,15276,15388,1,1,1,15276,1,1,1,15276,109,0,0,1.0,0,0,0
gp_set_0003,gp_set_0003_vid_0002,gp_2588,test,1920,1440,4,14360,14363,1,1,0,14360,1,1,1,,0,0,0,1.0,0,0,0
gp_set_0003,gp_set_0003_vid_0002,gp_2776,test,1920,1440,26,16341,16366,1,1,0,16363,1,1,23,,0,0,0,1.0,0,0,0
gp_set_0003,gp_set_0003_vid_0002,gp_2779,test,1920,1440,19,16427,16445,1,1,0,16442,1,1,16,,0,0,0,1.0,0,0,0
gp_set_0003,gp_set_0003_vid_0002,gp_2780,test,1920,1440,36,16448,16483,1,1,0,16480,1,1,33,,0,0,0,1.0,0,0,0
gp_set_0003,gp_set_0003_vid_0002,gp_2782,test,1920,1440,29,16472,16500,1,1,0,16497,1,1,26,,0,0,0,1.0,0,0,0
gp_set_0003,gp_set_0003_vid_0002,gp_2784,test,1920,1440,22,16972,16993,1,1,0,16990,1,1,19,,0,0,0,1.0,0,0,0
gp_set_0003,gp_set_0003_vid_0002,gp_2785,test,1920,1440,72,17397,17468,1,1,0,17465,1,1,69,17446,22,0,0,1.0,0,0,0
gp_set_0003,gp_set_0003_vid_0002,gp_2789,test,1920,1440,71,17403,17473,1,1,0,17470,1,1,68,17446,22,0,0,1.0,0,0,0
gp_set_0003,gp_set_0003_vid_0002,gp_2773,test,1920,1440,39,16155,16193,1,1,0,16190,1,1,36,,0,0,0,1.0,0,0,0
gp_set_0003,gp_set_0003_vid_0002,gp_2797,test,1920,1440,35,18028,18062,1,1,0,18059,1,1,32,,0,0,0,1.0,0,0,0
gp_set_0003,gp_set_0003_vid_0002,gp_2800,test,1920,1440,95,19324,19418,1,1,0,19415,1,1,92,,0,0,0,1.0,0,0,0
gp_set_0003,gp_set_0003_vid_0002,gp_2802,test,1920,1440,34,19318,19351,1,1,0,19348,1,1,31,,0,0,0,1.0,0,0,0
gp_set_0003,gp_set_0003_vid_0002,gp_2804,test,1920,1440,22,19316,19337,1,1,0,19334,1,1,19,,0,0,0,1.0,0,0,0
gp_set_0003,gp_set_0003_vid_0002,gp_2807,test,1920,1440,35,19369,19403,1,1,0,19400,1,1,32,,0,0,0,1.0,0,0,0
gp_set_0003,gp_set_0003_vid_0002,gp_2811,test,1920,1440,70,19369,19438,1,1,0,19435,1,1,67,,0,0,0,1.0,0,0,0
gp_set_0003,gp_set_0003_vid_0002,gp_2814,test,1920,1440,13,19437,19449,1,1,0,19446,1,1,10,,0,0,0,1.0,0,0,0
gp_set_0003,gp_set_0003_vid_0002,gp_2817,test,1920,1440,38,19446,19483,1,1,0,19480,1,1,35,,0,0,0,1.0,0,0,0
gp_set_0003,gp_set_0003_vid_0002,gp_2820,test,1920,1440,13,19481,19493,1,1,0,19490,1,1,10,,0,0,0,1.0,0,0,0
gp_set_0003,gp_set_0003_vid_0002,gp_2822,test,1920,1440,24,19553,19576,1,1,0,19573,1,1,21,,0,0,0,1.0,0,0,0
gp_set_0003,gp_set_0003_vid_0002,gp_2823,test,1920,1440,33,19564,19596,1,1,0,19593,1,1,30,,0,0,0,1.0,0,0,0
gp_set_0003,gp_set_0003_vid_0002,gp_2827,test,1920,1440,17,19625,19641,1,1,0,19638,1,1,14,,0,0,0,1.0,0,0,0
gp_set_0003,gp_set_0003_vid_0002,gp_2828,test,1920,1440,35,19667,19701,1,1,0,19698,1,1,32,,0,0,0,1.0,0,0,0
gp_set_0003,gp_set_0003_vid_0002,gp_2455,test,1920,1440,114,20250,20363,1,1,0,20360,1,1,111,,0,0,0,1.0,0,0,0
gp_set_0003,gp_set_0003_vid_0002,gp_2461,test,1920,1440,53,20527,20579,1,1,0,20576,1,1,50,,0,0,0,1.0,0,0,0
gp_set_0003,gp_set_0003_vid_0002,gp_2462,test,1920,1440,93,20527,20619,1,1,0,20616,1,1,90,,0,0,0,1.0,0,0,0
gp_set_0003,gp_set_0003_vid_0002,gp_2463,test,1920,1440,128,20601,20728,1,1,0,20725,1,1,125,,0,0,0,1.0,0,0,0
gp_set_0003,gp_set_0003_vid_0002,gp_2464,test,1920,1440,13,20729,20741,1,1,0,20738,1,1,10,,0,0,0,1.0,0,0,0
gp_set_0003,gp_set_0003_vid_0002,gp_2466,test,1920,1440,16,20729,20744,1,1,0,20741,1,1,13,,0,0,0,1.0,0,0,0
gp_set_0003,gp_set_0003_vid_0002,gp_2467,test,1920,1440,48,20834,20881,1,1,0,20878,1,1,45,,0,0,0,1.0,0,0,0
gp_set_0003,gp_set_0003_vid_0002,gp_2470,test,1920,1440,36,20875,20910,1,1,0,20907,1,1,33,,0,0,0,1.0,0,0,0
gp_set_0003,gp_set_0003_vid_0002,gp_2471,test,1920,1440,46,20900,20945,1,1,0,20942,1,1,43,,0,0,0,1.0,0,0,0
gp_set_0003,gp_set_0003_vid_0002,gp_2472,test,1920,1440,56,21013,21068,1,1,0,21065,1,1,53,,0,0,0,1.0,0,0,0
gp_set_0003,gp_set_0003_vid_0002,gp_2474,test,1920,1440,90,21114,21203,1,1,0,21200,1,1,87,21118,8,0,0,1.0,0,0,0
gp_set_0003,gp_set_0003_vid_0003,gp_2839,test,1920,1440,329,50,378,1,1,0,375,1,1,326,,0,0,0,1.0,0,0,0
gp_set_0003,gp_set_0003_vid_0003,gp_2859,test,1920,1440,158,34,191,1,1,0,188,1,1,155,,0,0,0,1.0,0,0,0
gp_set_0003,gp_set_0003_vid_0003,gp_2864,test,1920,1440,140,108,247,1,1,0,244,1,1,137,,0,0,0,1.0,0,0,0
gp_set_0003,gp_set_0003_vid_0003,gp_2868,test,1920,1440,55,374,428,1,1,0,425,1,1,52,,0,0,0,1.0,0,0,0
gp_set_0003,gp_set_0003_vid_0003,gp_2870,test,1920,1440,89,373,461,1,1,0,458,1,1,86,,0,0,0,1.0,0,0,0
gp_set_0003,gp_set_0003_vid_0003,gp_2880,test,1920,1440,67,391,457,1,1,0,454,1,1,64,,0,0,0,1.0,0,0,0
gp_set_0003,gp_set_0003_vid_0003,gp_2884,test,1920,1440,71,425,495,1,1,0,492,1,1,68,,0,0,0,1.0,0,0,0
gp_set_0003,gp_set_0003_vid_0003,gp_2885,test,1920,1440,92,413,504,1,1,0,501,1,1,89,,0,0,0,1.0,0,0,0
gp_set_0003,gp_set_0003_vid_0003,gp_2892,test,1920,1440,78,373,450,1,1,0,447,1,1,75,,0,0,0,1.0,0,0,0
gp_set_0003,gp_set_0003_vid_0003,gp_2895,test,1920,1440,130,373,502,1,1,0,499,1,1,127,,0,0,0,1.0,0,0,0
gp_set_0003,gp_set_0003_vid_0003,gp_2902,test,1920,1440,259,600,858,1,1,0,855,1,1,256,,0,0,0,1.0,0,0,0
gp_set_0003,gp_set_0003_vid_0003,gp_2908,test,1920,1440,417,600,1016,1,1,0,1013,1,1,414,,0,0,0,1.0,0,0,0
gp_set_0003,gp_set_0003_vid_0003,gp_2910,test,1920,1440,410,600,1009,1,1,0,1006,1,1,407,,0,0,0,1.0,0,0,0
gp_set_0003,gp_set_0003_vid_0003,gp_2919,test,1920,1440,298,767,1064,1,1,0,1061,1,1,295,,0,0,0,1.0,0,0,0
gp_set_0003,gp_set_0003_vid_0003,gp_2924,test,1920,1440,209,936,1144,1,1,0,1141,1,1,206,,0,0,0,1.0,0,0,0
gp_set_0003,gp_set_0003_vid_0003,gp_2926,test,1920,1440,156,1025,1180,1,1,0,1177,1,1,153,,0,0,0,1.0,0,0,0
gp_set_0003,gp_set_0003_vid_0003,gp_2937,test,1920,1440,64,1092,1155,1,1,0,1152,1,1,61,,0,0,0,1.0,0,16,0
gp_set_0003,gp_set_0003_vid_0003,gp_2940,test,1920,1440,54,1292,1345,1,1,0,1342,1,1,51,,0,0,0,1.0,0,0,0
gp_set_0003,gp_set_0003_vid_0003,gp_2942,test,1920,1440,33,1663,1695,1,1,0,1692,1,1,30,,0,0,0,1.0,0,0,0
gp_set_0003,gp_set_0003_vid_0003,gp_2896,test,1920,1440,252,378,629,1,1,1,430,1,1,53,430,102,0,0,1.0,0,0,0
gp_set_0003,gp_set_0003_vid_0003,gp_2918,test,1920,1440,185,713,897,1,1,1,818,1,1,106,818,80,0,0,1.0,0,0,0
gp_set_0003,gp_set_0003_vid_0003,gp_2922,test,1920,1440,48,926,973,1,1,1,929,1,1,4,,0,0,0,1.0,0,0,0
gp_set_0003,gp_set_0003_vid_0003,gp_2944,test,1920,1440,507,1321,1827,1,1,1,1482,1,1,162,1482,287,0,0,1.0,0,0,0
gp_set_0003,gp_set_0003_vid_0003,gp_2945,test,1920,1440,221,1611,1831,1,1,1,1611,1,1,1,1611,188,0,0,1.0,0,0,0
gp_set_0003,gp_set_0003_vid_0003,gp_2838,test,1920,1440,156,0,155,1,1,0,152,1,1,153,,0,0,0,1.0,0,0,0
gp_set_0003,gp_set_0003_vid_0003,gp_2837,test,1920,1440,230,0,229,1,1,0,226,1,1,227,,0,0,0,1.0,0,0,0
gp_set_0003,gp_set_0003_vid_0003,gp_2958,test,1920,1440,52,1820,1871,1,1,0,1868,1,1,49,,0,0,0,1.0,0,0,0
gp_set_0003,gp_set_0003_vid_0003,gp_2961,test,1920,1440,140,2020,2159,1,1,0,2156,1,1,137,,0,0,0,1.0,0,0,0
gp_set_0003,gp_set_0003_vid_0003,gp_2963,test,1920,1440,63,2093,2155,1,1,0,2152,1,1,60,,0,0,0,1.0,0,0,0
gp_set_0003,gp_set_0003_vid_0003,gp_2966,test,1920,1440,138,1990,2127,1,1,0,2124,1,1,135,,0,0,0,1.0,0,0,0
gp_set_0003,gp_set_0003_vid_0003,gp_2968,test,1920,1440,68,2681,2748,1,1,0,2745,1,1,65,,0,0,0,1.0,0,0,0
gp_set_0003,gp_set_0003_vid_0003,gp_2970,test,1920,1440,80,2723,2802,1,1,0,2799,1,1,77,,0,0,0,1.0,0,0,0
gp_set_0003,gp_set_0003_vid_0003,gp_2971,test,1920,1440,75,2721,2795,1,1,0,2792,1,1,72,,0,0,0,1.0,0,0,0
gp_set_0003,gp_set_0003_vid_0003,gp_2976,test,1920,1440,66,3538,3603,1,1,0,3591,1,1,54,,0,0,0,1.0,0,0,0
gp_set_0003,gp_set_0003_vid_0003,gp_2986,test,1920,1440,94,3802,3895,1,1,0,3892,1,1,91,,0,0,0,1.0,0,0,0
gp_set_0003,gp_set_0003_vid_0003,gp_2989,test,1920,1440,108,3859,3966,1,1,0,3963,1,1,105,,0,0,0,1.0,0,0,0
gp_set_0003,gp_set_0003_vid_0003,gp_2997,test,1920,1440,67,4057,4123,1,1,0,4120,1,1,64,,0,0,0,1.0,0,0,0
gp_set_0003,gp_set_0003_vid_0003,gp_2999,test,1920,1440,92,4299,4390,1,1,0,4387,1,1,89,,0,0,0,1.0,0,0,0
gp_set_0003,gp_set_0003_vid_0003,gp_3000,test,1920,1440,104,4443,4546,1,1,0,4543,1,1,101,,0,0,0,1.0,0,0,0
gp_set_0003,gp_set_0003_vid_0003,gp_3018,test,1920,1440,51,5016,5066,1,1,0,5063,1,1,48,,0,0,0,1.0,0,0,0
gp_set_0003,gp_set_0003_vid_0003,gp_2994,test,1920,1440,183,3836,4018,1,1,1,3836,1,1,1,3836,161,0,0,1.0,0,0,0
gp_set_0003,gp_set_0003_vid_0003,gp_3009,test,1920,1440,157,4835,4991,1,1,1,4835,1,1,1,4835,157,0,0,1.0,0,0,0
gp_set_0003,gp_set_0003_vid_0003,gp_3013,test,1920,1440,199,4840,5038,1,1,1,4840,1,1,1,4840,199,0,0,1.0,0,0,0
gp_set_0003,gp_set_0003_vid_0003,gp_2981,test,1920,1440,65,3590,3654,1,1,0,3651,1,1,62,,0,0,0,1.0,0,0,0
gp_set_0003,gp_set_0003_vid_0003,gp_3024,test,1920,1440,404,6923,7326,1,1,0,7181,1,1,259,,0,0,0,1.0,0,0,0
gp_set_0003,gp_set_0003_vid_0003,gp_3025,test,1920,1440,111,7074,7184,1,1,0,7181,1,1,108,,0,0,0,1.0,0,0,0
gp_set_0003,gp_set_0003_vid_0003,gp_3030,test,1920,1440,35,6999,7033,1,1,0,7030,1,1,32,,0,0,0,1.0,0,0,0
gp_set_0003,gp_set_0003_vid_0003,gp_3033,test,1920,1440,360,7282,7641,1,1,0,7638,1,1,357,,0,0,0,1.0,0,0,0
gp_set_0003,gp_set_0003_vid_0003,gp_3036,test,1920,1440,233,7724,7956,1,1,0,7953,1,1,230,,0,0,0,1.0,0,0,0
gp_set_0003,gp_set_0003_vid_0003,gp_3041,test,1920,1440,395,7774,8168,1,1,0,8165,1,1,392,,0,0,0,1.0,0,0,0
gp_set_0003,gp_set_0003_vid_0003,gp_3044,test,1920,1440,71,8397,8467,1,1,0,8464,1,1,68,,0,0,0,1.0,0,0,0
gp_set_0003,gp_set_0003_vid_0003,gp_3046,test,1920,1440,26,8414,8439,1,1,0,8436,1,1,23,,0,0,0,1.0,0,0,0
gp_set_0003,gp_set_0003_vid_0003,gp_3050,test,1920,1440,55,8723,8777,1,1,0,8774,1,1,52,,0,0,0,1.0,0,0,0
gp_set_0003,gp_set_0003_vid_0003,gp_3051,test,1920,1440,38,8720,8757,1,1,0,8754,1,1,35,,0,0,0,1.0,0,0,0
gp_set_0003,gp_set_0003_vid_0003,gp_3057,test,1920,1440,56,9083,9138,1,1,0,9135,1,1,53,,0,0,0,1.0,0,0,0
gp_set_0003,gp_set_0003_vid_0003,gp_3061,test,1920,1440,57,9283,9339,1,1,0,9336,1,1,54,,0,0,0,1.0,0,0,0
gp_set_0003,gp_set_0003_vid_0003,gp_3062,test,1920,1440,37,9306,9342,1,1,0,9339,1,1,34,,0,0,0,1.0,0,0,0
gp_set_0003,gp_set_0003_vid_0003,gp_3064,test,1920,1440,31,9306,9336,1,1,0,9333,1,1,28,,0,0,0,1.0,0,0,0
gp_set_0003,gp_set_0003_vid_0003,gp_3066,test,1920,1440,37,9455,9491,1,1,0,9488,1,1,34,,0,0,0,1.0,0,0,0
gp_set_0003,gp_set_0003_vid_0003,gp_3068,test,1920,1440,36,9454,9489,1,1,0,9486,1,1,33,,0,0,0,1.0,0,0,0
gp_set_0003,gp_set_0003_vid_0003,gp_3072,test,1920,1440,7,9488,9494,1,1,0,9491,1,1,4,,0,0,0,1.0,0,0,0
gp_set_0003,gp_set_0003_vid_0003,gp_3073,test,1920,1440,57,9540,9596,1,1,0,9593,1,1,54,,0,0,0,1.0,0,0,0
gp_set_0003,gp_set_0003_vid_0003,gp_3075,test,1920,1440,28,9729,9756,1,1,0,9753,1,1,25,,0,0,0,1.0,0,0,0
gp_set_0003,gp_set_0003_vid_0003,gp_3078,test,1920,1440,29,9812,9840,1,1,0,9837,1,1,26,,0,0,0,1.0,0,0,0
gp_set_0003,gp_set_0003_vid_0003,gp_3080,test,1920,1440,42,9967,10008,1,1,0,10005,1,1,39,,0,0,0,1.0,0,0,0
gp_set_0003,gp_set_0003_vid_0003,gp_3083,test,1920,1440,31,10006,10036,1,1,0,10033,1,1,28,,0,0,0,1.0,0,0,0
gp_set_0003,gp_set_0003_vid_0003,gp_3084,test,1920,1440,8,10173,10180,1,1,0,10177,1,1,5,,0,0,0,1.0,0,0,0
gp_set_0003,gp_set_0003_vid_0003,gp_3091,test,1920,1440,64,10259,10322,1,1,0,10319,1,1,61,,0,0,0,1.0,0,0,0
gp_set_0003,gp_set_0003_vid_0003,gp_3092,test,1920,1440,42,10299,10340,1,1,0,10337,1,1,39,,0,0,0,1.0,0,0,0
gp_set_0003,gp_set_0003_vid_0003,gp_3088,test,1920,1440,194,10159,10352,1,1,1,10159,1,1,1,10159,194,0,0,1.0,0,0,0
gp_set_0003,gp_set_0003_vid_0003,gp_3097,test,1920,1440,28,10901,10928,1,1,0,10925,1,1,25,,0,0,0,1.0,0,0,0
gp_set_0003,gp_set_0003_vid_0003,gp_3098,test,1920,1440,26,10949,10974,1,1,0,10971,1,1,23,,0,0,0,1.0,0,0,0
gp_set_0003,gp_set_0003_vid_0003,gp_3100,test,1920,1440,19,10976,10994,1,1,0,10991,1,1,16,,0,0,0,1.0,0,0,0
gp_set_0003,gp_set_0003_vid_0003,gp_3101,test,1920,1440,23,11003,11025,1,1,0,11022,1,1,20,,0,0,0,1.0,0,0,0
gp_set_0003,gp_set_0003_vid_0003,gp_3103,test,1920,1440,27,11094,11120,1,1,0,11117,1,1,24,,0,0,0,1.0,0,0,0
gp_set_0003,gp_set_0003_vid_0003,gp_3104,test,1920,1440,13,11186,11198,1,1,0,11195,1,1,10,,0,0,0,1.0,0,0,0
gp_set_0003,gp_set_0003_vid_0003,gp_3112,test,1920,1440,94,12312,12405,1,1,0,12402,1,1,91,,0,0,0,1.0,0,0,0
gp_set_0003,gp_set_0003_vid_0003,gp_3108,test,1920,1440,256,11364,11619,1,1,1,11616,1,1,253,,0,0,0,1.0,0,0,0
gp_set_0003,gp_set_0003_vid_0003,gp_3118,test,1920,1440,48,12684,12731,1,1,0,12728,1,1,45,,0,0,0,1.0,0,0,0
gp_set_0003,gp_set_0003_vid_0003,gp_3121,test,1920,1440,11,13109,13119,1,1,0,13116,1,1,8,,0,0,0,1.0,0,0,0
gp_set_0003,gp_set_0003_vid_0003,gp_3122,test,1920,1440,14,13101,13114,1,1,0,13111,1,1,11,,0,0,0,1.0,0,0,0
gp_set_0003,gp_set_0003_vid_0003,gp_3129,test,1920,1440,93,13770,13862,1,1,0,13859,1,1,90,,0,0,0,1.0,0,0,0
gp_set_0003,gp_set_0003_vid_0003,gp_3130,test,1920,1440,41,13910,13950,1,1,0,13947,1,1,38,,0,0,0,1.0,0,0,0
gp_set_0003,gp_set_0003_vid_0003,gp_3133,test,1920,1440,42,13910,13951,1,1,0,13948,1,1,39,,0,0,0,1.0,0,0,0
gp_set_0003,gp_set_0003_vid_0003,gp_3136,test,1920,1440,32,13921,13952,1,1,0,13949,1,1,29,,0,0,0,1.0,0,0,0
gp_set_0003,gp_set_0003_vid_0003,gp_3138,test,1920,1440,21,14172,14192,1,1,0,14189,1,1,18,,0,0,0,1.0,0,0,0
gp_set_0003,gp_set_0003_vid_0003,gp_3139,test,1920,1440,38,14241,14278,1,1,0,14275,1,1,35,,0,0,0,1.0,0,0,0
gp_set_0003,gp_set_0003_vid_0003,gp_3123,test,1920,1440,172,13030,13201,1,1,1,13030,1,1,1,13030,141,0,0,1.0,0,0,0
gp_set_0003,gp_set_0003_vid_0003,gp_3152,test,1920,1440,117,15116,15232,1,1,0,15116,1,1,1,15176,57,0,0,1.0,0,0,0
gp_set_0003,gp_set_0003_vid_0003,gp_3154,test,1920,1440,92,15140,15231,1,1,0,15140,1,1,1,15200,32,0,0,1.0,0,0,0
gp_set_0003,gp_set_0003_vid_0003,gp_3159,test,1920,1440,81,15154,15234,1,1,0,15231,1,1,78,,0,0,0,1.0,0,0,0
gp_set_0003,gp_set_0003_vid_0003,gp_3161,test,1920,1440,76,15163,15238,1,1,0,15163,1,1,1,15163,44,0,0,1.0,0,0,0
gp_set_0003,gp_set_0003_vid_0003,gp_3143,test,1920,1440,373,14591,14963,1,1,1,14591,1,1,1,14591,327,0,0,1.0,0,0,0
gp_set_0003,gp_set_0003_vid_0003,gp_3147,test,1920,1440,373,14604,14976,1,1,1,14604,1,1,1,14604,309,0,0,1.0,0,0,0
gp_set_0003,gp_set_0003_vid_0003,gp_3169,test,1920,1440,21,16892,16912,1,1,0,16909,1,1,18,,0,0,0,1.0,0,0,0
gp_set_0003,gp_set_0003_vid_0003,gp_3171,test,1920,1440,30,17000,17029,1,1,0,17026,1,1,27,,0,0,0,1.0,0,0,0
gp_set_0003,gp_set_0003_vid_0003,gp_3173,test,1920,1440,24,17086,17109,1,1,0,17106,1,1,21,,0,0,0,1.0,0,0,0
gp_set_0003,gp_set_0003_vid_0003,gp_3176,test,1920,1440,19,17121,17139,1,1,0,17136,1,1,16,,0,0,0,1.0,0,0,0
gp_set_0003,gp_set_0003_vid_0003,gp_3177,test,1920,1440,18,17188,17205,1,1,0,17202,1,1,15,,0,0,0,1.0,0,0,0
gp_set_0003,gp_set_0003_vid_0003,gp_3178,test,1920,1440,35,17188,17222,1,1,0,17219,1,1,32,,0,0,0,1.0,0,0,0
gp_set_0003,gp_set_0003_vid_0003,gp_3181,test,1920,1440,47,17183,17229,1,1,0,17226,1,1,44,,0,0,0,1.0,0,0,0
gp_set_0003,gp_set_0003_vid_0003,gp_3183,test,1920,1440,34,17384,17417,1,1,0,17414,1,1,31,,0,0,0,1.0,0,0,0
gp_set_0003,gp_set_0003_vid_0003,gp_3184,test,1920,1440,32,17384,17415,1,1,0,17413,1,1,30,,0,0,0,1.0,0,0,0
gp_set_0003,gp_set_0003_vid_0003,gp_3187,test,1920,1440,46,17517,17562,1,1,0,17559,1,1,43,,0,0,0,1.0,0,0,0
gp_set_0003,gp_set_0003_vid_0003,gp_3189,test,1920,1440,7,17560,17566,1,1,0,17563,1,1,4,,0,0,0,1.0,0,0,0
gp_set_0003,gp_set_0003_vid_0003,gp_3191,test,1920,1440,12,17558,17569,1,1,0,17566,1,1,9,,0,0,0,1.0,0,0,0
gp_set_0003,gp_set_0003_vid_0003,gp_3192,test,1920,1440,28,17558,17585,1,1,0,17582,1,1,25,,0,0,0,1.0,0,0,0
gp_set_0003,gp_set_0003_vid_0003,gp_3194,test,1920,1440,36,17641,17676,1,1,0,17673,1,1,33,,0,0,0,1.0,0,0,0
gp_set_0003,gp_set_0003_vid_0003,gp_3281,test,1920,1440,14,17667,17680,1,1,0,17677,1,1,11,,0,0,0,1.0,0,0,0
gp_set_0003,gp_set_0003_vid_0003,gp_3197,test,1920,1440,122,17837,17958,1,1,0,17951,1,1,115,,0,0,0,1.0,0,0,0
gp_set_0003,gp_set_0003_vid_0003,gp_3208,test,1920,1440,35,17981,18015,1,1,0,18012,1,1,32,,0,0,0,1.0,0,0,0
gp_set_0003,gp_set_0003_vid_0003,gp_3210,test,1920,1440,59,18347,18405,1,1,0,18403,1,1,57,,0,0,0,1.0,0,0,0
gp_set_0003,gp_set_0003_vid_0003,gp_3212,test,1920,1440,74,18332,18405,1,1,0,18403,1,1,72,,0,0,0,1.0,0,0,0
gp_set_0003,gp_set_0003_vid_0003,gp_3124,test,1920,1440,10,18403,18412,1,1,0,18409,1,1,7,,0,0,0,1.0,0,0,0
gp_set_0003,gp_set_0003_vid_0003,gp_3215,test,1920,1440,14,18412,18425,1,1,0,18422,1,1,11,,0,0,0,1.0,0,0,0
gp_set_0003,gp_set_0003_vid_0003,gp_3218,test,1920,1440,44,19199,19242,1,1,0,19239,1,1,41,,0,0,0,1.0,0,0,0
gp_set_0003,gp_set_0003_vid_0003,gp_3219,test,1920,1440,11,19323,19333,1,1,0,19331,1,1,9,,0,0,0,1.0,0,0,0
gp_set_0003,gp_set_0003_vid_0003,gp_3220,test,1920,1440,27,19323,19349,1,1,0,19346,1,1,24,,0,0,0,1.0,0,0,0
gp_set_0003,gp_set_0003_vid_0003,gp_3213,test,1920,1440,16,18392,18407,1,1,0,18404,1,1,13,,0,0,0,1.0,0,0,0
gp_set_0003,gp_set_0003_vid_0003,gp_3201,test,1920,1440,8,17950,17957,1,1,0,17954,1,1,5,,0,0,0,1.0,0,0,0
gp_set_0003,gp_set_0003_vid_0003,gp_3230,test,1920,1440,38,19789,19826,1,1,0,19823,1,1,35,,0,0,0,1.0,0,0,0
gp_set_0003,gp_set_0003_vid_0003,gp_3232,test,1920,1440,17,19807,19823,1,1,0,19820,1,1,14,,0,0,0,1.0,0,0,0
gp_set_0003,gp_set_0003_vid_0003,gp_3235,test,1920,1440,5,19820,19824,1,1,0,19821,1,1,2,,0,0,0,1.0,0,0,0
gp_set_0003,gp_set_0003_vid_0003,gp_3237,test,1920,1440,29,19894,19922,1,1,0,19919,1,1,26,,0,0,0,1.0,0,0,0
gp_set_0003,gp_set_0003_vid_0003,gp_3241,test,1920,1440,99,20511,20609,1,1,0,20606,1,1,96,,0,0,0,1.0,0,0,0
gp_set_0003,gp_set_0003_vid_0003,gp_3243,test,1920,1440,71,21088,21158,1,1,0,21155,1,1,68,,0,0,0,1.0,0,0,0
gp_set_0003,gp_set_0003_vid_0004,gp_2657,test,1920,1440,33,332,364,1,1,0,361,1,1,30,,0,0,0,1.0,0,0,0
gp_set_0003,gp_set_0003_vid_0004,gp_2663,test,1920,1440,96,661,756,1,1,0,753,1,1,93,,0,0,0,1.0,0,0,0
gp_set_0003,gp_set_0003_vid_0004,gp_2664,test,1920,1440,71,679,749,1,1,0,746,1,1,68,,0,0,0,1.0,0,0,0
gp_set_0003,gp_set_0003_vid_0004,gp_2673,test,1920,1440,53,1303,1355,1,1,0,1352,1,1,50,,0,0,0,1.0,0,0,0
gp_set_0003,gp_set_0003_vid_0004,gp_2674,test,1920,1440,34,1395,1428,1,1,0,1425,1,1,31,,0,0,0,1.0,0,0,0
gp_set_0003,gp_set_0003_vid_0004,gp_2676,test,1920,1440,38,1413,1450,1,1,0,1447,1,1,35,,0,0,0,1.0,0,0,0
gp_set_0003,gp_set_0003_vid_0004,gp_2678,test,1920,1440,43,1469,1511,1,1,0,1508,1,1,40,,0,0,0,1.0,0,0,0
gp_set_0003,gp_set_0003_vid_0004,gp_2680,test,1920,1440,24,1734,1757,1,1,0,1754,1,1,21,,0,0,0,1.0,0,0,0
gp_set_0003,gp_set_0003_vid_0004,gp_2653,test,1920,1440,31,293,323,1,1,0,320,1,1,28,,0,0,0,1.0,0,0,0
gp_set_0003,gp_set_0003_vid_0004,gp_2669,test,1920,1440,203,630,832,1,1,0,829,1,1,200,630,139,0,0,1.0,0,0,0
gp_set_0003,gp_set_0003_vid_0004,gp_2638,test,1920,1440,197,0,196,1,1,0,193,1,1,194,0,48,0,0,1.0,0,0,0
gp_set_0003,gp_set_0003_vid_0004,gp_2644,test,1920,1440,204,0,203,1,1,0,200,1,1,201,0,56,0,0,1.0,0,0,0
gp_set_0003,gp_set_0003_vid_0004,gp_2645,test,1920,1440,209,0,208,1,1,0,205,1,1,206,0,49,0,0,1.0,0,0,0
gp_set_0003,gp_set_0003_vid_0004,gp_2683,test,1920,1440,42,1993,2034,1,1,0,2031,1,1,39,,0,0,0,1.0,0,0,0
gp_set_0003,gp_set_0003_vid_0004,gp_2689,test,1920,1440,53,2201,2253,1,1,0,2250,1,1,50,,0,0,0,1.0,0,0,0
gp_set_0003,gp_set_0003_vid_0004,gp_2690,test,1920,1440,61,2204,2264,1,1,0,2261,1,1,58,,0,0,0,1.0,0,0,0
gp_set_0003,gp_set_0003_vid_0004,gp_2691,test,1920,1440,49,2624,2672,1,1,0,2669,1,1,46,,0,0,0,1.0,0,0,0
gp_set_0003,gp_set_0003_vid_0004,gp_2692,test,1920,1440,63,2944,3006,1,1,0,3003,1,1,60,,0,0,0,1.0,0,0,0
gp_set_0003,gp_set_0003_vid_0004,gp_2693,test,1920,1440,57,2972,3028,1,1,0,3025,1,1,54,,0,0,0,1.0,0,0,0
gp_set_0003,gp_set_0003_vid_0004,gp_2694,test,1920,1440,61,2972,3032,1,1,0,3029,1,1,58,,0,0,0,1.0,0,0,0
gp_set_0003,gp_set_0003_vid_0004,gp_2695,test,1920,1440,28,3218,3245,1,1,0,3242,1,1,25,,0,0,0,1.0,0,0,0
gp_set_0003,gp_set_0003_vid_0004,gp_2696,test,1920,1440,32,3285,3316,1,1,0,3313,1,1,29,,0,0,0,1.0,0,0,0
gp_set_0003,gp_set_0003_vid_0004,gp_2698,test,1920,1440,52,3424,3475,1,1,0,3472,1,1,49,,0,0,0,1.0,0,0,0
gp_set_0003,gp_set_0003_vid_0004,gp_2707,test,1920,1440,32,3729,3760,1,1,0,3757,1,1,29,,0,0,0,1.0,0,0,0
gp_set_0003,gp_set_0003_vid_0004,gp_2712,test,1920,1440,53,3958,4010,1,1,0,4007,1,1,50,,0,0,0,1.0,0,0,0
gp_set_0003,gp_set_0003_vid_0004,gp_2713,test,1920,1440,52,4127,4178,1,1,0,4175,1,1,49,,0,0,0,1.0,0,0,0
gp_set_0003,gp_set_0003_vid_0004,gp_2714,test,1920,1440,47,4128,4174,1,1,0,4171,1,1,44,,0,0,0,1.0,0,0,0
gp_set_0003,gp_set_0003_vid_0004,gp_2715,test,1920,1440,46,4290,4335,1,1,0,4332,1,1,43,,0,0,0,1.0,0,0,0
gp_set_0003,gp_set_0003_vid_0004,gp_2717,test,1920,1440,56,4284,4339,1,1,0,4336,1,1,53,,0,0,0,1.0,0,0,0
gp_set_0003,gp_set_0003_vid_0004,gp_2718,test,1920,1440,84,4302,4385,1,1,0,4382,1,1,81,4302,67,0,0,1.0,0,0,0
gp_set_0003,gp_set_0003_vid_0004,gp_2723,test,1920,1440,128,4313,4440,1,1,0,4437,1,1,125,,0,0,0,1.0,0,0,0
gp_set_0003,gp_set_0003_vid_0004,gp_2731,test,1920,1440,88,4444,4531,1,1,1,4444,1,1,1,4444,88,0,0,1.0,0,0,0
gp_set_0003,gp_set_0003_vid_0004,gp_2739,test,1920,1440,162,4454,4615,1,1,0,4612,1,1,159,,0,162,0,1.0,0,0,0
gp_set_0003,gp_set_0003_vid_0004,gp_2754,test,1920,1440,68,4568,4635,1,1,0,4632,1,1,65,,0,0,0,1.0,0,0,0
gp_set_0003,gp_set_0003_vid_0004,gp_2755,test,1920,1440,63,4566,4628,1,1,0,4625,1,1,60,,0,0,0,1.0,0,0,0
gp_set_0003,gp_set_0003_vid_0004,gp_2757,test,1920,1440,87,4632,4718,1,1,0,4715,1,1,84,,0,0,0,1.0,0,0,0
gp_set_0003,gp_set_0003_vid_0004,gp_2759,test,1920,1440,81,4724,4804,1,1,0,4801,1,1,78,,0,0,0,1.0,0,0,0
gp_set_0003,gp_set_0003_vid_0004,gp_2769,test,1920,1440,78,5274,5351,1,1,0,5348,1,1,75,,0,0,0,1.0,0,0,0
gp_set_0003,gp_set_0003_vid_0004,gp_2745,test,1920,1440,103,4526,4628,1,1,0,4526,1,1,1,4526,103,0,0,1.0,0,0,0
gp_set_0003,gp_set_0003_vid_0004,gp_2748,test,1920,1440,105,4526,4630,1,1,0,4526,1,1,1,4526,105,0,0,1.0,0,0,0
gp_set_0003,gp_set_0003_vid_0004,gp_2775,test,1920,1440,205,5222,5426,1,1,1,5306,1,1,85,5297,130,0,0,1.0,0,0,0
gp_set_0003,gp_set_0003_vid_0004,gp_2727,test,1920,1440,251,4386,4636,1,1,1,4481,1,1,96,4455,182,0,0,1.0,0,0,0
gp_set_0003,gp_set_0003_vid_0004,gp_2765,test,1920,1440,304,5126,5429,1,1,1,5334,1,1,209,5321,109,0,0,1.0,0,0,0
gp_set_0003,gp_set_0003_vid_0004,gp_2778,test,1920,1440,201,5240,5440,1,1,1,5323,1,1,84,5314,127,0,0,1.0,0,0,0
gp_set_0003,gp_set_0003_vid_0004,gp_2734,test,1920,1440,56,4442,4497,1,1,1,4454,1,1,13,4442,56,0,0,1.0,0,0,0
gp_set_0003,gp_set_0003_vid_0004,gp_2793,test,1920,1440,60,5400,5459,1,1,0,5456,1,1,57,,0,0,0,1.0,0,0,0
gp_set_0003,gp_set_0003_vid_0004,gp_2794,test,1920,1440,48,5506,5553,1,1,0,5550,1,1,45,,0,0,0,1.0,0,0,0
gp_set_0003,gp_set_0003_vid_0004,gp_2795,test,1920,1440,95,5559,5653,1,1,0,5650,1,1,92,,0,0,0,1.0,0,0,0
gp_set_0003,gp_set_0003_vid_0004,gp_2796,test,1920,1440,42,5644,5685,1,1,0,5682,1,1,39,,0,0,0,1.0,0,0,0
gp_set_0003,gp_set_0003_vid_0004,gp_2798,test,1920,1440,61,5649,5709,1,1,0,5706,1,1,58,,0,0,0,1.0,0,0,0
gp_set_0003,gp_set_0003_vid_0004,gp_2801,test,1920,1440,29,5686,5714,1,1,0,5711,1,1,26,,0,0,0,1.0,0,0,0
gp_set_0003,gp_set_0003_vid_0004,gp_2803,test,1920,1440,75,5691,5765,1,1,0,5762,1,1,72,,0,0,0,1.0,0,0,0
gp_set_0003,gp_set_0003_vid_0004,gp_2806,test,1920,1440,71,5747,5817,1,1,0,5814,1,1,68,,0,0,0,1.0,0,0,0
gp_set_0003,gp_set_0003_vid_0004,gp_2809,test,1920,1440,29,5808,5836,1,1,0,5833,1,1,26,,0,0,0,1.0,0,0,0
gp_set_0003,gp_set_0003_vid_0004,gp_2810,test,1920,1440,35,5810,5844,1,1,0,5841,1,1,32,,0,0,0,1.0,0,0,0
gp_set_0003,gp_set_0003_vid_0004,gp_2813,test,1920,1440,22,5848,5869,1,1,0,5848,1,1,1,,0,0,0,1.0,0,0,0
gp_set_0003,gp_set_0003_vid_0004,gp_2815,test,1920,1440,28,5854,5881,1,1,0,5854,1,1,1,,0,0,0,1.0,0,0,0
gp_set_0003,gp_set_0003_vid_0004,gp_2819,test,1920,1440,79,5866,5944,1,1,0,5941,1,1,76,,0,0,0,1.0,0,0,0
gp_set_0003,gp_set_0003_vid_0004,gp_2824,test,1920,1440,38,5995,6032,1,1,0,6029,1,1,35,,0,0,0,1.0,0,0,0
gp_set_0003,gp_set_0003_vid_0004,gp_2826,test,1920,1440,66,6236,6301,1,1,0,6298,1,1,63,,0,0,0,1.0,0,0,0
gp_set_0003,gp_set_0003_vid_0004,gp_2829,test,1920,1440,43,6281,6323,1,1,0,6320,1,1,40,,0,0,0,1.0,0,0,0
gp_set_0003,gp_set_0003_vid_0004,gp_2831,test,1920,1440,21,6454,6474,1,1,0,6471,1,1,18,,0,0,0,1.0,0,0,0
gp_set_0003,gp_set_0003_vid_0004,gp_2836,test,1920,1440,32,6459,6490,1,1,0,6487,1,1,29,,0,0,0,1.0,0,0,0
gp_set_0003,gp_set_0003_vid_0004,gp_2841,test,1920,1440,46,6783,6828,1,1,0,6825,1,1,43,,0,0,0,1.0,0,0,0
gp_set_0003,gp_set_0003_vid_0004,gp_2840,test,1920,1440,32,6767,6798,1,1,0,6795,1,1,29,,0,0,0,1.0,0,0,0
gp_set_0003,gp_set_0003_vid_0004,gp_2843,test,1920,1440,25,6829,6853,1,1,0,6850,1,1,22,,0,0,0,1.0,0,0,0
gp_set_0003,gp_set_0003_vid_0004,gp_2844,test,1920,1440,31,7010,7040,1,1,0,7037,1,1,28,,0,0,0,1.0,0,0,0
gp_set_0003,gp_set_0003_vid_0004,gp_2848,test,1920,1440,53,7192,7244,1,1,0,7241,1,1,50,,0,0,0,1.0,0,0,0
gp_set_0003,gp_set_0003_vid_0004,gp_2853,test,1920,1440,53,7215,7267,1,1,0,7264,1,1,50,,0,0,0,1.0,0,0,0
gp_set_0003,gp_set_0003_vid_0004,gp_2856,test,1920,1440,54,7253,7306,1,1,0,7253,1,1,1,,0,0,0,1.0,0,0,0
gp_set_0003,gp_set_0003_vid_0004,gp_2855,test,1920,1440,51,7253,7303,1,1,0,7300,1,1,48,,0,0,0,1.0,0,0,0
gp_set_0003,gp_set_0003_vid_0004,gp_2858,test,1920,1440,61,7252,7312,1,1,0,7252,1,1,1,,0,0,0,1.0,0,0,0
gp_set_0003,gp_set_0003_vid_0004,gp_2860,test,1920,1440,44,7418,7461,1,1,0,7458,1,1,41,,0,0,0,1.0,0,0,0
gp_set_0003,gp_set_0003_vid_0004,gp_2863,test,1920,1440,53,7719,7771,1,1,0,7768,1,1,50,,0,0,0,1.0,0,0,0
gp_set_0003,gp_set_0003_vid_0004,gp_2865,test,1920,1440,57,7788,7844,1,1,0,7841,1,1,54,,0,0,0,1.0,0,0,0
gp_set_0003,gp_set_0003_vid_0004,gp_2886,test,1920,1440,31,8949,8979,1,1,0,8976,1,1,28,,0,0,0,1.0,0,0,0
gp_set_0003,gp_set_0003_vid_0004,gp_2887,test,1920,1440,40,8954,8993,1,1,0,8976,1,1,23,,0,0,0,1.0,0,0,0
gp_set_0003,gp_set_0003_vid_0004,gp_2890,test,1920,1440,83,8937,9019,1,1,0,8976,1,1,40,,0,0,0,1.0,0,0,0
gp_set_0003,gp_set_0003_vid_0004,gp_2893,test,1920,1440,61,8919,8979,1,1,0,8974,1,1,56,,0,0,0,1.0,0,0,0
gp_set_0003,gp_set_0003_vid_0004,gp_2869,test,1920,1440,178,7785,7962,1,1,1,7785,1,1,1,7785,178,0,0,1.0,0,0,0
gp_set_0003,gp_set_0003_vid_0004,gp_2874,test,1920,1440,155,7814,7968,1,1,1,7814,1,1,1,7814,155,0,0,1.0,0,0,0
gp_set_0003,gp_set_0003_vid_0004,gp_2883,test,1920,1440,178,8516,8693,1,1,1,8539,1,1,24,8539,155,0,0,1.0,0,0,0
gp_set_0003,gp_set_0003_vid_0004,gp_2909,test,1920,1440,128,9111,9238,1,1,0,9235,1,1,125,,0,0,0,1.0,0,0,0
gp_set_0003,gp_set_0003_vid_0004,gp_2911,test,1920,1440,115,9111,9225,1,1,0,9222,1,1,112,,0,0,0,1.0,0,0,0
gp_set_0003,gp_set_0003_vid_0004,gp_2912,test,1920,1440,202,9205,9406,1,1,0,9403,1,1,199,,0,0,0,1.0,0,0,0
gp_set_0003,gp_set_0003_vid_0004,gp_2921,test,1920,1440,95,9272,9366,1,1,0,9363,1,1,92,,0,0,0,1.0,0,0,0
gp_set_0003,gp_set_0003_vid_0004,gp_2929,test,1920,1440,173,9571,9743,1,1,0,9740,1,1,170,,0,0,0,1.0,0,0,0
gp_set_0003,gp_set_0003_vid_0004,gp_2933,test,1920,1440,108,9596,9703,1,1,0,9700,1,1,105,,0,0,0,1.0,0,0,0
gp_set_0003,gp_set_0003_vid_0004,gp_2938,test,1920,1440,106,9871,9976,1,1,0,9973,1,1,103,,0,0,0,1.0,0,0,0
gp_set_0003,gp_set_0003_vid_0004,gp_2939,test,1920,1440,48,9945,9992,1,1,0,9989,1,1,45,9965,18,0,0,1.0,0,0,0
gp_set_0003,gp_set_0003_vid_0004,gp_2941,test,1920,1440,36,9952,9987,1,1,0,9984,1,1,33,9952,31,0,0,1.0,0,0,0
gp_set_0003,gp_set_0003_vid_0004,gp_2946,test,1920,1440,35,9949,9983,1,1,0,9980,1,1,32,9961,23,0,0,1.0,0,0,0
gp_set_0003,gp_set_0003_vid_0004,gp_2948,test,1920,1440,71,9992,10062,1,1,0,10059,1,1,68,,0,0,0,1.0,0,0,0
gp_set_0003,gp_set_0003_vid_0004,gp_2949,test,1920,1440,66,9978,10043,1,1,0,10040,1,1,63,,0,0,0,1.0,0,0,0
gp_set_0003,gp_set_0003_vid_0004,gp_2951,test,1920,1440,50,10101,10150,1,1,0,10147,1,1,47,,0,0,0,1.0,0,0,0
gp_set_0003,gp_set_0003_vid_0004,gp_2954,test,1920,1440,118,10048,10165,1,1,1,10048,1,1,1,10048,72,0,0,1.0,0,0,0
gp_set_0003,gp_set_0003_vid_0004,gp_2957,test,1920,1440,182,10046,10227,1,1,0,10046,1,1,1,10046,105,0,0,1.0,0,0,0
gp_set_0003,gp_set_0003_vid_0004,gp_2962,test,1920,1440,78,10135,10212,1,1,0,10208,1,1,74,,0,0,0,1.0,0,0,0
gp_set_0003,gp_set_0003_vid_0004,gp_2964,test,1920,1440,59,10163,10221,1,1,0,10218,1,1,56,,0,0,0,1.0,0,0,0
gp_set_0003,gp_set_0003_vid_0004,gp_2967,test,1920,1440,125,10174,10298,1,1,0,10295,1,1,122,,0,0,0,1.0,0,0,0
gp_set_0003,gp_set_0003_vid_0004,gp_2974,test,1920,1440,55,10228,10282,1,1,0,10279,1,1,52,,0,0,0,1.0,0,0,0
gp_set_0003,gp_set_0003_vid_0004,gp_2977,test,1920,1440,83,10220,10302,1,1,0,10299,1,1,80,,0,0,0,1.0,0,0,0
gp_set_0003,gp_set_0003_vid_0004,gp_2979,test,1920,1440,34,10245,10278,1,1,0,10275,1,1,31,,0,0,0,1.0,0,0,0
gp_set_0003,gp_set_0003_vid_0004,gp_2984,test,1920,1440,60,10214,10273,1,1,0,10270,1,1,57,,0,0,0,1.0,0,0,0
gp_set_0003,gp_set_0003_vid_0004,gp_2985,test,1920,1440,41,10285,10325,1,1,0,10322,1,1,38,,0,0,0,1.0,0,0,0
gp_set_0003,gp_set_0003_vid_0004,gp_2988,test,1920,1440,48,10326,10373,1,1,0,10370,1,1,45,,0,0,0,1.0,0,0,0
gp_set_0003,gp_set_0003_vid_0004,gp_2993,test,1920,1440,94,10384,10477,1,1,0,10475,1,1,92,,0,0,0,1.0,0,0,0
gp_set_0003,gp_set_0003_vid_0004,gp_2995,test,1920,1440,50,10428,10477,1,1,0,10475,1,1,48,,0,0,0,1.0,0,0,0
gp_set_0003,gp_set_0003_vid_0004,gp_2996,test,1920,1440,53,10384,10436,1,1,0,10433,1,1,50,,0,0,0,1.0,0,0,0
gp_set_0003,gp_set_0003_vid_0004,gp_3002,test,1920,1440,108,10410,10517,1,1,0,10514,1,1,105,,0,0,0,1.0,0,0,0
gp_set_0003,gp_set_0003_vid_0004,gp_3003,test,1920,1440,54,10551,10604,1,1,0,10601,1,1,51,,0,0,0,1.0,0,0,0
gp_set_0003,gp_set_0003_vid_0004,gp_3008,test,1920,1440,33,10547,10579,1,1,0,10576,1,1,30,,0,0,0,1.0,0,0,0
gp_set_0003,gp_set_0003_vid_0004,gp_3010,test,1920,1440,37,10626,10662,1,1,0,10659,1,1,34,,0,0,0,1.0,0,0,0
gp_set_0003,gp_set_0003_vid_0004,gp_3014,test,1920,1440,37,10647,10683,1,1,0,10680,1,1,34,,0,0,0,1.0,0,0,0
gp_set_0003,gp_set_0003_vid_0004,gp_3015,test,1920,1440,31,10666,10696,1,1,0,10693,1,1,28,,0,0,0,1.0,0,0,0
gp_set_0003,gp_set_0003_vid_0004,gp_3017,test,1920,1440,38,10713,10750,1,1,0,10747,1,1,35,,0,0,0,1.0,0,0,0
gp_set_0003,gp_set_0003_vid_0004,gp_2923,test,1920,1440,64,9301,9364,1,1,1,9301,1,1,1,9301,42,0,0,1.0,0,0,0
gp_set_0003,gp_set_0003_vid_0004,gp_2920,test,1920,1440,196,9164,9359,1,1,1,9164,1,1,1,9164,196,0,0,1.0,0,0,0
gp_set_0003,gp_set_0003_vid_0004,gp_2925,test,1920,1440,383,9193,9575,1,1,1,9193,1,1,1,9193,183,0,0,1.0,0,0,0
gp_set_0003,gp_set_0003_vid_0004,gp_3023,test,1920,1440,176,10830,11005,1,1,1,10851,1,1,22,10830,109,0,0,1.0,0,0,0
gp_set_0003,gp_set_0003_vid_0004,gp_3049,test,1920,1440,156,10902,11057,1,1,0,11054,1,1,153,,0,0,0,1.0,0,0,0
gp_set_0003,gp_set_0003_vid_0004,gp_3063,test,1920,1440,148,11154,11301,1,1,0,11298,1,1,145,,0,0,0,1.0,0,0,0
gp_set_0003,gp_set_0003_vid_0004,gp_3074,test,1920,1440,163,11221,11383,1,1,1,11221,1,1,1,11221,102,0,0,1.0,0,0,0
gp_set_0003,gp_set_0003_vid_0004,gp_3077,test,1920,1440,124,11250,11373,1,1,1,11250,1,1,1,11250,85,0,0,1.0,0,0,0
gp_set_0003,gp_set_0003_vid_0004,gp_3082,test,1920,1440,85,11266,11350,1,1,1,11266,1,1,1,11266,79,0,0,1.0,0,0,0
gp_set_0003,gp_set_0003_vid_0004,gp_3095,test,1920,1440,153,11239,11391,1,1,1,11239,1,1,1,11239,129,0,0,1.0,0,0,0
gp_set_0003,gp_set_0003_vid_0004,gp_3096,test,1920,1440,158,11307,11464,1,1,0,11461,1,1,155,,0,0,0,1.0,0,0,0
gp_set_0003,gp_set_0003_vid_0004,gp_3099,test,1920,1440,136,11301,11436,1,1,0,11433,1,1,133,,0,0,0,1.0,0,0,0
gp_set_0003,gp_set_0003_vid_0004,gp_3102,test,1920,1440,42,11699,11740,1,1,0,11737,1,1,39,,0,0,0,1.0,0,0,0
gp_set_0003,gp_set_0003_vid_0004,gp_3105,test,1920,1440,60,11729,11788,1,1,0,11785,1,1,57,,0,0,0,1.0,0,0,0
gp_set_0003,gp_set_0003_vid_0004,gp_3109,test,1920,1440,77,11768,11844,1,1,0,11841,1,1,74,,0,0,0,1.0,0,0,0
gp_set_0003,gp_set_0003_vid_0004,gp_3110,test,1920,1440,49,11829,11877,1,1,0,11874,1,1,46,,0,0,0,1.0,0,0,0
gp_set_0003,gp_set_0003_vid_0004,gp_3113,test,1920,1440,66,11880,11945,1,1,0,11942,1,1,63,,0,0,0,1.0,0,0,0
gp_set_0003,gp_set_0003_vid_0004,gp_3116,test,1920,1440,54,11927,11980,1,1,0,11977,1,1,51,,0,0,0,1.0,0,0,0
gp_set_0003,gp_set_0003_vid_0004,gp_3117,test,1920,1440,49,11927,11975,1,1,0,11972,1,1,46,,0,0,0,1.0,0,0,0
gp_set_0003,gp_set_0003_vid_0004,gp_3119,test,1920,1440,45,11985,12029,1,1,0,12026,1,1,42,,0,0,0,1.0,0,0,0
gp_set_0003,gp_set_0003_vid_0004,gp_3124,test,1920,1440,66,12021,12086,1,1,0,12083,1,1,63,,0,0,0,1.0,0,0,0
gp_set_0003,gp_set_0003_vid_0004,gp_3125,test,1920,1440,65,12021,12085,1,1,0,12082,1,1,62,,0,0,0,1.0,0,0,0
gp_set_0003,gp_set_0003_vid_0004,gp_3128,test,1920,1440,63,12021,12083,1,1,0,12080,1,1,60,,0,0,0,1.0,0,0,0
gp_set_0003,gp_set_0003_vid_0004,gp_3131,test,1920,1440,52,12074,12125,1,1,0,12122,1,1,49,,0,0,0,1.0,0,0,0
gp_set_0003,gp_set_0003_vid_0004,gp_3132,test,1920,1440,48,12074,12121,1,1,0,12118,1,1,45,,0,0,0,1.0,0,0,0
gp_set_0003,gp_set_0003_vid_0004,gp_3134,test,1920,1440,20,12113,12132,1,1,0,12130,1,1,18,,0,0,0,1.0,0,0,0
gp_set_0003,gp_set_0003_vid_0004,gp_3137,test,1920,1440,46,12090,12135,1,1,0,12132,1,1,43,,0,0,0,1.0,0,0,0
gp_set_0003,gp_set_0003_vid_0004,gp_3141,test,1920,1440,29,12116,12144,1,1,0,12141,1,1,26,,0,0,0,1.0,0,0,0
gp_set_0003,gp_set_0003_vid_0004,gp_3143,test,1920,1440,36,12135,12170,1,1,0,12167,1,1,33,,0,0,0,1.0,0,0,0
gp_set_0003,gp_set_0003_vid_0004,gp_3144,test,1920,1440,42,12125,12166,1,1,0,12162,1,1,38,,0,0,0,1.0,0,0,0
gp_set_0003,gp_set_0003_vid_0004,gp_3146,test,1920,1440,40,12125,12164,1,1,0,12163,1,1,39,,0,0,0,1.0,0,0,0
gp_set_0003,gp_set_0003_vid_0004,gp_3148,test,1920,1440,39,12150,12188,1,1,0,12185,1,1,36,,0,0,0,1.0,0,0,0
gp_set_0003,gp_set_0003_vid_0004,gp_3151,test,1920,1440,29,12130,12158,1,1,0,12155,1,1,26,,0,0,0,1.0,0,0,0
gp_set_0003,gp_set_0003_vid_0004,gp_3153,test,1920,1440,46,12178,12223,1,1,0,12220,1,1,43,,0,0,0,1.0,0,0,0
gp_set_0003,gp_set_0003_vid_0004,gp_3155,test,1920,1440,42,12176,12217,1,1,0,12214,1,1,39,,0,0,0,1.0,0,0,0
gp_set_0003,gp_set_0003_vid_0004,gp_3158,test,1920,1440,53,12207,12259,1,1,0,12256,1,1,50,,0,0,0,1.0,0,0,0
gp_set_0003,gp_set_0003_vid_0004,gp_3162,test,1920,1440,51,12288,12338,1,1,0,12335,1,1,48,,0,0,0,1.0,0,0,0
gp_set_0003,gp_set_0003_vid_0004,gp_3163,test,1920,1440,61,12331,12391,1,1,0,12388,1,1,58,,0,0,0,1.0,0,0,0
gp_set_0003,gp_set_0003_vid_0004,gp_3166,test,1920,1440,45,12362,12406,1,1,0,12403,1,1,42,,0,0,0,1.0,0,0,0
gp_set_0003,gp_set_0003_vid_0004,gp_3167,test,1920,1440,32,12368,12399,1,1,0,12396,1,1,29,,0,0,0,1.0,0,0,0
gp_set_0003,gp_set_0003_vid_0004,gp_3172,test,1920,1440,47,12429,12475,1,1,0,12472,1,1,44,,0,0,0,1.0,0,0,0
gp_set_0003,gp_set_0003_vid_0004,gp_3175,test,1920,1440,80,12469,12548,1,1,0,12545,1,1,77,,0,0,0,1.0,0,0,0
gp_set_0003,gp_set_0003_vid_0004,gp_3182,test,1920,1440,55,12483,12537,1,1,0,12534,1,1,52,,0,0,0,1.0,0,0,0
gp_set_0003,gp_set_0003_vid_0004,gp_3190,test,1920,1440,240,12474,12713,1,1,1,12474,1,1,1,12474,146,0,0,1.0,0,0,0
gp_set_0003,gp_set_0003_vid_0004,gp_3193,test,1920,1440,215,12503,12717,1,1,1,12507,1,1,5,12503,190,0,0,1.0,0,0,0
gp_set_0003,gp_set_0003_vid_0004,gp_3196,test,1920,1440,146,12440,12585,1,1,1,12475,1,1,36,12472,107,0,0,1.0,0,0,0
gp_set_0003,gp_set_0003_vid_0004,gp_3026,test,1920,1440,266,10846,11111,1,1,1,10943,1,1,98,10937,175,0,0,1.0,0,0,0
gp_set_0003,gp_set_0003_vid_0004,gp_3031,test,1920,1440,111,10910,11020,1,1,1,10952,1,1,43,10952,69,0,0,1.0,0,0,0
gp_set_0003,gp_set_0003_vid_0004,gp_3034,test,1920,1440,130,10955,11084,1,1,1,10961,1,1,7,10955,130,0,0,1.0,0,0,0
gp_set_0003,gp_set_0003_vid_0004,gp_3042,test,1920,1440,127,10978,11104,1,1,1,10978,1,1,1,10978,127,0,0,1.0,0,0,0
gp_set_0003,gp_set_0003_vid_0004,gp_3043,test,1920,1440,185,10958,11142,1,1,1,11012,1,1,55,11012,131,0,0,1.0,0,0,0
gp_set_0003,gp_set_0003_vid_0004,gp_3052,test,1920,1440,127,11013,11139,1,1,1,11054,1,1,42,11054,86,0,0,1.0,0,0,0
gp_set_0003,gp_set_0003_vid_0004,gp_3060,test,1920,1440,211,11013,11223,1,1,1,11131,1,1,119,11131,93,0,0,1.0,0,0,0
gp_set_0003,gp_set_0003_vid_0004,gp_3058,test,1920,1440,126,11059,11184,1,1,1,11100,1,1,42,11100,85,0,0,1.0,0,0,0
gp_set_0003,gp_set_0003_vid_0004,gp_3069,test,1920,1440,199,11198,11396,1,1,1,11198,1,1,1,11198,81,0,0,1.0,0,0,0
gp_set_0003,gp_set_0003_vid_0004,gp_3180,test,1920,1440,237,12363,12599,1,1,1,12363,1,1,1,12363,173,0,0,1.0,0,0,0
gp_set_0003,gp_set_0003_vid_0004,gp_3185,test,1920,1440,149,12421,12569,1,1,1,12565,1,1,145,12421,143,0,0,1.0,0,0,0
gp_set_0003,gp_set_0003_vid_0004,gp_3188,test,1920,1440,104,12466,12569,1,1,1,12565,1,1,100,12490,80,0,0,1.0,0,0,0
gp_set_0003,gp_set_0003_vid_0004,gp_3037,test,1920,1440,104,10973,11076,1,1,1,10987,1,1,15,10987,90,0,0,1.0,0,0,0
gp_set_0003,gp_set_0003_vid_0004,gp_3056,test,1920,1440,131,11036,11166,1,1,1,11056,1,1,21,11056,111,0,0,1.0,0,0,0
gp_set_0003,gp_set_0003_vid_0004,gp_3206,test,1920,1440,39,12565,12603,1,1,0,12600,1,1,36,,0,0,0,1.0,0,0,0
gp_set_0003,gp_set_0003_vid_0004,gp_3207,test,1920,1440,33,12590,12622,1,1,0,12619,1,1,30,,0,0,0,1.0,0,0,0
gp_set_0003,gp_set_0003_vid_0004,gp_3211,test,1920,1440,25,12609,12633,1,1,0,12630,1,1,22,,0,0,0,1.0,0,0,0
gp_set_0003,gp_set_0003_vid_0004,gp_3213,test,1920,1440,118,12603,12720,1,1,1,12617,1,1,15,12603,81,0,0,1.0,0,0,0
gp_set_0003,gp_set_0003_vid_0004,gp_3219,test,1920,1440,76,12638,12713,1,1,0,12710,1,1,73,,0,0,0,1.0,0,0,0
gp_set_0003,gp_set_0003_vid_0004,gp_3221,test,1920,1440,96,12683,12778,1,1,0,12775,1,1,93,,0,0,0,1.0,0,0,0
gp_set_0003,gp_set_0003_vid_0004,gp_3223,test,1920,1440,24,12708,12731,1,1,0,12728,1,1,21,,0,0,0,1.0,0,0,0
gp_set_0003,gp_set_0003_vid_0004,gp_3225,test,1920,1440,45,12733,12777,1,1,0,12774,1,1,42,,0,0,0,1.0,0,0,0
gp_set_0003,gp_set_0003_vid_0004,gp_3227,test,1920,1440,71,12889,12959,1,1,0,12956,1,1,68,,0,0,0,1.0,0,0,0
gp_set_0003,gp_set_0003_vid_0004,gp_3228,test,1920,1440,48,12915,12962,1,1,0,12959,1,1,45,,0,0,0,1.0,0,0,0
gp_set_0003,gp_set_0003_vid_0004,gp_3234,test,1920,1440,52,12996,13047,1,1,0,13044,1,1,49,,0,0,0,1.0,0,0,0
gp_set_0003,gp_set_0003_vid_0004,gp_3236,test,1920,1440,33,13021,13053,1,1,0,13050,1,1,30,,0,0,0,1.0,0,0,0
gp_set_0003,gp_set_0003_vid_0004,gp_3240,test,1920,1440,73,13075,13147,1,1,0,13144,1,1,70,,0,0,0,1.0,0,0,0
gp_set_0003,gp_set_0003_vid_0004,gp_3242,test,1920,1440,40,13168,13207,1,1,0,13204,1,1,37,,0,0,0,1.0,0,0,0
gp_set_0003,gp_set_0003_vid_0004,gp_3244,test,1920,1440,83,13167,13249,1,1,0,13246,1,1,80,,0,0,0,1.0,0,0,0
gp_set_0003,gp_set_0003_vid_0004,gp_3247,test,1920,1440,62,13209,13270,1,1,0,13267,1,1,59,,0,0,0,1.0,0,0,0
gp_set_0003,gp_set_0003_vid_0004,gp_3248,test,1920,1440,59,13209,13267,1,1,0,13264,1,1,56,,0,0,0,1.0,0,0,0
gp_set_0003,gp_set_0003_vid_0004,gp_3250,test,1920,1440,34,13246,13279,1,1,0,13276,1,1,31,,0,0,0,1.0,0,0,0
gp_set_0003,gp_set_0003_vid_0004,gp_3253,test,1920,1440,74,13213,13286,1,1,0,13253,1,1,41,,0,0,0,1.0,0,0,0
gp_set_0003,gp_set_0003_vid_0004,gp_3255,test,1920,1440,41,13270,13310,1,1,0,13307,1,1,38,,0,0,0,1.0,0,0,0
gp_set_0003,gp_set_0003_vid_0004,gp_3259,test,1920,1440,36,13265,13300,1,1,0,13297,1,1,33,,0,0,0,1.0,0,0,0
gp_set_0003,gp_set_0003_vid_0004,gp_3261,test,1920,1440,47,13284,13330,1,1,0,13327,1,1,44,,0,0,0,1.0,0,0,0
gp_set_0003,gp_set_0003_vid_0004,gp_3265,test,1920,1440,39,13284,13322,1,1,0,13319,1,1,36,,0,0,0,1.0,0,0,0
gp_set_0003,gp_set_0003_vid_0004,gp_3274,test,1920,1440,53,13391,13443,1,1,0,13440,1,1,50,,0,0,0,1.0,0,0,0
gp_set_0003,gp_set_0003_vid_0004,gp_3275,test,1920,1440,84,13376,13459,1,1,0,13456,1,1,81,,0,0,0,1.0,0,0,0
gp_set_0003,gp_set_0003_vid_0004,gp_3292,test,1920,1440,64,13413,13476,1,1,0,13473,1,1,61,,0,0,0,1.0,0,0,0
gp_set_0003,gp_set_0003_vid_0004,gp_3293,test,1920,1440,85,13388,13472,1,1,0,13469,1,1,82,,0,0,0,1.0,0,0,0
gp_set_0003,gp_set_0003_vid_0004,gp_3295,test,1920,1440,42,13426,13467,1,1,0,13464,1,1,39,,0,0,0,1.0,0,0,0
gp_set_0003,gp_set_0003_vid_0004,gp_3298,test,1920,1440,43,13549,13591,1,1,0,13588,1,1,40,,0,0,0,1.0,0,0,0
gp_set_0003,gp_set_0003_vid_0004,gp_3301,test,1920,1440,51,13569,13619,1,1,0,13616,1,1,48,,0,0,0,1.0,0,0,0
gp_set_0003,gp_set_0003_vid_0004,gp_3303,test,1920,1440,55,13572,13626,1,1,0,13623,1,1,52,,0,0,0,1.0,0,0,0
gp_set_0003,gp_set_0003_vid_0004,gp_3308,test,1920,1440,70,13722,13791,1,1,0,13788,1,1,67,,0,0,0,1.0,0,0,0
gp_set_0003,gp_set_0003_vid_0004,gp_3312,test,1920,1440,44,13742,13785,1,1,0,13782,1,1,41,,0,0,0,1.0,0,0,0
gp_set_0003,gp_set_0003_vid_0004,gp_3314,test,1920,1440,39,13813,13851,1,1,0,13848,1,1,36,,0,0,0,1.0,0,0,0
gp_set_0003,gp_set_0003_vid_0004,gp_3317,test,1920,1440,46,13813,13858,1,1,0,13855,1,1,43,,0,0,0,1.0,0,0,0
gp_set_0003,gp_set_0003_vid_0004,gp_3321,test,1920,1440,82,13889,13970,1,1,0,13967,1,1,79,,0,0,0,1.0,0,0,0
gp_set_0003,gp_set_0003_vid_0004,gp_3324,test,1920,1440,44,13928,13971,1,1,0,13968,1,1,41,,0,0,0,1.0,0,3,0
gp_set_0003,gp_set_0003_vid_0004,gp_3327,test,1920,1440,53,13924,13976,1,1,0,13973,1,1,50,,0,0,0,1.0,0,0,0
gp_set_0003,gp_set_0003_vid_0004,gp_3328,test,1920,1440,55,14082,14136,1,1,0,14133,1,1,52,,0,0,0,1.0,0,0,0
gp_set_0003,gp_set_0003_vid_0004,gp_3331,test,1920,1440,80,14071,14150,1,1,0,14147,1,1,77,,0,0,0,1.0,0,0,0
gp_set_0003,gp_set_0003_vid_0004,gp_3333,test,1920,1440,27,14165,14191,1,1,0,14188,1,1,24,,0,0,0,1.0,0,0,0
gp_set_0003,gp_set_0003_vid_0004,gp_3332,test,1920,1440,35,14153,14187,1,1,0,14184,1,1,32,,0,0,0,1.0,0,0,0
gp_set_0003,gp_set_0003_vid_0004,gp_3340,test,1920,1440,90,14245,14334,1,1,0,14331,1,1,87,,0,0,0,1.0,0,0,0
gp_set_0003,gp_set_0003_vid_0004,gp_3345,test,1920,1440,209,14478,14686,1,1,0,14683,1,1,206,,0,0,0,1.0,0,0,0
gp_set_0003,gp_set_0003_vid_0004,gp_3346,test,1920,1440,96,14665,14760,1,1,0,14757,1,1,93,,0,0,0,1.0,0,0,0
gp_set_0003,gp_set_0003_vid_0004,gp_3355,test,1920,1440,164,14897,15060,1,1,0,15057,1,1,161,,0,0,0,1.0,0,0,0
gp_set_0003,gp_set_0003_vid_0004,gp_3366,test,1920,1440,165,15250,15414,1,1,1,15250,1,1,1,15250,26,0,0,1.0,0,0,0
gp_set_0003,gp_set_0003_vid_0004,gp_3371,test,1920,1440,189,15265,15453,1,1,1,15265,1,1,1,15265,17,0,0,1.0,0,0,0
gp_set_0003,gp_set_0003_vid_0004,gp_3376,test,1920,1440,102,15388,15489,1,1,1,15474,1,1,87,15474,16,0,0,1.0,0,0,0
gp_set_0003,gp_set_0003_vid_0004,gp_3378,test,1920,1440,65,15492,15556,1,1,1,15553,1,1,62,15553,4,0,0,1.0,0,0,0
gp_set_0003,gp_set_0003_vid_0004,gp_3383,test,1920,1440,125,15518,15642,1,1,1,15620,1,1,103,15620,23,0,0,1.0,0,0,0
gp_set_0003,gp_set_0003_vid_0004,gp_3389,test,1920,1440,128,15572,15699,1,1,0,15696,1,1,125,,0,0,0,1.0,0,0,0
gp_set_0003,gp_set_0003_vid_0004,gp_3394,test,1920,1440,177,15759,15935,1,1,1,15791,1,1,33,15781,128,0,0,1.0,0,0,0
gp_set_0003,gp_set_0003_vid_0004,gp_3397,test,1920,1440,40,15962,16001,1,1,0,15998,1,1,37,,0,0,0,1.0,0,0,0
gp_set_0003,gp_set_0003_vid_0004,gp_3400,test,1920,1440,92,16068,16159,1,1,0,16156,1,1,89,16068,26,0,0,1.0,0,0,0
gp_set_0003,gp_set_0003_vid_0004,gp_3357,test,1920,1440,246,15074,15319,1,1,1,15089,1,1,16,15074,125,0,0,1.0,0,0,0
gp_set_0003,gp_set_0003_vid_0004,gp_3360,test,1920,1440,260,15092,15351,1,1,1,15096,1,1,5,15092,150,0,0,1.0,0,0,0
gp_set_0003,gp_set_0003_vid_0004,gp_3404,test,1920,1440,40,16227,16266,1,1,0,16263,1,1,37,,0,0,0,1.0,0,0,0
gp_set_0003,gp_set_0003_vid_0004,gp_3408,test,1920,1440,39,16234,16272,1,1,0,16269,1,1,36,,0,0,0,1.0,0,0,0
gp_set_0003,gp_set_0003_vid_0004,gp_3410,test,1920,1440,42,16220,16261,1,1,0,16258,1,1,39,,0,0,0,1.0,0,0,0
gp_set_0003,gp_set_0003_vid_0004,gp_3414,test,1920,1440,56,16263,16318,1,1,0,16315,1,1,53,,0,0,0,1.0,0,0,0
gp_set_0003,gp_set_0003_vid_0004,gp_3416,test,1920,1440,70,16359,16428,1,1,0,16425,1,1,67,,0,0,0,1.0,0,0,0
gp_set_0003,gp_set_0003_vid_0004,gp_3429,test,1920,1440,54,16611,16664,1,1,0,16661,1,1,51,,0,0,0,1.0,0,0,0
gp_set_0003,gp_set_0003_vid_0004,gp_3430,test,1920,1440,51,16722,16772,1,1,0,16769,1,1,48,,0,0,0,1.0,0,0,0
gp_set_0003,gp_set_0003_vid_0004,gp_3431,test,1920,1440,64,16786,16849,1,1,0,16846,1,1,61,,0,0,0,1.0,0,0,0
gp_set_0003,gp_set_0003_vid_0004,gp_3433,test,1920,1440,33,16857,16889,1,1,0,16886,1,1,30,,0,0,0,1.0,0,0,0
gp_set_0003,gp_set_0003_vid_0004,gp_3434,test,1920,1440,31,16857,16887,1,1,0,16884,1,1,28,,0,0,0,1.0,0,0,0
gp_set_0003,gp_set_0003_vid_0004,gp_3437,test,1920,1440,33,16828,16860,1,1,0,16857,1,1,30,,0,0,0,1.0,0,0,0
gp_set_0003,gp_set_0003_vid_0004,gp_3439,test,1920,1440,48,16863,16910,1,1,0,16907,1,1,45,,0,0,0,1.0,0,0,0
gp_set_0003,gp_set_0003_vid_0004,gp_3443,test,1920,1440,34,16865,16898,1,1,0,16895,1,1,31,,0,0,0,1.0,0,0,0
gp_set_0003,gp_set_0003_vid_0004,gp_3444,test,1920,1440,38,16867,16904,1,1,0,16901,1,1,35,,0,0,0,1.0,0,0,0
gp_set_0003,gp_set_0003_vid_0004,gp_3446,test,1920,1440,34,16894,16927,1,1,0,16924,1,1,31,,0,0,0,1.0,0,0,0
gp_set_0003,gp_set_0003_vid_0004,gp_3448,test,1920,1440,34,16907,16940,1,1,0,16937,1,1,31,,0,0,0,1.0,0,0,0
gp_set_0003,gp_set_0003_vid_0004,gp_3450,test,1920,1440,58,16967,17024,1,1,0,17021,1,1,55,,0,0,0,1.0,0,0,0
gp_set_0003,gp_set_0003_vid_0004,gp_3451,test,1920,1440,96,17134,17229,1,1,0,17226,1,1,93,,0,0,0,1.0,0,0,0
gp_set_0003,gp_set_0003_vid_0004,gp_3455,test,1920,1440,223,17245,17467,1,1,0,17464,1,1,220,,0,0,0,1.0,0,0,0
gp_set_0003,gp_set_0003_vid_0004,gp_3457,test,1920,1440,42,17425,17466,1,1,1,17425,1,1,1,17425,42,0,0,1.0,0,0,0
gp_set_0003,gp_set_0003_vid_0004,gp_3458,test,1920,1440,48,17502,17549,1,1,0,17546,1,1,45,,0,0,0,1.0,0,0,0
gp_set_0003,gp_set_0003_vid_0004,gp_3460,test,1920,1440,64,17496,17559,1,1,0,17556,1,1,61,,0,0,0,1.0,0,0,0
gp_set_0003,gp_set_0003_vid_0004,gp_3462,test,1920,1440,133,17467,17599,1,1,0,17596,1,1,130,,0,0,0,1.0,0,0,0
gp_set_0003,gp_set_0003_vid_0004,gp_3467,test,1920,1440,210,17518,17727,1,1,1,17607,1,1,90,17593,135,0,0,1.0,0,0,0
gp_set_0003,gp_set_0003_vid_0004,gp_3469,test,1920,1440,153,17682,17834,1,1,1,17691,1,1,10,17682,149,0,0,1.0,0,0,0
gp_set_0003,gp_set_0003_vid_0004,gp_3471,test,1920,1440,160,17693,17852,1,1,1,17727,1,1,35,17727,126,0,0,1.0,0,0,0
gp_set_0003,gp_set_0003_vid_0004,gp_3474,test,1920,1440,229,17580,17808,1,1,1,17677,1,1,98,17657,152,0,0,1.0,0,0,0
gp_set_0003,gp_set_0003_vid_0004,gp_3477,test,1920,1440,116,17770,17885,1,1,1,17795,1,1,26,17782,104,0,0,1.0,0,0,0
gp_set_0003,gp_set_0003_vid_0004,gp_3479,test,1920,1440,108,17788,17895,1,1,1,17819,1,1,32,17812,84,0,0,1.0,0,0,0
gp_set_0003,gp_set_0003_vid_0004,gp_3483,test,1920,1440,51,17950,18000,1,1,0,17997,1,1,48,,0,0,0,1.0,0,0,0
gp_set_0003,gp_set_0003_vid_0004,gp_3485,test,1920,1440,47,17950,17996,1,1,0,17993,1,1,44,,0,0,0,1.0,0,0,0
gp_set_0003,gp_set_0003_vid_0004,gp_3491,test,1920,1440,123,17950,18072,1,1,1,17950,1,1,1,17950,123,0,0,1.0,0,0,0
gp_set_0003,gp_set_0003_vid_0004,gp_3493,test,1920,1440,145,17950,18094,1,1,0,18091,1,1,142,,0,0,0,1.0,0,0,0
gp_set_0003,gp_set_0003_vid_0004,gp_3499,test,1920,1440,34,18170,18203,1,1,0,18200,1,1,31,,0,0,0,1.0,0,0,0
gp_set_0003,gp_set_0003_vid_0004,gp_3518,test,1920,1440,82,18892,18973,1,1,0,18970,1,1,79,,0,0,0,1.0,0,0,0
gp_set_0003,gp_set_0003_vid_0004,gp_3528,test,1920,1440,225,19127,19351,1,1,1,19127,1,1,1,19127,122,0,0,1.0,0,0,0
gp_set_0003,gp_set_0003_vid_0004,gp_3529,test,1920,1440,237,19214,19450,1,1,1,19214,1,1,1,19263,188,0,0,1.0,0,0,0
gp_set_0003,gp_set_0003_vid_0004,gp_3523,test,1920,1440,87,19055,19141,1,1,1,19055,1,1,1,19055,79,0,0,1.0,0,0,0
gp_set_0003,gp_set_0003_vid_0004,gp_3524,test,1920,1440,83,19097,19179,1,1,1,19097,1,1,1,19097,78,0,0,1.0,0,0,0
gp_set_0003,gp_set_0003_vid_0004,gp_3526,test,1920,1440,77,19132,19208,1,1,1,19132,1,1,1,19132,77,0,0,1.0,0,0,0
gp_set_0003,gp_set_0003_vid_0004,gp_3494,test,1920,1440,58,18068,18125,1,1,0,18122,1,1,55,,0,0,0,1.0,0,0,0
gp_set_0003,gp_set_0003_vid_0004,gp_3495,test,1920,1440,159,17991,18149,1,1,0,18146,1,1,156,,0,0,0,1.0,0,0,0
gp_set_0003,gp_set_0003_vid_0004,gp_3496,test,1920,1440,69,18118,18186,1,1,0,18183,1,1,66,,0,0,0,1.0,0,0,0
gp_set_0003,gp_set_0003_vid_0004,gp_3497,test,1920,1440,61,18135,18195,1,1,0,18192,1,1,58,,0,0,0,1.0,0,0,0
gp_set_0003,gp_set_0003_vid_0004,gp_3500,test,1920,1440,141,18089,18229,1,1,0,18226,1,1,138,,0,0,0,1.0,0,0,0
gp_set_0003,gp_set_0003_vid_0004,gp_3502,test,1920,1440,186,18053,18238,1,1,0,18235,1,1,183,,0,0,0,1.0,0,0,0
gp_set_0003,gp_set_0003_vid_0004,gp_3503,test,1920,1440,502,18212,18713,1,1,1,18710,1,1,499,,0,0,0,1.0,0,0,0
gp_set_0003,gp_set_0003_vid_0004,gp_3506,test,1920,1440,106,18459,18564,1,1,0,18561,1,1,103,,0,0,0,1.0,0,0,0
gp_set_0003,gp_set_0003_vid_0004,gp_3509,test,1920,1440,410,18293,18702,1,1,0,18699,1,1,407,,0,0,0,1.0,0,0,0
gp_set_0003,gp_set_0003_vid_0004,gp_3511,test,1920,1440,71,18766,18836,1,1,0,18833,1,1,68,,0,0,0,1.0,0,0,0
gp_set_0003,gp_set_0003_vid_0004,gp_3513,test,1920,1440,36,18822,18857,1,1,0,18854,1,1,33,,0,0,0,1.0,0,0,0
gp_set_0003,gp_set_0003_vid_0004,gp_3515,test,1920,1440,337,18787,19123,1,1,0,19120,1,1,334,,0,0,0,1.0,0,0,0
gp_set_0003,gp_set_0003_vid_0004,gp_3516,test,1920,1440,118,18829,18946,1,1,0,18970,0,0,,,0,0,0,1.0,0,0,0
gp_set_0003,gp_set_0003_vid_0004,gp_3520,test,1920,1440,196,18818,19013,1,1,0,19010,1,1,193,,0,0,0,1.0,0,0,0
gp_set_0003,gp_set_0003_vid_0004,gp_3525,test,1920,1440,205,18987,19191,1,1,0,19188,1,1,202,,0,0,0,1.0,0,0,0
gp_set_0003,gp_set_0003_vid_0004,gp_3530,test,1920,1440,174,19608,19781,1,1,0,19746,1,1,139,,0,0,0,1.0,0,0,0
gp_set_0003,gp_set_0003_vid_0004,gp_3539,test,1920,1440,47,19745,19791,1,1,0,19788,1,1,44,,0,0,0,1.0,0,0,0
gp_set_0003,gp_set_0003_vid_0004,gp_3542,test,1920,1440,78,19781,19858,1,1,0,19855,1,1,75,,0,0,0,1.0,0,0,0
gp_set_0003,gp_set_0003_vid_0004,gp_3545,test,1920,1440,53,19775,19827,1,1,0,19824,1,1,50,,0,0,0,1.0,0,0,0
gp_set_0003,gp_set_0003_vid_0004,gp_3548,test,1920,1440,72,19786,19857,1,1,0,19854,1,1,69,,0,0,0,1.0,0,0,0
gp_set_0003,gp_set_0003_vid_0004,gp_3551,test,1920,1440,93,19797,19889,1,1,0,19886,1,1,90,,0,0,0,1.0,0,0,0
gp_set_0003,gp_set_0003_vid_0004,gp_3553,test,1920,1440,66,19971,20036,1,1,0,20033,1,1,63,,0,0,0,1.0,0,0,0
gp_set_0003,gp_set_0003_vid_0004,gp_3555,test,1920,1440,65,20068,20132,1,1,0,20129,1,1,62,,0,0,0,1.0,0,0,0
gp_set_0003,gp_set_0003_vid_0004,gp_3558,test,1920,1440,60,20068,20127,1,1,0,20124,1,1,57,,0,0,0,1.0,0,0,0
gp_set_0003,gp_set_0003_vid_0004,gp_3564,test,1920,1440,86,20124,20209,1,1,0,20206,1,1,83,,0,0,0,1.0,0,0,0
gp_set_0003,gp_set_0003_vid_0004,gp_3567,test,1920,1440,71,20262,20332,1,1,0,20329,1,1,68,,0,0,0,1.0,0,0,0
gp_set_0003,gp_set_0003_vid_0004,gp_3572,test,1920,1440,124,20300,20423,1,1,0,20420,1,1,121,,0,0,0,1.0,0,0,0
gp_set_0003,gp_set_0003_vid_0004,gp_3575,test,1920,1440,46,20327,20372,1,1,0,20329,1,1,3,,0,0,0,1.0,0,0,0
gp_set_0003,gp_set_0003_vid_0004,gp_3576,test,1920,1440,43,20340,20382,1,1,0,20379,1,1,40,,0,0,0,1.0,0,0,0
gp_set_0003,gp_set_0003_vid_0004,gp_3578,test,1920,1440,65,20432,20496,1,1,0,20493,1,1,62,,0,0,0,1.0,0,0,0
gp_set_0003,gp_set_0003_vid_0004,gp_3580,test,1920,1440,87,20432,20518,1,1,0,20515,1,1,84,,0,0,0,1.0,0,0,0
gp_set_0003,gp_set_0003_vid_0004,gp_3588,test,1920,1440,109,20800,20908,1,1,0,20908,1,1,109,,0,0,0,1.0,0,0,0
gp_set_0003,gp_set_0003_vid_0004,gp_3589,test,1920,1440,104,20800,20903,1,1,0,20905,0,0,,,0,0,0,1.0,0,0,0
gp_set_0003,gp_set_0003_vid_0004,gp_3591,test,1920,1440,106,20829,20934,1,1,0,20931,1,1,103,,0,0,0,1.0,0,0,0
gp_set_0003,gp_set_0003_vid_0004,gp_3598,test,1920,1440,183,20856,21038,1,1,1,20882,1,1,27,20882,157,0,0,1.0,0,0,0
gp_set_0003,gp_set_0003_vid_0004,gp_3608,test,1920,1440,66,21053,21118,1,1,0,21115,1,1,63,,0,0,0,1.0,0,0,0
gp_set_0003,gp_set_0003_vid_0004,gp_3610,test,1920,1440,81,21101,21181,1,1,0,21178,1,1,78,,0,0,0,1.0,0,0,0
gp_set_0003,gp_set_0003_vid_0004,gp_3617,test,1920,1440,41,21078,21118,1,1,0,21115,1,1,38,,0,0,0,1.0,0,0,0
gp_set_0003,gp_set_0003_vid_0004,gp_3621,test,1920,1440,17,21047,21063,1,1,0,21060,1,1,14,,0,0,0,1.0,0,0,0
gp_set_0003,gp_set_0003_vid_0004,gp_3541,test,1920,1440,50,19753,19802,1,1,0,19799,1,1,47,,0,0,0,1.0,0,0,0
gp_set_0003,gp_set_0003_vid_0004,gp_4134,test,1920,1440,84,20223,20306,1,1,0,20303,1,1,81,,0,0,0,1.0,0,0,0
gp_set_0003,gp_set_0003_vid_0004,gp_4139,test,1920,1440,88,20223,20310,1,1,0,20307,1,1,85,,0,0,0,1.0,0,0,0
gp_set_0003,gp_set_0003_vid_0004,gp_3606,test,1920,1440,219,20813,21031,1,1,1,20882,1,1,70,20882,150,0,0,1.0,0,0,0
gp_set_0003,gp_set_0003_vid_0004,gp_3614,test,1920,1440,159,21019,21177,1,1,1,21019,1,1,1,21024,137,0,0,1.0,0,0,0
gp_set_0003,gp_set_0003_vid_0005,gp_6973,test,1920,1080,205,640,844,1,1,0,937,0,0,,,0,0,0,1.0,0,0,0
gp_set_0003,gp_set_0003_vid_0005,gp_6972,test,1920,1080,177,0,176,1,1,0,172,1,1,173,,0,0,0,1.0,0,0,0
gp_set_0003,gp_set_0003_vid_0005,gp_6938,test,1920,1080,104,4936,5039,1,1,0,5036,1,1,101,,0,0,0,1.0,0,0,0
gp_set_0003,gp_set_0003_vid_0005,gp_6939,test,1920,1080,77,6209,6285,1,1,0,6281,1,1,73,,0,0,0,1.0,0,0,0
gp_set_0003,gp_set_0003_vid_0005,gp_6940,test,1920,1080,46,6114,6159,1,1,0,6156,1,1,43,,0,0,0,1.0,0,0,0
gp_set_0003,gp_set_0003_vid_0005,gp_6941,test,1920,1080,99,7086,7184,1,1,0,7181,1,1,96,7106,79,0,0,1.0,0,0,0
gp_set_0003,gp_set_0003_vid_0005,gp_6942,test,1920,1080,148,7126,7273,1,1,0,7181,1,1,56,7151,123,0,0,1.0,0,0,0
gp_set_0003,gp_set_0003_vid_0005,gp_6944,test,1920,1080,340,7240,7579,1,1,1,7323,1,1,84,7265,220,0,0,1.0,0,0,0
gp_set_0003,gp_set_0003_vid_0005,gp_6945,test,1920,1080,293,7293,7585,1,1,1,7398,1,1,106,7368,218,0,0,1.0,0,0,0
gp_set_0003,gp_set_0003_vid_0005,gp_6946,test,1920,1080,309,7293,7601,1,1,1,7403,1,1,111,7408,194,0,0,1.0,0,0,0
gp_set_0003,gp_set_0003_vid_0005,gp_6947,test,1920,1080,218,7395,7612,1,1,1,7460,1,1,66,7450,163,0,0,1.0,0,0,0
gp_set_0003,gp_set_0003_vid_0005,gp_6969,test,1920,1080,161,7510,7670,1,1,1,7565,1,1,56,7555,116,0,0,1.0,0,0,0
gp_set_0003,gp_set_0003_vid_0005,gp_6970,test,1920,1080,128,7550,7677,1,0,,,0,0,,7595,83,0,0,1.0,0,0,0
gp_set_0003,gp_set_0003_vid_0005,gp_6971,test,1920,1080,113,7600,7712,1,1,1,7650,1,1,51,7645,68,0,0,1.0,0,0,0
gp_set_0003,gp_set_0003_vid_0005,gp_6974,test,1920,1080,150,10833,10982,1,1,0,10975,1,1,143,,0,137,0,1.0,0,0,0
gp_set_0003,gp_set_0003_vid_0005,gp_6976,test,1920,1080,166,14395,14560,1,1,1,14395,1,1,1,14395,166,0,0,1.0,0,0,0
gp_set_0003,gp_set_0003_vid_0005,gp_6977,test,1920,1080,184,14390,14573,1,1,1,14390,1,1,1,14390,184,0,0,1.0,0,0,0
gp_set_0003,gp_set_0003_vid_0005,gp_6978,test,1920,1080,311,14680,14990,1,1,1,14680,1,1,1,14680,175,0,0,1.0,0,0,0
gp_set_0003,gp_set_0003_vid_0005,gp_6979,test,1920,1080,275,14815,15089,1,1,1,14995,1,1,181,14965,125,0,0,1.0,0,0,0
gp_set_0003,gp_set_0003_vid_0005,gp_6975,test,1920,1080,197,14360,14556,1,1,1,14360,1,1,1,14360,197,0,0,1.0,0,0,0
gp_set_0004,gp_set_0004_vid_0001,gp_3686,train,1920,1440,37,515,551,1,1,0,548,1,1,34,,0,0,0,1.0,0,0,0
gp_set_0004,gp_set_0004_vid_0001,gp_3687,train,1920,1440,23,539,561,1,1,0,558,1,1,20,,0,0,0,1.0,0,0,0
gp_set_0004,gp_set_0004_vid_0001,gp_3688,train,1920,1440,34,608,641,1,1,0,638,1,1,31,,0,0,0,1.0,0,0,0
gp_set_0004,gp_set_0004_vid_0001,gp_3690,train,1920,1440,45,612,656,1,1,0,653,1,1,42,,0,0,0,1.0,0,0,0
gp_set_0004,gp_set_0004_vid_0001,gp_3692,train,1920,1440,68,1056,1123,1,1,0,1120,1,1,65,,0,0,0,1.0,0,0,0
gp_set_0004,gp_set_0004_vid_0001,gp_3696,train,1920,1440,38,1175,1212,1,1,0,1209,1,1,35,,0,0,0,1.0,0,0,0
gp_set_0004,gp_set_0004_vid_0001,gp_3697,train,1920,1440,66,1412,1477,1,1,0,1474,1,1,63,,0,0,0,1.0,0,0,0
gp_set_0004,gp_set_0004_vid_0001,gp_3699,train,1920,1440,89,1636,1724,1,1,0,1721,1,1,86,,0,0,0,1.0,0,0,0
gp_set_0004,gp_set_0004_vid_0001,gp_3653,train,1920,1440,244,195,438,1,1,1,199,1,1,5,195,244,0,0,1.0,0,8,0
gp_set_0004,gp_set_0004_vid_0001,gp_3656,train,1920,1440,462,26,487,1,1,1,26,1,1,1,147,341,0,0,1.0,0,0,0
gp_set_0004,gp_set_0004_vid_0001,gp_3702,train,1920,1440,305,43,347,1,1,1,43,1,1,1,100,248,0,0,1.0,0,0,0
gp_set_0004,gp_set_0004_vid_0001,gp_3552,train,1920,1440,18,1795,1812,1,1,0,1809,1,1,15,,0,0,0,1.0,0,0,0
gp_set_0004,gp_set_0004_vid_0001,gp_3607,train,1920,1440,153,0,152,1,1,1,0,1,1,1,0,124,0,0,1.0,0,0,0
gp_set_0004,gp_set_0004_vid_0001,gp_3612,train,1920,1440,25,0,24,1,1,0,21,1,1,22,,0,0,0,1.0,0,0,0
gp_set_0004,gp_set_0004_vid_0001,gp_3615,train,1920,1440,275,0,274,1,1,1,0,1,1,1,25,250,0,0,1.0,0,0,0
gp_set_0004,gp_set_0004_vid_0001,gp_3630,train,1920,1440,260,0,259,1,1,1,0,1,1,1,0,170,0,0,1.0,0,0,0
gp_set_0004,gp_set_0004_vid_0001,gp_3634,train,1920,1440,237,0,236,1,1,1,0,1,1,1,0,185,0,0,1.0,0,0,0
gp_set_0004,gp_set_0004_vid_0001,gp_3622,train,1920,1440,321,0,320,1,1,1,0,1,1,1,0,314,0,0,1.0,0,0,0
gp_set_0004,gp_set_0004_vid_0001,gp_3625,train,1920,1440,304,0,303,1,1,1,0,1,1,1,0,304,0,0,1.0,0,0,0
gp_set_0004,gp_set_0004_vid_0001,gp_3637,train,1920,1440,333,0,332,1,1,1,0,1,1,1,0,291,0,0,1.0,0,0,0
gp_set_0004,gp_set_0004_vid_0001,gp_3640,train,1920,1440,326,0,325,1,1,1,0,1,1,1,33,293,0,0,1.0,0,0,0
gp_set_0004,gp_set_0004_vid_0001,gp_3648,train,1920,1440,419,0,418,1,1,1,122,1,1,123,45,374,0,0,1.0,0,0,0
gp_set_0004,gp_set_0004_vid_0001,gp_3650,train,1920,1440,300,4,303,1,1,1,4,1,1,1,4,300,0,0,1.0,0,0,0
gp_set_0004,gp_set_0004_vid_0001,gp_3554,train,1920,1440,67,1907,1973,1,1,0,1970,1,1,64,,0,0,0,1.0,0,0,0
gp_set_0004,gp_set_0004_vid_0001,gp_3557,train,1920,1440,71,1960,2030,1,1,0,2027,1,1,68,,0,0,0,1.0,0,0,0
gp_set_0004,gp_set_0004_vid_0001,gp_3561,train,1920,1440,82,1962,2043,1,1,0,2040,1,1,79,,0,0,0,1.0,0,0,0
gp_set_0004,gp_set_0004_vid_0001,gp_3562,train,1920,1440,66,1985,2050,1,1,0,2047,1,1,63,,0,0,0,1.0,0,0,0
gp_set_0004,gp_set_0004_vid_0001,gp_3564,train,1920,1440,41,1997,2037,1,1,0,2034,1,1,38,,0,0,0,1.0,0,0,0
gp_set_0004,gp_set_0004_vid_0001,gp_3566,train,1920,1440,30,2266,2295,1,1,0,2292,1,1,27,,0,0,0,1.0,0,0,0
gp_set_0004,gp_set_0004_vid_0001,gp_3570,train,1920,1440,87,2306,2392,1,1,0,2389,1,1,84,,0,0,0,1.0,0,0,0
gp_set_0004,gp_set_0004_vid_0001,gp_3577,train,1920,1440,69,2328,2396,1,1,0,2393,1,1,66,,0,0,0,1.0,0,0,0
gp_set_0004,gp_set_0004_vid_0001,gp_3579,train,1920,1440,115,2370,2484,1,1,0,2481,1,1,112,,0,0,0,1.0,0,0,0
gp_set_0004,gp_set_0004_vid_0001,gp_3584,train,1920,1440,9,2590,2598,1,1,0,2595,1,1,6,,0,0,0,1.0,0,0,0
gp_set_0004,gp_set_0004_vid_0001,gp_3585,train,1920,1440,82,2535,2616,1,1,0,2613,1,1,79,,0,0,0,1.0,0,0,0
gp_set_0004,gp_set_0004_vid_0001,gp_3590,train,1920,1440,36,2691,2726,1,1,0,2723,1,1,33,,0,0,0,1.0,0,0,0
gp_set_0004,gp_set_0004_vid_0001,gp_3592,train,1920,1440,18,2816,2833,1,1,0,2830,1,1,15,,0,0,0,1.0,0,0,0
gp_set_0004,gp_set_0004_vid_0001,gp_3596,train,1920,1440,14,2827,2840,1,1,0,2837,1,1,11,,0,0,0,1.0,0,0,0
gp_set_0004,gp_set_0004_vid_0001,gp_3597,train,1920,1440,35,3152,3186,1,1,0,3183,1,1,32,,0,0,0,1.0,0,0,0
gp_set_0004,gp_set_0004_vid_0001,gp_3601,train,1920,1440,27,3568,3594,1,1,0,3591,1,1,24,,0,0,0,1.0,0,0,0
gp_set_0004,gp_set_0004_vid_0001,gp_3602,train,1920,1440,24,3566,3589,1,1,0,3586,1,1,21,,0,0,0,1.0,0,0,0
gp_set_0004,gp_set_0004_vid_0001,gp_3531,train,1920,1440,26,3707,3732,1,1,0,3729,1,1,23,,0,0,0,1.0,0,0,0
gp_set_0004,gp_set_0004_vid_0001,gp_3532,train,1920,1440,39,3709,3747,1,1,0,3744,1,1,36,,0,0,0,1.0,0,0,0
gp_set_0004,gp_set_0004_vid_0001,gp_3237,train,1920,1440,125,3744,3868,1,1,0,3865,1,1,122,,0,0,0,1.0,0,0,0
gp_set_0004,gp_set_0004_vid_0001,gp_3540,train,1920,1440,108,3745,3852,1,1,0,3849,1,1,105,,0,0,0,1.0,0,0,0
gp_set_0004,gp_set_0004_vid_0001,gp_3544,train,1920,1440,18,4508,4525,1,1,0,4522,1,1,15,,0,0,0,1.0,0,0,0
gp_set_0004,gp_set_0004_vid_0001,gp_3547,train,1920,1440,16,4511,4526,1,1,0,4523,1,1,13,,0,0,0,1.0,0,0,0
gp_set_0004,gp_set_0004_vid_0001,gp_3525,train,1920,1440,128,5863,5990,1,1,0,5987,1,1,125,,0,0,0,1.0,0,0,0
gp_set_0004,gp_set_0004_vid_0001,gp_3527,train,1920,1440,225,6858,7082,1,1,0,7079,1,1,222,,0,0,0,1.0,0,9,0
gp_set_0004,gp_set_0004_vid_0001,gp_3519,train,1920,1440,134,8465,8598,1,1,0,8592,1,1,128,,0,0,0,1.0,0,0,0
gp_set_0004,gp_set_0004_vid_0001,gp_3521,train,1920,1440,38,8942,8979,1,1,0,8976,1,1,35,,0,0,0,1.0,0,0,0
gp_set_0004,gp_set_0004_vid_0001,gp_3522,train,1920,1440,158,8936,9093,1,1,0,8976,1,1,41,,0,0,0,1.0,0,0,0
gp_set_0004,gp_set_0004_vid_0001,gp_3517,train,1920,1440,54,8072,8125,1,1,0,8122,1,1,51,,0,0,0,1.0,0,0,0
gp_set_0004,gp_set_0004_vid_0001,gp_3498,train,1920,1440,83,8985,9067,1,1,0,9064,1,1,80,,0,0,0,1.0,0,0,0
gp_set_0004,gp_set_0004_vid_0001,gp_3504,train,1920,1440,67,9398,9464,1,1,0,9461,1,1,64,,0,0,0,1.0,0,0,0
gp_set_0004,gp_set_0004_vid_0001,gp_3505,train,1920,1440,78,9710,9787,1,1,0,9784,1,1,75,,0,0,0,1.0,0,0,0
gp_set_0004,gp_set_0004_vid_0001,gp_3507,train,1920,1440,38,9665,9702,1,1,0,9699,1,1,35,,0,0,0,1.0,0,0,0
gp_set_0004,gp_set_0004_vid_0001,gp_3508,train,1920,1440,42,9779,9820,1,1,0,9817,1,1,39,,0,0,0,1.0,0,0,0
gp_set_0004,gp_set_0004_vid_0001,gp_3510,train,1920,1440,57,9948,10004,1,1,0,10001,1,1,54,,0,0,0,1.0,0,0,0
gp_set_0004,gp_set_0004_vid_0001,gp_3512,train,1920,1440,70,10011,10080,1,1,0,10077,1,1,67,,0,0,0,1.0,0,0,0
gp_set_0004,gp_set_0004_vid_0001,gp_3513,train,1920,1440,32,10230,10261,1,1,0,10258,1,1,29,,0,0,0,1.0,0,0,0
gp_set_0004,gp_set_0004_vid_0002,gp_3727,train,1920,1440,68,17950,18017,1,1,0,1792,0,0,,,0,0,0,1.0,0,0,0
gp_set_0004,gp_set_0004_vid_0002,gp_3709,train,1920,1440,106,37,142,1,1,0,57,1,1,21,,0,0,0,1.0,0,0,0
gp_set_0004,gp_set_0004_vid_0002,gp_3713,train,1920,1440,135,98,232,1,1,0,239,0,0,,,0,0,0,1.0,0,0,0
gp_set_0004,gp_set_0004_vid_0002,gp_3714,train,1920,1440,136,107,242,1,1,0,229,1,1,123,,0,0,0,1.0,0,0,0
gp_set_0004,gp_set_0004_vid_0002,gp_3716,train,1920,1440,124,531,654,1,1,0,651,1,1,121,,0,0,0,1.0,0,0,0
gp_set_0004,gp_set_0004_vid_0002,gp_3718,train,1920,1440,217,493,709,1,1,0,706,1,1,214,,0,0,0,1.0,0,0,0
gp_set_0004,gp_set_0004_vid_0002,gp_3721,train,1920,1440,134,795,928,1,1,0,925,1,1,131,,0,0,0,1.0,0,0,0
gp_set_0004,gp_set_0004_vid_0002,gp_3723,train,1920,1440,245,959,1203,1,1,0,1200,1,1,242,,0,0,0,1.0,0,0,0
gp_set_0004,gp_set_0004_vid_0002,gp_3724,train,1920,1440,248,959,1206,1,1,0,1201,1,1,243,,0,0,0,1.0,0,0,0
gp_set_0004,gp_set_0004_vid_0002,gp_3726,train,1920,1440,139,1341,1479,1,1,0,1476,1,1,136,,0,0,0,1.0,0,0,0
gp_set_0004,gp_set_0004_vid_0002,gp_3710,train,1920,1440,144,0,143,1,1,0,140,1,1,141,,0,0,0,1.0,0,0,0
gp_set_0004,gp_set_0004_vid_0002,gp_3711,train,1920,1440,147,0,146,1,1,0,143,1,1,144,,0,0,0,1.0,0,0,0
gp_set_0004,gp_set_0004_vid_0002,gp_3832,train,1920,1440,51,1852,1902,1,1,0,1899,1,1,48,,0,0,0,1.0,0,0,0
gp_set_0004,gp_set_0004_vid_0002,gp_3833,train,1920,1440,66,2156,2221,1,1,0,2218,1,1,63,,0,0,0,1.0,0,0,0
gp_set_0004,gp_set_0004_vid_0002,gp_3834,train,1920,1440,73,2237,2309,1,1,0,2306,1,1,70,,0,0,0,1.0,0,0,0
gp_set_0004,gp_set_0004_vid_0002,gp_3836,train,1920,1440,98,2223,2320,1,1,0,2317,1,1,95,,0,0,0,1.0,0,0,0
gp_set_0004,gp_set_0004_vid_0002,gp_3837,train,1920,1440,72,2281,2352,1,1,0,2349,1,1,69,,0,0,0,1.0,0,0,0
gp_set_0004,gp_set_0004_vid_0002,gp_3839,train,1920,1440,71,2281,2351,1,1,0,2348,1,1,68,,0,0,0,1.0,0,0,0
gp_set_0004,gp_set_0004_vid_0002,gp_3842,train,1920,1440,62,2335,2396,1,1,0,2393,1,1,59,,0,0,0,1.0,0,0,0
gp_set_0004,gp_set_0004_vid_0002,gp_3844,train,1920,1440,75,2349,2423,1,1,0,2420,1,1,72,,0,0,0,1.0,0,0,0
gp_set_0004,gp_set_0004_vid_0002,gp_3847,train,1920,1440,42,2499,2540,1,1,0,2537,1,1,39,,0,0,0,1.0,0,0,0
gp_set_0004,gp_set_0004_vid_0002,gp_3848,train,1920,1440,62,2475,2536,1,1,0,2533,1,1,59,,0,0,0,1.0,0,0,0
gp_set_0004,gp_set_0004_vid_0002,gp_3850,train,1920,1440,57,2527,2583,1,1,0,2580,1,1,54,,0,0,0,1.0,0,0,0
gp_set_0004,gp_set_0004_vid_0002,gp_3851,train,1920,1440,68,2543,2610,1,1,0,2607,1,1,65,,0,0,0,1.0,0,0,0
gp_set_0004,gp_set_0004_vid_0002,gp_3854,train,1920,1440,67,2573,2639,1,1,0,2636,1,1,64,,0,0,0,1.0,0,0,0
gp_set_0004,gp_set_0004_vid_0002,gp_3855,train,1920,1440,61,2578,2638,1,1,0,2635,1,1,58,,0,0,0,1.0,0,0,0
gp_set_0004,gp_set_0004_vid_0002,gp_3857,train,1920,1440,48,2615,2662,1,1,0,2659,1,1,45,,0,0,0,1.0,0,0,0
gp_set_0004,gp_set_0004_vid_0002,gp_3860,train,1920,1440,55,2902,2956,1,1,0,2953,1,1,52,,0,0,0,1.0,0,0,0
gp_set_0004,gp_set_0004_vid_0002,gp_3862,train,1920,1440,86,2902,2987,1,1,0,2984,1,1,83,,0,0,0,1.0,0,0,0
gp_set_0004,gp_set_0004_vid_0002,gp_3864,train,1920,1440,71,2909,2979,1,1,0,2976,1,1,68,,0,0,0,1.0,0,0,0
gp_set_0004,gp_set_0004_vid_0002,gp_3866,train,1920,1440,78,3033,3110,1,1,0,3107,1,1,75,,0,0,0,1.0,0,0,0
gp_set_0004,gp_set_0004_vid_0002,gp_3867,train,1920,1440,110,3202,3311,1,1,0,3308,1,1,107,,0,0,0,1.0,0,0,0
gp_set_0004,gp_set_0004_vid_0002,gp_3869,train,1920,1440,122,3262,3383,1,1,0,3380,1,1,119,,0,0,0,1.0,0,0,0
gp_set_0004,gp_set_0004_vid_0002,gp_3870,train,1920,1440,119,3262,3380,1,1,0,3377,1,1,116,,0,0,0,1.0,0,0,0
gp_set_0004,gp_set_0004_vid_0002,gp_3871,train,1920,1440,90,3370,3459,1,1,0,3456,1,1,87,,0,0,0,1.0,0,0,0
gp_set_0004,gp_set_0004_vid_0002,gp_3872,train,1920,1440,171,3500,3670,1,1,1,3500,1,1,1,3500,137,0,0,1.0,0,0,0
gp_set_0004,gp_set_0004_vid_0002,gp_3873,train,1920,1440,90,3505,3594,1,1,1,3505,1,1,1,3533,62,0,0,1.0,0,0,0
gp_set_0004,gp_set_0004_vid_0002,gp_3841,train,1920,1440,273,2132,2404,1,1,0,2401,1,1,270,2132,154,0,0,1.0,0,0,0
gp_set_0004,gp_set_0004_vid_0002,gp_3859,train,1920,1440,303,2497,2799,1,1,1,2497,1,1,1,2497,261,0,0,1.0,0,0,0
gp_set_0004,gp_set_0004_vid_0002,gp_3730,train,1920,1440,88,1795,1882,1,1,0,1879,1,1,85,,0,0,0,1.0,0,0,0
gp_set_0004,gp_set_0004_vid_0002,gp_3731,train,1920,1440,91,1795,1885,1,1,0,1882,1,1,88,,0,0,0,1.0,0,0,0
gp_set_0004,gp_set_0004_vid_0002,gp_3878,train,1920,1440,58,3638,3695,1,1,0,3692,1,1,55,,0,0,0,1.0,0,0,0
gp_set_0004,gp_set_0004_vid_0002,gp_3879,train,1920,1440,56,3638,3693,1,1,0,3690,1,1,53,,0,0,0,1.0,0,0,0
gp_set_0004,gp_set_0004_vid_0002,gp_3881,train,1920,1440,94,3663,3756,1,1,0,3753,1,1,91,,0,0,0,1.0,0,0,0
gp_set_0004,gp_set_0004_vid_0002,gp_3880,train,1920,1440,48,3675,3722,1,1,0,3719,1,1,45,,0,0,0,1.0,0,0,0
gp_set_0004,gp_set_0004_vid_0002,gp_3882,train,1920,1440,66,3759,3824,1,1,0,3821,1,1,63,,0,0,0,1.0,0,0,0
gp_set_0004,gp_set_0004_vid_0002,gp_3883,train,1920,1440,64,3759,3822,1,1,0,3819,1,1,61,,0,0,0,1.0,0,0,0
gp_set_0004,gp_set_0004_vid_0002,gp_3884,train,1920,1440,90,3873,3962,1,1,0,3959,1,1,87,,0,0,0,1.0,0,0,0
gp_set_0004,gp_set_0004_vid_0002,gp_3885,train,1920,1440,77,3924,4000,1,1,0,3997,1,1,74,,0,0,0,1.0,0,0,0
gp_set_0004,gp_set_0004_vid_0002,gp_3886,train,1920,1440,49,4008,4056,1,1,0,4053,1,1,46,,0,0,0,1.0,0,0,0
gp_set_0004,gp_set_0004_vid_0002,gp_3887,train,1920,1440,41,4159,4199,1,1,1,4196,1,1,38,,0,41,0,1.0,0,0,0
gp_set_0004,gp_set_0004_vid_0002,gp_3888,train,1920,1440,74,4188,4261,1,1,0,4258,1,1,71,,0,0,0,1.0,0,0,0
gp_set_0004,gp_set_0004_vid_0002,gp_3889,train,1920,1440,73,4187,4259,1,1,0,4255,1,1,69,,0,0,0,1.0,0,0,0
gp_set_0004,gp_set_0004_vid_0002,gp_3890,train,1920,1440,83,4209,4291,1,1,0,4288,1,1,80,,0,0,0,1.0,0,0,0
gp_set_0004,gp_set_0004_vid_0002,gp_3891,train,1920,1440,52,4305,4356,1,1,0,4353,1,1,49,,0,0,0,1.0,0,0,0
gp_set_0004,gp_set_0004_vid_0002,gp_3892,train,1920,1440,69,4387,4455,1,1,0,4452,1,1,66,,0,0,0,1.0,0,0,0
gp_set_0004,gp_set_0004_vid_0002,gp_3893,train,1920,1440,83,4431,4513,1,1,0,4510,1,1,80,,0,0,0,1.0,0,0,0
gp_set_0004,gp_set_0004_vid_0002,gp_3894,train,1920,1440,52,5079,5130,1,1,0,5127,1,1,49,,0,0,0,1.0,0,0,0
gp_set_0004,gp_set_0004_vid_0002,gp_3895,train,1920,1440,77,5274,5350,1,1,0,5346,1,1,73,,0,0,0,1.0,0,0,0
gp_set_0004,gp_set_0004_vid_0002,gp_3896,train,1920,1440,120,5235,5354,1,1,0,5351,1,1,117,,0,0,0,1.0,0,0,0
gp_set_0004,gp_set_0004_vid_0002,gp_3897,train,1920,1440,109,5244,5352,1,1,0,5349,1,1,106,,0,0,0,1.0,0,0,0
gp_set_0004,gp_set_0004_vid_0002,gp_3898,train,1920,1440,84,5334,5417,1,1,0,5386,1,1,53,,0,0,0,1.0,0,0,0
gp_set_0004,gp_set_0004_vid_0002,gp_3899,train,1920,1440,59,5216,5274,1,1,0,5271,1,1,56,,0,0,0,1.0,0,0,0
gp_set_0004,gp_set_0004_vid_0002,gp_3876,train,1920,1440,66,3593,3658,1,1,1,3593,1,1,1,3593,28,0,0,1.0,0,0,0
gp_set_0004,gp_set_0004_vid_0002,gp_3874,train,1920,1440,56,3590,3645,1,1,0,3642,1,1,53,,0,0,0,1.0,0,0,0
gp_set_0004,gp_set_0004_vid_0002,gp_3877,train,1920,1440,88,3590,3677,1,1,0,3674,1,1,85,,0,0,0,1.0,0,0,0
gp_set_0004,gp_set_0004_vid_0002,gp_3903,train,1920,1440,73,5403,5475,1,1,1,5403,1,1,1,5403,73,0,0,1.0,0,0,0
gp_set_0004,gp_set_0004_vid_0002,gp_3904,train,1920,1440,62,5415,5476,1,1,0,5473,1,1,59,,0,0,0,1.0,0,0,0
gp_set_0004,gp_set_0004_vid_0002,gp_3905,train,1920,1440,53,5421,5473,1,1,0,5470,1,1,50,,0,0,0,1.0,0,0,0
gp_set_0004,gp_set_0004_vid_0002,gp_3906,train,1920,1440,70,5438,5507,1,1,0,5504,1,1,67,,0,0,0,1.0,0,0,0
gp_set_0004,gp_set_0004_vid_0002,gp_3907,train,1920,1440,65,5438,5502,1,1,0,5499,1,1,62,,0,0,0,1.0,0,0,0
gp_set_0004,gp_set_0004_vid_0002,gp_3908,train,1920,1440,95,5496,5590,1,1,0,5587,1,1,92,,0,0,0,1.0,0,0,0
gp_set_0004,gp_set_0004_vid_0002,gp_3909,train,1920,1440,83,5717,5799,1,1,0,5796,1,1,80,,0,0,0,1.0,0,0,0
gp_set_0004,gp_set_0004_vid_0002,gp_3910,train,1920,1440,55,5786,5840,1,1,0,5837,1,1,52,,0,0,0,1.0,0,0,0
gp_set_0004,gp_set_0004_vid_0002,gp_3913,train,1920,1440,91,5964,6054,1,1,0,6051,1,1,88,,0,0,0,1.0,0,0,0
gp_set_0004,gp_set_0004_vid_0002,gp_3915,train,1920,1440,121,6314,6434,1,1,0,6431,1,1,118,,0,0,0,1.0,0,0,0
gp_set_0004,gp_set_0004_vid_0002,gp_3916,train,1920,1440,95,6398,6492,1,1,0,6489,1,1,92,,0,0,0,1.0,0,0,0
gp_set_0004,gp_set_0004_vid_0002,gp_3917,train,1920,1440,88,6398,6485,1,1,0,6482,1,1,85,,0,0,0,1.0,0,0,0
gp_set_0004,gp_set_0004_vid_0002,gp_3918,train,1920,1440,100,6398,6497,1,1,0,6494,1,1,97,,0,0,0,1.0,0,0,0
gp_set_0004,gp_set_0004_vid_0002,gp_3920,train,1920,1440,173,6544,6716,1,1,0,6713,1,1,170,,0,0,0,1.0,0,0,0
gp_set_0004,gp_set_0004_vid_0002,gp_3919,train,1920,1440,165,6544,6708,1,1,0,6705,1,1,162,,0,0,0,1.0,0,0,0
gp_set_0004,gp_set_0004_vid_0002,gp_3922,train,1920,1440,91,6658,6748,1,1,0,6745,1,1,88,,0,0,0,1.0,0,0,0
gp_set_0004,gp_set_0004_vid_0002,gp_3923,train,1920,1440,74,6673,6746,1,1,0,6743,1,1,71,,0,0,0,1.0,0,0,0
gp_set_0004,gp_set_0004_vid_0002,gp_3924,train,1920,1440,194,6991,7184,1,1,0,7181,1,1,191,,0,0,0,1.0,0,0,0
gp_set_0004,gp_set_0004_vid_0002,gp_3925,train,1920,1440,128,7057,7184,1,1,0,7181,1,1,125,,0,0,0,1.0,0,0,0
gp_set_0004,gp_set_0004_vid_0002,gp_3926,train,1920,1440,72,7085,7156,1,1,0,7153,1,1,69,,0,0,0,1.0,0,0,0
gp_set_0004,gp_set_0004_vid_0002,gp_3927,train,1920,1440,75,7110,7184,1,1,0,7181,1,1,72,,0,0,0,1.0,0,0,0
gp_set_0004,gp_set_0004_vid_0002,gp_3928,train,1920,1440,62,7123,7184,1,1,0,7181,1,1,59,,0,0,0,1.0,0,0,0
gp_set_0004,gp_set_0004_vid_0002,gp_3911,train,1920,1440,298,5761,6058,1,1,0,5846,1,1,86,5846,207,0,0,1.0,0,0,0
gp_set_0004,gp_set_0004_vid_0002,gp_3912,train,1920,1440,305,5763,6067,1,1,0,5851,1,1,89,5851,167,0,0,1.0,0,0,0
gp_set_0004,gp_set_0004_vid_0002,gp_3914,train,1920,1440,193,5926,6118,1,1,1,6030,1,1,105,6044,75,0,0,1.0,0,0,0
gp_set_0004,gp_set_0004_vid_0002,gp_3921,train,1920,1440,77,6568,6644,1,1,0,6641,1,1,74,,0,0,0,1.0,0,0,0
gp_set_0004,gp_set_0004_vid_0002,gp_3900,train,1920,1440,33,5385,5417,1,1,0,5414,1,1,30,,0,0,0,1.0,0,0,0
gp_set_0004,gp_set_0004_vid_0002,gp_3902,train,1920,1440,37,5385,5421,1,1,0,5418,1,1,34,,0,0,0,1.0,0,0,0
gp_set_0004,gp_set_0004_vid_0002,gp_3931,train,1920,1440,327,7414,7740,1,1,0,7738,1,1,325,,0,0,0,1.0,0,0,0
gp_set_0004,gp_set_0004_vid_0002,gp_3932,train,1920,1440,103,7913,8015,1,1,0,8012,1,1,100,,0,0,0,1.0,0,0,0
gp_set_0004,gp_set_0004_vid_0002,gp_3933,train,1920,1440,79,8037,8115,1,1,0,8112,1,1,76,,0,0,0,1.0,0,0,0
gp_set_0004,gp_set_0004_vid_0002,gp_3934,train,1920,1440,148,8232,8379,1,1,0,8376,1,1,145,,0,0,0,1.0,0,0,0
gp_set_0004,gp_set_0004_vid_0002,gp_3935,train,1920,1440,124,8264,8387,1,1,0,8384,1,1,121,,0,0,0,1.0,0,0,0
gp_set_0004,gp_set_0004_vid_0002,gp_3936,train,1920,1440,104,8311,8414,1,1,0,8411,1,1,101,,0,0,0,1.0,0,0,0
gp_set_0004,gp_set_0004_vid_0002,gp_3937,train,1920,1440,149,8300,8448,1,1,0,8445,1,1,146,,0,0,0,1.0,0,0,0
gp_set_0004,gp_set_0004_vid_0002,gp_3939,train,1920,1440,110,8372,8481,1,1,0,8478,1,1,107,,0,0,0,1.0,0,0,0
gp_set_0004,gp_set_0004_vid_0002,gp_3940,train,1920,1440,93,8372,8464,1,1,0,8461,1,1,90,,0,0,0,1.0,0,0,0
gp_set_0004,gp_set_0004_vid_0002,gp_3941,train,1920,1440,85,8420,8504,1,1,0,8501,1,1,82,,0,0,0,1.0,0,0,0
gp_set_0004,gp_set_0004_vid_0002,gp_3943,train,1920,1440,162,8436,8597,1,1,0,8594,1,1,159,,0,0,0,1.0,0,0,0
gp_set_0004,gp_set_0004_vid_0002,gp_3942,train,1920,1440,151,8436,8586,1,1,0,8583,1,1,148,,0,0,0,1.0,0,0,0
gp_set_0004,gp_set_0004_vid_0002,gp_3944,train,1920,1440,90,8485,8574,1,1,0,8571,1,1,87,,0,0,0,1.0,0,0,0
gp_set_0004,gp_set_0004_vid_0002,gp_3945,train,1920,1440,100,8485,8584,1,1,0,8581,1,1,97,,0,0,0,1.0,0,0,0
gp_set_0004,gp_set_0004_vid_0002,gp_3946,train,1920,1440,272,8559,8830,1,1,0,8827,1,1,269,,0,0,0,1.0,0,0,0
gp_set_0004,gp_set_0004_vid_0002,gp_3947,train,1920,1440,53,8572,8624,1,1,0,8621,1,1,50,,0,0,0,1.0,0,0,0
gp_set_0004,gp_set_0004_vid_0002,gp_3948,train,1920,1440,265,8516,8780,1,1,1,8516,1,1,1,8545,236,0,0,1.0,0,0,0
gp_set_0004,gp_set_0004_vid_0002,gp_3949,train,1920,1440,133,8653,8785,1,1,1,8653,1,1,1,8653,133,0,0,1.0,0,0,0
gp_set_0004,gp_set_0004_vid_0002,gp_3950,train,1920,1440,132,8657,8788,1,1,1,8657,1,1,1,8657,132,0,0,1.0,0,0,0
gp_set_0004,gp_set_0004_vid_0002,gp_3951,train,1920,1440,225,8627,8851,1,1,1,8627,1,1,1,8627,225,0,0,1.0,0,0,0
gp_set_0004,gp_set_0004_vid_0002,gp_3952,train,1920,1440,224,8631,8854,1,1,1,8631,1,1,1,8631,224,0,0,1.0,0,0,0
gp_set_0004,gp_set_0004_vid_0002,gp_3953,train,1920,1440,43,8844,8886,1,1,0,8883,1,1,40,,0,0,0,1.0,0,0,0
gp_set_0004,gp_set_0004_vid_0002,gp_3954,train,1920,1440,90,8874,8963,1,1,0,8960,1,1,87,,0,0,0,1.0,0,0,0
gp_set_0004,gp_set_0004_vid_0002,gp_3955,train,1920,1440,86,8874,8959,1,1,0,8956,1,1,83,,0,0,0,1.0,0,0,0
gp_set_0004,gp_set_0004_vid_0002,gp_3956,train,1920,1440,72,8874,8945,1,1,0,8942,1,1,69,,0,0,0,1.0,0,0,0
gp_set_0004,gp_set_0004_vid_0002,gp_3929,train,1920,1440,109,7180,7288,1,1,0,7285,1,1,106,,0,0,0,1.0,0,0,0
gp_set_0004,gp_set_0004_vid_0002,gp_3930,train,1920,1440,112,7180,7291,1,1,0,7288,1,1,109,,0,0,0,1.0,0,0,0
gp_set_0004,gp_set_0004_vid_0002,gp_3959,train,1920,1440,71,9030,9100,1,1,0,9097,1,1,68,,0,0,0,1.0,0,0,0
gp_set_0004,gp_set_0004_vid_0002,gp_3960,train,1920,1440,55,9023,9077,1,1,0,9074,1,1,52,,0,0,0,1.0,0,0,0
gp_set_0004,gp_set_0004_vid_0002,gp_3961,train,1920,1440,66,9059,9124,1,1,0,3121,0,0,,,0,0,0,1.0,0,0,0
gp_set_0004,gp_set_0004_vid_0002,gp_3962,train,1920,1440,82,9138,9219,1,1,0,9216,1,1,79,,0,0,0,1.0,0,0,0
gp_set_0004,gp_set_0004_vid_0002,gp_3963,train,1920,1440,68,9166,9233,1,1,0,9230,1,1,65,,0,0,0,1.0,0,0,0
gp_set_0004,gp_set_0004_vid_0002,gp_3964,train,1920,1440,83,9180,9262,1,1,0,9259,1,1,80,,0,0,0,1.0,0,0,0
gp_set_0004,gp_set_0004_vid_0002,gp_3965,train,1920,1440,49,9343,9391,1,1,0,9388,1,1,46,,0,0,0,1.0,0,0,0
gp_set_0004,gp_set_0004_vid_0002,gp_3966,train,1920,1440,58,9387,9444,1,1,0,9441,1,1,55,,0,0,0,1.0,0,0,0
gp_set_0004,gp_set_0004_vid_0002,gp_3967,train,1920,1440,71,9401,9471,1,1,0,9468,1,1,68,,0,0,0,1.0,0,0,0
gp_set_0004,gp_set_0004_vid_0002,gp_3968,train,1920,1440,83,9448,9530,1,1,0,9527,1,1,80,,0,0,0,1.0,0,0,0
gp_set_0004,gp_set_0004_vid_0002,gp_3971,train,1920,1440,99,9500,9598,1,1,0,9595,1,1,96,,0,0,0,1.0,0,0,0
gp_set_0004,gp_set_0004_vid_0002,gp_3972,train,1920,1440,97,9500,9596,1,1,0,9593,1,1,94,,0,0,0,1.0,0,0,0
gp_set_0004,gp_set_0004_vid_0002,gp_3973,train,1920,1440,91,9554,9644,1,1,0,9641,1,1,88,,0,0,0,1.0,0,0,0
gp_set_0004,gp_set_0004_vid_0002,gp_3974,train,1920,1440,27,9592,9618,1,1,0,9615,1,1,24,,0,0,0,1.0,0,0,0
gp_set_0004,gp_set_0004_vid_0002,gp_3976,train,1920,1440,39,9677,9715,1,1,0,9712,1,1,36,,0,0,0,1.0,0,0,0
gp_set_0004,gp_set_0004_vid_0002,gp_3977,train,1920,1440,46,9832,9877,1,1,0,9874,1,1,43,,0,0,0,1.0,0,0,0
gp_set_0004,gp_set_0004_vid_0002,gp_3978,train,1920,1440,63,9832,9894,1,1,0,9891,1,1,60,,0,0,0,1.0,0,0,0
gp_set_0004,gp_set_0004_vid_0002,gp_3979,train,1920,1440,76,9843,9918,1,1,0,9915,1,1,73,,0,0,0,1.0,0,0,0
gp_set_0004,gp_set_0004_vid_0002,gp_3980,train,1920,1440,82,9860,9941,1,1,0,9938,1,1,79,,0,0,0,1.0,0,0,0
gp_set_0004,gp_set_0004_vid_0002,gp_3981,train,1920,1440,56,9904,9959,1,1,0,9956,1,1,53,,0,0,0,1.0,0,0,0
gp_set_0004,gp_set_0004_vid_0002,gp_3982,train,1920,1440,79,9909,9987,1,1,0,9984,1,1,76,,0,0,0,1.0,0,0,0
gp_set_0004,gp_set_0004_vid_0002,gp_3983,train,1920,1440,87,9990,10076,1,1,0,10073,1,1,84,,0,0,0,1.0,0,0,0
gp_set_0004,gp_set_0004_vid_0002,gp_3984,train,1920,1440,248,9834,10081,1,1,1,9834,1,1,1,9834,225,0,0,1.0,0,0,0
gp_set_0004,gp_set_0004_vid_0002,gp_3985,train,1920,1440,100,10077,10176,1,1,0,10173,1,1,97,,0,0,0,1.0,0,0,0
gp_set_0004,gp_set_0004_vid_0002,gp_3986,train,1920,1440,407,10257,10663,1,1,0,10660,1,1,404,,0,0,0,1.0,0,0,0
gp_set_0004,gp_set_0004_vid_0002,gp_3969,train,1920,1440,176,9403,9578,1,1,0,9541,1,1,139,9551,28,0,0,1.0,0,0,0
gp_set_0004,gp_set_0004_vid_0002,gp_3970,train,1920,1440,176,9408,9583,1,1,0,9541,1,1,134,9551,33,0,0,1.0,0,0,0
gp_set_0004,gp_set_0004_vid_0002,gp_3975,train,1920,1440,44,9590,9633,1,1,0,9630,1,1,41,,0,0,0,1.0,0,0,0
gp_set_0004,gp_set_0004_vid_0002,gp_3957,train,1920,1440,43,8975,9017,1,1,0,9014,1,1,40,,0,0,0,1.0,0,0,0
gp_set_0004,gp_set_0004_vid_0002,gp_3958,train,1920,1440,65,8975,9039,1,1,0,9036,1,1,62,,0,0,0,1.0,0,0,0
gp_set_0004,gp_set_0004_vid_0002,gp_3987,train,1920,1440,257,11072,11328,1,1,0,19325,0,0,,,0,0,0,1.0,0,0,0
gp_set_0004,gp_set_0004_vid_0002,gp_3988,train,1920,1440,157,11147,11303,1,1,0,11300,1,1,154,,0,0,0,1.0,0,0,0
gp_set_0004,gp_set_0004_vid_0002,gp_3989,train,1920,1440,303,11293,11595,1,1,0,11592,1,1,300,,0,0,0,1.0,0,0,0
gp_set_0004,gp_set_0004_vid_0002,gp_3990,train,1920,1440,92,11474,11565,1,1,0,11562,1,1,89,,0,0,0,1.0,0,0,0
gp_set_0004,gp_set_0004_vid_0002,gp_3991,train,1920,1440,220,11317,11536,1,1,0,11533,1,1,217,,0,0,0,1.0,0,0,0
gp_set_0004,gp_set_0004_vid_0002,gp_3992,train,1920,1440,85,11731,11815,1,1,0,11812,1,1,82,,0,0,0,1.0,0,0,0
gp_set_0004,gp_set_0004_vid_0002,gp_3993,train,1920,1440,129,11803,11931,1,1,0,11928,1,1,126,,0,0,0,1.0,0,0,0
gp_set_0004,gp_set_0004_vid_0002,gp_3994,train,1920,1440,88,11837,11924,1,1,0,11837,1,1,1,11837,77,0,0,1.0,0,0,0
gp_set_0004,gp_set_0004_vid_0002,gp_3995,train,1920,1440,154,11843,11996,1,1,1,11843,1,1,1,,0,154,0,1.0,0,0,0
gp_set_0004,gp_set_0004_vid_0002,gp_3996,train,1920,1440,120,11936,12055,1,1,0,12052,1,1,117,,0,0,0,1.0,0,0,0
gp_set_0004,gp_set_0004_vid_0002,gp_3997,train,1920,1440,74,11984,12057,1,1,0,12054,1,1,71,,0,0,0,1.0,0,0,0
gp_set_0004,gp_set_0004_vid_0002,gp_3998,train,1920,1440,83,12035,12117,1,1,0,12114,1,1,80,,0,0,0,1.0,0,0,0
gp_set_0004,gp_set_0004_vid_0002,gp_3999,train,1920,1440,85,12068,12152,1,1,0,12149,1,1,82,,0,0,0,1.0,0,0,0
gp_set_0004,gp_set_0004_vid_0002,gp_4000,train,1920,1440,87,12214,12300,1,1,0,12297,1,1,84,,0,0,0,1.0,0,0,0
gp_set_0004,gp_set_0004_vid_0002,gp_4001,train,1920,1440,96,12200,12295,1,1,0,12292,1,1,93,,0,0,0,1.0,0,0,0
gp_set_0004,gp_set_0004_vid_0002,gp_4002,train,1920,1440,47,12401,12447,1,1,0,12444,1,1,44,,0,0,0,1.0,0,0,0
gp_set_0004,gp_set_0004_vid_0002,gp_3827,train,1920,1440,41,12610,12650,1,1,0,12657,0,0,,,0,0,0,1.0,0,0,0
gp_set_0004,gp_set_0004_vid_0002,gp_3828,train,1920,1440,45,12636,12680,1,1,0,12677,1,1,42,,0,0,0,1.0,0,0,0
gp_set_0004,gp_set_0004_vid_0002,gp_3829,train,1920,1440,43,12691,12733,1,1,0,12730,1,1,40,,0,0,0,1.0,0,0,0
gp_set_0004,gp_set_0004_vid_0002,gp_3830,train,1920,1440,48,12689,12736,1,1,0,12733,1,1,45,,0,0,0,1.0,0,0,0
gp_set_0004,gp_set_0004_vid_0002,gp_3831,train,1920,1440,105,12741,12845,1,1,0,12842,1,1,102,12791,10,0,0,1.0,0,0,0
gp_set_0004,gp_set_0004_vid_0002,gp_3835,train,1920,1440,207,12857,13063,1,1,1,12857,1,1,1,12857,164,0,0,1.0,0,0,0
gp_set_0004,gp_set_0004_vid_0002,gp_3838,train,1920,1440,129,12917,13045,1,1,0,13042,1,1,126,,0,0,0,1.0,0,0,0
gp_set_0004,gp_set_0004_vid_0002,gp_3843,train,1920,1440,41,13143,13183,1,1,0,13180,1,1,38,,0,0,0,1.0,0,0,0
gp_set_0004,gp_set_0004_vid_0002,gp_3846,train,1920,1440,65,13140,13204,1,1,0,13201,1,1,62,,0,0,0,1.0,0,0,0
gp_set_0004,gp_set_0004_vid_0002,gp_3849,train,1920,1440,72,13179,13250,1,1,0,13247,1,1,69,,0,0,0,1.0,0,0,0
gp_set_0004,gp_set_0004_vid_0002,gp_3852,train,1920,1440,73,13404,13476,1,1,0,13473,1,1,70,,0,0,0,1.0,0,0,0
gp_set_0004,gp_set_0004_vid_0002,gp_3853,train,1920,1440,94,13385,13478,1,1,0,13475,1,1,91,,0,0,0,1.0,0,0,0
gp_set_0004,gp_set_0004_vid_0002,gp_3856,train,1920,1440,55,13485,13539,1,1,0,13536,1,1,52,,0,0,0,1.0,0,0,0
gp_set_0004,gp_set_0004_vid_0002,gp_3858,train,1920,1440,87,13536,13622,1,1,0,13619,1,1,84,,0,0,0,1.0,0,0,0
gp_set_0004,gp_set_0004_vid_0002,gp_3861,train,1920,1440,23,13627,13649,1,1,0,13646,1,1,20,,0,0,0,1.0,0,0,0
gp_set_0004,gp_set_0004_vid_0002,gp_3863,train,1920,1440,80,12627,12706,1,1,0,12703,1,1,77,,0,0,0,1.0,0,0,0
gp_set_0004,gp_set_0004_vid_0002,gp_3865,train,1920,1440,54,12683,12736,1,1,0,12733,1,1,51,,0,0,0,1.0,0,0,0
gp_set_0004,gp_set_0004_vid_0002,gp_3868,train,1920,1440,46,13591,13636,1,1,1,13633,1,1,43,,0,0,0,1.0,0,0,0
gp_set_0004,gp_set_0004_vid_0002,gp_3840,train,1920,1440,223,12931,13153,1,1,1,12931,1,1,1,12931,223,0,0,1.0,0,0,0
gp_set_0004,gp_set_0004_vid_0002,gp_3826,train,1920,1440,74,12565,12638,1,1,0,12635,1,1,71,,0,0,0,1.0,0,0,0
gp_set_0004,gp_set_0004_vid_0002,gp_3804,train,1920,1440,97,14534,14630,1,1,0,14627,1,1,94,,0,0,0,1.0,0,0,0
gp_set_0004,gp_set_0004_vid_0002,gp_3805,train,1920,1440,99,14596,14694,1,1,0,14691,1,1,96,,0,0,0,1.0,0,0,0
gp_set_0004,gp_set_0004_vid_0002,gp_3806,train,1920,1440,66,14628,14693,1,1,0,14690,1,1,63,,0,0,0,1.0,0,0,0
gp_set_0004,gp_set_0004_vid_0002,gp_3807,train,1920,1440,90,14640,14729,1,1,0,14726,1,1,87,,0,0,0,1.0,0,0,0
gp_set_0004,gp_set_0004_vid_0002,gp_3808,train,1920,1440,91,14643,14733,1,1,0,14730,1,1,88,,0,0,0,1.0,0,0,0
gp_set_0004,gp_set_0004_vid_0002,gp_3809,train,1920,1440,96,14930,15025,1,1,0,15022,1,1,93,,0,0,0,1.0,0,0,0
gp_set_0004,gp_set_0004_vid_0002,gp_3810,train,1920,1440,91,14942,15032,1,1,0,15029,1,1,88,,0,0,0,1.0,0,0,0
gp_set_0004,gp_set_0004_vid_0002,gp_3812,train,1920,1440,22,15100,15121,1,1,0,15118,1,1,19,,0,0,0,1.0,0,0,0
gp_set_0004,gp_set_0004_vid_0002,gp_3813,train,1920,1440,59,15105,15163,1,1,0,15160,1,1,56,,0,0,0,1.0,0,0,0
gp_set_0004,gp_set_0004_vid_0002,gp_3814,train,1920,1440,86,15101,15186,1,1,0,15183,1,1,83,,0,0,0,1.0,0,0,0
gp_set_0004,gp_set_0004_vid_0002,gp_3815,train,1920,1440,62,15273,15334,1,1,0,15331,1,1,59,,0,0,0,1.0,0,0,0
gp_set_0004,gp_set_0004_vid_0002,gp_3816,train,1920,1440,33,15323,15355,1,1,0,15352,1,1,30,,0,0,0,1.0,0,0,0
gp_set_0004,gp_set_0004_vid_0002,gp_3817,train,1920,1440,56,15400,15455,1,1,0,15452,1,1,53,,0,0,0,1.0,0,0,0
gp_set_0004,gp_set_0004_vid_0002,gp_3818,train,1920,1440,25,15452,15476,1,1,0,15473,1,1,22,,0,0,0,1.0,0,0,0
gp_set_0004,gp_set_0004_vid_0002,gp_3819,train,1920,1440,64,15495,15558,1,1,0,15555,1,1,61,,0,0,0,1.0,0,0,0
gp_set_0004,gp_set_0004_vid_0002,gp_3820,train,1920,1440,27,15549,15575,1,1,0,15572,1,1,24,,0,0,0,1.0,0,0,0
gp_set_0004,gp_set_0004_vid_0002,gp_3821,train,1920,1440,72,15547,15618,1,1,0,15615,1,1,69,,0,0,0,1.0,0,0,0
gp_set_0004,gp_set_0004_vid_0002,gp_3822,train,1920,1440,21,15544,15564,1,1,0,15561,1,1,18,,0,0,0,1.0,0,0,0
gp_set_0004,gp_set_0004_vid_0002,gp_3823,train,1920,1440,51,15940,15990,1,1,0,15987,1,1,48,,0,0,0,1.0,0,0,0
gp_set_0004,gp_set_0004_vid_0002,gp_3824,train,1920,1440,26,15768,15793,1,1,0,15790,1,1,23,,0,0,0,1.0,0,0,0
gp_set_0004,gp_set_0004_vid_0002,gp_3825,train,1920,1440,43,15639,15681,1,1,0,15678,1,1,40,,0,0,0,1.0,0,0,0
gp_set_0004,gp_set_0004_vid_0002,gp_3811,train,1920,1440,190,14919,15108,1,1,1,14932,1,1,14,14932,177,0,0,1.0,0,0,0
gp_set_0004,gp_set_0004_vid_0002,gp_3775,train,1920,1440,41,16264,16304,1,1,0,16301,1,1,38,,0,0,0,1.0,0,0,0
gp_set_0004,gp_set_0004_vid_0002,gp_3778,train,1920,1440,40,16263,16302,1,1,0,16299,1,1,37,,0,0,0,1.0,0,0,0
gp_set_0004,gp_set_0004_vid_0002,gp_3780,train,1920,1440,65,16304,16368,1,1,0,16365,1,1,62,,0,0,0,1.0,0,0,0
gp_set_0004,gp_set_0004_vid_0002,gp_3783,train,1920,1440,62,16324,16385,1,1,0,16382,1,1,59,,0,0,0,1.0,0,0,0
gp_set_0004,gp_set_0004_vid_0002,gp_3784,train,1920,1440,67,16402,16468,1,1,0,16465,1,1,64,,0,0,0,1.0,0,0,0
gp_set_0004,gp_set_0004_vid_0002,gp_3786,train,1920,1440,54,16728,16781,1,1,0,16778,1,1,51,,0,0,0,1.0,0,0,0
gp_set_0004,gp_set_0004_vid_0002,gp_3787,train,1920,1440,25,16804,16828,1,1,0,16825,1,1,22,,0,0,0,1.0,0,0,0
gp_set_0004,gp_set_0004_vid_0002,gp_3792,train,1920,1440,64,16879,16942,1,1,0,16939,1,1,61,,0,0,0,1.0,0,0,0
gp_set_0004,gp_set_0004_vid_0002,gp_3795,train,1920,1440,112,17349,17460,1,1,0,17457,1,1,109,,0,0,0,1.0,0,0,0
gp_set_0004,gp_set_0004_vid_0002,gp_3796,train,1920,1440,74,17505,17578,1,1,0,17575,1,1,71,,0,0,0,1.0,0,0,0
gp_set_0004,gp_set_0004_vid_0002,gp_3797,train,1920,1440,72,17504,17575,1,1,0,17572,1,1,69,,0,0,0,1.0,0,0,0
gp_set_0004,gp_set_0004_vid_0002,gp_3802,train,1920,1440,93,17679,17771,1,1,0,17768,1,1,90,,0,0,0,1.0,0,0,0
gp_set_0004,gp_set_0004_vid_0002,gp_3803,train,1920,1440,66,17889,17954,1,1,0,17951,1,1,63,,0,0,0,1.0,0,0,0
gp_set_0004,gp_set_0004_vid_0002,gp_3799,train,1920,1440,193,17499,17691,1,1,1,17499,1,1,1,17499,193,0,0,1.0,0,0,0
gp_set_0004,gp_set_0004_vid_0002,gp_3728,train,1920,1440,47,17969,18015,1,1,0,18012,1,1,44,,0,0,0,1.0,0,0,0
gp_set_0004,gp_set_0004_vid_0002,gp_3729,train,1920,1440,42,17999,18040,1,1,0,18037,1,1,39,,0,0,0,1.0,0,0,0
gp_set_0004,gp_set_0004_vid_0002,gp_3732,train,1920,1440,51,18026,18076,1,1,0,18073,1,1,48,,0,0,0,1.0,0,0,0
gp_set_0004,gp_set_0004_vid_0002,gp_3733,train,1920,1440,68,18073,18140,1,1,0,18137,1,1,65,,0,0,0,1.0,0,0,0
gp_set_0004,gp_set_0004_vid_0002,gp_3734,train,1920,1440,35,18152,18186,1,1,0,18183,1,1,32,,0,0,0,1.0,0,0,0
gp_set_0004,gp_set_0004_vid_0002,gp_3735,train,1920,1440,35,18150,18184,1,1,0,18181,1,1,32,,0,0,0,1.0,0,0,0
gp_set_0004,gp_set_0004_vid_0002,gp_3736,train,1920,1440,21,18307,18327,1,1,0,18324,1,1,18,,0,0,0,1.0,0,0,0
gp_set_0004,gp_set_0004_vid_0002,gp_3737,train,1920,1440,30,18315,18344,1,1,0,18341,1,1,27,,0,0,0,1.0,0,0,0
gp_set_0004,gp_set_0004_vid_0002,gp_3738,train,1920,1440,34,18349,18382,1,1,0,18379,1,1,31,,0,0,0,1.0,0,0,0
gp_set_0004,gp_set_0004_vid_0002,gp_3739,train,1920,1440,38,18374,18411,1,1,0,18408,1,1,35,,0,0,0,1.0,0,0,0
gp_set_0004,gp_set_0004_vid_0002,gp_3740,train,1920,1440,30,18386,18415,1,1,0,-10,0,0,,,0,0,0,1.0,0,0,0
gp_set_0004,gp_set_0004_vid_0002,gp_3741,train,1920,1440,26,18401,18426,1,1,0,18423,1,1,23,,0,0,0,1.0,0,0,0
gp_set_0004,gp_set_0004_vid_0002,gp_3743,train,1920,1440,56,18419,18474,1,1,0,18471,1,1,53,,0,0,0,1.0,0,0,0
gp_set_0004,gp_set_0004_vid_0002,gp_3746,train,1920,1440,50,18533,18582,1,1,0,18579,1,1,47,,0,0,0,1.0,0,0,0
gp_set_0004,gp_set_0004_vid_0002,gp_3747,train,1920,1440,54,18664,18717,1,1,0,18714,1,1,51,,0,0,0,1.0,0,0,0
gp_set_0004,gp_set_0004_vid_0002,gp_3748,train,1920,1440,98,18683,18780,1,1,0,18777,1,1,95,,0,0,0,1.0,0,0,0
gp_set_0004,gp_set_0004_vid_0002,gp_3751,train,1920,1440,72,18785,18856,1,1,0,18853,1,1,69,,0,0,0,1.0,0,0,0
gp_set_0004,gp_set_0004_vid_0002,gp_3754,train,1920,1440,85,18840,18924,1,1,0,18921,1,1,82,,0,0,0,1.0,0,0,0
gp_set_0004,gp_set_0004_vid_0002,gp_3755,train,1920,1440,97,18895,18991,1,1,0,18988,1,1,94,,0,0,0,1.0,0,0,0
gp_set_0004,gp_set_0004_vid_0002,gp_3756,train,1920,1440,32,18912,18943,1,1,0,18940,1,1,29,,0,0,0,1.0,0,0,0
gp_set_0004,gp_set_0004_vid_0002,gp_3757,train,1920,1440,50,18911,18960,1,1,0,18957,1,1,47,,0,0,0,1.0,0,0,0
gp_set_0004,gp_set_0004_vid_0002,gp_3758,train,1920,1440,52,19017,19068,1,1,0,19065,1,1,49,,0,0,0,1.0,0,0,0
gp_set_0004,gp_set_0004_vid_0002,gp_3761,train,1920,1440,83,19060,19142,1,1,0,19139,1,1,80,,0,0,0,1.0,0,0,0
gp_set_0004,gp_set_0004_vid_0002,gp_3762,train,1920,1440,57,19135,19191,1,1,0,19188,1,1,54,,0,0,0,1.0,0,0,0
gp_set_0004,gp_set_0004_vid_0002,gp_3763,train,1920,1440,81,19211,19291,1,1,0,19288,1,1,78,,0,0,0,1.0,0,0,0
gp_set_0004,gp_set_0004_vid_0002,gp_3766,train,1920,1440,81,19213,19293,1,1,0,19290,1,1,78,,0,0,0,1.0,0,0,0
gp_set_0004,gp_set_0004_vid_0002,gp_3767,train,1920,1440,33,19299,19331,1,1,0,19328,1,1,30,,0,0,0,1.0,0,0,0
gp_set_0004,gp_set_0004_vid_0002,gp_3769,train,1920,1440,25,19320,19344,1,1,0,19341,1,1,22,,0,0,0,1.0,0,0,0
gp_set_0004,gp_set_0004_vid_0002,gp_3770,train,1920,1440,101,19467,19567,1,1,0,19564,1,1,98,,0,0,0,1.0,0,0,0
gp_set_0004,gp_set_0004_vid_0002,gp_3772,train,1920,1440,47,19519,19565,1,1,0,19562,1,1,44,,0,0,0,1.0,0,0,0
gp_set_0004,gp_set_0004_vid_0002,gp_3773,train,1920,1440,39,19517,19555,1,1,0,19552,1,1,36,,0,0,0,1.0,0,0,0
gp_set_0004,gp_set_0004_vid_0002,gp_3774,train,1920,1440,82,19683,19764,1,1,0,19746,1,1,64,,0,0,0,1.0,0,0,0
gp_set_0004,gp_set_0004_vid_0002,gp_3704,train,1920,1440,49,19806,19854,1,1,0,19851,1,1,46,,0,0,0,1.0,0,0,0
gp_set_0004,gp_set_0004_vid_0002,gp_3705,train,1920,1440,42,19991,20032,1,1,0,20029,1,1,39,,0,0,0,1.0,0,0,0
gp_set_0004,gp_set_0004_vid_0002,gp_3706,train,1920,1440,205,20184,20388,1,1,0,20385,1,1,202,,0,0,0,1.0,0,0,0
gp_set_0004,gp_set_0004_vid_0002,gp_3712,train,1920,1440,84,20300,20383,1,1,1,20300,1,1,1,20300,77,0,0,1.0,0,0,0
gp_set_0004,gp_set_0004_vid_0002,gp_3715,train,1920,1440,86,20360,20445,1,1,0,20441,1,1,82,,0,0,0,1.0,0,0,0
gp_set_0004,gp_set_0004_vid_0002,gp_3938,train,1920,1440,97,20431,20527,1,1,0,20524,1,1,94,,0,0,0,1.0,0,0,0
gp_set_0004,gp_set_0004_vid_0002,gp_3719,train,1920,1440,105,20608,20712,1,1,0,20709,1,1,102,,0,0,0,1.0,0,0,0
gp_set_0004,gp_set_0004_vid_0002,gp_3720,train,1920,1440,87,21047,21133,1,1,0,21130,1,1,84,,0,0,0,1.0,0,0,0
gp_set_0004,gp_set_0004_vid_0002,gp_3722,train,1920,1440,57,21126,21182,1,1,0,21179,1,1,54,,0,0,0,1.0,0,0,0
gp_set_0004,gp_set_0004_vid_0002,gp_3725,train,1920,1440,30,21180,21209,1,1,0,21206,1,1,27,,0,0,0,1.0,0,0,0
gp_set_0004,gp_set_0004_vid_0002,gp_3708,train,1920,1440,190,20184,20373,1,1,1,20184,1,1,1,20184,190,0,0,1.0,0,0,0
gp_set_0004,gp_set_0004_vid_0003,gp_2529,train,1920,1440,45,977,1021,1,1,0,1018,1,1,42,,0,0,0,1.0,0,0,0
gp_set_0004,gp_set_0004_vid_0003,gp_2546,train,1920,1440,41,1262,1302,1,1,0,1299,1,1,38,,0,0,0,1.0,0,0,0
gp_set_0004,gp_set_0004_vid_0003,gp_2547,train,1920,1440,53,1274,1326,1,1,0,1323,1,1,50,,0,0,0,1.0,0,0,0
gp_set_0004,gp_set_0004_vid_0003,gp_2549,train,1920,1440,46,1434,1479,1,1,0,1476,1,1,43,,0,0,0,1.0,0,0,0
gp_set_0004,gp_set_0004_vid_0003,gp_2516,train,1920,1440,135,272,406,1,1,0,397,1,1,126,,0,0,0,1.0,0,0,0
gp_set_0004,gp_set_0004_vid_0003,gp_2527,train,1920,1440,141,623,763,1,1,0,-10,0,0,,,0,0,0,1.0,0,0,0
gp_set_0004,gp_set_0004_vid_0003,gp_2534,train,1920,1440,437,646,1082,1,1,0,1079,1,1,434,,0,0,0,1.0,0,0,0
gp_set_0004,gp_set_0004_vid_0003,gp_2767,train,1920,1440,355,694,1048,1,1,0,1045,1,1,352,,0,0,0,1.0,0,0,0
gp_set_0004,gp_set_0004_vid_0003,gp_2537,train,1920,1440,456,666,1121,1,1,0,1118,1,1,453,,0,0,0,1.0,0,0,0
gp_set_0004,gp_set_0004_vid_0003,gp_2532,train,1920,1440,178,884,1061,1,1,0,1058,1,1,175,,0,0,0,1.0,0,0,0
gp_set_0004,gp_set_0004_vid_0003,gp_2542,train,1920,1440,153,1039,1191,1,1,0,1170,1,1,132,,0,0,0,1.0,0,0,0
gp_set_0004,gp_set_0004_vid_0003,gp_2538,train,1920,1440,200,888,1087,1,1,0,1084,1,1,197,,0,0,0,1.0,0,0,0
gp_set_0004,gp_set_0004_vid_0003,gp_2551,train,1920,1440,106,1634,1739,1,1,0,1736,1,1,103,,0,0,0,1.0,0,0,0
gp_set_0004,gp_set_0004_vid_0003,gp_2550,train,1920,1440,206,1612,1817,1,1,0,1796,1,1,185,,0,0,0,1.0,0,0,0
gp_set_0004,gp_set_0004_vid_0003,gp_2525,train,1920,1440,262,391,652,1,1,1,531,1,1,141,391,225,0,0,1.0,0,0,0
gp_set_0004,gp_set_0004_vid_0003,gp_2521,train,1920,1440,244,383,626,1,1,1,536,1,1,154,383,203,41,0,1.0,0,0,0
gp_set_0004,gp_set_0004_vid_0003,gp_2522,train,1920,1440,179,432,610,1,1,1,536,1,1,105,432,154,25,0,1.0,0,0,0
gp_set_0004,gp_set_0004_vid_0003,gp_2540,train,1920,1440,98,1066,1163,1,1,0,1160,1,1,95,,0,0,0,1.0,0,0,0
gp_set_0004,gp_set_0004_vid_0003,gp_2510,train,1920,1440,379,0,378,1,1,0,375,1,1,376,,0,0,0,1.0,0,0,0
gp_set_0004,gp_set_0004_vid_0003,gp_2558,train,1920,1440,109,2576,2684,1,1,0,2681,1,1,106,,0,0,0,1.0,0,0,0
gp_set_0004,gp_set_0004_vid_0003,gp_2562,train,1920,1440,201,2827,3027,1,1,0,3024,1,1,198,,0,0,0,1.0,0,0,0
gp_set_0004,gp_set_0004_vid_0003,gp_2554,train,1920,1440,229,2230,2458,1,1,1,2230,1,1,1,2230,65,164,0,1.0,0,0,0
gp_set_0004,gp_set_0004_vid_0003,gp_2576,train,1920,1440,121,4213,4333,1,1,0,4213,1,1,1,,0,0,0,1.0,0,0,0
gp_set_0004,gp_set_0004_vid_0003,gp_2584,train,1920,1440,259,5146,5404,1,1,0,5386,1,1,241,,0,0,0,1.0,0,0,0
gp_set_0004,gp_set_0004_vid_0003,gp_2583,train,1920,1440,253,5147,5399,1,1,0,5386,1,1,240,,0,0,0,1.0,0,0,0
gp_set_0004,gp_set_0004_vid_0003,gp_2580,train,1920,1440,129,5240,5368,1,1,0,5365,1,1,126,,0,0,0,1.0,0,0,0
gp_set_0004,gp_set_0004_vid_0003,gp_2582,train,1920,1440,207,5171,5377,1,1,0,5373,1,1,203,,0,0,0,1.0,0,0,0
gp_set_0004,gp_set_0004_vid_0003,gp_2600,train,1920,1440,85,5778,5862,1,1,0,5859,1,1,82,,0,0,0,1.0,0,0,0
gp_set_0004,gp_set_0004_vid_0003,gp_2601,train,1920,1440,43,5781,5823,1,1,0,8520,0,0,,,0,0,0,1.0,0,0,0
gp_set_0004,gp_set_0004_vid_0003,gp_2615,train,1920,1440,98,5714,5811,1,1,0,5808,1,1,95,5714,98,0,0,1.0,0,0,0
gp_set_0004,gp_set_0004_vid_0003,gp_2617,train,1920,1440,103,5720,5822,1,1,0,5819,1,1,100,5720,103,0,0,1.0,0,0,0
gp_set_0004,gp_set_0004_vid_0003,gp_2640,train,1920,1440,282,6375,6656,1,1,0,6653,1,1,279,6375,78,0,0,1.0,0,0,0
gp_set_0004,gp_set_0004_vid_0003,gp_2646,train,1920,1440,172,6059,6230,1,1,0,6227,1,1,169,,0,0,0,1.0,0,0,0
gp_set_0004,gp_set_0004_vid_0003,gp_2648,train,1920,1440,135,6142,6276,1,1,0,6273,1,1,132,,0,0,0,1.0,0,0,0
gp_set_0004,gp_set_0004_vid_0003,gp_2651,train,1920,1440,120,6202,6321,1,1,0,6318,1,1,117,,0,0,0,1.0,0,0,0
gp_set_0004,gp_set_0004_vid_0003,gp_2658,train,1920,1440,137,6344,6480,1,1,0,6477,1,1,134,,0,0,0,1.0,0,0,0
gp_set_0004,gp_set_0004_vid_0003,gp_2659,train,1920,1440,149,6344,6492,1,1,0,6489,1,1,146,,0,0,0,1.0,0,0,0
gp_set_0004,gp_set_0004_vid_0003,gp_2662,train,1920,1440,78,6441,6518,1,1,0,6515,1,1,75,,0,0,0,1.0,0,0,0
gp_set_0004,gp_set_0004_vid_0003,gp_2667,train,1920,1440,98,6468,6565,1,1,0,6562,1,1,95,,0,0,0,1.0,0,0,0
gp_set_0004,gp_set_0004_vid_0003,gp_2670,train,1920,1440,68,6535,6602,1,1,0,6599,1,1,65,,0,0,0,1.0,0,0,0
gp_set_0004,gp_set_0004_vid_0003,gp_2493,train,1920,1440,430,6527,6956,1,1,0,6953,1,1,427,,0,0,0,1.0,0,0,0
gp_set_0004,gp_set_0004_vid_0003,gp_2679,train,1920,1440,274,6421,6694,1,1,0,6691,1,1,271,,0,0,0,1.0,0,0,0
gp_set_0004,gp_set_0004_vid_0003,gp_2687,train,1920,1440,325,6316,6640,1,1,0,6637,1,1,322,,0,0,0,1.0,0,0,0
gp_set_0004,gp_set_0004_vid_0003,gp_2689,train,1920,1440,133,6346,6478,1,1,0,6475,1,1,130,,0,0,0,1.0,0,0,0
gp_set_0004,gp_set_0004_vid_0003,gp_2700,train,1920,1440,87,6569,6655,1,1,0,6652,1,1,84,,0,0,0,1.0,0,0,0
gp_set_0004,gp_set_0004_vid_0003,gp_2703,train,1920,1440,53,6672,6724,1,1,0,6721,1,1,50,,0,0,0,1.0,0,0,0
gp_set_0004,gp_set_0004_vid_0003,gp_2704,train,1920,1440,57,6680,6736,1,1,0,6733,1,1,54,,0,0,0,1.0,0,0,0
gp_set_0004,gp_set_0004_vid_0003,gp_3045,train,1920,1440,76,6991,7066,1,1,0,7063,1,1,73,,0,0,0,1.0,0,0,0
gp_set_0004,gp_set_0004_vid_0003,gp_2622,train,1920,1440,145,5659,5803,1,1,0,5800,1,1,142,,0,0,0,1.0,0,0,0
gp_set_0004,gp_set_0004_vid_0003,gp_2605,train,1920,1440,67,5667,5733,1,1,0,5730,1,1,64,,0,0,0,1.0,0,0,0
gp_set_0004,gp_set_0004_vid_0003,gp_2612,train,1920,1440,366,5416,5781,1,1,0,5778,1,1,363,5416,366,0,0,1.0,0,0,0
gp_set_0004,gp_set_0004_vid_0003,gp_2607,train,1920,1440,377,5410,5786,1,1,0,5783,1,1,374,5410,377,0,0,1.0,0,0,0
gp_set_0004,gp_set_0004_vid_0003,gp_2710,train,1920,1440,255,6837,7091,1,1,1,6837,1,1,1,6837,175,0,0,1.0,0,0,0
gp_set_0004,gp_set_0004_vid_0003,gp_2627,train,1920,1440,125,6098,6222,1,1,1,6098,1,1,1,6111,112,0,0,1.0,0,0,0
gp_set_0004,gp_set_0004_vid_0003,gp_2633,train,1920,1440,110,6141,6250,1,1,1,6140,0,0,,6148,103,0,0,1.0,0,0,0
gp_set_0004,gp_set_0004_vid_0003,gp_2639,train,1920,1440,301,6286,6586,1,1,1,6286,1,1,1,6291,59,0,0,1.0,0,0,0
gp_set_0004,gp_set_0004_vid_0003,gp_2709,train,1920,1440,443,6834,7276,1,1,1,6834,1,1,1,6834,198,0,0,1.0,0,0,0
gp_set_0004,gp_set_0004_vid_0003,gp_2593,train,1920,1440,96,5396,5491,1,1,1,5396,1,1,1,5396,96,0,0,1.0,0,0,0
gp_set_0004,gp_set_0004_vid_0003,gp_2594,train,1920,1440,116,5402,5517,1,1,1,5402,1,1,1,5402,116,0,0,1.0,0,0,0
gp_set_0004,gp_set_0004_vid_0003,gp_2686,train,1920,1440,343,6288,6630,1,1,0,6627,1,1,340,,0,0,0,1.0,0,0,0
gp_set_0004,gp_set_0004_vid_0003,gp_2596,train,1920,1440,167,5385,5551,1,1,1,5446,1,1,62,5385,167,0,0,1.0,0,0,0
gp_set_0004,gp_set_0004_vid_0003,gp_2598,train,1920,1440,187,5385,5571,1,1,1,5452,1,1,68,5385,187,0,0,1.0,0,0,0
gp_set_0004,gp_set_0004_vid_0003,gp_2729,train,1920,1440,59,7270,7328,1,1,0,7325,1,1,56,,0,0,0,1.0,0,0,0
gp_set_0004,gp_set_0004_vid_0003,gp_2732,train,1920,1440,77,7377,7453,1,1,0,7450,1,1,74,,0,0,0,1.0,0,0,0
gp_set_0004,gp_set_0004_vid_0003,gp_2735,train,1920,1440,34,7429,7462,1,1,0,7459,1,1,31,,0,0,0,1.0,0,0,0
gp_set_0004,gp_set_0004_vid_0003,gp_2737,train,1920,1440,73,7404,7476,1,1,0,7473,1,1,70,,0,0,0,1.0,0,0,0
gp_set_0004,gp_set_0004_vid_0003,gp_2740,train,1920,1440,45,7447,7491,1,1,0,7488,1,1,42,,0,0,0,1.0,0,0,0
gp_set_0004,gp_set_0004_vid_0003,gp_2742,train,1920,1440,19,7465,7483,1,1,0,7480,1,1,16,,0,0,0,1.0,0,0,0
gp_set_0004,gp_set_0004_vid_0003,gp_2743,train,1920,1440,49,7452,7500,1,1,0,7497,1,1,46,,0,0,0,1.0,0,0,0
gp_set_0004,gp_set_0004_vid_0003,gp_2746,train,1920,1440,30,7478,7507,1,1,0,7504,1,1,27,,0,0,0,1.0,0,0,0
gp_set_0004,gp_set_0004_vid_0003,gp_2747,train,1920,1440,35,7478,7512,1,1,0,7509,1,1,32,,0,0,0,1.0,0,0,0
gp_set_0004,gp_set_0004_vid_0003,gp_2749,train,1920,1440,51,7573,7623,1,1,0,7620,1,1,48,,0,0,0,1.0,0,0,0
gp_set_0004,gp_set_0004_vid_0003,gp_2751,train,1920,1440,491,7327,7817,1,1,0,7814,1,1,488,,0,0,0,1.0,0,0,0
gp_set_0004,gp_set_0004_vid_0003,gp_2752,train,1920,1440,305,7352,7656,1,1,0,7653,1,1,302,,0,0,0,1.0,0,0,0
gp_set_0004,gp_set_0004_vid_0003,gp_2762,train,1920,1440,63,7596,7658,1,1,0,7655,1,1,60,,0,0,0,1.0,0,0,0
gp_set_0004,gp_set_0004_vid_0003,gp_2763,train,1920,1440,62,7616,7677,1,1,0,7674,1,1,59,,0,0,0,1.0,0,0,0
gp_set_0004,gp_set_0004_vid_0003,gp_2764,train,1920,1440,59,7626,7684,1,1,0,7681,1,1,56,,0,0,0,1.0,0,0,0
gp_set_0004,gp_set_0004_vid_0003,gp_2770,train,1920,1440,74,7642,7715,1,1,0,7712,1,1,71,,0,0,0,1.0,0,0,0
gp_set_0004,gp_set_0004_vid_0003,gp_2772,train,1920,1440,79,7653,7731,1,1,0,7728,1,1,76,,0,0,0,1.0,0,0,0
gp_set_0004,gp_set_0004_vid_0003,gp_2774,train,1920,1440,73,7670,7742,1,1,0,7739,1,1,70,,0,0,0,1.0,0,0,0
gp_set_0004,gp_set_0004_vid_0003,gp_2777,train,1920,1440,64,7683,7746,1,1,0,7743,1,1,61,,0,0,0,1.0,0,0,0
gp_set_0004,gp_set_0004_vid_0003,gp_2781,train,1920,1440,29,7732,7760,1,1,0,7757,1,1,26,,0,0,0,1.0,0,0,0
gp_set_0004,gp_set_0004_vid_0003,gp_2783,train,1920,1440,363,7483,7845,1,1,0,7842,1,1,360,,0,0,0,1.0,0,0,0
gp_set_0004,gp_set_0004_vid_0003,gp_2790,train,1920,1440,427,7529,7955,1,1,0,7952,1,1,424,,0,0,0,1.0,0,0,0
gp_set_0004,gp_set_0004_vid_0003,gp_2791,train,1920,1440,438,7529,7966,1,1,0,7963,1,1,435,,0,0,0,1.0,0,0,0
gp_set_0004,gp_set_0004_vid_0003,gp_2792,train,1920,1440,365,7549,7913,1,1,0,7910,1,1,362,,0,0,0,1.0,0,0,0
gp_set_0004,gp_set_0004_vid_0003,gp_2656,train,1920,1440,123,7878,8000,1,1,0,7997,1,1,120,,0,0,0,1.0,0,0,0
gp_set_0004,gp_set_0004_vid_0003,gp_2805,train,1920,1440,84,7936,8019,1,1,0,8016,1,1,81,,0,0,0,1.0,0,0,0
gp_set_0004,gp_set_0004_vid_0003,gp_2808,train,1920,1440,143,7907,8049,1,1,0,8046,1,1,140,,0,0,0,1.0,0,0,0
gp_set_0004,gp_set_0004_vid_0003,gp_2812,train,1920,1440,216,7851,8066,1,1,0,8063,1,1,213,,0,0,0,1.0,0,0,0
gp_set_0004,gp_set_0004_vid_0003,gp_2816,train,1920,1440,29,8004,8032,1,1,0,8029,1,1,26,,0,0,0,1.0,0,0,0
gp_set_0004,gp_set_0004_vid_0003,gp_2818,train,1920,1440,84,8020,8103,1,1,0,8100,1,1,81,,0,0,0,1.0,0,0,0
gp_set_0004,gp_set_0004_vid_0003,gp_2825,train,1920,1440,153,8021,8173,1,1,0,8170,1,1,150,,0,0,0,1.0,0,0,0
gp_set_0004,gp_set_0004_vid_0003,gp_2830,train,1920,1440,120,8080,8199,1,1,0,8196,1,1,117,,0,0,0,1.0,0,0,0
gp_set_0004,gp_set_0004_vid_0003,gp_2845,train,1920,1440,75,8158,8232,1,1,0,8229,1,1,72,,0,0,0,1.0,0,0,0
gp_set_0004,gp_set_0004_vid_0003,gp_2846,train,1920,1440,50,8172,8221,1,1,0,8218,1,1,47,,0,0,0,1.0,0,0,0
gp_set_0004,gp_set_0004_vid_0003,gp_2847,train,1920,1440,58,8214,8271,1,1,0,8268,1,1,55,,0,0,0,1.0,0,0,0
gp_set_0004,gp_set_0004_vid_0003,gp_2849,train,1920,1440,122,8212,8333,1,1,0,8330,1,1,119,,0,0,0,1.0,0,0,0
gp_set_0004,gp_set_0004_vid_0003,gp_2850,train,1920,1440,106,8212,8317,1,1,0,8314,1,1,103,,0,0,0,1.0,0,0,0
gp_set_0004,gp_set_0004_vid_0003,gp_2851,train,1920,1440,70,8302,8371,1,1,0,8368,1,1,67,,0,0,0,1.0,0,0,0
gp_set_0004,gp_set_0004_vid_0003,gp_2852,train,1920,1440,48,8310,8357,1,1,0,8354,1,1,45,,0,0,0,1.0,0,0,0
gp_set_0004,gp_set_0004_vid_0003,gp_2854,train,1920,1440,75,8314,8388,1,1,0,8385,1,1,72,,0,0,0,1.0,0,0,0
gp_set_0004,gp_set_0004_vid_0003,gp_2861,train,1920,1440,45,8474,8518,1,1,0,8515,1,1,42,,0,0,0,1.0,0,0,0
gp_set_0004,gp_set_0004_vid_0003,gp_2862,train,1920,1440,61,8474,8534,1,1,0,8531,1,1,58,,0,0,0,1.0,0,0,0
gp_set_0004,gp_set_0004_vid_0003,gp_2864,train,1920,1440,76,8498,8573,1,1,0,8570,1,1,73,,0,0,0,1.0,0,0,0
gp_set_0004,gp_set_0004_vid_0003,gp_2865,train,1920,1440,91,8498,8588,1,1,0,8585,1,1,88,,0,0,0,1.0,0,0,0
gp_set_0004,gp_set_0004_vid_0003,gp_2871,train,1920,1440,67,8557,8623,1,1,0,8620,1,1,64,,0,0,0,1.0,0,0,0
gp_set_0004,gp_set_0004_vid_0003,gp_2872,train,1920,1440,76,8557,8632,1,1,0,8629,1,1,73,,0,0,0,1.0,0,0,0
gp_set_0004,gp_set_0004_vid_0003,gp_2875,train,1920,1440,62,8600,8661,1,1,0,8598,0,0,,,0,0,0,1.0,0,0,0
gp_set_0004,gp_set_0004_vid_0003,gp_2876,train,1920,1440,32,8638,8669,1,1,0,8666,1,1,29,,0,0,0,1.0,0,0,0
gp_set_0004,gp_set_0004_vid_0003,gp_2878,train,1920,1440,51,8648,8698,1,1,0,8695,1,1,48,,0,0,0,1.0,0,0,0
gp_set_0004,gp_set_0004_vid_0003,gp_2879,train,1920,1440,52,8694,8745,1,1,0,8742,1,1,49,,0,0,0,1.0,0,0,0
gp_set_0004,gp_set_0004_vid_0003,gp_2881,train,1920,1440,52,8709,8760,1,1,0,8763,0,0,,,0,0,0,1.0,0,0,0
gp_set_0004,gp_set_0004_vid_0003,gp_2882,train,1920,1440,49,8709,8757,1,1,0,8754,1,1,46,,0,0,0,1.0,0,0,0
gp_set_0004,gp_set_0004_vid_0003,gp_2888,train,1920,1440,27,8761,8787,1,1,0,8784,1,1,24,,0,0,0,1.0,0,0,0
gp_set_0004,gp_set_0004_vid_0003,gp_2889,train,1920,1440,31,10089,10119,1,1,0,10116,1,1,28,,0,0,0,1.0,0,0,0
gp_set_0004,gp_set_0004_vid_0003,gp_2891,train,1920,1440,44,8779,8822,1,1,0,8819,1,1,41,,0,0,0,1.0,0,0,0
gp_set_0004,gp_set_0004_vid_0003,gp_2892,train,1920,1440,51,8784,8834,1,1,0,8831,1,1,48,,0,0,0,1.0,0,0,0
gp_set_0004,gp_set_0004_vid_0003,gp_2897,train,1920,1440,42,8846,8887,1,1,0,8884,1,1,39,,0,0,0,1.0,0,0,0
gp_set_0004,gp_set_0004_vid_0003,gp_2898,train,1920,1440,48,8846,8893,1,1,0,8890,1,1,45,,0,0,0,1.0,0,0,0
gp_set_0004,gp_set_0004_vid_0003,gp_2899,train,1920,1440,44,8876,8919,1,1,0,8916,1,1,41,,0,0,0,1.0,0,0,0
gp_set_0004,gp_set_0004_vid_0003,gp_2900,train,1920,1440,55,8876,8930,1,1,0,8927,1,1,52,,0,0,0,1.0,0,0,0
gp_set_0004,gp_set_0004_vid_0003,gp_2904,train,1920,1440,42,8926,8967,1,1,0,8964,1,1,39,,0,0,0,1.0,0,0,0
gp_set_0004,gp_set_0004_vid_0003,gp_2833,train,1920,1440,230,8091,8320,1,1,1,8121,1,1,31,8091,145,0,0,1.0,0,0,0
gp_set_0004,gp_set_0004_vid_0003,gp_2832,train,1920,1440,220,8091,8310,1,1,1,8122,1,1,32,8091,145,0,0,1.0,0,0,0
gp_set_0004,gp_set_0004_vid_0003,gp_2842,train,1920,1440,205,8108,8312,1,1,1,8199,1,1,92,8108,169,0,0,1.0,0,0,0
gp_set_0004,gp_set_0004_vid_0003,gp_2799,train,1920,1440,149,7862,8010,1,1,1,7862,1,1,1,7862,94,55,0,1.0,0,0,0
gp_set_0004,gp_set_0004_vid_0003,gp_2821,train,1920,1440,400,7778,8177,1,1,1,7778,1,1,1,7778,383,0,0,1.0,0,0,0
gp_set_0004,gp_set_0004_vid_0003,gp_2839,train,1920,1440,125,8093,8217,1,1,1,8093,1,1,1,8093,125,0,0,1.0,0,0,0
gp_set_0004,gp_set_0004_vid_0003,gp_2857,train,1920,1440,186,8317,8502,1,1,1,8382,1,1,66,8317,186,0,0,1.0,0,0,0
gp_set_0004,gp_set_0004_vid_0003,gp_4121,train,1920,1440,160,8820,8979,1,1,0,8857,1,1,38,,0,123,0,1.0,0,0,0
gp_set_0004,gp_set_0004_vid_0003,gp_2458,train,1920,1440,86,7180,7265,1,1,0,7262,1,1,83,,0,0,0,1.0,0,0,0
gp_set_0004,gp_set_0004_vid_0003,gp_2913,train,1920,1440,295,9131,9425,1,1,0,9422,1,1,292,,0,0,0,1.0,0,0,0
gp_set_0004,gp_set_0004_vid_0003,gp_2914,train,1920,1440,293,9131,9423,1,1,0,9420,1,1,290,,0,0,0,1.0,0,0,0
gp_set_0004,gp_set_0004_vid_0003,gp_2915,train,1920,1440,278,9131,9408,1,1,0,9405,1,1,275,,0,0,0,1.0,0,0,0
gp_set_0004,gp_set_0004_vid_0003,gp_2916,train,1920,1440,278,9131,9408,1,1,0,9405,1,1,275,,0,0,0,1.0,0,0,0
gp_set_0004,gp_set_0004_vid_0003,gp_2917,train,1920,1440,248,9131,9378,1,1,0,9375,1,1,245,,0,0,0,1.0,0,0,0
gp_set_0004,gp_set_0004_vid_0003,gp_2930,train,1920,1440,114,9242,9355,1,1,0,9352,1,1,111,9292,61,0,0,1.0,0,0,0
gp_set_0004,gp_set_0004_vid_0003,gp_2943,train,1920,1440,87,9219,9305,1,1,0,9302,1,1,84,9219,87,0,0,1.0,0,0,0
gp_set_0004,gp_set_0004_vid_0003,gp_2947,train,1920,1440,182,9237,9418,1,1,0,9415,1,1,179,9237,180,0,0,1.0,0,0,0
gp_set_0004,gp_set_0004_vid_0003,gp_2950,train,1920,1440,160,9361,9520,1,1,1,9361,1,1,1,9361,160,0,0,1.0,0,0,0
gp_set_0004,gp_set_0004_vid_0003,gp_2952,train,1920,1440,140,9412,9551,1,1,1,9412,1,1,1,9412,140,0,0,1.0,0,0,0
gp_set_0004,gp_set_0004_vid_0003,gp_2951,train,1920,1440,142,9411,9552,1,1,1,9411,1,1,1,9411,142,0,0,1.0,0,0,0
gp_set_0004,gp_set_0004_vid_0003,gp_2959,train,1920,1440,108,9481,9588,1,1,0,9585,1,1,105,,0,0,0,1.0,0,0,0
gp_set_0004,gp_set_0004_vid_0003,gp_2960,train,1920,1440,113,9481,9593,1,1,0,9590,1,1,110,,0,0,0,1.0,0,0,0
gp_set_0004,gp_set_0004_vid_0003,gp_2969,train,1920,1440,79,9580,9658,1,1,0,9655,1,1,76,,0,0,0,1.0,0,0,0
gp_set_0004,gp_set_0004_vid_0003,gp_2972,train,1920,1440,48,9642,9689,1,1,0,9606,0,0,,,0,0,0,1.0,0,0,0
gp_set_0004,gp_set_0004_vid_0003,gp_2973,train,1920,1440,99,9681,9779,1,1,0,9776,1,1,96,,0,0,0,1.0,0,0,0
gp_set_0004,gp_set_0004_vid_0003,gp_2975,train,1920,1440,81,9776,9856,1,1,0,-10,0,0,,,0,0,0,1.0,0,0,0
gp_set_0004,gp_set_0004_vid_0003,gp_2987,train,1920,1440,79,9844,9922,1,1,0,9919,1,1,76,,0,0,0,1.0,0,0,0
gp_set_0004,gp_set_0004_vid_0003,gp_2990,train,1920,1440,83,9926,10008,1,1,0,10004,1,1,79,,0,0,0,1.0,0,0,0
gp_set_0004,gp_set_0004_vid_0003,gp_2991,train,1920,1440,78,9926,10003,1,1,0,10000,1,1,75,9926,78,0,0,1.0,0,0,0
gp_set_0004,gp_set_0004_vid_0003,gp_2992,train,1920,1440,75,9926,10000,1,1,0,9997,1,1,72,,0,0,0,1.0,0,0,0
gp_set_0004,gp_set_0004_vid_0003,gp_3001,train,1920,1440,199,10049,10247,1,1,0,2998,0,0,,10049,157,0,0,1.0,0,0,0
gp_set_0004,gp_set_0004_vid_0003,gp_3004,train,1920,1440,64,10244,10307,1,1,0,10304,1,1,61,,0,0,0,1.0,0,0,0
gp_set_0004,gp_set_0004_vid_0003,gp_3005,train,1920,1440,78,10244,10321,1,1,0,10318,1,1,75,,0,0,0,1.0,0,0,0
gp_set_0004,gp_set_0004_vid_0003,gp_3006,train,1920,1440,91,10244,10334,1,1,0,10331,1,1,88,,0,0,0,1.0,0,0,0
gp_set_0004,gp_set_0004_vid_0003,gp_3007,train,1920,1440,98,10244,10341,1,1,0,10338,1,1,95,,0,0,0,1.0,0,0,0
gp_set_0004,gp_set_0004_vid_0003,gp_3011,train,1920,1440,43,10356,10398,1,1,0,10395,1,1,40,,0,0,0,1.0,0,0,0
gp_set_0004,gp_set_0004_vid_0003,gp_3012,train,1920,1440,46,10356,10401,1,1,0,10398,1,1,43,,0,0,0,1.0,0,0,0
gp_set_0004,gp_set_0004_vid_0003,gp_3016,train,1920,1440,76,10385,10460,1,1,0,10457,1,1,73,,0,0,0,1.0,0,0,0
gp_set_0004,gp_set_0004_vid_0003,gp_3021,train,1920,1440,64,10665,10728,1,1,0,10725,1,1,61,,0,0,0,1.0,0,0,0
gp_set_0004,gp_set_0004_vid_0003,gp_3022,train,1920,1440,59,10665,10723,1,1,0,10720,1,1,56,,0,0,0,1.0,0,0,0
gp_set_0004,gp_set_0004_vid_0003,gp_3027,train,1920,1440,44,9376,9419,1,1,0,9416,1,1,41,,0,0,0,1.0,0,0,0
gp_set_0004,gp_set_0004_vid_0003,gp_3028,train,1920,1440,31,9387,9417,1,1,0,9414,1,1,28,,0,0,0,1.0,0,0,0
gp_set_0004,gp_set_0004_vid_0003,gp_3029,train,1920,1440,177,9492,9668,1,1,0,9665,1,1,174,,0,0,0,1.0,0,0,0
gp_set_0004,gp_set_0004_vid_0003,gp_2931,train,1920,1440,204,9006,9209,1,1,1,9006,1,1,1,9006,204,0,0,1.0,0,0,0
gp_set_0004,gp_set_0004_vid_0003,gp_2932,train,1920,1440,191,9006,9196,1,1,1,9006,1,1,1,9006,191,0,0,1.0,0,0,0
gp_set_0004,gp_set_0004_vid_0003,gp_2935,train,1920,1440,243,9126,9368,1,1,0,9365,1,1,240,9126,243,0,0,1.0,0,0,0
gp_set_0004,gp_set_0004_vid_0003,gp_2936,train,1920,1440,218,9126,9343,1,1,0,9340,1,1,215,9126,218,0,0,1.0,0,0,0
gp_set_0004,gp_set_0004_vid_0003,gp_2934,train,1920,1440,180,9134,9313,1,1,0,9310,1,1,177,9134,180,0,0,1.0,0,0,0
gp_set_0004,gp_set_0004_vid_0003,gp_2978,train,1920,1440,177,9745,9921,1,1,1,9822,1,1,78,9745,177,0,0,1.0,0,0,0
gp_set_0004,gp_set_0004_vid_0003,gp_2982,train,1920,1440,211,9754,9964,1,1,1,9874,1,1,121,9754,165,0,0,1.0,0,0,0
gp_set_0004,gp_set_0004_vid_0003,gp_2983,train,1920,1440,300,9748,10047,1,1,0,10044,1,1,297,9748,35,0,0,1.0,0,0,0
gp_set_0004,gp_set_0004_vid_0003,gp_3020,train,1920,1440,218,10455,10672,1,1,1,10455,1,1,1,10455,218,0,0,1.0,0,0,0
gp_set_0004,gp_set_0004_vid_0003,gp_3019,train,1920,1440,104,10544,10647,1,1,0,10644,1,1,101,10544,104,0,0,1.0,0,0,0
gp_set_0004,gp_set_0004_vid_0003,gp_2927,train,1920,1440,114,9271,9384,1,1,1,9303,1,1,33,9272,85,0,0,1.0,0,0,0
gp_set_0004,gp_set_0004_vid_0003,gp_2928,train,1920,1440,84,9295,9378,1,1,1,9295,1,1,1,9295,84,0,0,1.0,0,0,0
gp_set_0004,gp_set_0004_vid_0003,gp_2965,train,1920,1440,245,9360,9604,1,1,1,9360,1,1,1,9360,245,0,0,1.0,0,0,0
gp_set_0004,gp_set_0004_vid_0003,gp_2906,train,1920,1440,166,8975,9140,1,1,1,9010,1,1,36,8975,166,0,0,1.0,0,0,0
gp_set_0004,gp_set_0004_vid_0003,gp_2907,train,1920,1440,138,8975,9112,1,1,1,8975,1,1,1,8975,112,0,0,1.0,0,0,0
gp_set_0004,gp_set_0004_vid_0003,gp_3038,train,1920,1440,139,10780,10918,1,1,0,10915,1,1,136,,0,0,0,1.0,0,0,0
gp_set_0004,gp_set_0004_vid_0003,gp_3039,train,1920,1440,140,10780,10919,1,1,0,10916,1,1,137,,0,0,0,1.0,0,0,0
gp_set_0004,gp_set_0004_vid_0003,gp_3040,train,1920,1440,145,10780,10924,1,1,0,10921,1,1,142,,0,0,0,1.0,0,0,0
gp_set_0004,gp_set_0004_vid_0003,gp_3049,train,1920,1440,129,10854,10982,1,1,0,10979,1,1,126,,0,0,0,1.0,0,0,0
gp_set_0004,gp_set_0004_vid_0003,gp_3053,train,1920,1440,47,10907,10953,1,1,0,10950,1,1,44,,0,0,0,1.0,0,0,0
gp_set_0004,gp_set_0004_vid_0003,gp_3054,train,1920,1440,52,10907,10958,1,1,0,10955,1,1,49,,0,0,0,1.0,0,0,0
gp_set_0004,gp_set_0004_vid_0003,gp_3055,train,1920,1440,56,10907,10962,1,1,0,10959,1,1,53,,0,0,0,1.0,0,0,0
gp_set_0004,gp_set_0004_vid_0003,gp_3059,train,1920,1440,92,10901,10992,1,1,0,10989,1,1,89,,0,0,0,1.0,0,0,0
gp_set_0004,gp_set_0004_vid_0003,gp_3065,train,1920,1440,50,10975,11024,1,1,0,11021,1,1,47,,0,0,0,1.0,0,0,0
gp_set_0004,gp_set_0004_vid_0003,gp_3067,train,1920,1440,42,11010,11051,1,1,0,11048,1,1,39,,0,0,0,1.0,0,0,0
gp_set_0004,gp_set_0004_vid_0003,gp_3070,train,1920,1440,58,11048,11105,1,1,0,11102,1,1,55,,0,0,0,1.0,0,0,0
gp_set_0004,gp_set_0004_vid_0003,gp_3071,train,1920,1440,45,11048,11092,1,1,0,11089,1,1,42,,0,0,0,1.0,0,0,0
gp_set_0004,gp_set_0004_vid_0003,gp_3076,train,1920,1440,44,11048,11091,1,1,0,11088,1,1,41,,0,0,0,1.0,0,0,0
gp_set_0004,gp_set_0004_vid_0003,gp_3079,train,1920,1440,48,11065,11112,1,1,0,11109,1,1,45,,0,0,0,1.0,0,0,0
gp_set_0004,gp_set_0004_vid_0003,gp_3081,train,1920,1440,54,11093,11146,1,1,0,11143,1,1,51,,0,0,0,1.0,0,0,0
gp_set_0004,gp_set_0004_vid_0003,gp_3085,train,1920,1440,52,11081,11132,1,1,0,11129,1,1,49,,0,0,0,1.0,0,0,0
gp_set_0004,gp_set_0004_vid_0003,gp_3086,train,1920,1440,55,11081,11135,1,1,0,11132,1,1,52,,0,0,0,1.0,0,0,0
gp_set_0004,gp_set_0004_vid_0003,gp_3087,train,1920,1440,60,11081,11140,1,1,0,11137,1,1,57,,0,0,0,1.0,0,0,0
gp_set_0004,gp_set_0004_vid_0003,gp_3090,train,1920,1440,251,10793,11043,1,1,1,10793,1,1,1,10793,251,0,0,1.0,0,0,0
gp_set_0004,gp_set_0004_vid_0003,gp_3093,train,1920,1440,132,11066,11197,1,1,0,11194,1,1,129,,0,57,0,1.0,0,0,0
gp_set_0004,gp_set_0004_vid_0003,gp_3094,train,1920,1440,135,11066,11200,1,1,0,11197,1,1,132,,0,60,0,1.0,0,0,0
gp_set_0004,gp_set_0004_vid_0003,gp_3106,train,1920,1440,108,11132,11239,1,1,0,11236,1,1,105,,0,50,0,1.0,0,0,0
gp_set_0004,gp_set_0004_vid_0003,gp_3107,train,1920,1440,106,11132,11237,1,1,0,11234,1,1,103,,0,48,0,1.0,0,0,0
gp_set_0004,gp_set_0004_vid_0003,gp_3111,train,1920,1440,43,11227,11269,1,1,0,11266,1,1,40,,0,0,0,1.0,0,0,0
gp_set_0004,gp_set_0004_vid_0003,gp_3114,train,1920,1440,35,11255,11289,1,1,0,11286,1,1,32,,0,0,0,1.0,0,0,0
gp_set_0004,gp_set_0004_vid_0003,gp_3120,train,1920,1440,221,11352,11572,1,1,1,11352,1,1,1,11352,221,0,0,1.0,0,0,0
gp_set_0004,gp_set_0004_vid_0003,gp_3126,train,1920,1440,255,11462,11716,1,1,1,11462,1,1,1,11621,96,0,0,1.0,0,0,0
gp_set_0004,gp_set_0004_vid_0003,gp_3127,train,1920,1440,272,11462,11733,1,1,1,11462,1,1,1,11621,113,0,0,1.0,0,0,0
gp_set_0004,gp_set_0004_vid_0003,gp_3135,train,1920,1440,239,11518,11756,1,1,1,11518,1,1,1,11518,174,0,0,1.0,0,0,0
gp_set_0004,gp_set_0004_vid_0003,gp_3140,train,1920,1440,331,11637,11967,1,1,0,11964,1,1,328,,0,0,0,1.0,0,0,0
gp_set_0004,gp_set_0004_vid_0003,gp_3145,train,1920,1440,167,11719,11885,1,1,1,11719,1,1,1,11719,167,0,0,1.0,0,0,0
gp_set_0004,gp_set_0004_vid_0003,gp_3149,train,1920,1440,195,11692,11886,1,1,1,11692,1,1,1,11692,195,0,0,1.0,0,0,0
gp_set_0004,gp_set_0004_vid_0003,gp_3150,train,1920,1440,217,11692,11908,1,1,1,11692,1,1,1,11732,177,0,0,1.0,0,0,0
gp_set_0004,gp_set_0004_vid_0003,gp_3156,train,1920,1440,78,11861,11938,1,1,0,11935,1,1,75,,0,0,0,1.0,0,0,0
gp_set_0004,gp_set_0004_vid_0003,gp_3157,train,1920,1440,81,11883,11963,1,1,0,11960,1,1,78,,0,0,0,1.0,0,0,0
gp_set_0004,gp_set_0004_vid_0003,gp_3160,train,1920,1440,128,11972,12099,1,1,1,11972,1,1,1,11972,63,0,0,1.0,0,0,0
gp_set_0004,gp_set_0004_vid_0003,gp_3164,train,1920,1440,229,12022,12250,1,1,1,12022,1,1,1,12022,229,0,0,1.0,0,0,0
gp_set_0004,gp_set_0004_vid_0003,gp_3165,train,1920,1440,269,12129,12397,1,1,1,12129,1,1,1,12129,269,0,0,1.0,0,0,0
gp_set_0004,gp_set_0004_vid_0003,gp_3170,train,1920,1440,193,12121,12313,1,1,0,12310,1,1,190,,0,0,0,1.0,0,0,0
gp_set_0004,gp_set_0004_vid_0003,gp_3174,train,1920,1440,773,12037,12809,1,1,0,12566,1,1,530,,0,0,0,1.0,0,0,0
gp_set_0004,gp_set_0004_vid_0003,gp_3179,train,1920,1440,117,12407,12523,1,1,0,12520,1,1,114,,0,0,0,1.0,0,0,0
gp_set_0004,gp_set_0004_vid_0003,gp_3115,train,1920,1440,287,11165,11451,1,1,1,11193,1,1,29,11180,272,0,0,1.0,0,0,0
gp_set_0004,gp_set_0004_vid_0003,gp_3089,train,1920,1440,271,10777,11047,1,1,1,10777,1,1,1,10793,255,0,0,1.0,0,0,0
gp_set_0004,gp_set_0004_vid_0003,gp_3101,train,1920,1440,185,11109,11293,1,1,1,11109,1,1,1,11109,185,0,0,1.0,0,0,0
gp_set_0004,gp_set_0004_vid_0003,gp_3035,train,1920,1440,199,10770,10968,1,1,1,10770,1,1,1,10770,147,0,0,1.0,0,0,0
gp_set_0004,gp_set_0004_vid_0003,gp_3048,train,1920,1440,237,10770,11006,1,1,1,10793,1,1,24,10770,162,0,0,1.0,0,0,0
gp_set_0004,gp_set_0004_vid_0003,gp_3195,train,1920,1440,825,12626,13450,1,1,0,13447,1,1,822,12709,709,0,0,1.0,0,0,0
gp_set_0004,gp_set_0004_vid_0003,gp_3198,train,1920,1440,124,12807,12930,1,1,1,12807,1,1,1,12807,124,0,0,1.0,0,0,0
gp_set_0004,gp_set_0004_vid_0003,gp_3203,train,1920,1440,1025,12665,13689,1,1,0,13686,1,1,1022,,0,0,0,1.0,0,0,0
gp_set_0004,gp_set_0004_vid_0003,gp_3205,train,1920,1440,1024,12678,13701,1,1,0,13698,1,1,1021,,0,0,0,1.0,0,0,0
gp_set_0004,gp_set_0004_vid_0003,gp_3216,train,1920,1440,116,13296,13411,1,1,0,13408,1,1,113,,0,0,0,1.0,0,0,0
gp_set_0004,gp_set_0004_vid_0003,gp_3217,train,1920,1440,251,13238,13488,1,1,0,13485,1,1,248,13238,251,0,0,1.0,0,0,0
gp_set_0004,gp_set_0004_vid_0003,gp_3224,train,1920,1440,190,13268,13457,1,1,0,13454,1,1,187,,0,0,0,1.0,0,0,0
gp_set_0004,gp_set_0004_vid_0003,gp_3226,train,1920,1440,115,13218,13332,1,1,0,13329,1,1,112,,0,0,0,1.0,0,0,0
gp_set_0004,gp_set_0004_vid_0003,gp_3232,train,1920,1440,95,13265,13359,1,1,0,13356,1,1,92,,0,0,0,1.0,0,0,0
gp_set_0004,gp_set_0004_vid_0003,gp_3251,train,1920,1440,81,13586,13666,1,1,0,13663,1,1,78,,0,0,0,1.0,0,0,0
gp_set_0004,gp_set_0004_vid_0003,gp_3254,train,1920,1440,75,13611,13685,1,1,0,13682,1,1,72,,0,0,0,1.0,0,0,0
gp_set_0004,gp_set_0004_vid_0003,gp_3257,train,1920,1440,130,13640,13769,1,1,0,13766,1,1,127,,0,0,0,1.0,0,0,0
gp_set_0004,gp_set_0004_vid_0003,gp_3258,train,1920,1440,121,13660,13780,1,1,0,13777,1,1,118,,0,0,0,1.0,0,0,0
gp_set_0004,gp_set_0004_vid_0003,gp_3262,train,1920,1440,153,13663,13815,1,1,0,13812,1,1,150,,0,0,0,1.0,0,0,0
gp_set_0004,gp_set_0004_vid_0003,gp_3263,train,1920,1440,165,13663,13827,1,1,0,13824,1,1,162,,0,0,0,1.0,0,0,0
gp_set_0004,gp_set_0004_vid_0003,gp_3268,train,1920,1440,73,13765,13837,1,1,0,13834,1,1,70,,0,0,0,1.0,0,0,0
gp_set_0004,gp_set_0004_vid_0003,gp_3269,train,1920,1440,89,13765,13853,1,1,0,13850,1,1,86,,0,0,0,1.0,0,0,0
gp_set_0004,gp_set_0004_vid_0003,gp_3270,train,1920,1440,94,13765,13858,1,1,0,13855,1,1,91,,0,0,0,1.0,0,0,0
gp_set_0004,gp_set_0004_vid_0003,gp_3276,train,1920,1440,51,13783,13833,1,1,0,13830,1,1,48,,0,0,0,1.0,0,0,0
gp_set_0004,gp_set_0004_vid_0003,gp_3278,train,1920,1440,51,13790,13840,1,1,0,13837,1,1,48,,0,0,0,1.0,0,0,0
gp_set_0004,gp_set_0004_vid_0003,gp_3280,train,1920,1440,51,13807,13857,1,1,0,13854,1,1,48,,0,0,0,1.0,0,0,0
gp_set_0004,gp_set_0004_vid_0003,gp_3282,train,1920,1440,80,13800,13879,1,1,0,13854,1,1,55,,0,0,0,1.0,0,0,0
gp_set_0004,gp_set_0004_vid_0003,gp_3283,train,1920,1440,72,13805,13876,1,1,0,13873,1,1,69,,0,0,0,1.0,0,0,0
gp_set_0004,gp_set_0004_vid_0003,gp_3285,train,1920,1440,47,13859,13905,1,1,0,13903,1,1,45,,0,0,0,1.0,0,0,0
gp_set_0004,gp_set_0004_vid_0003,gp_3288,train,1920,1440,49,13866,13914,1,1,0,13911,1,1,46,,0,0,0,1.0,0,0,0
gp_set_0004,gp_set_0004_vid_0003,gp_3290,train,1920,1440,118,13865,13982,1,1,0,13979,1,1,115,,0,0,0,1.0,0,0,0
gp_set_0004,gp_set_0004_vid_0003,gp_3291,train,1920,1440,113,13876,13988,1,1,0,13985,1,1,110,,0,0,0,1.0,0,0,0
gp_set_0004,gp_set_0004_vid_0003,gp_3300,train,1920,1440,121,13900,14020,1,1,0,14017,1,1,118,,0,0,0,1.0,0,0,0
gp_set_0004,gp_set_0004_vid_0003,gp_3305,train,1920,1440,51,13945,13995,1,1,0,13992,1,1,48,,0,0,0,1.0,0,0,0
gp_set_0004,gp_set_0004_vid_0003,gp_3309,train,1920,1440,69,14000,14068,1,1,0,14065,1,1,66,,0,0,0,1.0,0,0,0
gp_set_0004,gp_set_0004_vid_0003,gp_3310,train,1920,1440,80,14000,14079,1,1,0,14076,1,1,77,,0,0,0,1.0,0,0,0
gp_set_0004,gp_set_0004_vid_0003,gp_3315,train,1920,1440,31,14009,14039,1,1,0,14036,1,1,28,,0,0,0,1.0,0,0,0
gp_set_0004,gp_set_0004_vid_0003,gp_3316,train,1920,1440,22,14012,14033,1,1,0,14030,1,1,19,,0,0,0,1.0,0,0,0
gp_set_0004,gp_set_0004_vid_0003,gp_3318,train,1920,1440,130,13981,14110,1,1,0,14107,1,1,127,,0,0,0,1.0,0,0,0
gp_set_0004,gp_set_0004_vid_0003,gp_3322,train,1920,1440,161,13992,14152,1,1,0,14149,1,1,158,,0,0,0,1.0,0,0,0
gp_set_0004,gp_set_0004_vid_0003,gp_3323,train,1920,1440,129,14017,14145,1,1,0,14142,1,1,126,,0,0,0,1.0,0,0,0
gp_set_0004,gp_set_0004_vid_0003,gp_3329,train,1920,1440,184,14077,14260,1,1,0,14257,1,1,181,,0,0,0,1.0,0,0,0
gp_set_0004,gp_set_0004_vid_0003,gp_3330,train,1920,1440,122,14102,14223,1,1,0,14220,1,1,119,,0,0,0,1.0,0,0,0
gp_set_0004,gp_set_0004_vid_0003,gp_3335,train,1920,1440,773,12727,13499,1,1,0,13496,1,1,770,,0,0,0,1.0,0,0,0
gp_set_0004,gp_set_0004_vid_0003,gp_3336,train,1920,1440,736,12747,13482,1,1,0,13479,1,1,733,,0,0,0,1.0,0,0,0
gp_set_0004,gp_set_0004_vid_0003,gp_3337,train,1920,1440,752,12789,13540,1,1,0,13537,1,1,749,,0,0,0,1.0,0,0,0
gp_set_0004,gp_set_0004_vid_0003,gp_3233,train,1920,1440,110,13466,13575,1,1,1,13476,1,1,11,13479,97,0,0,1.0,0,0,0
gp_set_0004,gp_set_0004_vid_0003,gp_3286,train,1920,1440,63,13847,13909,1,1,0,13901,1,1,55,,0,0,0,1.0,0,0,0
gp_set_0004,gp_set_0004_vid_0003,gp_3222,train,1920,1440,139,13326,13464,1,1,1,13326,1,1,1,13359,106,0,0,1.0,0,0,0
gp_set_0004,gp_set_0004_vid_0003,gp_3229,train,1920,1440,114,13233,13346,1,1,1,13233,1,1,1,,0,0,0,1.0,0,0,0
gp_set_0004,gp_set_0004_vid_0003,gp_3238,train,1920,1440,163,13467,13629,1,1,1,13467,1,1,1,13490,140,0,0,1.0,0,0,0
gp_set_0004,gp_set_0004_vid_0003,gp_3245,train,1920,1440,116,13530,13649,2,1,1,13530,1,1,1,13536,110,0,0,1.0,0,0,0
gp_set_0004,gp_set_0004_vid_0003,gp_3249,train,1920,1440,115,13559,13673,1,1,1,13559,1,1,1,13564,110,0,0,1.0,0,0,0
gp_set_0004,gp_set_0004_vid_0003,gp_3297,train,1920,1440,176,13839,14014,1,1,1,13839,1,1,1,,0,0,0,1.0,0,0,0
gp_set_0004,gp_set_0004_vid_0003,gp_3239,train,1920,1440,200,13416,13615,1,1,1,13490,1,1,75,13424,192,0,0,1.0,0,0,0
gp_set_0004,gp_set_0004_vid_0003,gp_3246,train,1920,1440,241,13429,13669,1,1,1,13546,1,1,118,13436,234,0,0,1.0,0,0,0
gp_set_0004,gp_set_0004_vid_0003,gp_3306,train,1920,1440,32,13958,13989,1,1,0,13958,1,1,1,,0,0,0,1.0,0,0,0
gp_set_0004,gp_set_0004_vid_0003,gp_3311,train,1920,1440,67,14000,14066,1,1,0,14000,1,1,1,,0,0,0,1.0,0,0,0
gp_set_0004,gp_set_0004_vid_0003,gp_3319,train,1920,1440,123,13972,14094,1,1,0,14973,0,0,,,0,0,0,1.0,0,0,0
gp_set_0004,gp_set_0004_vid_0003,gp_3354,train,1920,1440,76,14390,14465,1,1,0,14462,1,1,73,,0,0,0,1.0,0,0,0
gp_set_0004,gp_set_0004_vid_0003,gp_3353,train,1920,1440,107,14379,14485,1,1,0,14482,1,1,104,,0,0,0,1.0,0,0,0
gp_set_0004,gp_set_0004_vid_0003,gp_3358,train,1920,1440,139,14411,14549,1,1,0,14546,1,1,136,,0,0,0,1.0,0,0,0
gp_set_0004,gp_set_0004_vid_0003,gp_3359,train,1920,1440,154,14414,14567,1,1,0,14564,1,1,151,,0,0,0,1.0,0,0,0
gp_set_0004,gp_set_0004_vid_0003,gp_3361,train,1920,1440,111,14472,14582,1,1,0,14579,1,1,108,,0,0,0,1.0,0,0,0
gp_set_0004,gp_set_0004_vid_0003,gp_3363,train,1920,1440,97,14512,14608,1,1,0,14600,1,1,89,,0,0,0,1.0,0,0,0
gp_set_0004,gp_set_0004_vid_0003,gp_3364,train,1920,1440,103,14512,14614,1,1,0,14611,1,1,100,,0,0,0,1.0,0,0,0
gp_set_0004,gp_set_0004_vid_0003,gp_3368,train,1920,1440,167,14482,14648,1,1,0,14645,1,1,164,,0,0,0,1.0,0,0,0
gp_set_0004,gp_set_0004_vid_0003,gp_3370,train,1920,1440,194,14453,14646,1,1,0,14643,1,1,191,,0,0,0,1.0,0,0,0
gp_set_0004,gp_set_0004_vid_0003,gp_3375,train,1920,1440,125,14597,14721,1,1,0,14718,1,1,122,,0,0,0,1.0,0,0,0
gp_set_0004,gp_set_0004_vid_0003,gp_3377,train,1920,1440,109,14644,14752,1,1,0,14749,1,1,106,,0,0,0,1.0,0,0,0
gp_set_0004,gp_set_0004_vid_0003,gp_3379,train,1920,1440,97,14667,14763,1,1,0,14760,1,1,94,,0,0,0,1.0,0,0,0
gp_set_0004,gp_set_0004_vid_0003,gp_3388,train,1920,1440,76,14718,14793,1,1,0,14790,1,1,73,,0,0,0,1.0,0,0,0
gp_set_0004,gp_set_0004_vid_0003,gp_3390,train,1920,1440,72,14748,14819,1,1,0,14816,1,1,69,,0,0,0,1.0,0,0,0
gp_set_0004,gp_set_0004_vid_0003,gp_3391,train,1920,1440,56,14757,14812,1,1,0,14809,1,1,53,,0,0,0,1.0,0,0,0
gp_set_0004,gp_set_0004_vid_0003,gp_3393,train,1920,1440,182,14696,14877,1,1,0,14874,1,1,179,,0,0,0,1.0,0,0,0
gp_set_0004,gp_set_0004_vid_0003,gp_3395,train,1920,1440,93,14763,14855,1,1,0,14852,1,1,90,,0,0,0,1.0,0,0,0
gp_set_0004,gp_set_0004_vid_0003,gp_3398,train,1920,1440,63,14790,14852,1,1,0,14849,1,1,60,,0,0,0,1.0,0,0,0
gp_set_0004,gp_set_0004_vid_0003,gp_3402,train,1920,1440,143,14808,14950,1,1,0,14947,1,1,140,,0,0,0,1.0,0,0,0
gp_set_0004,gp_set_0004_vid_0003,gp_3412,train,1920,1440,117,14948,15064,1,1,0,15061,1,1,114,,0,0,0,1.0,0,0,0
gp_set_0004,gp_set_0004_vid_0003,gp_3418,train,1920,1440,29,15169,15197,1,1,0,15194,1,1,26,,0,0,0,1.0,0,0,0
gp_set_0004,gp_set_0004_vid_0003,gp_3419,train,1920,1440,26,15179,15204,1,1,0,-10,0,0,,,0,0,0,1.0,0,0,0
gp_set_0004,gp_set_0004_vid_0003,gp_3421,train,1920,1440,214,15202,15415,1,1,0,15412,1,1,211,15202,201,0,0,1.0,0,0,0
gp_set_0004,gp_set_0004_vid_0003,gp_3424,train,1920,1440,201,15208,15408,1,1,0,15405,1,1,198,,0,0,0,1.0,0,0,0
gp_set_0004,gp_set_0004_vid_0003,gp_3425,train,1920,1440,188,15218,15405,1,1,0,15402,1,1,185,,0,0,0,1.0,0,0,0
gp_set_0004,gp_set_0004_vid_0003,gp_3426,train,1920,1440,173,15229,15401,1,1,0,15398,1,1,170,,0,0,0,1.0,0,0,0
gp_set_0004,gp_set_0004_vid_0003,gp_3432,train,1920,1440,85,15383,15467,1,1,0,3429,0,0,,,0,0,0,1.0,0,0,0
gp_set_0004,gp_set_0004_vid_0003,gp_3435,train,1920,1440,232,15621,15852,1,1,0,15849,1,1,229,15621,60,0,0,1.0,0,0,0
gp_set_0004,gp_set_0004_vid_0003,gp_3438,train,1920,1440,47,15870,15916,1,1,0,15913,1,1,44,15870,47,0,0,1.0,0,0,0
gp_set_0004,gp_set_0004_vid_0003,gp_3430,train,1920,1440,122,16017,16138,1,1,0,16135,1,1,119,,0,0,0,1.0,0,0,0
gp_set_0004,gp_set_0004_vid_0003,gp_3441,train,1920,1440,143,14833,14975,1,1,0,14972,1,1,140,,0,0,0,1.0,0,0,0
gp_set_0004,gp_set_0004_vid_0003,gp_3406,train,1920,1440,207,14819,15025,1,1,0,15022,1,1,204,14819,105,0,0,1.0,0,0,0
gp_set_0004,gp_set_0004_vid_0003,gp_3407,train,1920,1440,211,14819,15029,1,1,0,15026,1,1,208,14819,105,0,0,1.0,0,0,0
gp_set_0004,gp_set_0004_vid_0003,gp_3413,train,1920,1440,149,14943,15091,1,1,0,14901,0,0,,,0,0,0,1.0,0,0,0
gp_set_0004,gp_set_0004_vid_0003,gp_3417,train,1920,1440,23,15158,15180,1,1,0,15177,1,1,20,15158,23,0,0,1.0,0,0,0
gp_set_0004,gp_set_0004_vid_0003,gp_3385,train,1920,1440,208,14635,14842,1,1,1,14635,1,1,1,14635,119,0,0,1.0,0,0,0
gp_set_0004,gp_set_0004_vid_0003,gp_3380,train,1920,1440,82,14678,14759,1,1,0,14678,1,1,1,,0,0,0,1.0,0,0,0
gp_set_0004,gp_set_0004_vid_0003,gp_3349,train,1920,1440,34,14360,14393,1,1,0,14390,1,1,31,,0,0,0,1.0,0,0,0
gp_set_0004,gp_set_0004_vid_0003,gp_3350,train,1920,1440,52,14360,14411,1,1,0,14408,1,1,49,,0,0,0,1.0,0,0,0
gp_set_0004,gp_set_0004_vid_0003,gp_3351,train,1920,1440,73,14360,14432,1,1,0,3348,0,0,,,0,0,0,1.0,0,0,0
gp_set_0004,gp_set_0004_vid_0003,gp_3533,train,1920,1440,138,16237,16374,1,1,0,16371,1,1,135,,0,0,0,1.0,0,0,0
gp_set_0004,gp_set_0004_vid_0003,gp_3534,train,1920,1440,104,16562,16665,1,1,0,16659,1,1,98,,0,0,0,1.0,0,0,0
gp_set_0004,gp_set_0004_vid_0003,gp_3535,train,1920,1440,54,16992,17045,1,1,0,17042,1,1,51,,0,0,0,1.0,0,0,0
gp_set_0004,gp_set_0004_vid_0003,gp_3536,train,1920,1440,95,16989,17083,1,1,0,17080,1,1,92,,0,0,0,1.0,0,0,0
gp_set_0004,gp_set_0004_vid_0003,gp_3543,train,1920,1440,105,17012,17116,1,1,0,17113,1,1,102,,0,0,0,1.0,0,0,0
gp_set_0004,gp_set_0004_vid_0003,gp_3549,train,1920,1440,124,17189,17312,1,1,0,17309,1,1,121,,0,0,0,1.0,0,0,0
gp_set_0004,gp_set_0004_vid_0003,gp_3550,train,1920,1440,125,17189,17313,1,1,0,17310,1,1,122,,0,0,0,1.0,0,0,0
gp_set_0004,gp_set_0004_vid_0003,gp_3556,train,1920,1440,80,17250,17329,1,1,0,17326,1,1,77,,0,0,0,1.0,0,0,0
gp_set_0004,gp_set_0004_vid_0003,gp_3559,train,1920,1440,67,17451,17517,1,1,0,17514,1,1,64,,0,0,0,1.0,0,0,0
gp_set_0004,gp_set_0004_vid_0003,gp_3560,train,1920,1440,70,17451,17520,1,1,0,17517,1,1,67,,0,0,0,1.0,0,0,0
gp_set_0004,gp_set_0004_vid_0003,gp_3563,train,1920,1440,96,17602,17697,1,1,0,17694,1,1,93,,0,0,0,1.0,0,0,0
gp_set_0004,gp_set_0004_vid_0003,gp_3546,train,1920,1440,139,17109,17247,1,1,0,17244,1,1,136,,0,0,0,1.0,0,0,0
gp_set_0004,gp_set_0004_vid_0003,gp_3574,train,1920,1440,189,17950,18138,1,1,1,17950,1,1,1,17950,94,0,0,1.0,0,0,0
gp_set_0004,gp_set_0004_vid_0003,gp_3571,train,1920,1440,26,18005,18030,1,1,0,18027,1,1,23,,0,0,0,1.0,0,0,0
gp_set_0004,gp_set_0004_vid_0003,gp_3581,train,1920,1440,91,18143,18233,1,1,0,18230,1,1,88,,0,0,0,1.0,0,0,0
gp_set_0004,gp_set_0004_vid_0003,gp_3582,train,1920,1440,92,18143,18234,1,1,0,18231,1,1,89,,0,0,0,1.0,0,0,0
gp_set_0004,gp_set_0004_vid_0003,gp_3583,train,1920,1440,120,18150,18269,1,1,0,18266,1,1,117,,0,0,0,1.0,0,0,0
gp_set_0004,gp_set_0004_vid_0003,gp_3586,train,1920,1440,170,18179,18348,1,1,1,18179,1,1,1,18179,170,0,0,1.0,0,0,0
gp_set_0004,gp_set_0004_vid_0003,gp_3587,train,1920,1440,168,18179,18346,1,1,1,18179,1,1,1,18179,168,0,0,1.0,0,0,0
gp_set_0004,gp_set_0004_vid_0003,gp_3593,train,1920,1440,77,18232,18308,1,1,0,18305,1,1,74,,0,0,0,1.0,0,0,0
gp_set_0004,gp_set_0004_vid_0003,gp_3594,train,1920,1440,108,18239,18346,1,1,0,18343,1,1,105,,0,0,0,1.0,0,0,0
gp_set_0004,gp_set_0004_vid_0003,gp_3595,train,1920,1440,110,18236,18345,1,1,0,18342,1,1,107,,0,0,0,1.0,0,0,0
gp_set_0004,gp_set_0004_vid_0003,gp_3599,train,1920,1440,68,18299,18366,1,1,0,18363,1,1,65,,0,0,0,1.0,0,0,0
gp_set_0004,gp_set_0004_vid_0003,gp_3600,train,1920,1440,41,18312,18352,1,1,0,18349,1,1,38,,0,0,0,1.0,0,0,0
gp_set_0004,gp_set_0004_vid_0003,gp_3603,train,1920,1440,97,18316,18412,1,1,0,18409,1,1,94,,0,0,0,1.0,0,0,0
gp_set_0004,gp_set_0004_vid_0003,gp_3604,train,1920,1440,100,18316,18415,1,1,0,18412,1,1,97,,0,0,0,1.0,0,0,0
gp_set_0004,gp_set_0004_vid_0003,gp_3605,train,1920,1440,87,18316,18402,1,1,0,18399,1,1,84,,0,0,0,1.0,0,0,0
gp_set_0004,gp_set_0004_vid_0003,gp_3609,train,1920,1440,71,18381,18451,1,1,0,18448,1,1,68,,0,0,0,1.0,0,0,0
gp_set_0004,gp_set_0004_vid_0003,gp_3613,train,1920,1440,111,18479,18589,1,1,0,18586,1,1,108,,0,0,0,1.0,0,0,0
gp_set_0004,gp_set_0004_vid_0003,gp_3616,train,1920,1440,82,18508,18589,1,1,0,18586,1,1,79,,0,0,0,1.0,0,0,0
gp_set_0004,gp_set_0004_vid_0003,gp_3618,train,1920,1440,87,18562,18648,1,1,0,18645,1,1,84,,0,0,0,1.0,0,0,0
gp_set_0004,gp_set_0004_vid_0003,gp_3619,train,1920,1440,87,18562,18648,1,1,0,18645,1,1,84,,0,0,0,1.0,0,0,0
gp_set_0004,gp_set_0004_vid_0003,gp_3620,train,1920,1440,89,18562,18650,1,1,0,18647,1,1,86,,0,0,0,1.0,0,0,0
gp_set_0004,gp_set_0004_vid_0003,gp_3623,train,1920,1440,170,18640,18809,1,1,0,18806,1,1,167,,0,0,0,1.0,0,0,0
gp_set_0004,gp_set_0004_vid_0003,gp_3624,train,1920,1440,60,18699,18758,1,1,0,18755,1,1,57,,0,0,0,1.0,0,0,0
gp_set_0004,gp_set_0004_vid_0003,gp_3626,train,1920,1440,117,18740,18856,1,1,0,18853,1,1,114,,0,0,0,1.0,0,0,0
gp_set_0004,gp_set_0004_vid_0003,gp_3627,train,1920,1440,115,18740,18854,1,1,0,18851,1,1,112,,0,0,0,1.0,0,0,0
gp_set_0004,gp_set_0004_vid_0003,gp_3628,train,1920,1440,87,18801,18887,1,1,0,18884,1,1,84,,0,0,0,1.0,0,0,0
gp_set_0004,gp_set_0004_vid_0003,gp_3629,train,1920,1440,86,18857,18942,1,1,0,18939,1,1,83,,0,0,0,1.0,0,0,0
gp_set_0004,gp_set_0004_vid_0003,gp_3631,train,1920,1440,84,18908,18991,1,1,0,18988,1,1,81,,0,0,0,1.0,0,0,0
gp_set_0004,gp_set_0004_vid_0003,gp_3632,train,1920,1440,87,18908,18994,1,1,0,18991,1,1,84,,0,0,0,1.0,0,0,0
gp_set_0004,gp_set_0004_vid_0003,gp_3633,train,1920,1440,185,18900,19084,1,1,1,18900,1,1,1,18900,185,0,0,1.0,0,0,0
gp_set_0004,gp_set_0004_vid_0003,gp_3635,train,1920,1440,170,18940,19109,1,1,1,18940,1,1,1,18940,147,0,0,1.0,0,0,0
gp_set_0004,gp_set_0004_vid_0003,gp_3638,train,1920,1440,121,18953,19073,1,1,0,19070,1,1,118,,0,0,0,1.0,0,0,0
gp_set_0004,gp_set_0004_vid_0003,gp_3639,train,1920,1440,125,18953,19077,1,1,0,19074,1,1,122,,0,0,0,1.0,0,0,0
gp_set_0004,gp_set_0004_vid_0003,gp_3642,train,1920,1440,141,18963,19103,1,1,0,19100,1,1,138,,0,0,0,1.0,0,0,0
gp_set_0004,gp_set_0004_vid_0003,gp_3643,train,1920,1440,179,18963,19141,1,1,0,19138,1,1,176,,0,0,0,1.0,0,0,0
gp_set_0004,gp_set_0004_vid_0003,gp_3645,train,1920,1440,78,19080,19157,1,1,0,19154,1,1,75,,0,0,0,1.0,0,0,0
gp_set_0004,gp_set_0004_vid_0003,gp_3647,train,1920,1440,162,19055,19216,1,1,0,19213,1,1,159,,0,0,0,1.0,0,0,0
gp_set_0004,gp_set_0004_vid_0003,gp_3649,train,1920,1440,258,19086,19343,1,1,1,19086,1,1,1,19086,164,0,0,1.0,0,0,0
gp_set_0004,gp_set_0004_vid_0003,gp_3651,train,1920,1440,163,19146,19308,1,1,1,19146,1,1,1,19146,163,0,0,1.0,0,0,0
gp_set_0004,gp_set_0004_vid_0003,gp_3652,train,1920,1440,194,19146,19339,1,1,1,19146,1,1,1,19146,194,0,0,1.0,0,0,0
gp_set_0004,gp_set_0004_vid_0003,gp_3654,train,1920,1440,183,19196,19378,1,1,1,19196,1,1,1,19196,152,0,0,1.0,0,0,0
gp_set_0004,gp_set_0004_vid_0003,gp_3655,train,1920,1440,193,19196,19388,1,1,1,19196,1,1,1,19196,152,0,0,1.0,0,0,0
gp_set_0004,gp_set_0004_vid_0003,gp_3657,train,1920,1440,194,19216,19409,1,1,1,19216,1,1,1,19216,194,0,0,1.0,0,0,0
gp_set_0004,gp_set_0004_vid_0003,gp_3658,train,1920,1440,97,19223,19319,1,1,0,19316,1,1,94,,0,0,0,1.0,0,0,0
gp_set_0004,gp_set_0004_vid_0003,gp_3659,train,1920,1440,99,19223,19321,1,1,0,19318,1,1,96,,0,0,0,1.0,0,0,0
gp_set_0004,gp_set_0004_vid_0003,gp_3660,train,1920,1440,95,19505,19599,1,1,0,19596,1,1,92,,0,0,0,1.0,0,0,0
gp_set_0004,gp_set_0004_vid_0003,gp_3661,train,1920,1440,106,19577,19682,1,1,0,19679,1,1,103,,0,0,0,1.0,0,0,0
gp_set_0004,gp_set_0004_vid_0003,gp_3662,train,1920,1440,118,19575,19692,1,1,0,19689,1,1,115,,0,0,0,1.0,0,0,0
gp_set_0004,gp_set_0004_vid_0003,gp_3663,train,1920,1440,137,19575,19711,1,1,0,19708,1,1,134,,0,0,0,1.0,0,0,0
gp_set_0004,gp_set_0004_vid_0003,gp_3664,train,1920,1440,43,19474,19516,1,1,0,19513,1,1,40,,0,0,0,1.0,0,0,0
gp_set_0004,gp_set_0004_vid_0003,gp_3665,train,1920,1440,47,19474,19520,1,1,0,19517,1,1,44,,0,0,0,1.0,0,0,0
gp_set_0004,gp_set_0004_vid_0003,gp_3573,train,1920,1440,194,17960,18153,1,1,1,17960,1,1,1,17960,118,0,0,1.0,0,0,0
gp_set_0004,gp_set_0004_vid_0003,gp_3611,train,1920,1440,174,18440,18613,1,1,1,18440,1,1,1,18440,174,0,0,1.0,0,0,0
gp_set_0004,gp_set_0004_vid_0003,gp_3636,train,1920,1440,261,18863,19123,1,1,1,18863,1,1,1,18863,170,0,0,1.0,0,0,0
gp_set_0004,gp_set_0004_vid_0003,gp_3641,train,1920,1440,116,19007,19122,1,1,0,19007,1,1,1,19007,116,0,0,1.0,0,0,0
gp_set_0004,gp_set_0004_vid_0003,gp_3646,train,1920,1440,189,19026,19214,1,1,1,19026,1,1,1,19026,159,0,0,1.0,0,0,0
gp_set_0004,gp_set_0004_vid_0003,gp_3568,train,1920,1440,74,17950,18023,1,1,0,18020,1,1,71,,0,0,0,1.0,0,0,0
gp_set_0004,gp_set_0004_vid_0003,gp_3569,train,1920,1440,75,17950,18024,1,1,0,18021,1,1,72,,0,0,0,1.0,0,0,0
gp_set_0004,gp_set_0004_vid_0003,gp_3668,train,1920,1440,105,19771,19875,1,1,0,19872,1,1,102,,0,0,0,1.0,0,0,0
gp_set_0004,gp_set_0004_vid_0003,gp_3669,train,1920,1440,42,19820,19861,1,1,0,19858,1,1,39,,0,0,0,1.0,0,0,0
gp_set_0004,gp_set_0004_vid_0003,gp_3670,train,1920,1440,117,19790,19906,1,1,0,19903,1,1,114,,0,0,0,1.0,0,0,0
gp_set_0004,gp_set_0004_vid_0003,gp_3671,train,1920,1440,124,19790,19913,1,1,0,19910,1,1,121,,0,0,0,1.0,0,0,0
gp_set_0004,gp_set_0004_vid_0003,gp_3672,train,1920,1440,92,19868,19959,1,1,0,19956,1,1,89,,0,0,0,1.0,0,0,0
gp_set_0004,gp_set_0004_vid_0003,gp_3673,train,1920,1440,96,19868,19963,1,1,0,19960,1,1,93,,0,0,0,1.0,0,0,0
gp_set_0004,gp_set_0004_vid_0003,gp_3674,train,1920,1440,65,19888,19952,1,1,0,19949,1,1,62,,0,0,0,1.0,0,0,0
gp_set_0004,gp_set_0004_vid_0003,gp_3676,train,1920,1440,192,20051,20242,1,1,1,20091,1,1,41,20051,192,0,0,1.0,0,0,0
gp_set_0004,gp_set_0004_vid_0003,gp_3677,train,1920,1440,144,20095,20238,1,1,1,20095,1,1,1,20095,144,0,0,1.0,0,0,0
gp_set_0004,gp_set_0004_vid_0003,gp_3678,train,1920,1440,169,20193,20361,1,1,0,20358,1,1,166,,0,0,0,1.0,0,0,0
gp_set_0004,gp_set_0004_vid_0003,gp_3679,train,1920,1440,151,20241,20391,1,1,0,20388,1,1,148,,0,151,0,1.0,0,0,0
gp_set_0004,gp_set_0004_vid_0003,gp_3680,train,1920,1440,258,20358,20615,1,1,1,20358,1,1,1,20393,145,0,0,1.0,0,0,0
gp_set_0004,gp_set_0004_vid_0003,gp_3681,train,1920,1440,237,20478,20714,1,1,1,20478,1,1,1,20478,163,0,0,1.0,0,0,0
gp_set_0004,gp_set_0004_vid_0003,gp_3682,train,1920,1440,240,20466,20705,1,1,1,20466,1,1,1,20466,175,0,0,1.0,0,0,0
gp_set_0004,gp_set_0004_vid_0003,gp_3683,train,1920,1440,209,20488,20696,1,1,1,20488,1,1,1,20488,209,0,0,1.0,0,0,0
gp_set_0004,gp_set_0004_vid_0003,gp_3684,train,1920,1440,123,20396,20518,1,1,0,20515,1,1,120,,0,0,0,1.0,0,0,0
gp_set_0004,gp_set_0004_vid_0003,gp_3685,train,1920,1440,297,20479,20775,1,1,0,70772,0,0,,,0,0,0,1.0,0,0,0
gp_set_0004,gp_set_0004_vid_0003,gp_3687,train,1920,1440,217,20755,20971,1,1,1,20755,1,1,1,20755,51,0,0,1.0,0,0,0
gp_set_0004,gp_set_0004_vid_0003,gp_3689,train,1920,1440,71,20827,20897,1,1,0,20894,1,1,68,,0,0,0,1.0,0,0,0
gp_set_0004,gp_set_0004_vid_0003,gp_3691,train,1920,1440,152,20813,20964,1,1,0,20959,1,1,147,,0,0,0,1.0,0,0,0
gp_set_0004,gp_set_0004_vid_0003,gp_3693,train,1920,1440,98,20922,21019,1,1,0,21016,1,1,95,,0,0,0,1.0,0,0,0
gp_set_0004,gp_set_0004_vid_0003,gp_3694,train,1920,1440,92,20922,21013,1,1,0,21010,1,1,89,,0,0,0,1.0,0,0,0
gp_set_0004,gp_set_0004_vid_0003,gp_3695,train,1920,1440,86,20922,21007,1,1,0,21004,1,1,83,,0,0,0,1.0,0,0,0
gp_set_0004,gp_set_0004_vid_0003,gp_3698,train,1920,1440,85,20992,21076,1,1,0,21073,1,1,82,,0,0,0,1.0,0,0,0
gp_set_0004,gp_set_0004_vid_0003,gp_3700,train,1920,1440,79,21099,21177,1,1,0,21174,1,1,76,,0,0,0,1.0,0,0,0
gp_set_0004,gp_set_0004_vid_0003,gp_3701,train,1920,1440,82,21099,21180,1,1,0,21177,1,1,79,,0,0,0,1.0,0,0,0
gp_set_0004,gp_set_0004_vid_0003,gp_3702,train,1920,1440,90,20348,20437,1,1,0,20434,1,1,87,,0,0,0,1.0,0,0,0
gp_set_0004,gp_set_0004_vid_0003,gp_3675,train,1920,1440,205,20057,20261,1,1,1,20057,1,1,1,20057,128,0,0,1.0,0,0,0
gp_set_0004,gp_set_0004_vid_0003,gp_3666,train,1920,1440,67,19745,19811,1,1,0,19808,1,1,64,,0,0,0,1.0,0,0,0
gp_set_0004,gp_set_0004_vid_0003,gp_3667,train,1920,1440,59,19745,19803,1,1,0,19800,1,1,56,,0,0,0,1.0,0,0,0
gp_set_0004,gp_set_0004_vid_0005,gp_5588,train,1920,1440,204,6,209,1,1,0,206,1,1,201,,0,0,0,1.0,0,0,0
gp_set_0004,gp_set_0004_vid_0005,gp_5591,train,1920,1440,210,30,239,1,1,0,236,1,1,207,,0,0,0,1.0,0,0,0
gp_set_0004,gp_set_0004_vid_0005,gp_5610,train,1920,1440,220,931,1150,1,1,0,1147,1,1,217,,0,0,0,1.0,0,0,0
gp_set_0004,gp_set_0004_vid_0005,gp_5611,train,1920,1440,215,923,1137,1,1,0,1134,1,1,212,,0,0,0,1.0,0,0,0
gp_set_0004,gp_set_0004_vid_0005,gp_ 5614,train,1920,1440,226,932,1157,1,0,,,0,0,,,0,0,0,1.0,0,0,0
gp_set_0004,gp_set_0004_vid_0005,gp_5616,train,1920,1440,270,1102,1371,1,1,0,1368,1,1,267,,0,0,0,1.0,0,0,0
gp_set_0004,gp_set_0004_vid_0005,gp_5617,train,1920,1440,251,1129,1379,1,1,0,1372,1,1,244,,0,0,0,1.0,0,0,0
gp_set_0004,gp_set_0004_vid_0005,gp_5619,train,1920,1440,110,1513,1622,1,0,,,0,0,,,0,0,0,1.0,0,0,0
gp_set_0004,gp_set_0004_vid_0005,gp_5620,train,1920,1440,115,1513,1627,1,1,0,1619,1,1,107,,0,0,0,1.0,0,0,0
gp_set_0004,gp_set_0004_vid_0005,gp_5621,train,1920,1440,135,1549,1683,1,1,0,1676,1,1,128,,0,0,0,1.0,0,0,0
gp_set_0004,gp_set_0004_vid_0005,gp_5623,train,1920,1440,135,1549,1683,1,1,0,1679,1,1,131,,0,0,0,1.0,0,0,0
gp_set_0004,gp_set_0004_vid_0005,gp_5624,train,1920,1440,100,1568,1667,1,1,0,1661,1,1,94,,0,0,0,1.0,0,0,0
gp_set_0004,gp_set_0004_vid_0005,gp_5625,train,1920,1440,80,1590,1669,1,1,0,1666,1,1,77,,0,0,0,1.0,0,0,0
gp_set_0004,gp_set_0004_vid_0005,gp_5626,train,1920,1440,30,1651,1680,1,1,0,1676,1,1,26,,0,0,0,1.0,0,0,0
gp_set_0004,gp_set_0004_vid_0005,gp_5627,train,1920,1440,110,1629,1738,1,1,0,1731,1,1,103,,0,0,0,1.0,0,0,0
gp_set_0004,gp_set_0004_vid_0005,gp_5629,train,1920,1440,105,1629,1733,1,1,0,1727,1,1,99,,0,0,0,1.0,0,0,0
gp_set_0004,gp_set_0004_vid_0005,gp_5632,train,1920,1440,105,1652,1756,1,1,0,1752,1,1,101,,0,0,0,1.0,0,0,0
gp_set_0004,gp_set_0004_vid_0005,gp_5633,train,1920,1440,115,1653,1767,1,1,0,1762,1,1,110,,0,0,0,1.0,0,0,0
gp_set_0004,gp_set_0004_vid_0005,gp_5631,train,1920,1440,75,1677,1751,1,1,0,1749,1,1,73,,0,0,0,1.0,0,0,0
gp_set_0004,gp_set_0004_vid_0005,gp_5630,train,1920,1440,40,1708,1747,1,1,0,1744,1,1,37,,0,0,0,1.0,0,0,0
gp_set_0004,gp_set_0004_vid_0005,gp_5636,train,1920,1440,40,1674,1713,1,1,0,1708,1,1,35,,0,0,0,1.0,0,0,0
gp_set_0004,gp_set_0004_vid_0005,gp_5560,train,1920,1440,880,0,879,1,1,0,873,1,1,874,,0,0,0,1.0,0,0,0
gp_set_0004,gp_set_0004_vid_0005,gp_5561,train,1920,1440,890,0,889,1,1,0,883,1,1,884,,0,0,0,1.0,0,0,0
gp_set_0004,gp_set_0004_vid_0005,gp_5573,train,1920,1440,900,0,899,1,1,0,891,1,1,892,,0,0,0,1.0,0,0,0
gp_set_0004,gp_set_0004_vid_0005,gp_5576,train,1920,1440,62,0,61,1,1,0,58,1,1,59,,0,0,0,1.0,0,0,0
gp_set_0004,gp_set_0004_vid_0005,gp_5577,train,1920,1440,236,0,235,1,1,0,232,1,1,233,,0,0,0,1.0,0,0,0
gp_set_0004,gp_set_0004_vid_0005,gp_5579,train,1920,1440,60,0,59,1,1,1,56,1,1,57,,0,0,0,1.0,0,0,0
gp_set_0004,gp_set_0004_vid_0005,gp_5581,train,1920,1440,220,0,219,1,1,0,216,1,1,217,,0,0,0,1.0,0,0,0
gp_set_0004,gp_set_0004_vid_0005,gp_5583,train,1920,1440,307,0,306,1,1,0,303,1,1,304,,0,0,0,1.0,0,0,0
gp_set_0004,gp_set_0004_vid_0005,gp_5595,train,1920,1440,853,0,852,1,1,0,845,1,1,846,,0,0,0,1.0,0,0,0
gp_set_0004,gp_set_0004_vid_0005,gp_5604,train,1920,1440,590,0,589,1,1,0,586,1,1,587,,0,0,0,1.0,0,0,0
gp_set_0004,gp_set_0004_vid_0005,gp_5609,train,1920,1440,838,0,837,1,1,0,821,1,1,822,,0,0,0,1.0,0,0,0
gp_set_0004,gp_set_0004_vid_0005,gp_5639,train,1920,1440,85,1863,1947,1,1,0,1943,1,1,81,,0,0,0,1.0,0,0,0
gp_set_0004,gp_set_0004_vid_0005,gp_5642,train,1920,1440,100,1889,1988,1,1,0,1981,1,1,93,,0,0,0,1.0,0,0,0
gp_set_0004,gp_set_0004_vid_0005,gp_ 5644,train,1920,1440,100,1993,2092,1,0,,,0,0,,,0,0,0,1.0,0,0,0
gp_set_0004,gp_set_0004_vid_0005,gp_5645,train,1920,1440,95,2000,2094,1,1,0,2088,1,1,89,,0,0,0,1.0,0,0,0
gp_set_0004,gp_set_0004_vid_0005,gp_5650,train,1920,1440,65,2040,2104,1,1,0,2099,1,1,60,,0,0,0,1.0,0,0,0
gp_set_0004,gp_set_0004_vid_0005,gp_5651,train,1920,1440,80,2040,2119,1,1,0,2112,1,1,73,,0,0,0,1.0,0,0,0
gp_set_0004,gp_set_0004_vid_0005,gp_5656,train,1920,1440,85,2045,2129,1,1,0,2122,1,1,78,,0,0,0,1.0,0,0,0
gp_set_0004,gp_set_0004_vid_0005,gp_5655,train,1920,1440,80,2045,2124,1,1,0,2119,1,1,75,,0,0,0,1.0,0,0,0
gp_set_0004,gp_set_0004_vid_0005,gp_5661,train,1920,1440,30,2106,2135,1,1,0,2128,1,1,23,,0,0,0,1.0,0,0,0
gp_set_0004,gp_set_0004_vid_0005,gp_5660,train,1920,1440,15,2118,2132,1,1,0,2126,1,1,9,,0,0,0,1.0,0,0,0
gp_set_0004,gp_set_0004_vid_0005,gp_5667,train,1920,1440,75,2107,2181,1,1,0,2176,1,1,70,,0,0,0,1.0,0,0,0
gp_set_0004,gp_set_0004_vid_0005,gp_5666,train,1920,1440,75,2107,2181,1,1,0,2175,1,1,69,,0,0,0,1.0,0,0,0
gp_set_0004,gp_set_0004_vid_0005,gp_5665,train,1920,1440,75,2107,2181,1,1,0,2173,1,1,67,,0,0,0,1.0,0,0,0
gp_set_0004,gp_set_0004_vid_0005,gp_5664,train,1920,1440,75,2107,2181,1,1,0,2173,1,1,67,,0,0,0,1.0,0,0,0
gp_set_0004,gp_set_0004_vid_0005,gp_5676,train,1920,1440,105,2612,2716,1,1,0,2715,1,1,104,,0,0,0,1.0,0,0,0
gp_set_0004,gp_set_0004_vid_0005,gp_5675,train,1920,1440,100,2612,2711,1,1,0,2706,1,1,95,,0,0,0,1.0,0,0,0
gp_set_0004,gp_set_0004_vid_0005,gp_5674,train,1920,1440,100,2612,2711,1,1,0,2703,1,1,92,,0,0,0,1.0,0,0,0
gp_set_0004,gp_set_0004_vid_0005,gp_5677,train,1920,1440,65,2739,2803,1,1,0,2797,1,1,59,,0,0,0,1.0,0,0,0
gp_set_0004,gp_set_0004_vid_0005,gp_5679,train,1920,1440,100,2806,2905,1,1,0,2900,1,1,95,,0,0,0,1.0,0,0,0
gp_set_0004,gp_set_0004_vid_0005,gp_5682,train,1920,1440,70,3299,3368,1,1,0,3357,1,1,59,,0,0,0,1.0,0,0,0
gp_set_0004,gp_set_0004_vid_0005,gp_5689,train,1920,1440,495,3064,3558,1,1,0,3553,1,1,490,,0,0,0,1.0,0,0,0
gp_set_0004,gp_set_0004_vid_0005,gp_5695,train,1920,1440,395,3155,3549,1,1,0,3513,1,1,359,,0,0,0,1.0,0,0,0
gp_set_0004,gp_set_0004_vid_0005,gp_5696,train,1920,1440,55,3493,3547,1,1,0,3493,1,1,1,,0,0,0,1.0,0,0,0
gp_set_0004,gp_set_0004_vid_0005,gp_5703,train,1920,1440,54,3546,3599,1,1,0,3594,1,1,49,,0,0,0,1.0,0,0,0
gp_set_0004,gp_set_0004_vid_0005,gp_5702,train,1920,1440,50,3560,3609,1,1,0,3603,1,1,44,,0,0,0,1.0,0,0,0
gp_set_0004,gp_set_0004_vid_0005,gp_5707,train,1920,1440,45,2419,2463,1,1,0,2458,1,1,40,,0,0,0,1.0,0,0,0
gp_set_0004,gp_set_0004_vid_0005,gp_5714,train,1920,1440,35,3286,3320,1,1,0,3286,1,1,1,3286,20,0,0,1.0,0,0,0
gp_set_0004,gp_set_0004_vid_0005,gp_5716,train,1920,1440,40,3296,3335,1,1,1,3296,1,1,1,3296,40,0,0,1.0,0,0,0
gp_set_0004,gp_set_0004_vid_0005,gp_5713,train,1920,1440,30,3262,3291,1,1,0,3262,1,1,1,3262,15,0,0,1.0,0,0,0
gp_set_0004,gp_set_0004_vid_0005,gp_5668,train,1920,1440,75,3590,3664,1,1,0,3591,1,1,2,,0,0,0,1.0,0,0,0
gp_set_0004,gp_set_0004_vid_0005,gp_5552,train,1920,1440,35,3640,3674,1,0,,,0,0,,,0,0,0,1.0,0,0,0
gp_set_0004,gp_set_0004_vid_0005,gp_5553,train,1920,1440,40,3653,3692,1,1,0,3686,1,1,34,,0,0,0,1.0,0,0,0
gp_set_0004,gp_set_0004_vid_0005,gp_5554,train,1920,1440,290,3623,3912,1,1,0,3671,1,1,49,3648,10,0,0,1.0,0,0,0
gp_set_0004,gp_set_0004_vid_0005,gp_5556,train,1920,1440,245,3638,3882,1,1,0,3879,1,1,242,,0,0,0,1.0,0,0,0
gp_set_0004,gp_set_0004_vid_0005,gp_5559,train,1920,1440,390,3718,4107,1,1,0,4102,1,1,385,,0,0,0,1.0,0,0,0
gp_set_0004,gp_set_0004_vid_0005,gp_5565,train,1920,1440,355,3815,4169,1,1,0,7401,0,0,,,0,0,0,1.0,0,0,0
gp_set_0004,gp_set_0004_vid_0005,gp_5566,train,1920,1440,340,3820,4159,1,1,0,4146,1,1,327,,0,0,0,1.0,0,0,0
gp_set_0004,gp_set_0004_vid_0005,gp_5569,train,1920,1440,55,4085,4139,1,1,0,4165,0,0,,,0,0,0,1.0,0,0,0
gp_set_0004,gp_set_0004_vid_0005,gp_5571,train,1920,1440,475,4160,4634,1,1,1,4160,1,1,1,4260,240,0,0,1.0,0,0,0
gp_set_0004,gp_set_0004_vid_0005,gp_5575,train,1920,1440,970,4067,5036,1,1,1,4067,1,1,1,4067,460,0,0,1.0,0,0,0
gp_set_0004,gp_set_0004_vid_0005,gp_5585,train,1920,1440,462,4339,4804,2,1,1,4339,1,1,1,4339,250,0,0,1.0,0,0,0
gp_set_0004,gp_set_0004_vid_0005,gp_5589,train,1920,1440,720,4395,5114,1,1,1,4395,1,1,1,4395,180,0,0,1.0,0,0,0
gp_set_0004,gp_set_0004_vid_0005,gp_5592,train,1920,1440,705,4509,5213,1,0,,,0,0,,4999,215,0,0,1.0,0,0,0
gp_set_0004,gp_set_0004_vid_0005,gp_5594,train,1920,1440,1040,4299,5338,1,1,0,4986,1,1,688,4894,445,0,0,1.0,0,0,0
gp_set_0004,gp_set_0004_vid_0005,gp_5596,train,1920,1440,461,7934,8417,4,1,0,8412,1,1,229,,0,0,0,1.0,0,0,0
gp_set_0004,gp_set_0004_vid_0005,gp_5597,train,1920,1440,621,5094,5714,1,1,1,5385,1,1,292,5094,451,0,0,1.0,0,0,0
gp_set_0004,gp_set_0004_vid_0005,gp_5600,train,1920,1440,589,5104,5692,1,1,1,5385,1,1,282,5104,431,0,0,1.0,0,0,0
gp_set_0004,gp_set_0004_vid_0005,gp_5603,train,1920,1440,566,5124,5689,1,1,1,5385,1,1,262,5124,411,0,0,1.0,0,0,0
gp_set_0004,gp_set_0004_vid_0005,gp_,train,1920,1440,621,5059,5679,1,0,,,0,0,,5059,401,0,0,1.0,0,0,0
gp_set_0004,gp_set_0004_vid_0005,gp_5606,train,1920,1440,955,3863,4817,1,1,1,4027,1,1,165,3863,550,0,0,1.0,0,0,0
gp_set_0004,gp_set_0004_vid_0005,gp_5615,train,1920,1440,1389,4161,5549,1,1,0,5545,1,1,1385,,0,0,0,1.0,0,0,0
gp_set_0004,gp_set_0004_vid_0005,gp_5635,train,1920,1440,110,9442,9551,1,1,0,9547,1,1,106,,0,0,0,1.0,0,0,0
gp_set_0004,gp_set_0004_vid_0005,gp_5643,train,1920,1440,1228,4427,5654,1,1,0,5650,1,1,1224,,0,0,0,1.0,0,0,0
gp_set_0004,gp_set_0004_vid_0005,gp_5646,train,1920,1440,1232,4418,5649,1,1,0,5645,1,1,1228,,0,0,0,1.0,0,0,0
gp_set_0004,gp_set_0004_vid_0005,gp_5649,train,1920,1440,1176,4464,5639,1,1,0,5636,1,1,1173,,0,0,0,1.0,0,0,0
gp_set_0004,gp_set_0004_vid_0005,gp_5653,train,1920,1440,910,4434,5343,1,0,,,0,0,,,0,0,0,1.0,0,0,0
gp_set_0004,gp_set_0004_vid_0005,gp_5657,train,1920,1440,660,4314,4973,1,1,1,4967,1,1,654,,0,0,0,1.0,0,0,0
gp_set_0004,gp_set_0004_vid_0005,gp_5658,train,1920,1440,145,4909,5053,1,1,0,5045,1,1,137,,0,0,0,1.0,0,0,0
gp_set_0004,gp_set_0004_vid_0005,gp_5659,train,1920,1440,160,4904,5063,1,1,0,5060,1,1,157,,0,0,0,1.0,0,0,0
gp_set_0004,gp_set_0004_vid_0005,gp_5662,train,1920,1440,485,4484,4968,1,1,0,4965,1,1,482,,0,0,0,1.0,0,0,0
gp_set_0004,gp_set_0004_vid_0005,gp_5670,train,1920,1440,235,3917,4151,1,1,0,4156,0,0,,,0,0,0,1.0,0,0,0
gp_set_0004,gp_set_0004_vid_0005,gp_5672,train,1920,1440,650,4556,5205,1,1,0,5198,1,1,643,,0,0,0,1.0,0,0,0
gp_set_0004,gp_set_0004_vid_0005,gp_5686,train,1920,1440,210,5430,5639,1,1,1,5531,1,1,102,5545,95,0,0,1.0,0,0,0
gp_set_0004,gp_set_0004_vid_0005,gp_5688,train,1920,1440,200,5435,5634,1,1,1,5531,1,1,97,5500,135,0,0,1.0,0,0,0
gp_set_0004,gp_set_0004_vid_0005,gp_5705,train,1920,1440,245,5415,5659,1,1,0,5654,1,1,240,,0,0,0,1.0,0,0,0
gp_set_0004,gp_set_0004_vid_0005,gp_5708,train,1920,1440,145,5595,5739,1,1,0,5736,1,1,142,,0,0,0,1.0,0,0,0
gp_set_0004,gp_set_0004_vid_0005,gp_5710,train,1920,1440,145,5600,5744,1,1,0,5740,1,1,141,,0,0,0,1.0,0,0,0
gp_set_0004,gp_set_0004_vid_0005,gp_5711,train,1920,1440,125,5695,5819,1,1,0,5816,1,1,122,,0,0,0,1.0,0,0,0
gp_set_0004,gp_set_0004_vid_0005,gp_5712,train,1920,1440,255,5755,6009,1,1,1,5755,1,1,1,5755,190,0,0,1.0,0,0,0
gp_set_0004,gp_set_0004_vid_0005,gp_5715,train,1920,1440,425,5840,6264,1,1,1,5840,1,1,1,5840,185,130,0,1.0,0,0,0
gp_set_0004,gp_set_0004_vid_0005,gp_5718,train,1920,1440,420,5845,6264,1,1,1,5845,1,1,1,5845,225,125,0,1.0,0,0,0
gp_set_0004,gp_set_0004_vid_0005,gp_5719,train,1920,1440,210,6025,6234,1,1,0,6229,1,1,205,,0,0,0,1.0,0,0,0
gp_set_0004,gp_set_0004_vid_0005,gp_5721,train,1920,1440,170,6333,6502,1,1,0,6495,1,1,163,,0,0,0,1.0,0,0,0
gp_set_0004,gp_set_0004_vid_0005,gp_5723,train,1920,1440,250,5750,5999,1,1,1,5996,1,1,247,5750,195,0,0,1.0,0,0,0
gp_set_0004,gp_set_0004_vid_0005,gp_5724,train,1920,1440,35,10800,10834,1,1,0,10828,1,1,29,,0,0,0,1.0,0,0,0
gp_set_0004,gp_set_0004_vid_0005,gp_5725,train,1920,1440,285,5750,6034,1,1,0,6029,1,1,280,5750,285,0,0,1.0,0,0,0
gp_set_0004,gp_set_0004_vid_0005,gp_5726,train,1920,1440,320,5755,6074,1,1,0,5755,1,1,1,5755,70,0,0,1.0,0,0,0
gp_set_0004,gp_set_0004_vid_0005,gp_5728,train,1920,1440,330,5755,6084,1,0,,,0,0,,5755,130,0,0,1.0,0,0,0
gp_set_0004,gp_set_0004_vid_0005,gp_5737,train,1920,1440,205,5785,5989,1,1,0,5984,1,1,200,,0,0,0,1.0,0,0,0
gp_set_0004,gp_set_0004_vid_0005,gp_5738,train,1920,1440,125,6030,6154,1,1,0,6150,1,1,121,,0,0,0,1.0,0,0,0
gp_set_0004,gp_set_0004_vid_0005,gp_5740,train,1920,1440,180,6075,6254,1,1,0,6247,1,1,173,,0,0,0,1.0,0,0,0
gp_set_0004,gp_set_0004_vid_0005,gp_5742,train,1920,1440,560,5745,6304,1,1,0,6301,1,1,557,,0,0,0,1.0,0,0,0
gp_set_0004,gp_set_0004_vid_0005,gp_5743,train,1920,1440,340,5995,6334,1,1,0,6327,1,1,333,,0,0,0,1.0,0,0,0
gp_set_0004,gp_set_0004_vid_0005,gp_5745,train,1920,1440,265,5445,5709,1,1,0,5706,1,1,262,,0,0,0,1.0,0,0,0
gp_set_0004,gp_set_0004_vid_0005,gp_5746,train,1920,1440,265,5435,5699,1,1,0,5696,1,1,262,,0,0,0,1.0,0,0,0
gp_set_0004,gp_set_0004_vid_0005,gp_5747,train,1920,1440,265,5450,5714,1,1,0,5711,1,1,262,,0,0,0,1.0,0,0,0
gp_set_0004,gp_set_0004_vid_0005,gp_5749,train,1920,1440,155,5700,5854,1,1,0,5851,1,1,152,,0,0,0,1.0,0,0,0
gp_set_0004,gp_set_0004_vid_0005,gp_5754,train,1920,1440,360,5740,6099,1,0,,,0,0,,,0,0,0,1.0,0,0,0
gp_set_0004,gp_set_0004_vid_0005,gp_5755,train,1920,1440,370,5745,6114,1,1,0,6111,1,1,367,,0,0,0,1.0,0,0,0
gp_set_0004,gp_set_0004_vid_0005,gp_5759,train,1920,1440,235,6085,6319,1,1,0,6316,1,1,232,,0,0,0,1.0,0,0,0
gp_set_0004,gp_set_0004_vid_0005,gp_5762,train,1920,1440,77,6378,6454,1,1,0,6449,1,1,72,,0,0,0,1.0,0,0,0
gp_set_0004,gp_set_0004_vid_0005,gp_5765,train,1920,1440,55,6405,6459,1,1,0,6453,1,1,49,,0,0,0,1.0,0,0,0
gp_set_0004,gp_set_0004_vid_0005,gp_5767,train,1920,1440,400,6080,6479,1,1,0,6475,1,1,396,,0,0,0,1.0,0,0,0
gp_set_0004,gp_set_0004_vid_0005,gp_5768,train,1920,1440,435,6050,6484,1,1,0,6481,1,1,432,,0,0,0,1.0,0,0,0
gp_set_0004,gp_set_0004_vid_0005,gp_5773,train,1920,1440,260,6315,6574,1,1,0,6571,1,1,257,,0,0,0,1.0,0,0,0
gp_set_0004,gp_set_0004_vid_0005,gp_5775,train,1920,1440,65,6475,6539,1,1,0,6535,1,1,61,,0,0,0,1.0,0,0,0
gp_set_0004,gp_set_0004_vid_0005,gp_5777,train,1920,1440,85,6460,6544,1,1,0,6540,1,1,81,,0,0,0,1.0,0,0,0
gp_set_0004,gp_set_0004_vid_0005,gp_5779,train,1920,1440,110,6455,6564,1,1,0,6560,1,1,106,,0,0,0,1.0,0,0,0
gp_set_0004,gp_set_0004_vid_0005,gp_5781,train,1920,1440,245,6495,6739,1,1,0,6733,1,1,239,,0,0,0,1.0,0,0,0
gp_set_0004,gp_set_0004_vid_0005,gp_5782,train,1920,1440,250,6495,6744,1,1,0,6746,0,0,,,0,0,0,1.0,0,0,0
gp_set_0004,gp_set_0004_vid_0005,gp_5784,train,1920,1440,180,6680,6859,1,0,,,0,0,,,0,0,0,1.0,0,0,0
gp_set_0004,gp_set_0004_vid_0005,gp_5786,train,1920,1440,305,6785,7089,1,1,0,7081,1,1,297,,0,0,0,1.0,0,0,0
gp_set_0004,gp_set_0004_vid_0005,gp_5787,train,1920,1440,340,6785,7124,1,1,0,7118,1,1,334,,0,0,0,1.0,0,0,0
gp_set_0004,gp_set_0004_vid_0005,gp_5790,train,1920,1440,160,6955,7114,1,1,0,7111,1,1,157,,0,0,0,1.0,0,0,0
gp_set_0004,gp_set_0004_vid_0005,gp_5791,train,1920,1440,295,6825,7119,1,1,0,7115,1,1,291,,0,0,0,1.0,0,0,0
gp_set_0004,gp_set_0004_vid_0005,gp_6799,train,1920,1440,150,6975,7124,1,1,0,7121,1,1,147,,0,0,0,1.0,0,0,0
gp_set_0004,gp_set_0004_vid_0005,gp_5795,train,1920,1440,20,7110,7129,1,1,0,7125,1,1,16,,0,0,0,1.0,0,0,0
gp_set_0004,gp_set_0004_vid_0005,gp_5796,train,1920,1440,41,7144,7184,1,1,0,7181,1,1,38,,0,0,0,1.0,0,0,0
gp_set_0004,gp_set_0004_vid_0005,gp_5798,train,1920,1440,31,7149,7179,1,1,0,7177,1,1,29,,0,0,0,1.0,0,0,0
gp_set_0004,gp_set_0004_vid_0005,gp_5799,train,1920,1440,30,7150,7179,1,1,0,7177,1,1,28,,0,0,0,1.0,0,0,0
gp_set_0004,gp_set_0004_vid_0005,gp_5800,train,1920,1440,150,6675,6824,1,1,0,6821,1,1,147,,0,0,0,1.0,0,0,0
gp_set_0004,gp_set_0004_vid_0005,gp_5802,train,1920,1440,90,6755,6844,1,1,0,6841,1,1,87,,0,0,0,1.0,0,0,0
gp_set_0004,gp_set_0004_vid_0005,gp_5804,train,1920,1440,280,6125,6404,1,1,0,6853,0,0,,,0,0,0,1.0,0,0,0
gp_set_0004,gp_set_0004_vid_0005,gp_5805,train,1920,1440,150,6290,6439,1,1,0,6436,1,1,147,,0,0,0,1.0,0,0,0
gp_set_0004,gp_set_0004_vid_0005,gp_5806,train,1920,1440,155,6060,6214,1,1,0,6208,1,1,149,,0,0,0,1.0,0,0,0
gp_set_0004,gp_set_0004_vid_0005,gp_5807,train,1920,1440,205,6065,6269,1,1,0,6263,1,1,199,,0,0,0,1.0,0,0,0
gp_set_0004,gp_set_0004_vid_0005,gp_5550,train,1920,1440,184,7180,7363,1,1,0,7181,1,1,2,,0,0,0,1.0,0,0,0
gp_set_0004,gp_set_0004_vid_0005,gp_5555,train,1920,1440,170,7190,7359,1,1,1,7355,1,1,166,,0,0,0,1.0,0,0,0
gp_set_0004,gp_set_0004_vid_0005,gp_5557,train,1920,1440,84,7280,7363,1,1,0,7358,1,1,79,,0,0,0,1.0,0,0,0
gp_set_0004,gp_set_0004_vid_0005,gp_5558,train,1920,1440,89,7300,7388,1,1,0,7383,1,1,84,,0,0,0,1.0,0,0,0
gp_set_0004,gp_set_0004_vid_0005,gp_5562,train,1920,1440,59,7325,7383,1,1,0,7380,1,1,56,,0,0,0,1.0,0,0,0
gp_set_0004,gp_set_0004_vid_0005,gp_5563,train,1920,1440,59,7325,7383,1,1,0,7380,1,1,56,,0,0,0,1.0,0,0,0
gp_set_0004,gp_set_0004_vid_0005,gp_5564,train,1920,1440,94,7310,7403,1,1,0,7398,1,1,89,,0,0,0,1.0,0,0,0
gp_set_0004,gp_set_0004_vid_0005,gp_5567,train,1920,1440,100,7310,7409,1,1,0,7406,1,1,97,,0,0,0,1.0,0,0,0
gp_set_0004,gp_set_0004_vid_0005,gp_5568,train,1920,1440,95,7311,7405,1,0,,,0,0,,,0,0,0,1.0,0,0,0
gp_set_0004,gp_set_0004_vid_0005,gp_5570,train,1920,1440,90,7346,7435,1,1,0,7431,1,1,86,,0,0,0,1.0,0,0,0
gp_set_0004,gp_set_0004_vid_0005,gp_5572,train,1920,1440,90,7346,7435,1,1,0,4229,0,0,,,0,0,0,1.0,0,0,0
gp_set_0004,gp_set_0004_vid_0005,gp_5574,train,1920,1440,195,7356,7550,1,1,0,7546,1,1,191,,0,0,0,1.0,0,0,0
gp_set_0004,gp_set_0004_vid_0005,gp_5578,train,1920,1440,155,7356,7545,2,1,0,7542,1,1,12,,0,0,0,1.0,0,0,0
gp_set_0004,gp_set_0004_vid_0005,gp_5580,train,1920,1440,75,7371,7445,1,1,0,7441,1,1,71,,0,0,0,1.0,0,0,0
gp_set_0004,gp_set_0004_vid_0005,gp_5582,train,1920,1440,53,7386,7438,1,1,0,7437,1,1,52,,0,0,0,1.0,0,0,0
gp_set_0004,gp_set_0004_vid_0005,gp_5584,train,1920,1440,40,7461,7500,1,1,0,7497,1,1,37,,0,0,0,1.0,0,0,0
gp_set_0004,gp_set_0004_vid_0005,gp_5586,train,1920,1440,45,7379,7423,1,1,0,7420,1,1,42,,0,0,0,1.0,0,0,0
gp_set_0004,gp_set_0004_vid_0005,gp_5587,train,1920,1440,80,7469,7548,1,1,0,7543,1,1,75,,0,0,0,1.0,0,0,0
gp_set_0004,gp_set_0004_vid_0005,gp_5590,train,1920,1440,220,7774,8028,3,1,0,7920,1,1,147,,0,0,0,1.0,0,0,0
gp_set_0004,gp_set_0004_vid_0005,gp_5593,train,1920,1440,211,7920,8137,2,1,0,8129,1,1,100,,0,0,0,1.0,0,0,0
gp_set_0004,gp_set_0004_vid_0005,gp_5598,train,1920,1440,10,8909,8918,1,1,0,8915,1,1,7,,0,0,0,1.0,0,0,0
gp_set_0004,gp_set_0004_vid_0005,gp_5599,train,1920,1440,15,8904,8918,1,1,0,8915,1,1,12,,0,0,0,1.0,0,0,0
gp_set_0004,gp_set_0004_vid_0005,gp_5601,train,1920,1440,15,8904,8918,1,1,0,8915,1,1,12,,0,0,0,1.0,0,0,0
gp_set_0004,gp_set_0004_vid_0005,gp_5602,train,1920,1440,50,7404,7453,1,1,0,7450,1,1,47,,0,0,0,1.0,0,0,0
gp_set_0004,gp_set_0004_vid_0005,gp_5607,train,1920,1440,70,8985,9054,1,1,0,9050,1,1,66,,0,0,0,1.0,0,0,0
gp_set_0004,gp_set_0004_vid_0005,gp_5608,train,1920,1440,43,9017,9059,1,1,0,9056,1,1,40,,0,0,0,1.0,0,0,0
gp_set_0004,gp_set_0004_vid_0005,gp_5612,train,1920,1440,45,9017,9061,1,1,0,9055,1,1,39,,0,0,0,1.0,0,0,0
gp_set_0004,gp_set_0004_vid_0005,gp_5613,train,1920,1440,160,9015,9174,1,1,0,9169,1,1,155,,0,0,0,1.0,0,0,0
gp_set_0004,gp_set_0004_vid_0005,gp_5618,train,1920,1440,150,9260,9409,1,1,0,9407,1,1,148,,0,0,0,1.0,0,0,0
gp_set_0004,gp_set_0004_vid_0005,gp_5622,train,1920,1440,285,9311,9595,1,1,0,9311,1,1,1,9311,105,0,0,1.0,0,0,0
gp_set_0004,gp_set_0004_vid_0005,gp_5628,train,1920,1440,216,9391,9606,1,1,1,9391,1,1,1,9391,40,0,0,1.0,0,0,0
gp_set_0004,gp_set_0004_vid_0005,gp_5634,train,1920,1440,150,9407,9556,1,1,0,9552,1,1,146,,0,0,0,1.0,0,0,0
gp_set_0004,gp_set_0004_vid_0005,gp_5637,train,1920,1440,40,9502,9541,1,1,0,9538,1,1,37,,0,0,0,1.0,0,0,0
gp_set_0004,gp_set_0004_vid_0005,gp_5638,train,1920,1440,50,9507,9556,1,1,0,9553,1,1,47,,0,0,0,1.0,0,0,0
gp_set_0004,gp_set_0004_vid_0005,gp_5640,train,1920,1440,175,9547,9721,1,1,0,9717,1,1,171,,0,0,0,1.0,0,0,0
gp_set_0004,gp_set_0004_vid_0005,gp_5641,train,1920,1440,85,9882,9966,1,1,0,9959,1,1,78,,0,0,0,1.0,0,0,0
gp_set_0004,gp_set_0004_vid_0005,gp_5647,train,1920,1440,80,9882,9961,1,1,0,9954,1,1,73,,0,0,0,1.0,0,0,0
gp_set_0004,gp_set_0004_vid_0005,gp_5648,train,1920,1440,155,10052,10206,1,1,0,10202,1,1,151,,0,0,0,1.0,0,0,0
gp_set_0004,gp_set_0004_vid_0005,gp_5652,train,1920,1440,125,10082,10206,1,1,0,10200,1,1,119,,0,0,0,1.0,0,0,0
gp_set_0004,gp_set_0004_vid_0005,gp_5654,train,1920,1440,120,10082,10201,1,1,0,10199,1,1,118,,0,0,0,1.0,0,0,0
gp_set_0004,gp_set_0004_vid_0005,gp_5663,train,1920,1440,175,10099,10273,1,1,1,10268,1,1,170,,0,0,0,1.0,0,0,0
gp_set_0004,gp_set_0004_vid_0005,gp_5669,train,1920,1440,145,10189,10333,1,1,0,10327,1,1,139,,0,0,0,1.0,0,0,0
gp_set_0004,gp_set_0004_vid_0005,gp_5671,train,1920,1440,115,10214,10328,1,1,0,10325,1,1,112,,0,0,0,1.0,0,0,0
gp_set_0004,gp_set_0004_vid_0005,gp_5673,train,1920,1440,265,10109,10373,1,1,0,10370,1,1,262,,0,0,0,1.0,0,0,0
gp_set_0004,gp_set_0004_vid_0005,gp_5680,train,1920,1440,172,10278,10449,1,1,0,10443,1,1,166,,0,0,0,1.0,0,0,0
gp_set_0004,gp_set_0004_vid_0005,gp_5683,train,1920,1440,145,10295,10439,1,1,0,10436,1,1,142,,0,0,0,1.0,0,0,0
gp_set_0004,gp_set_0004_vid_0005,gp_5685,train,1920,1440,150,10322,10471,1,1,0,10466,1,1,145,,0,0,0,1.0,0,0,0
gp_set_0004,gp_set_0004_vid_0005,gp_5687,train,1920,1440,80,10372,10451,1,1,0,10448,1,1,77,,0,0,0,1.0,0,0,0
gp_set_0004,gp_set_0004_vid_0005,gp_5690,train,1920,1440,80,10640,10719,1,1,0,10713,1,1,74,,0,0,0,1.0,0,0,0
gp_set_0004,gp_set_0004_vid_0005,gp_5692,train,1920,1440,150,10665,10814,1,1,0,10808,1,1,144,,0,0,0,1.0,0,0,0
gp_set_0004,gp_set_0004_vid_0005,gp_5697,train,1920,1440,151,10664,10814,1,1,0,10810,1,1,147,,0,0,0,1.0,0,0,0
gp_set_0004,gp_set_0004_vid_0005,gp_5700,train,1920,1440,241,10684,10924,1,1,0,10921,1,1,238,,0,0,0,1.0,0,0,0
gp_set_0004,gp_set_0004_vid_0005,gp_5704,train,1920,1440,40,10704,10743,1,1,0,10737,1,1,34,,0,0,0,1.0,0,0,0
gp_set_0004,gp_set_0004_vid_0005,gp_5706,train,1920,1440,45,10699,10743,1,1,0,10740,1,1,42,,0,0,0,1.0,0,0,0
gp_set_0004,gp_set_0004_vid_0005,gp_5709,train,1920,1440,165,10124,10288,1,1,0,10285,1,1,162,,0,0,0,1.0,0,0,0
gp_set_0004,gp_set_0004_vid_0005,gp_5717,train,1920,1440,105,10353,10457,1,1,0,10454,1,1,102,,0,0,0,1.0,0,0,0
gp_set_0004,gp_set_0004_vid_0005,gp_5729,train,1920,1440,130,10900,11029,1,1,0,11025,1,1,126,,0,0,0,1.0,0,0,0
gp_set_0004,gp_set_0004_vid_0005,gp_5730,train,1920,1440,159,10880,11038,1,1,0,11035,1,1,156,,0,0,0,1.0,0,0,0
gp_set_0004,gp_set_0004_vid_0005,gp_5732,train,1920,1440,150,10895,11044,1,1,0,11041,1,1,147,,0,0,0,1.0,0,0,0
gp_set_0004,gp_set_0004_vid_0005,gp_5736,train,1920,1440,90,10835,10924,1,1,0,10924,1,1,90,,0,0,0,1.0,0,0,0
gp_set_0004,gp_set_0004_vid_0005,gp_5739,train,1920,1440,80,10975,11054,1,1,0,11048,1,1,74,,0,0,0,1.0,0,0,0
gp_set_0004,gp_set_0004_vid_0005,gp_5741,train,1920,1440,75,10975,11049,1,1,1,11046,1,1,72,,0,0,0,1.0,0,0,0
gp_set_0004,gp_set_0004_vid_0005,gp_5731,train,1920,1440,85,15094,15178,1,1,0,15173,1,1,80,,0,0,0,1.0,0,0,0
gp_set_0004,gp_set_0004_vid_0005,gp_5733,train,1920,1440,65,15232,15296,1,1,0,15293,1,1,62,,0,0,0,1.0,0,0,0
gp_set_0004,gp_set_0004_vid_0005,gp_5734,train,1920,1440,50,15503,15552,1,1,0,15547,1,1,45,,0,0,0,1.0,0,0,0
gp_set_0004,gp_set_0004_vid_0005,gp_5735,train,1920,1440,45,15842,15886,1,1,0,15878,1,1,37,,0,0,0,1.0,0,0,0
gp_set_0005,gp_set_0005_vid_0001,gp_1285,test,1920,1440,15,18,32,1,1,0,29,1,1,12,,0,0,0,1.0,0,0,0
gp_set_0005,gp_set_0005_vid_0001,gp_1286,test,1920,1440,84,216,299,1,1,0,296,1,1,81,,0,0,0,1.0,0,0,0
gp_set_0005,gp_set_0005_vid_0001,gp_1287,test,1920,1440,114,256,369,1,1,0,366,1,1,111,,0,0,0,1.0,0,0,0
gp_set_0005,gp_set_0005_vid_0001,gp_1290,test,1920,1440,118,997,1114,1,1,0,1111,1,1,115,,0,0,0,1.0,0,0,0
gp_set_0005,gp_set_0005_vid_0001,gp_1294,test,1920,1440,72,1105,1176,1,1,0,1173,1,1,69,,0,0,0,1.0,0,0,0
gp_set_0005,gp_set_0005_vid_0001,gp_1298,test,1920,1440,92,1225,1316,1,1,0,1313,1,1,89,,0,0,0,1.0,0,0,0
gp_set_0005,gp_set_0005_vid_0001,gp_1300,test,1920,1440,79,1377,1455,1,1,0,1452,1,1,76,,0,0,0,1.0,0,0,0
gp_set_0005,gp_set_0005_vid_0001,gp_1309,test,1920,1440,87,1528,1614,1,1,0,1611,1,1,84,,0,0,0,1.0,0,0,0
gp_set_0005,gp_set_0005_vid_0001,gp_1311,test,1920,1440,40,1730,1769,1,1,0,1766,1,1,37,,0,0,0,1.0,0,0,0
gp_set_0005,gp_set_0005_vid_0001,gp_1302,test,1920,1440,223,1241,1463,1,1,1,1320,1,1,80,1241,146,0,0,1.0,0,0,0
gp_set_0005,gp_set_0005_vid_0001,gp_1306,test,1920,1440,221,1241,1461,1,1,1,1320,1,1,80,1320,58,0,0,1.0,0,0,0
gp_set_0005,gp_set_0005_vid_0001,gp_1321,test,1920,1440,97,2010,2106,1,1,0,2103,1,1,94,,0,0,0,1.0,0,0,0
gp_set_0005,gp_set_0005_vid_0001,gp_1327,test,1920,1440,35,2106,2140,1,1,0,2137,1,1,32,,0,0,0,1.0,0,0,0
gp_set_0005,gp_set_0005_vid_0001,gp_1328,test,1920,1440,101,2015,2115,1,1,0,2112,1,1,98,,0,0,0,1.0,0,0,0
gp_set_0005,gp_set_0005_vid_0001,gp_1334,test,1920,1440,69,2129,2197,1,1,0,2194,1,1,66,,0,0,0,1.0,0,0,0
gp_set_0005,gp_set_0005_vid_0001,gp_1338,test,1920,1440,74,2129,2202,1,1,0,2199,1,1,71,,0,0,0,1.0,0,0,0
gp_set_0005,gp_set_0005_vid_0001,gp_1344,test,1920,1440,71,2293,2363,1,1,0,2360,1,1,68,,0,0,0,1.0,0,0,0
gp_set_0005,gp_set_0005_vid_0001,gp_1347,test,1920,1440,84,2483,2566,1,1,0,2563,1,1,81,,0,0,0,1.0,0,0,0
gp_set_0005,gp_set_0005_vid_0001,gp_1353,test,1920,1440,30,2464,2493,1,1,0,2490,1,1,27,,0,0,0,1.0,0,0,0
gp_set_0005,gp_set_0005_vid_0001,gp_1355,test,1920,1440,58,2538,2595,1,1,0,2592,1,1,55,,0,0,0,1.0,0,0,0
gp_set_0005,gp_set_0005_vid_0001,gp_1357,test,1920,1440,81,2540,2620,1,1,0,2617,1,1,78,,0,0,0,1.0,0,0,0
gp_set_0005,gp_set_0005_vid_0001,gp_1361,test,1920,1440,47,3024,3070,1,1,0,3067,1,1,44,,0,0,0,1.0,0,0,0
gp_set_0005,gp_set_0005_vid_0001,gp_1367,test,1920,1440,79,3053,3131,1,1,0,3128,1,1,76,,0,0,0,1.0,0,0,0
gp_set_0005,gp_set_0005_vid_0001,gp_1371,test,1920,1440,95,3497,3591,1,1,0,3588,1,1,92,,0,0,0,1.0,0,0,0
gp_set_0005,gp_set_0005_vid_0001,gp_1374,test,1920,1440,88,3498,3585,1,1,0,3582,1,1,85,,0,0,0,1.0,0,0,0
gp_set_0005,gp_set_0005_vid_0001,gp_1370,test,1920,1440,212,3348,3559,1,1,0,3556,1,1,209,,0,0,0,1.0,0,0,0
gp_set_0005,gp_set_0005_vid_0001,gp_1379,test,1920,1440,41,3642,3682,1,1,0,3679,1,1,38,,0,0,0,1.0,0,0,0
gp_set_0005,gp_set_0005_vid_0001,gp_1387,test,1920,1440,45,3794,3838,1,1,0,3835,1,1,42,,0,0,0,1.0,0,0,0
gp_set_0005,gp_set_0005_vid_0001,gp_1391,test,1920,1440,49,3850,3898,1,1,0,3895,1,1,46,,0,0,0,1.0,0,0,0
gp_set_0005,gp_set_0005_vid_0001,gp_1394,test,1920,1440,31,3910,3940,1,1,0,3937,1,1,28,,0,0,0,1.0,0,0,0
gp_set_0005,gp_set_0005_vid_0001,gp_1397,test,1920,1440,26,3936,3961,1,1,0,3958,1,1,23,,0,0,0,1.0,0,0,0
gp_set_0005,gp_set_0005_vid_0001,gp_1401,test,1920,1440,44,3953,3996,1,1,0,3993,1,1,41,,0,0,0,1.0,0,0,0
gp_set_0005,gp_set_0005_vid_0001,gp_1403,test,1920,1440,8,3991,3998,1,1,0,3995,1,1,5,,0,0,0,1.0,0,0,0
gp_set_0005,gp_set_0005_vid_0001,gp_1405,test,1920,1440,63,3999,4061,1,1,0,4058,1,1,60,,0,0,0,1.0,0,0,0
gp_set_0005,gp_set_0005_vid_0001,gp_1415,test,1920,1440,122,4003,4124,1,1,0,4021,1,1,19,,0,0,0,1.0,0,0,0
gp_set_0005,gp_set_0005_vid_0001,gp_1418,test,1920,1440,49,4089,4137,1,1,0,4134,1,1,46,,0,0,0,1.0,0,0,0
gp_set_0005,gp_set_0005_vid_0001,gp_1419,test,1920,1440,189,3986,4174,1,1,0,4171,1,1,186,,0,0,0,1.0,0,0,0
gp_set_0005,gp_set_0005_vid_0001,gp_1423,test,1920,1440,65,4072,4136,1,1,0,4133,1,1,62,,0,0,0,1.0,0,0,0
gp_set_0005,gp_set_0005_vid_0001,gp_1426,test,1920,1440,69,4072,4140,1,1,0,4137,1,1,66,,0,0,0,1.0,0,0,0
gp_set_0005,gp_set_0005_vid_0001,gp_1437,test,1920,1440,157,4165,4321,1,1,0,4318,1,1,154,,0,0,0,1.0,0,0,0
gp_set_0005,gp_set_0005_vid_0001,gp_1440,test,1920,1440,82,4238,4319,1,1,0,4316,1,1,79,,0,0,0,1.0,0,0,0
gp_set_0005,gp_set_0005_vid_0001,gp_1444,test,1920,1440,115,4374,4488,1,1,0,4485,1,1,112,,0,0,0,1.0,0,0,0
gp_set_0005,gp_set_0005_vid_0001,gp_1446,test,1920,1440,90,4375,4464,1,1,0,4461,1,1,87,,0,0,0,1.0,0,0,0
gp_set_0005,gp_set_0005_vid_0001,gp_1450,test,1920,1440,53,4376,4428,1,1,0,4425,1,1,50,,0,0,0,1.0,0,0,0
gp_set_0005,gp_set_0005_vid_0001,gp_1453,test,1920,1440,51,4378,4428,1,1,0,4425,1,1,48,,0,0,0,1.0,0,0,0
gp_set_0005,gp_set_0005_vid_0001,gp_1457,test,1920,1440,19,4519,4537,1,1,0,4534,1,1,16,,0,0,0,1.0,0,0,0
gp_set_0005,gp_set_0005_vid_0001,gp_1459,test,1920,1440,31,4519,4549,1,1,0,4546,1,1,28,,0,0,0,1.0,0,0,0
gp_set_0005,gp_set_0005_vid_0001,gp_1461,test,1920,1440,45,4506,4550,1,1,0,4547,1,1,42,,0,0,0,1.0,0,0,0
gp_set_0005,gp_set_0005_vid_0001,gp_1464,test,1920,1440,77,4523,4599,1,1,0,4596,1,1,74,,0,0,0,1.0,0,0,0
gp_set_0005,gp_set_0005_vid_0001,gp_1465,test,1920,1440,92,4524,4615,1,1,0,4612,1,1,89,,0,0,0,1.0,0,0,0
gp_set_0005,gp_set_0005_vid_0001,gp_1467,test,1920,1440,27,4528,4554,1,1,0,4551,1,1,24,,0,0,0,1.0,0,0,0
gp_set_0005,gp_set_0005_vid_0001,gp_1468,test,1920,1440,97,4541,4637,1,1,0,4634,1,1,94,,0,0,0,1.0,0,0,0
gp_set_0005,gp_set_0005_vid_0001,gp_1470,test,1920,1440,26,4651,4676,1,1,0,4673,1,1,23,,0,0,0,1.0,0,0,0
gp_set_0005,gp_set_0005_vid_0001,gp_1471,test,1920,1440,41,4639,4679,1,1,0,4676,1,1,38,,0,0,0,1.0,0,0,0
gp_set_0005,gp_set_0005_vid_0001,gp_1472,test,1920,1440,60,4745,4804,1,1,0,4801,1,1,57,,0,0,0,1.0,0,0,0
gp_set_0005,gp_set_0005_vid_0001,gp_1473,test,1920,1440,58,4743,4800,1,1,0,4797,1,1,55,,0,0,0,1.0,0,0,0
gp_set_0005,gp_set_0005_vid_0001,gp_1475,test,1920,1440,58,4768,4825,1,1,0,4822,1,1,55,,0,0,0,1.0,0,0,0
gp_set_0005,gp_set_0005_vid_0001,gp_1479,test,1920,1440,34,4936,4969,1,1,0,4966,1,1,31,,0,0,0,1.0,0,0,0
gp_set_0005,gp_set_0005_vid_0001,gp_1480,test,1920,1440,32,5051,5082,1,1,0,5079,1,1,29,,0,0,0,1.0,0,0,0
gp_set_0005,gp_set_0005_vid_0001,gp_1481,test,1920,1440,39,5008,5046,1,1,0,5043,1,1,36,,0,0,0,1.0,0,0,0
gp_set_0005,gp_set_0005_vid_0001,gp_1487,test,1920,1440,53,5119,5171,1,1,0,5168,1,1,50,,0,0,0,1.0,0,0,0
gp_set_0005,gp_set_0005_vid_0001,gp_1490,test,1920,1440,106,5238,5343,1,1,0,5340,1,1,103,,0,0,0,1.0,0,0,0
gp_set_0005,gp_set_0005_vid_0001,gp_1494,test,1920,1440,31,5322,5352,1,1,0,5349,1,1,28,,0,0,0,1.0,0,0,0
gp_set_0005,gp_set_0005_vid_0001,gp_1495,test,1920,1440,53,5372,5424,1,1,0,5386,1,1,15,,0,0,0,1.0,0,0,0
gp_set_0005,gp_set_0005_vid_0001,gp_1384,test,1920,1440,167,3685,3851,1,1,0,3848,1,1,164,,0,0,0,1.0,0,0,0
gp_set_0005,gp_set_0005_vid_0001,gp_1410,test,1920,1440,111,3948,4058,1,1,0,4055,1,1,108,,0,0,0,1.0,0,0,0
gp_set_0005,gp_set_0005_vid_0001,gp_1434,test,1920,1440,198,4073,4270,1,1,0,4267,1,1,195,4073,198,0,0,1.0,0,0,0
gp_set_0005,gp_set_0005_vid_0001,gp_1469,test,1920,1440,159,4617,4775,1,1,1,4634,1,1,18,4642,134,0,0,1.0,0,0,0
gp_set_0005,gp_set_0005_vid_0001,gp_1431,test,1920,1440,129,4015,4143,1,1,0,4140,1,1,126,,0,0,0,1.0,0,0,0
gp_set_0005,gp_set_0005_vid_0001,gp_1499,test,1920,1440,22,5480,5501,1,1,0,5498,1,1,19,,0,0,0,1.0,0,0,0
gp_set_0005,gp_set_0005_vid_0001,gp_1502,test,1920,1440,22,5685,5706,1,1,0,5703,1,1,19,,0,0,0,1.0,0,0,0
gp_set_0005,gp_set_0005_vid_0001,gp_1505,test,1920,1440,25,5740,5764,1,1,0,5761,1,1,22,,0,0,0,1.0,0,0,0
gp_set_0005,gp_set_0005_vid_0001,gp_1507,test,1920,1440,53,5741,5793,1,1,0,5790,1,1,50,,0,0,0,1.0,0,0,0
gp_set_0005,gp_set_0005_vid_0001,gp_1511,test,1920,1440,54,5741,5794,1,1,0,5791,1,1,51,,0,0,0,1.0,0,0,0
gp_set_0005,gp_set_0005_vid_0001,gp_1514,test,1920,1440,25,5767,5791,1,1,0,5788,1,1,22,,0,0,0,1.0,0,0,0
gp_set_0005,gp_set_0005_vid_0001,gp_1517,test,1920,1440,37,5818,5854,1,1,0,5851,1,1,34,,0,0,0,1.0,0,0,0
gp_set_0005,gp_set_0005_vid_0001,gp_1520,test,1920,1440,43,5879,5921,1,1,0,5918,1,1,40,,0,0,0,1.0,0,0,0
gp_set_0005,gp_set_0005_vid_0001,gp_1525,test,1920,1440,102,6170,6271,1,1,0,6268,1,1,99,,0,0,0,1.0,0,0,0
gp_set_0005,gp_set_0005_vid_0001,gp_1528,test,1920,1440,69,6181,6249,1,1,0,6246,1,1,66,,0,0,0,1.0,0,0,0
gp_set_0005,gp_set_0005_vid_0001,gp_1530,test,1920,1440,90,6213,6302,1,1,0,6299,1,1,87,,0,0,0,1.0,0,0,0
gp_set_0005,gp_set_0005_vid_0001,gp_1536,test,1920,1440,102,6250,6351,1,1,0,6348,1,1,99,,0,0,0,1.0,0,0,0
gp_set_0005,gp_set_0005_vid_0001,gp_1538,test,1920,1440,86,6366,6451,1,1,0,6448,1,1,83,,0,0,0,1.0,0,0,0
gp_set_0005,gp_set_0005_vid_0001,gp_1540,test,1920,1440,45,6437,6481,1,1,0,6478,1,1,42,,0,0,0,1.0,0,0,0
gp_set_0005,gp_set_0005_vid_0001,gp_1542,test,1920,1440,76,6587,6662,1,1,0,6659,1,1,73,,0,0,0,1.0,0,0,0
gp_set_0005,gp_set_0005_vid_0001,gp_1545,test,1920,1440,43,6623,6665,1,1,0,6662,1,1,40,,0,0,0,1.0,0,0,0
gp_set_0005,gp_set_0005_vid_0001,gp_1546,test,1920,1440,70,6701,6770,1,1,0,6767,1,1,67,,0,0,0,1.0,0,0,0
gp_set_0005,gp_set_0005_vid_0001,gp_1548,test,1920,1440,40,6746,6785,1,1,0,6782,1,1,37,,0,0,0,1.0,0,0,0
gp_set_0005,gp_set_0005_vid_0001,gp_1634,test,1920,1440,44,6771,6814,1,1,0,6811,1,1,41,,0,0,0,1.0,0,0,0
gp_set_0005,gp_set_0005_vid_0001,gp_1552,test,1920,1440,47,6780,6826,1,1,0,6823,1,1,44,,0,0,0,1.0,0,0,0
gp_set_0005,gp_set_0005_vid_0001,gp_1554,test,1920,1440,66,6781,6846,1,1,0,6843,1,1,63,,0,0,0,1.0,0,0,0
gp_set_0005,gp_set_0005_vid_0001,gp_1556,test,1920,1440,30,6848,6877,1,1,0,6874,1,1,27,,0,0,0,1.0,0,0,0
gp_set_0005,gp_set_0005_vid_0001,gp_1558,test,1920,1440,23,6862,6884,1,1,0,6881,1,1,20,,0,0,0,1.0,0,0,0
gp_set_0005,gp_set_0005_vid_0001,gp_1559,test,1920,1440,38,6863,6900,1,1,0,6897,1,1,35,,0,0,0,1.0,0,0,0
gp_set_0005,gp_set_0005_vid_0001,gp_1564,test,1920,1440,22,6947,6968,1,1,0,6965,1,1,19,,0,0,0,1.0,0,0,0
gp_set_0005,gp_set_0005_vid_0001,gp_1565,test,1920,1440,55,6913,6967,1,1,0,6964,1,1,52,,0,0,0,1.0,0,0,0
gp_set_0005,gp_set_0005_vid_0001,gp_1566,test,1920,1440,57,6914,6970,1,1,0,6967,1,1,54,,0,0,0,1.0,0,0,0
gp_set_0005,gp_set_0005_vid_0001,gp_1568,test,1920,1440,84,6960,7043,1,1,0,7040,1,1,81,,0,0,0,1.0,0,0,0
gp_set_0005,gp_set_0005_vid_0001,gp_1570,test,1920,1440,71,6961,7031,1,1,0,7028,1,1,68,,0,0,0,1.0,0,0,0
gp_set_0005,gp_set_0005_vid_0001,gp_1572,test,1920,1440,39,7044,7082,1,1,0,7079,1,1,36,,0,0,0,1.0,0,0,0
gp_set_0005,gp_set_0005_vid_0001,gp_1573,test,1920,1440,45,7068,7112,1,1,0,7109,1,1,42,,0,0,0,1.0,0,0,0
gp_set_0005,gp_set_0005_vid_0001,gp_1575,test,1920,1440,24,7104,7127,1,1,0,7124,1,1,21,,0,0,0,1.0,0,0,0
gp_set_0005,gp_set_0005_vid_0001,gp_1576,test,1920,1440,39,7106,7144,1,1,0,7141,1,1,36,,0,0,0,1.0,0,0,0
gp_set_0005,gp_set_0005_vid_0001,gp_1560,test,1920,1440,158,6816,6973,1,1,1,6816,1,1,1,6816,158,0,0,1.0,0,0,0
gp_set_0005,gp_set_0005_vid_0001,gp_1563,test,1920,1440,124,6852,6975,1,1,1,6852,1,1,1,6852,124,0,0,1.0,0,0,0
gp_set_0005,gp_set_0005_vid_0001,gp_1682,test,1920,1440,12,17076,17087,1,1,0,17084,1,1,9,,0,0,0,1.0,0,0,0
gp_set_0005,gp_set_0005_vid_0001,gp_1580,test,1920,1440,14,7297,7310,1,1,0,7307,1,1,11,,0,0,0,1.0,0,0,0
gp_set_0005,gp_set_0005_vid_0001,gp_1582,test,1920,1440,25,7307,7331,1,1,0,7328,1,1,22,,0,0,0,1.0,0,0,0
gp_set_0005,gp_set_0005_vid_0001,gp_1583,test,1920,1440,65,7311,7375,1,1,0,7372,1,1,62,,0,0,0,1.0,0,0,0
gp_set_0005,gp_set_0005_vid_0001,gp_1584,test,1920,1440,35,7337,7371,1,1,0,7368,1,1,32,,0,0,0,1.0,0,0,0
gp_set_0005,gp_set_0005_vid_0001,gp_1585,test,1920,1440,130,7366,7495,1,1,0,7492,1,1,127,,0,0,0,1.0,0,0,0
gp_set_0005,gp_set_0005_vid_0001,gp_1588,test,1920,1440,73,7396,7468,1,1,0,7465,1,1,70,,0,0,0,1.0,0,0,0
gp_set_0005,gp_set_0005_vid_0001,gp_1589,test,1920,1440,45,7473,7517,1,1,0,7514,1,1,42,,0,0,0,1.0,0,0,0
gp_set_0005,gp_set_0005_vid_0001,gp_1592,test,1920,1440,47,7647,7693,1,1,0,7690,1,1,44,,0,0,0,1.0,0,0,0
gp_set_0005,gp_set_0005_vid_0001,gp_1594,test,1920,1440,60,7641,7700,1,1,0,7697,1,1,57,,0,0,0,1.0,0,0,0
gp_set_0005,gp_set_0005_vid_0001,gp_1596,test,1920,1440,47,7718,7764,1,1,0,7761,1,1,44,,0,0,0,1.0,0,0,0
gp_set_0005,gp_set_0005_vid_0001,gp_1598,test,1920,1440,35,7720,7754,1,1,0,7751,1,1,32,,0,0,0,1.0,0,0,0
gp_set_0005,gp_set_0005_vid_0001,gp_1600,test,1920,1440,79,7725,7803,1,1,0,7800,1,1,76,,0,0,0,1.0,0,0,0
gp_set_0005,gp_set_0005_vid_0001,gp_1604,test,1920,1440,200,7975,8174,1,1,0,8171,1,1,197,,0,0,0,1.0,0,0,0
gp_set_0005,gp_set_0005_vid_0001,gp_1608,test,1920,1440,110,8060,8169,1,1,0,8166,1,1,107,,0,0,0,1.0,0,0,0
gp_set_0005,gp_set_0005_vid_0001,gp_1609,test,1920,1440,121,8050,8170,1,1,0,8167,1,1,118,,0,0,0,1.0,0,0,0
gp_set_0005,gp_set_0005_vid_0001,gp_1610,test,1920,1440,57,8150,8206,1,1,0,8203,1,1,54,,0,0,0,1.0,0,0,0
gp_set_0005,gp_set_0005_vid_0001,gp_1612,test,1920,1440,100,8623,8722,1,1,0,8719,1,1,97,,0,0,0,1.0,0,0,0
gp_set_0005,gp_set_0005_vid_0001,gp_1601,test,1920,1440,279,7878,8156,1,1,1,7888,1,1,11,7878,279,0,0,1.0,0,0,0
gp_set_0005,gp_set_0005_vid_0001,gp_1617,test,1920,1440,68,9151,9218,1,1,0,9215,1,1,65,,0,0,0,1.0,0,0,0
gp_set_0005,gp_set_0005_vid_0001,gp_1619,test,1920,1440,22,9223,9244,1,1,0,9241,1,1,19,,0,0,0,1.0,0,0,0
gp_set_0005,gp_set_0005_vid_0001,gp_1620,test,1920,1440,78,9368,9445,1,1,0,9442,1,1,75,9368,78,0,0,1.0,0,0,0
gp_set_0005,gp_set_0005_vid_0001,gp_1621,test,1920,1440,17,9384,9400,1,1,0,9397,1,1,14,,0,0,0,1.0,0,0,0
gp_set_0005,gp_set_0005_vid_0001,gp_1624,test,1920,1440,10,9928,9937,1,1,0,9934,1,1,7,,0,0,0,1.0,0,0,0
gp_set_0005,gp_set_0005_vid_0001,gp_1626,test,1920,1440,62,10332,10393,1,1,0,10390,1,1,59,,0,0,0,1.0,0,0,0
gp_set_0005,gp_set_0005_vid_0001,gp_1630,test,1920,1440,40,14024,14063,1,1,0,14060,1,1,37,,0,0,0,1.0,0,0,0
gp_set_0005,gp_set_0005_vid_0001,gp_1632,test,1920,1440,45,14004,14048,1,1,0,14045,1,1,42,,0,0,0,1.0,0,0,0
gp_set_0005,gp_set_0005_vid_0001,gp_1635,test,1920,1440,33,14489,14521,1,1,0,14518,1,1,30,,0,0,0,1.0,0,0,0
gp_set_0005,gp_set_0005_vid_0001,gp_1637,test,1920,1440,78,14490,14567,1,1,0,14564,1,1,75,,0,0,0,1.0,0,0,0
gp_set_0005,gp_set_0005_vid_0001,gp_1642,test,1920,1440,32,14567,14598,1,1,0,14595,1,1,29,,0,0,0,1.0,0,0,0
gp_set_0005,gp_set_0005_vid_0001,gp_1643,test,1920,1440,27,14604,14630,1,1,0,14627,1,1,24,,0,0,0,1.0,0,0,0
gp_set_0005,gp_set_0005_vid_0001,gp_1645,test,1920,1440,118,15003,15120,1,1,0,15117,1,1,115,,0,0,0,1.0,0,0,0
gp_set_0005,gp_set_0005_vid_0001,gp_1649,test,1920,1440,20,15146,15165,1,1,0,15163,1,1,18,,0,0,0,1.0,0,0,0
gp_set_0005,gp_set_0005_vid_0001,gp_1650,test,1920,1440,37,15230,15266,1,1,0,15263,1,1,34,,0,0,0,1.0,0,0,0
gp_set_0005,gp_set_0005_vid_0001,gp_1651,test,1920,1440,55,15933,15987,1,1,0,15984,1,1,52,,0,0,0,1.0,0,0,0
gp_set_0005,gp_set_0005_vid_0001,gp_1652,test,1920,1440,46,15971,16016,1,1,0,16013,1,1,43,,0,0,0,1.0,0,0,0
gp_set_0005,gp_set_0005_vid_0001,gp_1640,test,1920,1440,150,14428,14577,1,1,1,14446,1,1,19,14428,150,0,0,1.0,0,0,0
gp_set_0005,gp_set_0005_vid_0001,gp_1647,test,1920,1440,200,14944,15143,1,1,1,15052,1,1,109,15052,92,0,0,1.0,0,0,0
gp_set_0005,gp_set_0005_vid_0001,gp_1656,test,1920,1440,84,16393,16476,1,1,0,16973,0,0,,,0,0,0,1.0,0,0,0
gp_set_0005,gp_set_0005_vid_0001,gp_1657,test,1920,1440,67,16365,16431,1,1,0,16428,1,1,64,,0,0,0,1.0,0,0,0
gp_set_0005,gp_set_0005_vid_0001,gp_1659,test,1920,1440,20,16415,16434,1,1,0,16431,1,1,17,,0,0,0,1.0,0,0,0
gp_set_0005,gp_set_0005_vid_0001,gp_1661,test,1920,1440,34,16635,16668,1,1,0,16665,1,1,31,,0,0,0,1.0,0,0,0
gp_set_0005,gp_set_0005_vid_0001,gp_1663,test,1920,1440,46,16636,16681,1,1,0,16678,1,1,43,,0,0,0,1.0,0,0,0
gp_set_0005,gp_set_0005_vid_0001,gp_1665,test,1920,1440,46,16636,16681,1,1,0,16678,1,1,43,,0,0,0,1.0,0,0,0
gp_set_0005,gp_set_0005_vid_0001,gp_1666,test,1920,1440,36,16773,16808,1,1,0,16773,1,1,1,,0,0,0,1.0,0,0,0
gp_set_0005,gp_set_0005_vid_0001,gp_1668,test,1920,1440,39,16847,16885,1,1,0,16883,1,1,37,,0,0,0,1.0,0,0,0
gp_set_0005,gp_set_0005_vid_0001,gp_1670,test,1920,1440,37,16884,16920,1,1,0,16917,1,1,34,,0,0,0,1.0,0,0,0
gp_set_0005,gp_set_0005_vid_0001,gp_1674,test,1920,1440,90,16949,17038,1,1,0,17035,1,1,87,,0,0,0,1.0,0,0,0
gp_set_0005,gp_set_0005_vid_0001,gp_1678,test,1920,1440,56,17005,17060,1,1,0,17057,1,1,53,,0,0,0,1.0,0,0,0
gp_set_0005,gp_set_0005_vid_0001,gp_1680,test,1920,1440,9,17077,17085,1,1,0,17082,1,1,6,,0,0,0,1.0,0,0,0
gp_set_0005,gp_set_0005_vid_0001,gp_1683,test,1920,1440,21,17072,17092,1,1,0,17089,1,1,18,,0,0,0,1.0,0,0,0
gp_set_0005,gp_set_0005_vid_0001,gp_1685,test,1920,1440,11,17326,17336,1,1,0,17333,1,1,8,,0,0,0,1.0,0,0,0
gp_set_0005,gp_set_0005_vid_0001,gp_1686,test,1920,1440,14,17729,17742,1,1,0,17739,1,1,11,,0,0,0,1.0,0,0,0
gp_set_0005,gp_set_0005_vid_0001,gp_1688,test,1920,1440,65,17828,17892,1,1,0,17889,1,1,62,,0,0,0,1.0,0,0,0
gp_set_0005,gp_set_0005_vid_0001,gp_1690,test,1920,1440,22,17825,17846,1,1,0,17843,1,1,19,,0,0,0,1.0,0,0,0
gp_set_0005,gp_set_0005_vid_0001,gp_1693,test,1920,1440,5,17950,17954,1,1,0,17951,1,1,2,,0,0,0,1.0,0,0,0
gp_set_0005,gp_set_0005_vid_0001,gp_1672,test,1920,1440,175,16888,17062,1,1,1,16928,1,1,41,16928,135,0,0,1.0,0,0,0
gp_set_0005,gp_set_0005_vid_0001,gp_1695,test,1920,1440,42,18324,18365,1,1,0,18362,1,1,39,,0,0,0,1.0,0,0,0
gp_set_0005,gp_set_0005_vid_0001,gp_1696,test,1920,1440,41,18323,18363,1,1,0,18360,1,1,38,,0,0,0,1.0,0,0,0
gp_set_0005,gp_set_0005_vid_0001,gp_1700,test,1920,1440,35,18407,18441,1,1,0,18438,1,1,32,,0,0,0,1.0,0,0,0
gp_set_0005,gp_set_0005_vid_0001,gp_1701,test,1920,1440,38,18566,18603,1,1,0,18600,1,1,35,,0,0,0,1.0,0,0,0
gp_set_0005,gp_set_0005_vid_0001,gp_1702,test,1920,1440,27,18964,18990,1,1,0,18987,1,1,24,,0,0,0,1.0,0,0,0
gp_set_0005,gp_set_0005_vid_0001,gp_1704,test,1920,1440,35,19030,19064,1,1,0,19061,1,1,32,,0,0,0,1.0,0,0,0
gp_set_0005,gp_set_0005_vid_0001,gp_1705,test,1920,1440,34,19030,19063,1,1,0,19060,1,1,31,,0,0,0,1.0,0,0,0
gp_set_0005,gp_set_0005_vid_0001,gp_1707,test,1920,1440,42,19095,19136,1,1,0,19133,1,1,39,,0,0,0,1.0,0,0,0
gp_set_0005,gp_set_0005_vid_0001,gp_1709,test,1920,1440,49,19619,19667,1,1,0,19664,1,1,46,,0,0,0,1.0,0,0,0
gp_set_0005,gp_set_0005_vid_0001,gp_1711,test,1920,1440,51,19758,19808,1,1,1,19709,0,0,,,0,0,0,1.0,0,0,0
gp_set_0005,gp_set_0005_vid_0001,gp_1713,test,1920,1440,123,19770,19892,1,1,0,19889,1,1,120,,0,0,0,1.0,0,0,0
gp_set_0005,gp_set_0005_vid_0001,gp_1715,test,1920,1440,31,19759,19789,1,1,0,19786,1,1,28,,0,0,0,1.0,0,0,0
gp_set_0005,gp_set_0005_vid_0001,gp_1717,test,1920,1440,13,19765,19777,1,1,0,19774,1,1,10,,0,0,0,1.0,0,0,0
gp_set_0005,gp_set_0005_vid_0001,gp_1718,test,1920,1440,5,19869,19873,1,1,0,19870,1,1,2,,0,0,0,1.0,0,0,0
gp_set_0005,gp_set_0005_vid_0001,gp_1720,test,1920,1440,68,19833,19900,1,1,0,19897,1,1,65,,0,0,0,1.0,0,0,0
gp_set_0005,gp_set_0005_vid_0001,gp_1721,test,1920,1440,88,20292,20379,1,1,0,20376,1,1,85,,0,0,0,1.0,0,0,0
gp_set_0005,gp_set_0005_vid_0001,gp_1722,test,1920,1440,13,20365,20377,1,1,0,20374,1,1,10,,0,0,0,1.0,0,0,0
gp_set_0005,gp_set_0005_vid_0001,gp_1723,test,1920,1440,16,20373,20388,1,1,0,20385,1,1,13,,0,0,0,1.0,0,0,0
gp_set_0005,gp_set_0005_vid_0001,gp_1724,test,1920,1440,83,21050,21132,1,1,0,21129,1,1,80,,0,0,0,1.0,0,0,0
gp_set_0005,gp_set_0005_vid_0001,gp_1725,test,1920,1440,91,21112,21202,1,1,0,21199,1,1,88,,0,0,0,1.0,0,0,0
gp_set_0005,gp_set_0005_vid_0001,gp_1726,test,1920,1440,13,21197,21209,1,1,0,21206,1,1,10,,0,0,0,1.0,0,0,0
gp_set_0005,gp_set_0005_vid_0002,gp_4185,test,1920,1440,125,94,218,1,1,1,94,1,1,1,94,125,0,0,1.0,0,0,0
gp_set_0005,gp_set_0005_vid_0002,gp_4186,test,1920,1440,86,127,212,1,1,1,127,1,1,1,127,86,0,0,1.0,0,0,0
gp_set_0005,gp_set_0005_vid_0002,gp_4187,test,1920,1440,57,151,207,1,1,0,204,1,1,54,151,57,0,0,1.0,0,0,0
gp_set_0005,gp_set_0005_vid_0002,gp_4190,test,1920,1440,78,198,275,1,1,0,272,1,1,75,198,78,0,0,1.0,0,0,0
gp_set_0005,gp_set_0005_vid_0002,gp_4191,test,1920,1440,68,202,269,1,1,0,266,1,1,65,202,68,0,0,1.0,0,0,0
gp_set_0005,gp_set_0005_vid_0002,gp_4192,test,1920,1440,68,210,277,1,1,0,274,1,1,65,210,68,0,0,1.0,0,0,0
gp_set_0005,gp_set_0005_vid_0002,gp_4188,test,1920,1440,112,181,292,1,1,0,289,1,1,109,181,112,0,0,1.0,0,0,0
gp_set_0005,gp_set_0005_vid_0002,gp_4189,test,1920,1440,113,186,298,1,1,0,295,1,1,110,186,113,0,0,1.0,0,0,0
gp_set_0005,gp_set_0005_vid_0002,gp_4194,test,1920,1440,87,261,347,1,1,0,344,1,1,84,261,87,0,0,1.0,0,0,0
gp_set_0005,gp_set_0005_vid_0002,gp_4195,test,1920,1440,79,266,344,1,1,0,341,1,1,76,266,79,0,0,1.0,0,0,0
gp_set_0005,gp_set_0005_vid_0002,gp_4193,test,1920,1440,172,232,403,1,1,0,400,1,1,169,232,172,0,0,1.0,0,0,0
gp_set_0005,gp_set_0005_vid_0002,gp_4196,test,1920,1440,170,397,566,1,1,0,563,1,1,167,397,170,0,0,1.0,0,0,0
gp_set_0005,gp_set_0005_vid_0002,gp_4197,test,1920,1440,266,497,762,1,1,0,759,1,1,263,497,266,0,0,1.0,0,0,0
gp_set_0005,gp_set_0005_vid_0002,gp_4198,test,1920,1440,189,652,840,1,1,0,837,1,1,186,652,189,0,0,1.0,0,0,0
gp_set_0005,gp_set_0005_vid_0002,gp_4199,test,1920,1440,288,747,1034,1,1,1,747,1,1,1,747,288,0,0,1.0,0,0,0
gp_set_0005,gp_set_0005_vid_0002,gp_4200,test,1920,1440,86,1129,1214,1,1,0,1211,1,1,83,1129,86,0,0,1.0,0,0,0
gp_set_0005,gp_set_0005_vid_0002,gp_4201,test,1920,1440,117,1159,1275,1,1,0,1272,1,1,114,1159,117,0,0,1.0,0,0,0
gp_set_0005,gp_set_0005_vid_0002,gp_4202,test,1920,1440,110,1719,1828,1,1,1,1719,1,1,1,1719,110,0,0,1.0,0,0,0
gp_set_0005,gp_set_0005_vid_0002,gp_4218,test,1920,1440,26,1795,1820,1,1,0,1817,1,1,23,1795,26,0,0,1.0,0,0,0
gp_set_0005,gp_set_0005_vid_0002,gp_4219,test,1920,1440,35,1795,1829,1,1,0,1826,1,1,32,1795,35,0,0,1.0,0,0,0
gp_set_0005,gp_set_0005_vid_0002,gp_4183,test,1920,1440,90,0,89,1,1,1,0,1,1,1,0,90,0,0,1.0,0,0,0
gp_set_0005,gp_set_0005_vid_0002,gp_4184,test,1920,1440,163,0,162,1,1,1,0,1,1,1,0,163,0,0,1.0,0,0,0
gp_set_0005,gp_set_0005_vid_0002,gp_4182,test,1920,1440,76,0,75,1,1,1,0,1,1,1,0,76,0,0,1.0,0,0,0
gp_set_0005,gp_set_0005_vid_0002,gp_4220,test,1920,1440,210,1946,2155,1,1,1,1946,1,1,1,1946,210,0,0,1.0,0,0,0
gp_set_0005,gp_set_0005_vid_0002,gp_4221,test,1920,1440,194,2045,2238,1,1,0,2235,1,1,191,2045,194,0,0,1.0,0,0,0
gp_set_0005,gp_set_0005_vid_0002,gp_4222,test,1920,1440,181,2059,2239,1,1,0,2236,1,1,178,2059,181,0,0,1.0,0,0,0
gp_set_0005,gp_set_0005_vid_0002,gp_4225,test,1920,1440,334,2078,2411,1,1,0,2406,1,1,329,2078,334,0,0,1.0,0,0,0
gp_set_0005,gp_set_0005_vid_0002,gp_4226,test,1920,1440,326,2084,2409,1,1,0,2408,1,1,325,2084,326,0,0,1.0,0,0,0
gp_set_0005,gp_set_0005_vid_0002,gp_4227,test,1920,1440,146,2753,2898,1,1,0,2753,1,1,1,2753,146,0,0,1.0,0,0,0
gp_set_0005,gp_set_0005_vid_0002,gp_4230,test,1920,1440,88,2948,3035,1,1,0,3035,1,1,88,2948,88,0,0,1.0,0,0,0
gp_set_0005,gp_set_0005_vid_0002,gp_4155,test,1920,1440,57,3687,3743,1,1,0,3740,1,1,54,3687,57,0,0,1.0,0,0,0
gp_set_0005,gp_set_0005_vid_0002,gp_4154,test,1920,1440,55,3687,3741,1,1,0,3738,1,1,52,3687,55,0,0,1.0,0,0,0
gp_set_0005,gp_set_0005_vid_0002,gp_4156,test,1920,1440,131,4018,4148,1,1,0,4145,1,1,128,4018,131,0,0,1.0,0,0,0
gp_set_0005,gp_set_0005_vid_0002,gp_4160,test,1920,1440,80,4261,4340,1,1,0,4337,1,1,77,4261,80,0,0,1.0,0,0,0
gp_set_0005,gp_set_0005_vid_0002,gp_4161,test,1920,1440,82,4261,4342,1,1,0,4339,1,1,79,4261,82,0,0,1.0,0,0,0
gp_set_0005,gp_set_0005_vid_0002,gp_4163,test,1920,1440,69,4755,4823,1,1,0,4820,1,1,66,4755,69,0,0,1.0,0,0,0
gp_set_0005,gp_set_0005_vid_0002,gp_4164,test,1920,1440,71,4755,4825,1,1,1,4822,1,1,68,4755,71,0,0,1.0,0,0,0
gp_set_0005,gp_set_0005_vid_0002,gp_4165,test,1920,1440,77,5267,5343,1,1,0,5340,1,1,74,5267,77,0,0,1.0,0,0,0
gp_set_0005,gp_set_0005_vid_0002,gp_4166,test,1920,1440,47,5298,5344,1,1,0,5341,1,1,44,5298,47,0,0,1.0,0,0,0
gp_set_0005,gp_set_0005_vid_0002,gp_4170,test,1920,1440,38,5881,5918,1,1,0,5915,1,1,35,5881,38,0,0,1.0,0,0,0
gp_set_0005,gp_set_0005_vid_0002,gp_4172,test,1920,1440,79,5902,5980,1,1,0,5902,1,1,1,5902,79,0,0,1.0,0,0,0
gp_set_0005,gp_set_0005_vid_0002,gp_4173,test,1920,1440,67,6023,6089,1,1,0,6086,1,1,64,6023,67,0,0,1.0,0,0,0
gp_set_0005,gp_set_0005_vid_0002,gp_4209,test,1920,1440,135,7336,7470,1,1,0,7467,1,1,132,7336,135,0,0,1.0,0,0,0
gp_set_0005,gp_set_0005_vid_0002,gp_4211,test,1920,1440,122,8714,8835,1,1,0,8832,1,1,119,8714,122,0,0,1.0,0,0,0
gp_set_0005,gp_set_0005_vid_0002,gp_4213,test,1920,1440,43,7230,7272,1,1,0,7269,1,1,40,7230,43,0,0,1.0,0,0,0
gp_set_0005,gp_set_0005_vid_0002,gp_4215,test,1920,1440,39,7243,7281,1,1,0,7278,1,1,36,7243,39,0,0,1.0,0,0,0
gp_set_0005,gp_set_0005_vid_0002,gp_4216,test,1920,1440,38,7246,7283,1,1,0,7280,1,1,35,7246,38,0,0,1.0,0,0,0
gp_set_0005,gp_set_0005_vid_0002,gp_4214,test,1920,1440,12,7262,7273,1,1,0,7270,1,1,9,7262,12,0,0,1.0,0,0,0
gp_set_0005,gp_set_0005_vid_0002,gp_4204,test,1920,1440,100,9248,9347,1,1,0,9344,1,1,97,9248,100,0,0,1.0,0,0,0
gp_set_0005,gp_set_0005_vid_0002,gp_4205,test,1920,1440,81,9698,9778,1,1,0,9775,1,1,78,9698,81,0,0,1.0,0,0,0
gp_set_0005,gp_set_0005_vid_0002,gp_4208,test,1920,1440,44,10254,10297,1,1,1,10254,1,1,1,10254,44,0,0,1.0,0,0,0
gp_set_0005,gp_set_0005_vid_0003,gp_4006,test,1920,1440,203,2369,2571,1,1,1,2568,1,1,200,2369,22,0,0,1.0,0,0,0
gp_set_0005,gp_set_0005_vid_0003,gp_4007,test,1920,1440,37,3040,3076,1,1,0,3040,1,1,1,3040,37,0,0,1.0,0,0,0
gp_set_0005,gp_set_0005_vid_0003,gp_4012,test,1920,1440,75,5636,5710,1,1,0,5636,1,1,1,,0,0,0,1.0,0,0,0
gp_set_0005,gp_set_0005_vid_0003,gp_4013,test,1920,1440,75,5633,5707,1,1,0,5633,1,1,1,,0,0,0,1.0,0,0,0
gp_set_0005,gp_set_0005_vid_0003,gp_4016,test,1920,1440,359,6699,7057,1,1,1,6963,1,1,265,6946,112,0,0,1.0,0,0,0
gp_set_0005,gp_set_0005_vid_0003,gp_4018,test,1920,1440,187,7099,7285,1,1,1,7099,1,1,1,7114,172,0,0,1.0,0,0,0
gp_set_0005,gp_set_0005_vid_0003,gp_4019,test,1920,1440,196,7099,7294,1,1,1,7099,1,1,1,7114,181,0,0,1.0,0,0,0
gp_set_0005,gp_set_0005_vid_0003,gp_4022,test,1920,1440,175,8753,8927,1,1,1,8753,1,1,1,8753,171,4,0,1.0,0,0,0
gp_set_0005,gp_set_0005_vid_0003,gp_4023,test,1920,1440,160,8753,8912,1,1,1,8753,1,1,1,8753,160,0,0,1.0,0,0,0
gp_set_0005,gp_set_0005_vid_0003,gp_4024,test,1920,1440,334,9164,9497,1,1,1,9348,1,1,185,9348,120,0,0,1.0,0,0,0
gp_set_0005,gp_set_0005_vid_0003,gp_4030,test,1920,1440,133,9480,9612,1,1,1,9480,1,1,1,9480,104,0,0,1.0,0,0,0
gp_set_0005,gp_set_0005_vid_0003,gp_4031,test,1920,1440,468,9613,10080,1,1,1,9613,1,1,1,9613,127,0,0,1.0,0,0,0
gp_set_0005,gp_set_0005_vid_0003,gp_4034,test,1920,1440,262,9596,9857,1,1,1,9596,1,1,1,9596,262,0,0,1.0,0,0,0
gp_set_0005,gp_set_0005_vid_0003,gp_4035,test,1920,1440,229,9700,9928,1,1,1,9700,1,1,1,9700,189,0,0,1.0,0,0,0
gp_set_0005,gp_set_0005_vid_0003,gp_4036,test,1920,1440,137,9815,9951,1,1,1,9815,1,1,1,9815,135,0,0,1.0,0,0,0
gp_set_0005,gp_set_0005_vid_0003,gp_4037,test,1920,1440,201,13450,13651,2,1,1,13450,1,1,1,13549,102,0,0,1.0,0,0,0
gp_set_0005,gp_set_0005_vid_0003,gp_4039,test,1920,1440,274,9724,9997,1,1,1,9808,1,1,85,9800,198,0,0,1.0,0,0,0
gp_set_0005,gp_set_0005_vid_0003,gp_4040,test,1920,1440,229,9764,9992,1,1,1,9830,1,1,67,9816,177,0,0,1.0,0,0,0
gp_set_0005,gp_set_0005_vid_0003,gp_4043,test,1920,1440,196,9811,10006,1,1,1,9880,1,1,70,9848,159,0,0,1.0,0,0,0
gp_set_0005,gp_set_0005_vid_0003,gp_4045,test,1920,1440,228,14027,14254,1,1,1,14027,1,1,1,14027,228,0,0,1.0,0,0,0
gp_set_0005,gp_set_0005_vid_0003,gp_4046,test,1920,1440,233,13469,13701,1,1,1,13469,1,1,1,13469,233,0,0,1.0,0,0,0
gp_set_0005,gp_set_0005_vid_0003,gp_4047,test,1920,1440,154,12169,12322,1,1,0,12164,0,0,,,0,84,0,1.0,0,0,0
gp_set_0005,gp_set_0005_vid_0003,gp_4025,test,1920,1440,23,13381,13403,1,1,1,13381,1,1,1,13381,23,0,0,1.0,0,0,0
gp_set_0005,gp_set_0005_vid_0003,gp_4026,test,1920,1440,159,13420,13578,1,1,1,13420,1,1,1,13420,159,0,0,1.0,0,0,0
gp_set_0005,gp_set_0005_vid_0003,gp_4029,test,1920,1440,128,13571,13698,1,1,1,13571,1,1,1,13571,94,0,0,1.0,0,0,0
gp_set_0005,gp_set_0005_vid_0003,gp_4027,test,1920,1440,451,13469,13919,1,1,1,13469,1,1,1,13469,268,0,0,1.0,0,0,0
gp_set_0005,gp_set_0005_vid_0003,gp_4028,test,1920,1440,262,13493,13754,1,1,1,13493,1,1,1,13493,199,0,0,1.0,0,0,0
gp_set_0005,gp_set_0005_vid_0003,gp_4032,test,1920,1440,71,13446,13516,1,1,1,13446,1,1,1,13446,71,0,0,1.0,0,0,0
gp_set_0005,gp_set_0005_vid_0003,gp_4033,test,1920,1440,209,13530,13738,1,1,1,13530,1,1,1,13530,174,0,0,1.0,0,0,0
gp_set_0005,gp_set_0005_vid_0003,gp_4038,test,1920,1440,203,13449,13653,2,1,1,13449,1,1,1,13549,103,0,0,1.0,0,0,0
gp_set_0005,gp_set_0005_vid_0003,gp_4041,test,1920,1440,261,13627,13887,1,1,1,13627,1,1,1,13627,242,0,0,1.0,0,0,0
gp_set_0005,gp_set_0005_vid_0003,gp_4042,test,1920,1440,228,13681,13908,1,1,1,13681,1,1,1,13681,228,0,0,1.0,0,0,0
gp_set_0005,gp_set_0005_vid_0003,gp_4044,test,1920,1440,172,13703,13874,1,1,1,13703,1,1,1,13703,172,0,0,1.0,0,0,0
gp_set_0005,gp_set_0005_vid_0003,gp_4050,test,1920,1440,283,13737,14019,1,1,1,13737,1,1,1,13737,55,0,0,1.0,0,0,0
gp_set_0005,gp_set_0005_vid_0003,gp_4122,test,1920,1440,282,13737,14018,1,1,1,13737,1,1,1,13737,105,0,0,1.0,0,0,0
gp_set_0005,gp_set_0005_vid_0003,gp_4123,test,1920,1440,202,13852,14053,1,1,1,13852,1,1,1,13852,192,0,0,1.0,0,0,0
gp_set_0005,gp_set_0005_vid_0003,gp_4124,test,1920,1440,190,13862,14051,1,1,1,13862,1,1,1,13862,177,0,0,1.0,0,0,0
gp_set_0005,gp_set_0005_vid_0003,gp_4049,test,1920,1440,184,14417,14600,1,1,1,14417,1,1,1,14417,184,0,0,1.0,0,0,0
gp_set_0005,gp_set_0005_vid_0003,gp_4054,test,1920,1440,131,20107,20237,1,1,1,20107,1,1,1,20107,131,0,0,1.0,0,0,0
gp_set_0005,gp_set_0005_vid_0003,gp_4052,test,1920,1440,265,20392,20656,1,1,1,20392,1,1,1,20392,265,0,0,1.0,0,0,0
gp_set_0005,gp_set_0005_vid_0003,gp_4067,test,1920,1440,51,20417,20467,1,1,1,20417,1,1,1,20417,51,0,0,1.0,0,0,0
gp_set_0005,gp_set_0005_vid_0003,gp_4068,test,1920,1440,248,20489,20736,1,1,1,20489,1,1,1,20489,248,0,0,1.0,0,0,0
gp_set_0005,gp_set_0005_vid_0003,gp_4069,test,1920,1440,227,20509,20735,1,1,1,20509,1,1,1,20509,227,0,0,1.0,0,0,0
gp_set_0005,gp_set_0005_vid_0003,gp_4070,test,1920,1440,219,20509,20727,1,1,1,20509,1,1,1,20509,219,0,0,1.0,0,0,0
gp_set_0005,gp_set_0005_vid_0003,gp_4072,test,1920,1440,120,20676,20795,1,1,1,20676,1,1,1,20676,120,0,0,1.0,0,0,0
gp_set_0005,gp_set_0005_vid_0003,gp_4074,test,1920,1440,208,20649,20856,1,1,1,20649,1,1,1,20651,206,0,0,1.0,0,0,0
gp_set_0005,gp_set_0005_vid_0003,gp_4073,test,1920,1440,161,20685,20845,1,1,1,20685,1,1,1,20685,161,0,0,1.0,0,0,0
gp_set_0005,gp_set_0005_vid_0003,gp_4077,test,1920,1440,148,20718,20865,1,1,1,20718,1,1,1,20718,148,0,0,1.0,0,0,0
gp_set_0005,gp_set_0005_vid_0003,gp_4075,test,1920,1440,56,20818,20873,1,1,1,20818,1,1,1,20818,56,0,0,1.0,0,0,0
gp_set_0005,gp_set_0005_vid_0003,gp_4080,test,1920,1440,265,20844,21108,1,1,0,21105,1,1,262,21063,5,199,0,1.0,0,0,0
gp_set_0005,gp_set_0005_vid_0003,gp_4081,test,1920,1440,104,20993,21096,1,1,0,21093,1,1,101,21066,1,47,0,1.0,0,0,0
gp_set_0005,gp_set_0005_vid_0003,gp_4082,test,1920,1440,66,21144,21209,1,1,1,21144,1,1,1,21144,66,0,0,1.0,0,0,0
gp_set_0005,gp_set_0005_vid_0003,gp_4083,test,1920,1440,41,21169,21209,1,1,1,21169,1,1,1,21169,41,0,0,1.0,0,0,0
gp_set_0005,gp_set_0005_vid_0003,gp_4084,test,1920,1440,30,21180,21209,1,1,1,21180,1,1,1,21180,30,0,0,1.0,0,0,0
gp_set_0005,gp_set_0005_vid_0005,gp_5744,test,1920,1440,71,1384,1454,1,1,0,1451,1,1,68,1412,43,0,0,1.0,0,0,0
gp_set_0005,gp_set_0005_vid_0005,gp_5748,test,1920,1440,255,5798,6052,1,1,1,5798,1,1,1,5798,255,0,0,1.0,0,0,0
gp_set_0005,gp_set_0005_vid_0005,gp_5750,test,1920,1440,140,5924,6063,1,1,1,5924,1,1,1,5924,140,0,0,1.0,0,0,0
gp_set_0005,gp_set_0005_vid_0005,gp_5751,test,1920,1440,190,5889,6078,1,1,1,5889,1,1,1,5889,190,0,0,1.0,0,0,0
gp_set_0005,gp_set_0005_vid_0005,gp_5758,test,1920,1440,200,5974,6173,1,1,1,6080,1,1,107,6089,85,0,0,1.0,0,0,0
gp_set_0005,gp_set_0005_vid_0005,gp_5763,test,1920,1440,195,5979,6173,1,1,1,6080,1,1,102,6059,115,0,0,1.0,0,0,0
gp_set_0005,gp_set_0005_vid_0005,gp_5771,test,1920,1440,210,6079,6288,1,1,0,6285,1,1,207,,0,0,0,1.0,0,0,0
gp_set_0005,gp_set_0005_vid_0005,gp_5772,test,1920,1440,220,6089,6308,1,1,0,6305,1,1,217,,0,0,0,1.0,0,0,0
gp_set_0005,gp_set_0005_vid_0005,gp_5776,test,1920,1440,40,6254,6293,1,1,0,6290,1,1,37,,0,0,0,1.0,0,0,0
gp_set_0005,gp_set_0005_vid_0005,gp_5780,test,1920,1440,148,6199,6346,1,1,0,6343,1,1,145,,0,0,0,1.0,0,0,0
gp_set_0005,gp_set_0005_vid_0005,gp_5785,test,1920,1440,100,6098,6197,1,1,0,6194,1,1,97,,0,0,0,1.0,0,0,0
gp_set_0005,gp_set_0005_vid_0005,gp_5788,test,1920,1440,165,6113,6277,1,1,0,6274,1,1,162,,0,0,0,1.0,0,0,0
gp_set_0005,gp_set_0005_vid_0005,gp_5792,test,1920,1440,160,6197,6356,1,1,0,6353,1,1,157,,0,0,0,1.0,0,0,0
gp_set_0005,gp_set_0005_vid_0005,gp_5797,test,1920,1440,245,6127,6371,1,1,0,6368,1,1,242,,0,0,0,1.0,0,0,0
gp_set_0005,gp_set_0005_vid_0005,gp_5801,test,1920,1440,275,6137,6411,1,1,0,6408,1,1,272,,0,0,0,1.0,0,0,0
gp_set_0005,gp_set_0005_vid_0005,gp_5808,test,1920,1440,270,6159,6428,1,1,0,6425,1,1,267,,0,0,0,1.0,0,0,0
gp_set_0005,gp_set_0005_vid_0005,gp_5813,test,1920,1440,173,6143,6315,1,1,1,6176,1,1,34,6143,73,0,0,1.0,0,0,0
gp_set_0005,gp_set_0005_vid_0005,gp_5822,test,1920,1440,205,7260,7464,1,1,0,7461,1,1,202,,0,0,0,1.0,0,0,0
gp_set_0005,gp_set_0005_vid_0005,gp_5824,test,1920,1440,105,6231,6335,1,1,1,6231,1,1,1,6231,105,0,0,1.0,0,0,0
gp_set_0005,gp_set_0005_vid_0005,gp_5829,test,1920,1440,200,6211,6410,1,1,0,6211,1,1,1,6231,180,0,0,1.0,0,0,0
gp_set_0005,gp_set_0005_vid_0005,gp_5834,test,1920,1440,80,6256,6335,1,1,1,6256,1,1,1,6256,80,0,0,1.0,0,0,0
gp_set_0005,gp_set_0005_vid_0005,gp_5837,test,1920,1440,160,6261,6420,1,1,1,6261,1,1,1,6321,100,0,0,1.0,0,0,0
gp_set_0005,gp_set_0005_vid_0005,gp_5841,test,1920,1440,250,6281,6530,1,1,0,6527,1,1,247,,0,0,0,1.0,0,0,0
gp_set_0005,gp_set_0005_vid_0005,gp_5846,test,1920,1440,185,6306,6490,1,1,1,6306,1,1,1,6306,155,0,0,1.0,0,0,0
gp_set_0005,gp_set_0005_vid_0005,gp_5848,test,1920,1440,145,6276,6420,1,1,1,6276,1,1,1,6276,145,0,0,1.0,0,0,0
gp_set_0005,gp_set_0005_vid_0005,gp_5849,test,1920,1440,30,6511,6540,1,1,0,6537,1,1,27,,0,0,0,1.0,0,0,0
gp_set_0005,gp_set_0005_vid_0005,gp_5850,test,1920,1440,85,6511,6595,1,1,0,6592,1,1,82,,0,0,0,1.0,0,0,0
gp_set_0005,gp_set_0005_vid_0005,gp_5851,test,1920,1440,130,6401,6530,1,1,1,6401,1,1,1,6401,130,0,0,1.0,0,0,0
gp_set_0005,gp_set_0005_vid_0005,gp_5852,test,1920,1440,115,6411,6525,1,1,1,6411,1,1,1,6411,115,0,0,1.0,0,0,0
gp_set_0005,gp_set_0005_vid_0005,gp_5853,test,1920,1440,225,6288,6512,1,1,0,6509,1,1,222,,0,0,0,1.0,0,0,0
gp_set_0005,gp_set_0005_vid_0005,gp_5855,test,1920,1440,200,6293,6492,1,1,0,6489,1,1,197,,0,0,0,1.0,0,0,0
gp_set_0005,gp_set_0005_vid_0005,gp_5858,test,1920,1440,164,6496,6659,1,1,0,6656,1,1,161,,0,0,0,1.0,0,0,0
gp_set_0005,gp_set_0005_vid_0005,gp_5860,test,1920,1440,185,6506,6690,1,1,0,6687,1,1,182,,0,0,0,1.0,0,0,0
gp_set_0005,gp_set_0005_vid_0005,gp_5863,test,1920,1440,269,6561,6829,1,1,0,6826,1,1,266,,0,0,0,1.0,0,0,0
gp_set_0005,gp_set_0005_vid_0005,gp_5864,test,1920,1440,280,6546,6825,1,1,1,6822,1,1,277,,0,0,0,1.0,0,0,0
gp_set_0005,gp_set_0005_vid_0005,gp_5868,test,1920,1440,205,6554,6758,1,1,1,6758,1,1,205,,0,0,0,1.0,0,0,0
gp_set_0005,gp_set_0005_vid_0005,gp_5870,test,1920,1440,150,6589,6738,1,1,0,6735,1,1,147,,0,0,0,1.0,0,0,0
gp_set_0005,gp_set_0005_vid_0005,gp_5872,test,1920,1440,74,6815,6888,1,1,0,6886,1,1,72,,0,0,0,1.0,0,0,0
gp_set_0005,gp_set_0005_vid_0005,gp_5873,test,1920,1440,195,6760,6954,1,1,0,6951,1,1,192,,0,0,0,1.0,0,0,0
gp_set_0005,gp_set_0005_vid_0005,gp_5876,test,1920,1440,262,6725,6986,1,1,0,6983,1,1,259,,0,0,0,1.0,0,0,0
gp_set_0005,gp_set_0005_vid_0005,gp_5880,test,1920,1440,135,6920,7054,1,1,0,7051,1,1,132,,0,0,0,1.0,0,0,0
gp_set_0005,gp_set_0005_vid_0005,gp_5884,test,1920,1440,110,6930,7039,1,1,0,7036,1,1,107,,0,0,0,1.0,0,0,0
gp_set_0005,gp_set_0005_vid_0005,gp_5885,test,1920,1440,55,6960,7014,1,1,0,7011,1,1,52,,0,0,0,1.0,0,0,0
gp_set_0005,gp_set_0005_vid_0005,gp-5886,test,1920,1440,96,7001,7096,1,0,,,0,0,,,0,0,0,1.0,0,0,0
gp_set_0005,gp_set_0005_vid_0005,gp_5887,test,1920,1440,233,6929,7161,1,1,0,7158,1,1,230,,0,0,0,1.0,0,0,0
gp_set_0005,gp_set_0005_vid_0005,gp_5889,test,1920,1440,77,7089,7165,1,1,0,7162,1,1,74,,0,0,0,1.0,0,0,0
gp_set_0005,gp_set_0005_vid_0005,gp_5991,test,1920,1440,88,7089,7176,1,1,0,7173,1,1,85,,0,0,0,1.0,0,0,0
gp_set_0005,gp_set_0005_vid_0005,gp_5894,test,1920,1440,80,6719,6798,1,1,0,6795,1,1,77,,0,0,0,1.0,0,0,0
gp_set_0005,gp_set_0005_vid_0005,gp_5900,test,1920,1440,50,6742,6791,1,1,0,6788,1,1,47,,0,0,0,1.0,0,0,0
gp_set_0005,gp_set_0005_vid_0005,gp_5814,test,1920,1440,237,7230,7466,1,1,0,7463,1,1,234,,0,0,0,1.0,0,0,0
gp_set_0005,gp_set_0005_vid_0005,gp_5815,test,1920,1440,57,7425,7481,1,1,0,7478,1,1,54,,0,0,0,1.0,0,0,0
gp_set_0005,gp_set_0005_vid_0005,gp_5816,test,1920,1440,25,7455,7479,1,1,0,7467,1,1,13,,0,0,0,1.0,0,0,0
gp_set_0005,gp_set_0005_vid_0005,gp_5817,test,1920,1440,19,7470,7488,1,1,0,7485,1,1,16,,0,0,0,1.0,0,0,0
gp_set_0005,gp_set_0005_vid_0005,gp_5818,test,1920,1440,6,7480,7485,1,1,0,7482,1,1,3,,0,0,0,1.0,0,0,0
gp_set_0005,gp_set_0005_vid_0005,gp_5819,test,1920,1440,18,7465,7482,1,1,0,7479,1,1,15,,0,0,0,1.0,0,0,0
gp_set_0005,gp_set_0005_vid_0005,gp_5820,test,1920,1440,112,7360,7471,1,1,1,7468,1,1,109,,0,0,0,1.0,0,0,0
gp_set_0005,gp_set_0005_vid_0005,gp_6800,test,1920,1440,215,7250,7464,1,1,0,7461,1,1,212,,0,0,0,1.0,0,0,0
gp_set_0005,gp_set_0005_vid_0005,gp_5825,test,1920,1440,185,7280,7464,1,1,0,7461,1,1,182,,0,0,0,1.0,0,0,0
gp_set_0005,gp_set_0005_vid_0005,gp_5826,test,1920,1440,75,7390,7464,1,1,0,7461,1,1,72,,0,0,0,1.0,0,0,0
gp_set_0005,gp_set_0005_vid_0005,gp_5827,test,1920,1440,110,7350,7459,1,1,0,7456,1,1,107,,0,0,0,1.0,0,0,0
gp_set_0005,gp_set_0005_vid_0005,gp_5828,test,1920,1440,135,7470,7604,1,1,0,7601,1,1,132,,0,0,0,1.0,0,0,0
gp_set_0005,gp_set_0005_vid_0005,gp_5830,test,1920,1440,148,7455,7602,1,1,0,-10,0,0,,,0,0,0,1.0,0,0,0
gp_set_0005,gp_set_0005_vid_0005,gp_5831,test,1920,1440,101,7500,7600,1,1,0,7597,1,1,98,,0,0,0,1.0,0,0,0
gp_set_0005,gp_set_0005_vid_0005,gp_5832,test,1920,1440,81,7465,7545,1,1,0,7542,1,1,78,,0,0,0,1.0,0,0,0
gp_set_0005,gp_set_0005_vid_0005,gp_5833,test,1920,1440,135,7580,7714,1,1,0,7711,1,1,132,,0,0,0,1.0,0,0,0
gp_set_0005,gp_set_0005_vid_0005,gp_5835,test,1920,1440,93,7620,7712,1,1,0,7709,1,1,90,,0,0,0,1.0,0,0,0
gp_set_0005,gp_set_0005_vid_0005,gp_5836,test,1920,1440,138,7580,7717,1,1,0,7714,1,1,135,,0,0,0,1.0,0,0,0
gp_set_0005,gp_set_0005_vid_0005,gp_5838,test,1920,1440,167,7650,7816,1,0,,,0,0,,,0,0,0,1.0,0,0,0
gp_set_0005,gp_set_0005_vid_0005,gp_5839,test,1920,1440,40,7790,7829,1,1,0,7826,1,1,37,,0,0,0,1.0,0,0,0
gp_set_0005,gp_set_0005_vid_0005,gp_5840,test,1920,1440,160,7665,7824,1,1,0,7821,1,1,157,,0,0,0,1.0,0,0,0
gp_set_0005,gp_set_0005_vid_0005,gp_5842,test,1920,1440,148,7675,7822,1,1,0,7819,1,1,145,7675,148,0,0,1.0,0,0,0
gp_set_0005,gp_set_0005_vid_0005,gp_5843,test,1920,1440,95,7735,7829,1,1,0,7826,1,1,92,,0,0,0,1.0,0,0,0
gp_set_0005,gp_set_0005_vid_0005,gp_5844,test,1920,1440,11,7825,7835,1,1,0,7832,1,1,8,,0,0,0,1.0,0,0,0
gp_set_0005,gp_set_0005_vid_0005,gp_5845,test,1920,1440,130,7700,7829,1,1,0,7826,1,1,127,,0,0,0,1.0,0,0,0
gp_set_0005,gp_set_0005_vid_0005,gp_5847,test,1920,1440,132,7700,7831,1,1,0,7828,1,1,129,,0,0,0,1.0,0,0,0
gp_set_0005,gp_set_0005_vid_0005,gp_5854,test,1920,1440,138,7825,7962,1,1,0,7959,1,1,135,,0,0,0,1.0,0,0,0
gp_set_0005,gp_set_0005_vid_0005,gp_5856,test,1920,1440,92,7850,7941,1,1,0,7938,1,1,89,,0,0,0,1.0,0,0,0
gp_set_0005,gp_set_0005_vid_0005,gp_5857,test,1920,1440,126,7895,8020,1,1,0,8017,1,1,123,,0,0,0,1.0,0,0,0
gp_set_0005,gp_set_0005_vid_0005,gp_5859,test,1920,1440,119,8170,8288,1,1,0,8285,1,1,116,,0,0,0,1.0,0,0,0
gp_set_0005,gp_set_0005_vid_0005,gp_5861,test,1920,1440,132,8160,8291,1,1,0,8288,1,1,129,,0,0,0,1.0,0,0,0
gp_set_0005,gp_set_0005_vid_0005,gp_5862,test,1920,1440,141,8175,8315,1,1,0,8312,1,1,138,,0,0,0,1.0,0,0,0
gp_set_0005,gp_set_0005_vid_0005,gp_5865,test,1920,1440,82,8235,8316,1,1,0,8313,1,1,79,,0,0,0,1.0,0,0,0
gp_set_0005,gp_set_0005_vid_0005,gp_5867,test,1920,1440,78,8240,8317,1,1,0,8314,1,1,75,,0,0,0,1.0,0,0,0
gp_set_0005,gp_set_0005_vid_0005,gp_5869,test,1920,1440,156,8165,8320,1,1,0,8317,1,1,153,,0,0,0,1.0,0,0,0
gp_set_0005,gp_set_0005_vid_0005,gp_5871,test,1920,1440,108,8245,8352,1,1,0,8349,1,1,105,,0,0,0,1.0,0,0,0
gp_set_0005,gp_set_0005_vid_0005,gp_6807,test,1920,1440,97,8275,8371,1,1,0,8368,1,1,94,,0,0,0,1.0,0,0,0
gp_set_0005,gp_set_0005_vid_0005,gp_5875,test,1920,1440,79,8290,8368,1,1,0,8365,1,1,76,,0,0,0,1.0,0,0,0
gp_set_0005,gp_set_0005_vid_0005,gp_5877,test,1920,1440,34,7930,7963,1,1,0,7960,1,1,31,,0,0,0,1.0,0,0,0
gp_set_0005,gp_set_0005_vid_0005,gp_5878,test,1920,1440,26,7935,7960,1,1,0,7957,1,1,23,,0,0,0,1.0,0,0,0
gp_set_0005,gp_set_0005_vid_0005,gp_5879,test,1920,1440,17,7940,7956,1,1,0,7953,1,1,14,,0,0,0,1.0,0,0,0
gp_set_0005,gp_set_0005_vid_0005,gp_5881,test,1920,1440,68,7915,7982,1,1,0,7979,1,1,65,,0,0,0,1.0,0,0,0
gp_set_0005,gp_set_0005_vid_0005,gp_5882,test,1920,1440,51,7925,7975,1,1,0,7972,1,1,48,,0,0,0,1.0,0,0,0
gp_set_0005,gp_set_0005_vid_0005,gp_5883,test,1920,1440,54,7925,7978,1,1,0,7976,1,1,52,,0,0,0,1.0,0,0,0
gp_set_0006,gp_set_0006_vid_0001,gp_1639,train,1920,1440,42,25,66,1,1,0,63,1,1,39,,0,0,0,1.0,0,0,0
gp_set_0006,gp_set_0006_vid_0001,gp_1641,train,1920,1440,46,47,92,1,1,0,89,1,1,43,,0,0,0,1.0,0,0,0
gp_set_0006,gp_set_0006_vid_0001,gp_1644,train,1920,1440,21,80,100,1,1,0,97,1,1,18,,0,0,0,1.0,0,0,0
gp_set_0006,gp_set_0006_vid_0001,gp_1646,train,1920,1440,70,66,135,1,1,0,132,1,1,67,,0,0,0,1.0,0,0,0
gp_set_0006,gp_set_0006_vid_0001,gp_1648,train,1920,1440,55,66,120,1,1,0,117,1,1,52,,0,0,0,1.0,0,0,0
gp_set_0006,gp_set_0006_vid_0001,gp_1654,train,1920,1440,18,87,104,1,1,0,101,1,1,15,,0,0,0,1.0,0,0,0
gp_set_0006,gp_set_0006_vid_0001,gp_1655,train,1920,1440,54,76,129,1,1,0,126,1,1,51,,0,0,0,1.0,0,0,0
gp_set_0006,gp_set_0006_vid_0001,gp_1658,train,1920,1440,44,112,155,1,1,0,152,1,1,41,,0,0,0,1.0,0,0,0
gp_set_0006,gp_set_0006_vid_0001,gp_1660,train,1920,1440,22,120,141,1,1,0,138,1,1,19,,0,0,0,1.0,0,0,0
gp_set_0006,gp_set_0006_vid_0001,gp_1662,train,1920,1440,15,126,140,1,1,0,137,1,1,12,,0,0,0,1.0,0,0,0
gp_set_0006,gp_set_0006_vid_0001,gp_1664,train,1920,1440,33,133,165,1,1,0,162,1,1,30,,0,0,0,1.0,0,0,0
gp_set_0006,gp_set_0006_vid_0001,gp_1667,train,1920,1440,93,173,265,1,1,0,262,1,1,90,,0,0,0,1.0,0,0,0
gp_set_0006,gp_set_0006_vid_0001,gp_1669,train,1920,1440,61,188,248,1,1,0,245,1,1,58,,0,0,0,1.0,0,0,0
gp_set_0006,gp_set_0006_vid_0001,gp_1671,train,1920,1440,53,237,289,1,1,0,286,1,1,50,,0,0,0,1.0,0,0,0
gp_set_0006,gp_set_0006_vid_0001,gp_1673,train,1920,1440,64,270,333,1,1,0,330,1,1,61,,0,0,0,1.0,0,0,0
gp_set_0006,gp_set_0006_vid_0001,gp_1675,train,1920,1440,103,286,388,1,1,0,385,1,1,100,,0,0,0,1.0,0,0,0
gp_set_0006,gp_set_0006_vid_0001,gp_1676,train,1920,1440,48,335,382,1,1,0,379,1,1,45,,0,0,0,1.0,0,0,0
gp_set_0006,gp_set_0006_vid_0001,gp_1677,train,1920,1440,71,366,436,1,1,0,433,1,1,68,,0,0,0,1.0,0,0,0
gp_set_0006,gp_set_0006_vid_0001,gp_1679,train,1920,1440,57,512,568,1,1,0,565,1,1,54,,0,0,0,1.0,0,0,0
gp_set_0006,gp_set_0006_vid_0001,gp_1681,train,1920,1440,61,388,448,1,1,0,445,1,1,58,,0,0,0,1.0,0,0,0
gp_set_0006,gp_set_0006_vid_0001,gp_1684,train,1920,1440,64,402,465,1,1,0,462,1,1,61,,0,0,0,1.0,0,0,0
gp_set_0006,gp_set_0006_vid_0001,gp_1687,train,1920,1440,73,409,481,1,1,0,478,1,1,70,,0,0,0,1.0,0,0,0
gp_set_0006,gp_set_0006_vid_0001,gp_1689,train,1920,1440,50,553,602,1,1,0,599,1,1,47,,0,0,0,1.0,0,0,0
gp_set_0006,gp_set_0006_vid_0001,gp_1691,train,1920,1440,43,555,597,1,1,0,594,1,1,40,,0,0,0,1.0,0,0,0
gp_set_0006,gp_set_0006_vid_0001,gp_1694,train,1920,1440,87,571,657,1,1,0,654,1,1,84,,0,0,0,1.0,0,0,0
gp_set_0006,gp_set_0006_vid_0001,gp_1697,train,1920,1440,54,592,645,1,1,0,642,1,1,51,,0,0,0,1.0,0,0,0
gp_set_0006,gp_set_0006_vid_0001,gp_1698,train,1920,1440,59,592,650,1,1,0,647,1,1,56,,0,0,0,1.0,0,0,0
gp_set_0006,gp_set_0006_vid_0001,gp_1699,train,1920,1440,37,634,670,1,1,0,667,1,1,34,,0,0,0,1.0,0,0,0
gp_set_0006,gp_set_0006_vid_0001,gp_1703,train,1920,1440,63,646,708,1,1,0,705,1,1,60,,0,0,0,1.0,0,0,0
gp_set_0006,gp_set_0006_vid_0001,gp_1706,train,1920,1440,53,668,720,1,1,0,717,1,1,50,,0,0,0,1.0,0,0,0
gp_set_0006,gp_set_0006_vid_0001,gp_1708,train,1920,1440,26,699,724,1,1,0,721,1,1,23,,0,0,0,1.0,0,0,0
gp_set_0006,gp_set_0006_vid_0001,gp_1710,train,1920,1440,147,686,832,1,1,0,829,1,1,144,,0,0,0,1.0,0,0,0
gp_set_0006,gp_set_0006_vid_0001,gp_1716,train,1920,1440,34,697,730,1,1,0,727,1,1,31,,0,0,0,1.0,0,0,0
gp_set_0006,gp_set_0006_vid_0001,gp_1719,train,1920,1440,38,793,830,1,1,0,827,1,1,35,,0,0,0,1.0,0,0,0
gp_set_0006,gp_set_0006_vid_0001,gp_2287,train,1920,1440,63,826,888,1,1,0,885,1,1,60,,0,0,0,1.0,0,0,0
gp_set_0006,gp_set_0006_vid_0001,gp_1727,train,1920,1440,48,854,901,1,1,0,898,1,1,45,,0,0,0,1.0,0,0,0
gp_set_0006,gp_set_0006_vid_0001,gp_1730,train,1920,1440,53,850,902,1,1,0,899,1,1,50,,0,0,0,1.0,0,0,0
gp_set_0006,gp_set_0006_vid_0001,gp_1734,train,1920,1440,55,1040,1094,1,1,0,1091,1,1,52,,0,0,0,1.0,0,0,0
gp_set_0006,gp_set_0006_vid_0001,gp_1738,train,1920,1440,34,1101,1134,1,1,0,1131,1,1,31,,0,0,0,1.0,0,0,0
gp_set_0006,gp_set_0006_vid_0001,gp_1739,train,1920,1440,76,1072,1147,1,1,0,1144,1,1,73,,0,0,0,1.0,0,0,0
gp_set_0006,gp_set_0006_vid_0001,gp_1742,train,1920,1440,46,1210,1255,1,1,0,1252,1,1,43,,0,0,0,1.0,0,0,0
gp_set_0006,gp_set_0006_vid_0001,gp_1743,train,1920,1440,52,1210,1261,1,1,0,1258,1,1,49,,0,0,0,1.0,0,0,0
gp_set_0006,gp_set_0006_vid_0001,gp_1746,train,1920,1440,37,1247,1283,1,1,0,1280,1,1,34,,0,0,0,1.0,0,0,0
gp_set_0006,gp_set_0006_vid_0001,gp_1748,train,1920,1440,40,1380,1419,1,1,0,1416,1,1,37,,0,0,0,1.0,0,0,0
gp_set_0006,gp_set_0006_vid_0001,gp_1751,train,1920,1440,39,1380,1418,1,1,0,1415,1,1,36,,0,0,0,1.0,0,0,0
gp_set_0006,gp_set_0006_vid_0001,gp_1754,train,1920,1440,50,1290,1339,1,1,0,1336,1,1,47,,0,0,0,1.0,0,0,0
gp_set_0006,gp_set_0006_vid_0001,gp_1758,train,1920,1440,39,1404,1442,1,1,0,1439,1,1,36,,0,0,0,1.0,0,0,0
gp_set_0006,gp_set_0006_vid_0001,gp_1761,train,1920,1440,52,1529,1580,1,1,0,1577,1,1,49,,0,0,0,1.0,0,0,0
gp_set_0006,gp_set_0006_vid_0001,gp_1764,train,1920,1440,62,1553,1614,1,1,0,1611,1,1,59,,0,0,0,1.0,0,0,0
gp_set_0006,gp_set_0006_vid_0001,gp_1766,train,1920,1440,58,1551,1608,1,1,0,1605,1,1,55,,0,0,0,1.0,0,0,0
gp_set_0006,gp_set_0006_vid_0001,gp_1769,train,1920,1440,120,1596,1715,1,1,0,1712,1,1,117,,0,0,0,1.0,0,0,0
gp_set_0006,gp_set_0006_vid_0001,gp_1714,train,1920,1440,100,713,812,1,1,1,713,1,1,1,713,100,0,0,1.0,0,0,0
gp_set_0006,gp_set_0006_vid_0001,gp_1776,train,1920,1440,67,1795,1861,1,1,0,1858,1,1,64,,0,0,0,1.0,0,0,0
gp_set_0006,gp_set_0006_vid_0001,gp_1653,train,1920,1440,29,0,28,1,1,0,25,1,1,26,,0,0,0,1.0,0,0,0
gp_set_0006,gp_set_0006_vid_0001,gp_1777,train,1920,1440,74,2007,2080,1,1,0,2077,1,1,71,,0,0,0,1.0,0,0,0
gp_set_0006,gp_set_0006_vid_0001,gp_1779,train,1920,1440,43,2161,2203,1,1,0,2200,1,1,40,,0,0,0,1.0,0,0,0
gp_set_0006,gp_set_0006_vid_0001,gp_1780,train,1920,1440,43,2167,2209,1,1,0,2206,1,1,40,,0,0,0,1.0,0,0,0
gp_set_0006,gp_set_0006_vid_0001,gp_1782,train,1920,1440,51,2180,2230,1,1,0,2227,1,1,48,,0,0,0,1.0,0,0,0
gp_set_0006,gp_set_0006_vid_0001,gp_1783,train,1920,1440,79,2193,2271,1,1,0,2268,1,1,76,,0,0,0,1.0,0,0,0
gp_set_0006,gp_set_0006_vid_0001,gp_1785,train,1920,1440,19,2341,2359,1,1,0,2356,1,1,16,,0,0,0,1.0,0,0,0
gp_set_0006,gp_set_0006_vid_0001,gp_1787,train,1920,1440,84,2270,2353,1,1,0,2350,1,1,81,,0,0,0,1.0,0,0,0
gp_set_0006,gp_set_0006_vid_0001,gp_1789,train,1920,1440,88,2604,2691,1,1,0,2688,1,1,85,,0,0,0,1.0,0,0,0
gp_set_0006,gp_set_0006_vid_0001,gp_1792,train,1920,1440,81,2614,2694,1,1,0,2691,1,1,78,,0,0,0,1.0,0,0,0
gp_set_0006,gp_set_0006_vid_0001,gp_1793,train,1920,1440,91,2604,2694,1,1,0,2691,1,1,88,,0,0,0,1.0,0,0,0
gp_set_0006,gp_set_0006_vid_0001,gp_1794,train,1920,1440,48,2663,2710,1,1,0,2707,1,1,45,,0,0,0,1.0,0,0,0
gp_set_0006,gp_set_0006_vid_0001,gp_1797,train,1920,1440,59,2652,2710,1,1,0,2707,1,1,56,,0,0,0,1.0,0,0,0
gp_set_0006,gp_set_0006_vid_0001,gp_1799,train,1920,1440,46,2650,2695,1,1,0,2692,1,1,43,,0,0,0,1.0,0,0,0
gp_set_0006,gp_set_0006_vid_0001,gp_1800,train,1920,1440,31,2702,2732,1,1,0,2729,1,1,28,,0,0,0,1.0,0,0,0
gp_set_0006,gp_set_0006_vid_0001,gp_1801,train,1920,1440,87,2691,2777,1,1,0,2774,1,1,84,,0,0,0,1.0,0,0,0
gp_set_0006,gp_set_0006_vid_0001,gp_1812,train,1920,1440,38,2771,2808,1,1,0,2805,1,1,35,,0,0,0,1.0,0,0,0
gp_set_0006,gp_set_0006_vid_0001,gp_1811,train,1920,1440,20,2794,2813,1,1,0,2810,1,1,17,,0,0,0,1.0,0,0,0
gp_set_0006,gp_set_0006_vid_0001,gp_1814,train,1920,1440,53,2789,2841,1,1,0,2838,1,1,50,,0,0,0,1.0,0,0,0
gp_set_0006,gp_set_0006_vid_0001,gp_1817,train,1920,1440,89,2863,2951,1,1,0,2948,1,1,86,,0,0,0,1.0,0,0,0
gp_set_0006,gp_set_0006_vid_0001,gp_1821,train,1920,1440,59,2887,2945,1,1,0,2942,1,1,56,,0,0,0,1.0,0,0,0
gp_set_0006,gp_set_0006_vid_0001,gp_1824,train,1920,1440,53,2976,3028,1,1,0,3025,1,1,50,,0,0,0,1.0,0,0,0
gp_set_0006,gp_set_0006_vid_0001,gp_1827,train,1920,1440,78,2913,2990,1,1,0,2987,1,1,75,,0,0,0,1.0,0,0,0
gp_set_0006,gp_set_0006_vid_0001,gp_1834,train,1920,1440,57,3059,3115,1,1,0,3112,1,1,54,,0,0,0,1.0,0,0,0
gp_set_0006,gp_set_0006_vid_0001,gp_1837,train,1920,1440,49,3164,3212,1,1,0,3209,1,1,46,,0,0,0,1.0,0,0,0
gp_set_0006,gp_set_0006_vid_0001,gp_1840,train,1920,1440,62,3341,3402,1,1,0,3399,1,1,59,,0,0,0,1.0,0,0,0
gp_set_0006,gp_set_0006_vid_0001,gp_1843,train,1920,1440,69,3352,3420,1,1,0,3417,1,1,66,,0,0,0,1.0,0,0,0
gp_set_0006,gp_set_0006_vid_0001,gp_1831,train,1920,1440,223,2911,3133,1,1,1,2990,1,1,80,2990,144,0,0,1.0,0,0,0
gp_set_0006,gp_set_0006_vid_0001,gp_1845,train,1920,1440,51,3839,3889,1,1,0,3886,1,1,48,,0,0,0,1.0,0,0,0
gp_set_0006,gp_set_0006_vid_0001,gp_1850,train,1920,1440,115,4103,4217,1,1,0,4214,1,1,112,,0,0,0,1.0,0,0,0
gp_set_0006,gp_set_0006_vid_0001,gp_1851,train,1920,1440,43,4558,4600,1,1,0,4597,1,1,40,,0,0,0,1.0,0,0,0
gp_set_0006,gp_set_0006_vid_0001,gp_1855,train,1920,1440,43,4562,4604,1,1,0,4601,1,1,40,,0,0,0,1.0,0,0,0
gp_set_0006,gp_set_0006_vid_0001,gp_1858,train,1920,1440,40,4581,4620,1,1,0,4617,1,1,37,,0,0,0,1.0,0,0,0
gp_set_0006,gp_set_0006_vid_0001,gp_1859,train,1920,1440,48,4588,4635,1,1,0,4632,1,1,45,,0,0,0,1.0,0,0,0
gp_set_0006,gp_set_0006_vid_0001,gp_1866,train,1920,1440,114,4773,4886,1,1,0,4883,1,1,111,,0,0,0,1.0,0,0,0
gp_set_0006,gp_set_0006_vid_0001,gp_1868,train,1920,1440,32,4841,4872,1,1,0,4869,1,1,29,,0,0,0,1.0,0,0,0
gp_set_0006,gp_set_0006_vid_0001,gp_1873,train,1920,1440,35,4848,4882,1,1,0,4879,1,1,32,,0,0,0,1.0,0,0,0
gp_set_0006,gp_set_0006_vid_0001,gp_1877,train,1920,1440,44,4890,4933,1,1,0,4930,1,1,41,,0,0,0,1.0,0,0,0
gp_set_0006,gp_set_0006_vid_0001,gp_1880,train,1920,1440,55,4905,4959,1,1,0,4956,1,1,52,,0,0,0,1.0,0,0,0
gp_set_0006,gp_set_0006_vid_0001,gp_1881,train,1920,1440,29,4952,4980,1,1,0,4977,1,1,26,,0,0,0,1.0,0,0,0
gp_set_0006,gp_set_0006_vid_0001,gp_1884,train,1920,1440,26,4952,4977,1,1,0,4974,1,1,23,,0,0,0,1.0,0,0,0
gp_set_0006,gp_set_0006_vid_0001,gp_1887,train,1920,1440,41,5020,5060,1,1,0,5057,1,1,38,,0,0,0,1.0,0,0,0
gp_set_0006,gp_set_0006_vid_0001,gp_1901,train,1920,1440,53,5247,5299,1,1,0,5296,1,1,50,,0,0,0,1.0,0,0,0
gp_set_0006,gp_set_0006_vid_0001,gp_1897,train,1920,1440,101,5158,5258,1,1,1,5158,1,1,1,5158,101,0,0,1.0,0,0,0
gp_set_0006,gp_set_0006_vid_0001,gp_1894,train,1920,1440,367,4911,5277,1,1,1,4911,1,1,1,4911,315,0,0,1.0,0,0,0
gp_set_0006,gp_set_0006_vid_0001,gp_1913,train,1920,1440,71,5585,5655,1,1,0,5585,1,1,1,5585,71,0,0,1.0,0,0,0
gp_set_0006,gp_set_0006_vid_0001,gp_1909,train,1920,1440,57,5717,5773,1,1,0,5770,1,1,54,,0,0,0,1.0,0,0,0
gp_set_0006,gp_set_0006_vid_0001,gp_1911,train,1920,1440,58,5713,5770,1,1,0,5767,1,1,55,,0,0,0,1.0,0,0,0
gp_set_0006,gp_set_0006_vid_0001,gp_1915,train,1920,1440,48,5804,5851,1,1,0,5848,1,1,45,,0,0,0,1.0,0,0,0
gp_set_0006,gp_set_0006_vid_0001,gp_1917,train,1920,1440,48,5819,5866,1,1,0,5863,1,1,45,,0,0,0,1.0,0,0,0
gp_set_0006,gp_set_0006_vid_0001,gp_1919,train,1920,1440,43,5835,5877,1,1,0,5874,1,1,40,,0,0,0,1.0,0,0,0
gp_set_0006,gp_set_0006_vid_0001,gp_1921,train,1920,1440,33,5856,5888,1,1,0,5885,1,1,30,,0,0,0,1.0,0,0,0
gp_set_0006,gp_set_0006_vid_0001,gp_1924,train,1920,1440,67,5850,5916,1,1,0,5913,1,1,64,,0,0,0,1.0,0,0,0
gp_set_0006,gp_set_0006_vid_0001,gp_1923,train,1920,1440,41,5858,5898,1,1,0,5895,1,1,38,,0,0,0,1.0,0,0,0
gp_set_0006,gp_set_0006_vid_0001,gp_1927,train,1920,1440,56,5873,5928,1,1,0,5925,1,1,53,,0,0,0,1.0,0,0,0
gp_set_0006,gp_set_0006_vid_0001,gp_1930,train,1920,1440,39,5835,5873,1,1,0,5870,1,1,36,,0,0,0,1.0,0,0,0
gp_set_0006,gp_set_0006_vid_0001,gp_1933,train,1920,1440,38,5846,5883,1,1,0,5880,1,1,35,,0,0,0,1.0,0,0,0
gp_set_0006,gp_set_0006_vid_0001,gp_1935,train,1920,1440,76,6124,6199,1,1,0,6196,1,1,73,,0,0,0,1.0,0,0,0
gp_set_0006,gp_set_0006_vid_0001,gp_1942,train,1920,1440,54,6430,6483,1,1,0,6480,1,1,51,,0,0,0,1.0,0,0,0
gp_set_0006,gp_set_0006_vid_0001,gp_1943,train,1920,1440,56,6458,6513,1,1,0,6410,0,0,,,0,0,0,1.0,0,0,0
gp_set_0006,gp_set_0006_vid_0001,gp_1944,train,1920,1440,43,6455,6497,1,1,0,6494,1,1,40,,0,0,0,1.0,0,0,0
gp_set_0006,gp_set_0006_vid_0001,gp_1947,train,1920,1440,36,6456,6491,1,1,0,6488,1,1,33,,0,0,0,1.0,0,0,0
gp_set_0006,gp_set_0006_vid_0001,gp_1956,train,1920,1440,70,7986,8055,1,1,0,8052,1,1,67,,0,0,0,1.0,0,0,0
gp_set_0006,gp_set_0006_vid_0001,gp_1958,train,1920,1440,80,8113,8192,1,1,0,8189,1,1,77,,0,0,0,1.0,0,0,0
gp_set_0006,gp_set_0006_vid_0001,gp_1961,train,1920,1440,95,8214,8308,1,1,0,8305,1,1,92,,0,0,0,1.0,0,0,0
gp_set_0006,gp_set_0006_vid_0001,gp_1964,train,1920,1440,68,8668,8735,1,1,0,8732,1,1,65,,0,0,0,1.0,0,0,0
gp_set_0006,gp_set_0006_vid_0001,gp_1969,train,1920,1440,195,8854,9048,1,1,1,8854,1,1,1,8854,186,0,0,1.0,0,0,0
gp_set_0006,gp_set_0006_vid_0001,gp_1970,train,1920,1440,127,8853,8979,1,1,1,8853,1,1,1,8853,127,0,0,1.0,0,0,0
gp_set_0006,gp_set_0006_vid_0001,gp_1978,train,1920,1440,65,9172,9236,1,1,0,9233,1,1,62,,0,0,0,1.0,0,0,0
gp_set_0006,gp_set_0006_vid_0001,gp_1979,train,1920,1440,53,9182,9234,1,1,0,9231,1,1,50,,0,0,0,1.0,0,0,0
gp_set_0006,gp_set_0006_vid_0001,gp_1983,train,1920,1440,61,9230,9290,1,1,0,9287,1,1,58,,0,0,0,1.0,0,0,0
gp_set_0006,gp_set_0006_vid_0001,gp_1985,train,1920,1440,44,9410,9453,1,1,0,9450,1,1,41,,0,0,0,1.0,0,0,0
gp_set_0006,gp_set_0006_vid_0001,gp_2050,train,1920,1440,126,9934,10059,1,1,0,10056,1,1,123,,0,0,0,1.0,0,0,0
gp_set_0006,gp_set_0006_vid_0001,gp_2002,train,1920,1440,102,9990,10091,1,1,0,10088,1,1,99,,0,0,0,1.0,0,0,0
gp_set_0006,gp_set_0006_vid_0001,gp_1975,train,1920,1440,60,8997,9056,1,1,1,8997,1,1,1,8997,44,0,0,1.0,0,0,0
gp_set_0006,gp_set_0006_vid_0001,gp_1995,train,1920,1440,355,9590,9944,1,1,1,9590,1,1,1,9590,355,0,0,1.0,0,0,0
gp_set_0006,gp_set_0006_vid_0001,gp_2008,train,1920,1440,278,10096,10373,1,1,1,10096,1,1,1,10096,278,0,0,1.0,0,0,0
gp_set_0006,gp_set_0006_vid_0001,gp_2013,train,1920,1440,291,10357,10647,1,1,1,10432,1,1,76,10432,216,0,0,1.0,0,0,0
gp_set_0006,gp_set_0006_vid_0001,gp_2018,train,1920,1440,67,11236,11302,1,1,0,11299,1,1,64,,0,0,0,1.0,0,0,0
gp_set_0006,gp_set_0006_vid_0001,gp_2019,train,1920,1440,38,11282,11319,1,1,0,11316,1,1,35,,0,0,0,1.0,0,0,0
gp_set_0006,gp_set_0006_vid_0001,gp_2020,train,1920,1440,54,11678,11731,1,1,0,11728,1,1,51,,0,0,0,1.0,0,0,0
gp_set_0006,gp_set_0006_vid_0001,gp_2024,train,1920,1440,53,11787,11839,1,1,0,11836,1,1,50,,0,0,0,1.0,0,0,0
gp_set_0006,gp_set_0006_vid_0001,gp_2023,train,1920,1440,59,11787,11845,1,1,0,11842,1,1,56,,0,0,0,1.0,0,0,0
gp_set_0006,gp_set_0006_vid_0001,gp_2025,train,1920,1440,38,11933,11970,1,1,0,11967,1,1,35,,0,0,0,1.0,0,0,0
gp_set_0006,gp_set_0006_vid_0001,gp_2026,train,1920,1440,34,11933,11966,1,1,0,11963,1,1,31,,0,0,0,1.0,0,0,0
gp_set_0006,gp_set_0006_vid_0001,gp_2029,train,1920,1440,14,12025,12038,1,1,0,12035,1,1,11,,0,0,0,1.0,0,0,0
gp_set_0006,gp_set_0006_vid_0001,gp_2030,train,1920,1440,35,12079,12113,1,1,0,12110,1,1,32,,0,0,0,1.0,0,0,0
gp_set_0006,gp_set_0006_vid_0001,gp_2032,train,1920,1440,44,12120,12163,1,1,0,12160,1,1,41,,0,0,0,1.0,0,0,0
gp_set_0006,gp_set_0006_vid_0001,gp_2037,train,1920,1440,320,12168,12487,1,1,1,12200,1,1,33,12168,259,0,0,1.0,0,0,0
gp_set_0006,gp_set_0006_vid_0001,gp_2039,train,1920,1440,318,12175,12492,1,1,1,12200,1,1,26,12175,252,0,0,1.0,0,0,0
gp_set_0006,gp_set_0006_vid_0001,gp_2043,train,1920,1440,336,12179,12514,1,1,1,12200,1,1,22,12179,259,0,0,1.0,0,0,0
gp_set_0006,gp_set_0006_vid_0001,gp_2045,train,1920,1440,183,12292,12474,1,1,1,12200,0,0,,12292,127,0,0,1.0,0,0,0
gp_set_0006,gp_set_0006_vid_0001,gp_2047,train,1920,1440,247,12262,12508,1,1,1,12200,0,0,,12262,194,0,0,1.0,0,0,0
gp_set_0006,gp_set_0006_vid_0001,gp_2053,train,1920,1440,162,12361,12522,1,1,1,12200,0,0,,12361,75,0,0,1.0,0,0,0
gp_set_0006,gp_set_0006_vid_0001,gp_2058,train,1920,1440,52,12973,13024,1,1,0,12973,1,1,1,,0,0,0,1.0,0,0,0
gp_set_0006,gp_set_0006_vid_0001,gp_2060,train,1920,1440,41,13008,13048,1,1,0,13008,1,1,1,,0,0,0,1.0,0,0,0
gp_set_0006,gp_set_0006_vid_0001,gp_2064,train,1920,1440,63,13013,13075,1,1,0,13013,1,1,1,,0,0,0,1.0,0,0,0
gp_set_0006,gp_set_0006_vid_0001,gp_2066,train,1920,1440,68,13017,13084,1,1,0,13017,1,1,1,,0,0,0,1.0,0,0,0
gp_set_0006,gp_set_0006_vid_0001,gp_2068,train,1920,1440,55,13049,13103,1,1,0,13100,1,1,52,,0,0,0,1.0,0,0,0
gp_set_0006,gp_set_0006_vid_0001,gp_2070,train,1920,1440,77,13061,13137,1,1,0,13092,1,1,32,,0,0,0,1.0,0,0,0
gp_set_0006,gp_set_0006_vid_0001,gp_2076,train,1920,1440,43,13132,13174,1,1,0,13171,1,1,40,,0,0,0,1.0,0,0,0
gp_set_0006,gp_set_0006_vid_0001,gp_2078,train,1920,1440,20,13151,13170,1,1,0,13167,1,1,17,,0,0,0,1.0,0,0,0
gp_set_0006,gp_set_0006_vid_0001,gp_2079,train,1920,1440,46,13130,13175,1,1,0,13172,1,1,43,,0,0,0,1.0,0,0,0
gp_set_0006,gp_set_0006_vid_0001,gp_2080,train,1920,1440,61,13129,13189,1,1,0,13186,1,1,58,,0,0,0,1.0,0,0,0
gp_set_0006,gp_set_0006_vid_0001,gp_2081,train,1920,1440,57,13150,13206,1,1,0,13203,1,1,54,,0,0,0,1.0,0,0,0
gp_set_0006,gp_set_0006_vid_0001,gp_2082,train,1920,1440,63,13152,13214,1,1,0,13211,1,1,60,,0,0,0,1.0,0,0,0
gp_set_0006,gp_set_0006_vid_0001,gp_2083,train,1920,1440,35,13175,13209,1,1,0,13206,1,1,32,,0,0,0,1.0,0,0,0
gp_set_0006,gp_set_0006_vid_0001,gp_2084,train,1920,1440,46,13191,13236,1,1,0,13233,1,1,43,,0,0,0,1.0,0,0,0
gp_set_0006,gp_set_0006_vid_0001,gp_2096,train,1920,1440,119,13200,13318,1,1,1,13200,1,1,1,13200,94,0,0,1.0,0,0,0
gp_set_0006,gp_set_0006_vid_0001,gp_2098,train,1920,1440,52,13221,13272,1,1,0,13269,1,1,49,,0,0,0,1.0,0,0,0
gp_set_0006,gp_set_0006_vid_0001,gp_2100,train,1920,1440,54,13228,13281,1,1,0,13278,1,1,51,,0,0,0,1.0,0,0,0
gp_set_0006,gp_set_0006_vid_0001,gp_2102,train,1920,1440,42,13281,13322,1,1,0,13319,1,1,39,,0,0,0,1.0,0,0,0
gp_set_0006,gp_set_0006_vid_0001,gp_2104,train,1920,1440,82,13275,13356,1,1,0,13353,1,1,79,,0,0,0,1.0,0,0,0
gp_set_0006,gp_set_0006_vid_0001,gp_2107,train,1920,1440,62,13949,14010,1,1,0,14007,1,1,59,,0,0,0,1.0,0,0,0
gp_set_0006,gp_set_0006_vid_0001,gp_2087,train,1920,1440,102,13177,13278,1,1,1,13177,1,1,1,13179,61,0,0,1.0,0,0,0
gp_set_0006,gp_set_0006_vid_0001,gp_2091,train,1920,1440,101,13179,13282,2,1,1,13179,1,1,1,13179,91,0,0,1.0,0,0,0
gp_set_0006,gp_set_0006_vid_0001,gp_2089,train,1920,1440,105,13183,13287,1,1,1,13183,1,1,1,13183,91,0,0,1.0,0,0,0
gp_set_0006,gp_set_0006_vid_0001,gp_2114,train,1920,1440,88,14825,14912,1,1,0,14825,1,1,1,14825,61,0,0,1.0,0,0,0
gp_set_0006,gp_set_0006_vid_0001,gp_2123,train,1920,1440,64,14949,15012,1,1,0,15009,1,1,61,,0,0,0,1.0,0,0,0
gp_set_0006,gp_set_0006_vid_0001,gp_2125,train,1920,1440,59,14949,15007,1,1,0,15004,1,1,56,,0,0,0,1.0,0,0,0
gp_set_0006,gp_set_0006_vid_0001,gp_2137,train,1920,1440,126,14898,15023,1,1,0,14898,1,1,1,14898,104,0,0,1.0,0,0,0
gp_set_0006,gp_set_0006_vid_0001,gp_2155,train,1920,1440,57,15159,15215,1,1,0,15212,1,1,54,,0,0,0,1.0,0,0,0
gp_set_0006,gp_set_0006_vid_0001,gp_2159,train,1920,1440,35,15186,15220,1,1,0,15217,1,1,32,,0,0,0,1.0,0,0,0
gp_set_0006,gp_set_0006_vid_0001,gp_2163,train,1920,1440,44,15603,15646,1,1,0,15643,1,1,41,,0,0,0,1.0,0,0,0
gp_set_0006,gp_set_0006_vid_0001,gp_2128,train,1920,1440,97,14904,15000,1,1,1,14904,1,1,1,14904,97,0,0,1.0,0,0,0
gp_set_0006,gp_set_0006_vid_0001,gp_2133,train,1920,1440,95,14909,15003,1,1,1,14909,1,1,1,14909,95,0,0,1.0,0,0,0
gp_set_0006,gp_set_0006_vid_0001,gp_2140,train,1920,1440,163,14978,15140,1,1,1,14978,1,1,1,14978,163,0,0,1.0,0,0,0
gp_set_0006,gp_set_0006_vid_0001,gp_2146,train,1920,1440,173,14975,15147,1,1,1,14975,1,1,1,14975,173,0,0,1.0,0,0,0
gp_set_0006,gp_set_0006_vid_0001,gp_2150,train,1920,1440,135,15060,15194,1,1,1,15060,1,1,1,15060,135,0,0,1.0,0,0,0
gp_set_0006,gp_set_0006_vid_0001,gp_2167,train,1920,1440,41,16318,16358,1,1,0,16355,1,1,38,,0,0,0,1.0,0,0,0
gp_set_0006,gp_set_0006_vid_0001,gp_2172,train,1920,1440,50,16335,16384,1,1,0,16381,1,1,47,,0,0,0,1.0,0,0,0
gp_set_0006,gp_set_0006_vid_0001,gp_2174,train,1920,1440,23,16568,16590,1,1,0,16587,1,1,20,,0,0,0,1.0,0,0,0
gp_set_0006,gp_set_0006_vid_0001,gp_2179,train,1920,1440,45,17897,17941,1,1,0,17938,1,1,42,,0,0,0,1.0,0,0,0
gp_set_0006,gp_set_0006_vid_0001,gp_2610,train,1920,1440,43,20533,20575,1,1,0,20572,1,1,40,,0,0,0,1.0,0,0,0
gp_set_0006,gp_set_0006_vid_0001,gp_2614,train,1920,1440,31,20677,20707,1,1,0,20704,1,1,28,,0,0,0,1.0,0,0,0
gp_set_0006,gp_set_0006_vid_0001,gp_2616,train,1920,1440,30,20677,20706,1,1,0,20703,1,1,27,,0,0,0,1.0,0,0,0
gp_set_0006,gp_set_0006_vid_0001,gp_2620,train,1920,1440,55,20949,21003,1,1,0,21000,1,1,52,,0,0,0,1.0,0,0,0
gp_set_0006,gp_set_0006_vid_0001,gp_2624,train,1920,1440,61,20952,21012,1,1,0,21009,1,1,58,,0,0,0,1.0,0,0,0
gp_set_0006,gp_set_0006_vid_0001,gp_2626,train,1920,1440,97,21059,21155,1,1,0,21152,1,1,94,,0,0,0,1.0,0,0,0
gp_set_0006,gp_set_0006_vid_0001,gp_2630,train,1920,1440,118,21081,21198,1,1,0,21195,1,1,115,,0,0,0,1.0,0,0,0
gp_set_0006,gp_set_0006_vid_0001,gp_2634,train,1920,1440,102,21106,21207,1,1,0,21204,1,1,99,,0,0,0,1.0,0,0,0
gp_set_0006,gp_set_0006_vid_0001,gp_2636,train,1920,1440,47,21163,21209,1,1,0,21206,1,1,44,,0,0,0,1.0,0,0,0
gp_set_0006,gp_set_0006_vid_0002,gp_4223,train,1920,1440,110,362,471,1,1,0,487,0,0,,362,110,0,0,1.0,0,0,0
gp_set_0006,gp_set_0006_vid_0002,gp_4228,train,1920,1440,184,1879,2062,1,1,0,2059,1,1,181,1879,184,0,0,1.0,0,0,0
gp_set_0006,gp_set_0006_vid_0002,gp_4229,train,1920,1440,255,1957,2211,1,1,1,2130,1,1,174,1957,255,0,0,1.0,0,0,0
gp_set_0006,gp_set_0006_vid_0002,gp_4231,train,1920,1440,211,4206,4416,1,1,1,4234,1,1,29,4206,211,0,0,1.0,0,0,0
gp_set_0006,gp_set_0006_vid_0002,gp_4232,train,1920,1440,78,10881,10958,1,1,0,10955,1,1,75,10881,78,0,0,1.0,0,0,0
gp_set_0006,gp_set_0006_vid_0002,gp_4260,train,1920,1440,153,5633,5785,1,1,0,5782,1,1,150,5633,153,0,0,1.0,0,0,0
gp_set_0006,gp_set_0006_vid_0002,gp_4265,train,1920,1440,46,7329,7374,1,1,1,73292,0,0,,7329,46,0,0,1.0,0,0,0
gp_set_0006,gp_set_0006_vid_0002,gp_4266,train,1920,1440,198,7417,7614,1,1,1,7417,1,1,1,7417,198,0,0,1.0,0,0,0
gp_set_0006,gp_set_0006_vid_0002,gp_4274,train,1920,1440,147,9260,9406,1,1,0,-10,0,0,,9260,147,0,0,1.0,0,0,0
gp_set_0006,gp_set_0006_vid_0002,gp_4284,train,1920,1440,100,10224,10323,1,1,0,-10,0,0,,10224,100,0,0,1.0,0,0,0
gp_set_0006,gp_set_0006_vid_0002,gp_4833,train,1920,1440,118,9305,9422,1,1,1,9305,1,1,1,9305,118,0,0,1.0,0,0,0
gp_set_0006,gp_set_0006_vid_0002,gp_4234,train,1920,1440,43,11415,11457,1,1,0,11415,1,1,1,11415,43,0,0,1.0,0,0,0
gp_set_0006,gp_set_0006_vid_0002,gp_4235,train,1920,1440,142,11789,11930,1,1,0,11927,1,1,139,11789,142,0,0,1.0,0,0,0
gp_set_0006,gp_set_0006_vid_0002,gp_4236,train,1920,1440,201,11879,12079,1,1,0,12076,1,1,198,11879,201,0,0,1.0,0,0,0
gp_set_0006,gp_set_0006_vid_0002,gp_4237,train,1920,1440,57,12268,12324,1,1,0,12321,1,1,54,12268,57,0,0,1.0,0,0,0
gp_set_0006,gp_set_0006_vid_0002,gp_4238,train,1920,1440,38,12443,12480,1,1,0,12405,0,0,,12443,38,0,0,1.0,0,0,0
gp_set_0006,gp_set_0006_vid_0002,gp_4253,train,1920,1440,367,12651,13017,1,1,1,12651,1,1,1,12651,367,0,0,1.0,0,0,0
gp_set_0006,gp_set_0006_vid_0002,gp_4257,train,1920,1440,121,13370,13490,1,1,0,13487,1,1,118,13370,121,0,0,1.0,0,0,0
gp_set_0006,gp_set_0006_vid_0002,gp_4258,train,1920,1440,40,13486,13525,1,1,0,13522,1,1,37,13486,40,0,0,1.0,0,0,0
gp_set_0006,gp_set_0006_vid_0002,gp_4261,train,1920,1440,241,13632,13872,1,1,1,13632,1,1,1,13632,241,0,0,1.0,0,0,0
gp_set_0006,gp_set_0006_vid_0002,gp_4264,train,1920,1440,198,13674,13871,1,1,1,13674,1,1,1,13674,198,0,0,1.0,0,0,0
gp_set_0006,gp_set_0006_vid_0002,gp_4269,train,1920,1440,306,13839,14144,1,1,1,13839,1,1,1,13839,306,0,0,1.0,0,0,0
gp_set_0006,gp_set_0006_vid_0002,gp_4270,train,1920,1440,352,13842,14193,1,1,1,13842,1,1,1,13842,352,0,0,1.0,0,0,0
gp_set_0006,gp_set_0006_vid_0002,gp_4271,train,1920,1440,310,13867,14176,1,1,1,13867,1,1,1,13867,310,0,0,1.0,0,0,0
gp_set_0006,gp_set_0006_vid_0002,gp_4275,train,1920,1440,260,14097,14356,1,1,1,14097,1,1,1,14097,260,0,0,1.0,0,0,0
gp_set_0006,gp_set_0006_vid_0002,gp_4276,train,1920,1440,214,14134,14347,1,1,1,14134,1,1,1,14134,214,0,0,1.0,0,0,0
gp_set_0006,gp_set_0006_vid_0002,gp_4280,train,1920,1440,132,14230,14361,1,1,1,14230,1,1,1,14230,132,0,0,1.0,0,0,0
gp_set_0006,gp_set_0006_vid_0002,gp_4282,train,1920,1440,387,14378,14764,1,1,1,14378,1,1,1,14378,387,0,0,1.0,0,0,0
gp_set_0006,gp_set_0006_vid_0002,gp_4287,train,1920,1440,178,15588,15765,1,1,0,15762,1,1,175,15588,178,0,0,1.0,0,0,0
gp_set_0006,gp_set_0006_vid_0002,gp_4288,train,1920,1440,180,15774,15953,1,1,0,15950,1,1,177,15774,180,0,0,1.0,0,0,0
gp_set_0006,gp_set_0006_vid_0002,gp_4289,train,1920,1440,210,15774,15983,1,1,0,15980,1,1,207,15774,210,0,0,1.0,0,0,0
gp_set_0006,gp_set_0006_vid_0002,gp_4291,train,1920,1440,240,15819,16058,1,1,1,15880,1,1,62,15819,240,0,0,1.0,0,0,0
gp_set_0006,gp_set_0006_vid_0002,gp_4292,train,1920,1440,234,15838,16071,1,1,1,15838,1,1,1,15838,234,0,0,1.0,0,0,0
gp_set_0006,gp_set_0006_vid_0002,gp_4294,train,1920,1440,163,15914,16076,1,1,1,15914,1,1,1,15914,163,0,0,1.0,0,0,0
gp_set_0006,gp_set_0006_vid_0002,gp_4296,train,1920,1440,113,15975,16087,1,1,1,15975,1,1,1,15975,113,0,0,1.0,0,0,0
gp_set_0006,gp_set_0006_vid_0002,gp_4239,train,1920,1440,229,16998,17226,1,1,1,16998,1,1,1,16998,229,0,0,1.0,0,0,0
gp_set_0006,gp_set_0006_vid_0002,gp_4240,train,1920,1440,174,17329,17502,1,1,0,17499,1,1,171,17329,174,0,0,1.0,0,0,0
gp_set_0006,gp_set_0006_vid_0002,gp_4241,train,1920,1440,163,17792,17954,1,1,0,17792,1,1,1,17792,163,0,0,1.0,0,0,0
gp_set_0006,gp_set_0006_vid_0002,gp_4248,train,1920,1440,140,19376,19515,1,1,0,19512,1,1,137,19376,140,0,0,1.0,0,0,0
gp_set_0006,gp_set_0006_vid_0002,gp_4249,train,1920,1440,158,19799,19956,1,1,0,19953,1,1,155,19799,158,0,0,1.0,0,0,0
gp_set_0006,gp_set_0006_vid_0002,gp_4251,train,1920,1440,53,20012,20064,1,1,1,20012,1,1,1,20012,53,0,0,1.0,0,0,0
gp_set_0006,gp_set_0006_vid_0002,gp_4302,train,1920,1440,183,19936,20118,1,1,1,19936,1,1,1,19936,183,0,0,1.0,0,0,0
gp_set_0006,gp_set_0006_vid_0002,gp_4303,train,1920,1440,126,19989,20114,1,1,1,19989,1,1,1,19989,126,0,0,1.0,0,0,0
gp_set_0006,gp_set_0006_vid_0002,gp_4304,train,1920,1440,137,19991,20127,1,1,1,19991,1,1,1,19991,137,0,0,1.0,0,0,0
gp_set_0006,gp_set_0006_vid_0002,gp_4306,train,1920,1440,46,20025,20070,1,1,1,20025,1,1,1,20025,46,0,0,1.0,0,0,0
gp_set_0006,gp_set_0006_vid_0002,gp_4307,train,1920,1440,49,20028,20076,1,1,1,20028,1,1,1,20028,49,0,0,1.0,0,0,0
gp_set_0006,gp_set_0006_vid_0002,gp_4310,train,1920,1440,124,20222,20345,1,1,1,20222,1,1,1,20222,124,0,0,1.0,0,0,0
gp_set_0006,gp_set_0006_vid_0002,gp_4319,train,1920,1440,126,20782,20907,1,1,0,20904,1,1,123,20782,126,0,0,1.0,0,0,0
gp_set_0006,gp_set_0006_vid_0002,gp_4322,train,1920,1440,12,19865,19876,1,1,1,19865,1,1,1,19865,12,0,0,1.0,0,0,0
gp_set_0006,gp_set_0006_vid_0002,gp_4323,train,1920,1440,25,19868,19892,1,1,1,19868,1,1,1,19868,25,0,0,1.0,0,0,0
gp_set_0006,gp_set_0006_vid_0002,gp_4308,train,1920,1440,208,20129,20336,1,1,1,20129,1,1,1,20129,208,0,0,1.0,0,0,0
gp_set_0006,gp_set_0006_vid_0002,gp_4309,train,1920,1440,212,20133,20344,1,1,1,20133,1,1,1,20133,212,0,0,1.0,0,0,0
gp_set_0006,gp_set_0006_vid_0002,gp_4313,train,1920,1440,147,20252,20398,1,1,1,20252,1,1,1,20252,147,0,0,1.0,0,0,0
gp_set_0006,gp_set_0006_vid_0003,gp_6933,train,1920,1080,328,1175,1502,1,1,1,1260,1,1,86,1265,160,0,0,1.0,0,0,0
gp_set_0006,gp_set_0006_vid_0003,gp_6934,train,1920,1080,625,1175,1799,1,1,0,1796,1,1,622,,0,0,0,1.0,0,0,0
gp_set_0006,gp_set_0006_vid_0003,gp_6935,train,1920,1080,625,1175,1799,1,1,0,1796,1,1,622,,0,0,0,1.0,0,0,0
gp_set_0006,gp_set_0006_vid_0003,gp_6948,train,1920,1080,464,1810,2273,1,1,0,2095,1,1,286,2095,179,0,0,1.0,0,0,0
gp_set_0006,gp_set_0006_vid_0003,gp_6949,train,1920,1080,206,2070,2275,1,1,1,2070,1,1,1,2070,206,0,0,1.0,0,0,0
gp_set_0006,gp_set_0006_vid_0003,gp_6950,train,1920,1080,193,2065,2257,1,1,1,2081,1,1,17,2085,173,0,0,1.0,0,0,0
gp_set_0006,gp_set_0006_vid_0003,gp_6951,train,1920,1080,214,2050,2263,1,1,1,2086,1,1,37,2095,169,0,0,1.0,0,0,0
gp_set_0006,gp_set_0006_vid_0003,gp_6952,train,1920,1080,193,2095,2287,1,1,1,2095,1,1,1,2150,138,0,0,1.0,0,0,0
gp_set_0006,gp_set_0006_vid_0003,gp_6953,train,1920,1080,189,2100,2288,1,1,1,2131,1,1,32,2135,154,0,0,1.0,0,0,0
gp_set_0006,gp_set_0006_vid_0003,gp_6954,train,1920,1080,198,2110,2307,1,1,1,2187,1,1,78,2190,118,0,0,1.0,0,0,0
gp_set_0006,gp_set_0006_vid_0003,gp_6955,train,1920,1080,131,2170,2300,1,1,1,2191,1,1,22,2200,101,0,0,1.0,0,0,0
gp_set_0006,gp_set_0006_vid_0003,gp_6956,train,1920,1080,184,2425,2608,1,1,1,2425,1,1,1,2425,184,0,0,1.0,0,0,0
gp_set_0006,gp_set_0006_vid_0003,gp_6957,train,1920,1080,274,2525,2798,1,1,1,2525,1,1,1,2525,205,0,0,1.0,0,0,0
gp_set_0006,gp_set_0006_vid_0003,gp_6958,train,1920,1080,314,2445,2758,1,1,1,2445,1,1,1,2445,215,0,0,1.0,0,0,0
gp_set_0006,gp_set_0006_vid_0003,gp_6959,train,1920,1080,336,2450,2785,1,1,1,2450,1,1,1,2490,210,0,0,1.0,0,0,0
gp_set_0006,gp_set_0006_vid_0003,gp_6960,train,1920,1080,401,2570,2970,1,1,1,2570,1,1,1,2615,105,0,0,1.0,0,0,0
gp_set_0006,gp_set_0006_vid_0003,gp_6961,train,1920,1080,229,2820,3048,1,1,1,2820,1,1,1,2850,140,0,0,1.0,0,0,0
gp_set_0006,gp_set_0006_vid_0003,gp_6962,train,1920,1080,371,2490,2860,1,1,1,2490,1,1,1,2585,70,0,0,1.0,0,0,0
gp_set_0006,gp_set_0006_vid_0003,gp_6963,train,1920,1080,361,2510,2870,1,1,1,2510,1,1,1,2575,90,0,0,1.0,0,0,0
gp_set_0006,gp_set_0006_vid_0003,gp_6964,train,1920,1080,478,2525,3002,1,1,1,2525,1,1,1,2565,320,0,0,1.0,0,0,0
gp_set_0006,gp_set_0006_vid_0003,gp_6965,train,1920,1080,335,2510,2844,1,1,1,2510,1,1,1,2510,245,0,0,1.0,0,0,0
gp_set_0006,gp_set_0006_vid_0003,gp_6966,train,1920,1080,313,2525,2837,1,1,1,2525,1,1,1,2525,210,0,0,1.0,0,0,0
gp_set_0006,gp_set_0006_vid_0003,gp_6967,train,1920,1080,312,2485,2796,1,1,1,2485,1,1,1,2530,80,0,0,1.0,0,0,0
gp_set_0006,gp_set_0006_vid_0003,gp_6968,train,1920,1080,280,2715,2994,1,1,1,2715,1,1,1,2715,205,0,0,1.0,0,0,0
gp_set_0007,gp_set_0007_vid_0004,gp_6555,train,1920,1440,300,7850,8149,1,1,0,8146,1,1,297,,0,0,0,1.0,0,0,0
gp_set_0007,gp_set_0007_vid_0004,gp_6556,train,1920,1440,560,7950,8509,1,1,1,8110,1,1,161,8100,410,0,0,1.0,0,0,0
gp_set_0007,gp_set_0007_vid_0004,gp_6558,train,1920,1440,160,8372,8531,1,1,0,8526,1,1,155,,0,0,0,1.0,0,0,0
gp_set_0007,gp_set_0007_vid_0004,gp_6563,train,1920,1440,150,8382,8531,1,1,0,8525,1,1,144,,0,0,0,1.0,0,0,0
gp_set_0007,gp_set_0007_vid_0004,gp_6571,train,1920,1440,220,8549,8768,1,1,0,8569,1,1,21,8609,140,0,0,1.0,0,0,0
gp_set_0007,gp_set_0007_vid_0004,gp_6579,train,1920,1440,180,8639,8818,1,1,1,8639,1,1,1,8639,180,0,0,1.0,0,0,0
gp_set_0007,gp_set_0007_vid_0004,gp_6580,train,1920,1440,125,8880,9004,1,1,1,8880,1,1,1,8929,52,0,0,1.0,0,0,0
gp_set_0007,gp_set_0007_vid_0004,gp_6582,train,1920,1440,100,8625,8724,1,1,0,8715,1,1,91,,0,0,0,1.0,0,0,0
gp_set_0007,gp_set_0007_vid_0004,gp_6583,train,1920,1440,50,8695,8744,1,1,0,8738,1,1,44,,0,0,0,1.0,0,0,0
gp_set_0007,gp_set_0007_vid_0004,gp_6553,train,1920,1440,80,7180,7259,1,1,0,7250,1,1,71,,0,0,0,1.0,0,0,0
gp_set_0007,gp_set_0007_vid_0004,gp_6554,train,1920,1440,60,7180,7239,1,1,0,7229,1,1,50,,0,0,0,1.0,0,0,0
gp_set_0007,gp_set_0007_vid_0004,gp_6581,train,1920,1440,30,7180,7209,1,1,0,7193,1,1,14,,0,0,0,1.0,0,0,0
gp_set_0007,gp_set_0007_vid_0004,gp_6598,train,1920,1440,420,9067,9486,1,1,0,9483,1,1,417,,0,0,0,1.0,0,0,0
gp_set_0007,gp_set_0007_vid_0004,gp_6601,train,1920,1440,662,9355,10016,1,1,1,9355,1,1,1,9535,230,180,0,1.0,0,0,0
gp_set_0007,gp_set_0007_vid_0004,gp_6611,train,1920,1440,300,9984,10283,1,1,0,10278,1,1,295,,0,0,0,1.0,0,0,0
gp_set_0007,gp_set_0007_vid_0004,gp_6612,train,1920,1440,250,10224,10473,1,1,1,10294,1,1,71,10394,80,0,0,1.0,0,0,0
gp_set_0007,gp_set_0007_vid_0004,gp_6613,train,1920,1440,240,10254,10493,1,1,1,10294,1,1,41,10394,100,0,0,1.0,0,0,0
gp_set_0007,gp_set_0007_vid_0004,gp_6614,train,1920,1440,321,10454,10774,1,1,1,10454,1,1,1,10454,80,0,0,1.0,0,0,0
gp_set_0007,gp_set_0007_vid_0004,gp_6615,train,1920,1440,100,10644,10743,1,1,0,10729,1,1,86,,0,0,0,1.0,0,0,0
gp_set_0007,gp_set_0007_vid_0004,gp_6616,train,1920,1440,176,10724,10899,1,1,0,10771,1,1,48,,0,0,0,1.0,0,0,0
gp_set_0007,gp_set_0007_vid_0004,gp_6592,train,1920,1440,40,8975,9014,1,1,0,8975,1,1,1,,0,0,0,1.0,0,0,0
gp_set_0007,gp_set_0007_vid_0004,gp_6594,train,1920,1440,210,8975,9184,1,1,1,8975,1,1,1,8975,210,0,0,1.0,0,0,0
gp_set_0007,gp_set_0007_vid_0004,gp_6584,train,1920,1440,1530,10930,12459,1,1,1,10930,1,1,1,10930,1215,0,0,1.0,0,0,0
gp_set_0007,gp_set_0007_vid_0004,gp_6586,train,1920,1440,180,11130,11309,1,1,0,11300,1,1,171,,0,0,0,1.0,0,0,0
gp_set_0007,gp_set_0007_vid_0004,gp_6587,train,1920,1440,285,11385,11669,1,1,0,11660,1,1,276,,0,0,0,1.0,0,0,0
gp_set_0007,gp_set_0007_vid_0004,gp_6588,train,1920,1440,630,11555,12184,1,1,1,11555,1,1,1,11555,175,0,0,1.0,0,0,0
gp_set_0007,gp_set_0007_vid_0004,gp_6589,train,1920,1440,170,11970,12139,1,1,0,12132,1,1,163,,0,0,0,1.0,0,0,0
gp_set_0007,gp_set_0007_vid_0004,gp_6591,train,1920,1440,110,12120,12229,1,1,0,12224,1,1,105,,0,0,0,1.0,0,0,0
gp_set_0007,gp_set_0007_vid_0004,gp_6593,train,1920,1440,115,12245,12359,1,1,0,12353,1,1,109,,0,0,0,1.0,0,0,0
gp_set_0007,gp_set_0007_vid_0004,gp_6595,train,1920,1440,90,12280,12369,1,1,0,12362,1,1,83,,0,0,0,1.0,0,0,0
gp_set_0007,gp_set_0007_vid_0004,gp_6596,train,1920,1440,60,12355,12414,1,1,0,12352,0,0,,,0,0,0,1.0,0,0,0
gp_set_0007,gp_set_0007_vid_0004,gp_6597,train,1920,1440,80,12460,12539,1,1,0,12533,1,1,74,,0,0,0,1.0,0,0,0
gp_set_0007,gp_set_0007_vid_0004,gp_6599,train,1920,1440,70,12470,12539,1,1,0,12536,1,1,67,,0,0,0,1.0,0,0,0
gp_set_0007,gp_set_0007_vid_0004,gp_6600,train,1920,1440,109,12460,12568,1,1,0,12564,1,1,105,,0,0,0,1.0,0,0,0
gp_set_0007,gp_set_0007_vid_0005,gp_5030,train,1920,1440,15,5,19,1,0,,,0,0,,5,15,0,0,1.0,0,0,0
gp_set_0007,gp_set_0007_vid_0005,gp_5031,train,1920,1440,15,9,23,1,0,,,0,0,,9,15,0,0,1.0,0,0,0
gp_set_0007,gp_set_0007_vid_0005,gp_5032,train,1920,1440,17,10,26,1,0,,,0,0,,10,17,0,0,1.0,0,0,0
gp_set_0007,gp_set_0007_vid_0005,gp_5039,train,1920,1440,116,189,304,1,0,,,0,0,,,0,0,0,1.0,0,0,0
gp_set_0007,gp_set_0007_vid_0005,gp_5040,train,1920,1440,79,348,426,1,0,,,0,0,,,0,0,0,1.0,0,0,0
gp_set_0007,gp_set_0007_vid_0005,gp_5041,train,1920,1440,95,544,638,1,0,,,0,0,,,0,0,0,1.0,0,0,0
gp_set_0007,gp_set_0007_vid_0005,gp_5042,train,1920,1440,100,536,635,1,0,,,0,0,,,0,0,0,1.0,0,0,0
gp_set_0007,gp_set_0007_vid_0005,gp_5043,train,1920,1440,37,657,693,1,0,,,0,0,,,0,0,0,1.0,0,0,0
gp_set_0007,gp_set_0007_vid_0005,gp_5044,train,1920,1440,20,748,767,1,0,,,0,0,,,0,0,0,1.0,0,0,0
gp_set_0007,gp_set_0007_vid_0005,gp_5045,train,1920,1440,9,752,760,1,0,,,0,0,,,0,0,0,1.0,0,0,0
gp_set_0007,gp_set_0007_vid_0005,gp_5047,train,1920,1440,86,724,809,1,0,,,0,0,,,0,0,0,1.0,0,0,0
gp_set_0007,gp_set_0007_vid_0005,gp_5048,train,1920,1440,87,991,1077,1,0,,,0,0,,,0,0,0,1.0,0,0,0
gp_set_0007,gp_set_0007_vid_0005,gp_5049,train,1920,1440,63,1024,1086,1,0,,,0,0,,,0,0,0,1.0,0,0,0
gp_set_0007,gp_set_0007_vid_0005,gp_5050,train,1920,1440,157,1275,1431,1,0,,,0,0,,1275,157,0,0,1.0,0,0,0
gp_set_0007,gp_set_0007_vid_0005,gp_5051,train,1920,1440,151,1289,1439,1,0,,,0,0,,1289,151,0,0,1.0,0,0,0
gp_set_0007,gp_set_0007_vid_0005,gp_5052,train,1920,1440,67,1370,1436,1,0,,,0,0,,1370,67,0,0,1.0,0,0,0
gp_set_0007,gp_set_0007_vid_0005,gp_5053,train,1920,1440,25,1418,1442,1,0,,,0,0,,1418,25,0,0,1.0,0,0,0
gp_set_0007,gp_set_0007_vid_0005,gp_5054,train,1920,1440,62,1412,1473,1,0,,,0,0,,,0,0,0,1.0,0,0,0
gp_set_0007,gp_set_0007_vid_0005,gp_5056,train,1920,1440,136,1664,1799,1,0,,,0,0,,,0,0,0,1.0,0,0,0
gp_set_0007,gp_set_0007_vid_0005,gp_5058,train,1920,1440,50,1743,1792,1,0,,,0,0,,,0,0,0,1.0,0,0,0
gp_set_0007,gp_set_0007_vid_0005,gp_5059,train,1920,1440,77,1722,1798,1,0,,,0,0,,,0,0,0,1.0,0,0,0
gp_set_0007,gp_set_0007_vid_0005,gp_5027,train,1920,1440,10,0,9,1,0,,,0,0,,0,10,0,0,1.0,0,0,0
gp_set_0007,gp_set_0007_vid_0005,gp_5028,train,1920,1440,12,0,11,1,0,,,0,0,,0,12,0,0,1.0,0,0,0
gp_set_0007,gp_set_0007_vid_0005,gp_5029,train,1920,1440,15,0,14,1,0,,,0,0,,0,15,0,0,1.0,0,0,0
gp_set_0007,gp_set_0007_vid_0005,gp_5033,train,1920,1440,99,0,98,1,0,,,0,0,,0,99,0,0,1.0,0,0,0
gp_set_0007,gp_set_0007_vid_0005,gp_5034,train,1920,1440,52,0,51,1,0,,,0,0,,,0,0,0,1.0,0,0,0
gp_set_0007,gp_set_0007_vid_0005,gp_5035,train,1920,1440,87,0,86,1,0,,,0,0,,,0,0,0,1.0,0,0,0
gp_set_0007,gp_set_0007_vid_0005,gp_5036,train,1920,1440,92,0,91,1,0,,,0,0,,,0,0,0,1.0,0,0,0
gp_set_0007,gp_set_0007_vid_0005,gp_5037,train,1920,1440,35,0,34,1,0,,,0,0,,,0,0,0,1.0,0,0,0
gp_set_0007,gp_set_0007_vid_0005,gp_5038,train,1920,1440,121,0,120,1,0,,,0,0,,,0,0,0,1.0,0,0,0
gp_set_0007,gp_set_0007_vid_0005,gp_5065,train,1920,1440,73,1937,2009,1,0,,,0,0,,,0,0,0,1.0,0,0,0
gp_set_0007,gp_set_0007_vid_0005,gp_5066,train,1920,1440,95,2303,2397,1,0,,,0,0,,,0,0,0,1.0,0,0,0
gp_set_0007,gp_set_0007_vid_0005,gp_5067,train,1920,1440,236,2325,2560,1,0,,,0,0,,2325,236,0,0,1.0,0,0,0
gp_set_0007,gp_set_0007_vid_0005,gp_5068,train,1920,1440,201,2361,2561,1,0,,,0,0,,2361,201,0,0,1.0,0,0,0
gp_set_0007,gp_set_0007_vid_0005,gp_5069,train,1920,1440,201,2388,2588,1,0,,,0,0,,2388,201,0,0,1.0,0,0,0
gp_set_0007,gp_set_0007_vid_0005,gp_5070,train,1920,1440,192,2403,2594,1,0,,,0,0,,2403,192,0,0,1.0,0,0,0
gp_set_0007,gp_set_0007_vid_0005,gp_5071,train,1920,1440,171,2420,2590,1,0,,,0,0,,2420,61,0,0,1.0,0,0,0
gp_set_0007,gp_set_0007_vid_0005,gp_5072,train,1920,1440,70,2546,2615,1,0,,,0,0,,,0,0,0,1.0,0,0,0
gp_set_0007,gp_set_0007_vid_0005,gp_5073,train,1920,1440,85,2597,2681,1,0,,,0,0,,,0,0,0,1.0,0,0,0
gp_set_0007,gp_set_0007_vid_0005,gp_5074,train,1920,1440,118,2570,2687,1,0,,,0,0,,,0,0,0,1.0,0,0,0
gp_set_0007,gp_set_0007_vid_0005,gp_5075,train,1920,1440,78,2618,2695,1,0,,,0,0,,,0,0,0,1.0,0,0,0
gp_set_0007,gp_set_0007_vid_0005,gp_5076,train,1920,1440,30,2662,2691,1,0,,,0,0,,,0,0,0,1.0,0,0,0
gp_set_0007,gp_set_0007_vid_0005,gp_5077,train,1920,1440,27,2671,2697,1,0,,,0,0,,,0,0,0,1.0,0,0,0
gp_set_0007,gp_set_0007_vid_0005,gp_5078,train,1920,1440,62,2693,2754,1,0,,,0,0,,,0,0,0,1.0,0,0,0
gp_set_0007,gp_set_0007_vid_0005,gp_5079,train,1920,1440,64,2699,2762,1,0,,,0,0,,,0,0,0,1.0,0,0,0
gp_set_0007,gp_set_0007_vid_0005,gp_5080,train,1920,1440,81,3278,3358,1,0,,,0,0,,,0,0,0,1.0,0,0,0
gp_set_0007,gp_set_0007_vid_0005,gp_5081,train,1920,1440,17,2686,2702,1,0,,,0,0,,,0,0,0,1.0,0,0,0
gp_set_0007,gp_set_0007_vid_0005,gp_5082,train,1920,1440,12,2689,2700,1,0,,,0,0,,,0,0,0,1.0,0,0,0
gp_set_0007,gp_set_0007_vid_0005,gp_5083,train,1920,1440,33,2713,2745,1,0,,,0,0,,,0,0,0,1.0,0,0,0
gp_set_0007,gp_set_0007_vid_0005,gp_5064,train,1920,1440,7,1795,1801,1,0,,,0,0,,,0,0,0,1.0,0,0,0
gp_set_0007,gp_set_0007_vid_0005,gp_5084,train,1920,1440,70,3651,3720,1,0,,,0,0,,,0,0,0,1.0,0,0,0
gp_set_0007,gp_set_0007_vid_0005,gp_5085,train,1920,1440,79,3730,3808,1,0,,,0,0,,,0,0,0,1.0,0,0,0
gp_set_0007,gp_set_0007_vid_0005,gp_5086,train,1920,1440,32,3811,3842,1,0,,,0,0,,,0,0,0,1.0,0,0,0
gp_set_0007,gp_set_0007_vid_0005,gp_5087,train,1920,1440,32,4362,4393,1,0,,,0,0,,,0,0,0,1.0,0,0,0
gp_set_0007,gp_set_0007_vid_0005,gp_5088,train,1920,1440,181,4258,4438,1,0,,,0,0,,4258,181,0,0,1.0,0,0,0
gp_set_0007,gp_set_0007_vid_0005,gp_5089,train,1920,1440,42,4572,4613,1,0,,,0,0,,,0,0,0,1.0,0,0,0
gp_set_0007,gp_set_0007_vid_0005,gp_5090,train,1920,1440,29,4721,4749,1,0,,,0,0,,,0,0,0,1.0,0,0,0
gp_set_0007,gp_set_0007_vid_0005,gp_5091,train,1920,1440,45,4926,4970,1,0,,,0,0,,,0,0,0,1.0,0,0,0
gp_set_0007,gp_set_0007_vid_0005,gp_5092,train,1920,1440,46,5272,5317,1,0,,,0,0,,,0,0,0,1.0,0,0,0
gp_set_0007,gp_set_0007_vid_0005,gp_5098,train,1920,1440,75,5423,5497,1,0,,,0,0,,,0,0,0,1.0,0,0,0
gp_set_0007,gp_set_0007_vid_0005,gp_5099,train,1920,1440,49,5515,5563,1,0,,,0,0,,,0,0,0,1.0,0,0,0
gp_set_0007,gp_set_0007_vid_0005,gp_5100,train,1920,1440,92,5502,5593,1,0,,,0,0,,,0,0,0,1.0,0,0,0
gp_set_0007,gp_set_0007_vid_0005,gp_5101,train,1920,1440,93,5502,5594,1,0,,,0,0,,,0,0,0,1.0,0,0,0
gp_set_0007,gp_set_0007_vid_0005,gp_5105,train,1920,1440,146,5512,5657,1,0,,,0,0,,,0,0,0,1.0,0,0,0
gp_set_0007,gp_set_0007_vid_0005,gp_5110,train,1920,1440,171,5525,5695,1,0,,,0,0,,,0,0,0,1.0,0,0,0
gp_set_0007,gp_set_0007_vid_0005,gp_5113,train,1920,1440,52,5695,5746,1,0,,,0,0,,,0,0,0,1.0,0,0,0
gp_set_0007,gp_set_0007_vid_0005,gp_5115,train,1920,1440,103,5756,5858,1,0,,,0,0,,,0,0,0,1.0,0,0,0
gp_set_0007,gp_set_0007_vid_0005,gp_5116,train,1920,1440,79,5850,5928,1,0,,,0,0,,5850,58,0,0,1.0,0,0,0
gp_set_0007,gp_set_0007_vid_0005,gp_5117,train,1920,1440,72,5859,5930,1,0,,,0,0,,5889,42,0,0,1.0,0,0,0
gp_set_0007,gp_set_0007_vid_0005,gp_5118,train,1920,1440,31,5998,6028,1,0,,,0,0,,,0,0,0,1.0,0,0,0
gp_set_0007,gp_set_0007_vid_0005,gp_5120,train,1920,1440,159,5892,6050,1,0,,,0,0,,5993,58,0,0,1.0,0,0,0
gp_set_0007,gp_set_0007_vid_0005,gp_5121,train,1920,1440,154,6088,6241,1,0,,,0,0,,,0,0,0,1.0,0,0,0
gp_set_0007,gp_set_0007_vid_0005,gp_5122,train,1920,1440,155,6067,6221,1,0,,,0,0,,,0,0,0,1.0,0,0,0
gp_set_0007,gp_set_0007_vid_0005,gp_5123,train,1920,1440,37,6242,6278,1,0,,,0,0,,,0,0,0,1.0,0,0,0
gp_set_0007,gp_set_0007_vid_0005,gp_,train,1920,1440,38,6309,6346,1,0,,,0,0,,,0,0,0,1.0,0,0,0
gp_set_0007,gp_set_0007_vid_0005,gp_5125,train,1920,1440,43,6322,6364,1,0,,,0,0,,,0,0,0,1.0,0,0,0
gp_set_0007,gp_set_0007_vid_0005,gp_5126,train,1920,1440,31,6332,6362,1,0,,,0,0,,,0,0,0,1.0,0,0,0
gp_set_0007,gp_set_0007_vid_0005,gp_5127,train,1920,1440,37,6345,6381,1,0,,,0,0,,,0,0,0,1.0,0,0,0
gp_set_0007,gp_set_0007_vid_0005,gp_5129,train,1920,1440,113,6332,6444,1,0,,,0,0,,,0,0,0,1.0,0,0,0
gp_set_0007,gp_set_0007_vid_0005,gp_5132,train,1920,1440,35,6356,6390,1,0,,,0,0,,,0,0,0,1.0,0,0,0
gp_set_0007,gp_set_0007_vid_0005,gp_5134,train,1920,1440,40,6437,6476,1,0,,,0,0,,,0,0,0,1.0,0,0,0
gp_set_0007,gp_set_0007_vid_0005,gp_5135,train,1920,1440,95,6395,6489,1,0,,,0,0,,,0,0,0,1.0,0,0,0
gp_set_0007,gp_set_0007_vid_0005,gp_5136,train,1920,1440,99,6472,6570,1,0,,,0,0,,,0,0,0,1.0,0,0,0
gp_set_0007,gp_set_0007_vid_0005,gp_5137,train,1920,1440,65,6583,6647,1,0,,,0,0,,,0,0,0,1.0,0,0,0
gp_set_0007,gp_set_0007_vid_0005,gp_5138,train,1920,1440,45,6612,6656,1,0,,,0,0,,,0,0,0,1.0,0,0,0
gp_set_0007,gp_set_0007_vid_0005,gp_5139,train,1920,1440,24,6637,6660,1,0,,,0,0,,,0,0,0,1.0,0,0,0
gp_set_0007,gp_set_0007_vid_0005,gp_5140,train,1920,1440,25,6652,6676,1,0,,,0,0,,,0,0,0,1.0,0,0,0
gp_set_0007,gp_set_0007_vid_0005,gp_5141,train,1920,1440,119,6607,6725,1,0,,,0,0,,,0,0,0,1.0,0,0,0
gp_set_0007,gp_set_0007_vid_0005,gp_5143,train,1920,1440,71,6677,6747,1,0,,,0,0,,,0,0,0,1.0,0,0,0
gp_set_0007,gp_set_0007_vid_0005,gp_5145,train,1920,1440,49,6730,6778,1,0,,,0,0,,,0,0,0,1.0,0,0,0
gp_set_0007,gp_set_0007_vid_0005,gp_5148,train,1920,1440,111,6775,6885,1,0,,,0,0,,,0,0,0,1.0,0,0,0
gp_set_0007,gp_set_0007_vid_0005,gp_5151,train,1920,1440,60,6852,6911,1,0,,,0,0,,,0,0,0,1.0,0,0,0
gp_set_0007,gp_set_0007_vid_0005,gp_5156,train,1920,1440,95,6866,6960,1,0,,,0,0,,,0,0,0,1.0,0,0,0
gp_set_0007,gp_set_0007_vid_0005,gp_5157,train,1920,1440,104,6861,6964,1,0,,,0,0,,,0,0,0,1.0,0,0,0
gp_set_0007,gp_set_0007_vid_0005,gp_5158,train,1920,1440,358,6874,7231,1,0,,,0,0,,6874,192,0,0,1.0,0,0,0
gp_set_0007,gp_set_0007_vid_0005,gp_5161,train,1920,1440,310,6883,7192,1,0,,,0,0,,,0,0,0,1.0,0,0,0
gp_set_0007,gp_set_0007_vid_0005,gp_5163,train,1920,1440,148,6975,7122,1,0,,,0,0,,,0,0,0,1.0,0,0,0
gp_set_0007,gp_set_0007_vid_0005,gp_5164,train,1920,1440,121,6938,7058,1,0,,,0,0,,,0,0,0,1.0,0,0,0
gp_set_0007,gp_set_0007_vid_0005,gp_5093,train,1920,1440,38,5385,5422,1,0,,,0,0,,,0,0,0,1.0,0,0,0
gp_set_0007,gp_set_0007_vid_0005,gp_5094,train,1920,1440,37,5385,5421,1,0,,,0,0,,,0,0,0,1.0,0,0,0
gp_set_0007,gp_set_0007_vid_0005,gp_5096,train,1920,1440,114,5385,5498,1,0,,,0,0,,,0,0,0,1.0,0,0,0
gp_set_0007,gp_set_0007_vid_0005,gp_5169,train,1920,1440,89,7370,7458,1,0,,,0,0,,,0,0,0,1.0,0,0,0
gp_set_0007,gp_set_0007_vid_0005,gp_5170,train,1920,1440,107,7360,7466,1,0,,,0,0,,,0,0,0,1.0,0,0,0
gp_set_0007,gp_set_0007_vid_0005,gp_5171,train,1920,1440,19,7619,7637,1,0,,,0,0,,,0,0,0,1.0,0,0,0
gp_set_0007,gp_set_0007_vid_0005,gp_5172,train,1920,1440,54,7700,7753,1,0,,,0,0,,,0,0,0,1.0,0,0,0
gp_set_0007,gp_set_0007_vid_0005,gp_5173,train,1920,1440,63,7715,7777,1,0,,,0,0,,,0,0,0,1.0,0,0,0
gp_set_0007,gp_set_0007_vid_0005,gp_5174,train,1920,1440,93,7781,7873,1,0,,,0,0,,,0,0,0,1.0,0,0,0
gp_set_0007,gp_set_0007_vid_0005,gp_5175,train,1920,1440,52,7891,7942,1,0,,,0,0,,,0,0,0,1.0,0,0,0
gp_set_0007,gp_set_0007_vid_0005,gp_5176,train,1920,1440,71,7952,8022,1,0,,,0,0,,,0,0,0,1.0,0,0,0
gp_set_0007,gp_set_0007_vid_0005,gp_5177,train,1920,1440,71,7952,8022,1,0,,,0,0,,,0,0,0,1.0,0,0,0
gp_set_0007,gp_set_0007_vid_0005,gp_5178,train,1920,1440,25,8023,8047,1,0,,,0,0,,,0,0,0,1.0,0,0,0
gp_set_0007,gp_set_0007_vid_0005,gp_5179,train,1920,1440,107,7985,8091,1,0,,,0,0,,,0,0,0,1.0,0,0,0
gp_set_0007,gp_set_0007_vid_0005,gp_5180,train,1920,1440,95,7989,8083,1,0,,,0,0,,,0,0,0,1.0,0,0,0
gp_set_0007,gp_set_0007_vid_0005,gp_5181,train,1920,1440,80,8048,8127,1,0,,,0,0,,,0,0,0,1.0,0,0,0
gp_set_0007,gp_set_0007_vid_0005,gp_5182,train,1920,1440,110,8172,8281,1,0,,,0,0,,,0,0,0,1.0,0,0,0
gp_set_0007,gp_set_0007_vid_0005,gp_5183,train,1920,1440,83,8218,8300,1,0,,,0,0,,,0,0,0,1.0,0,0,0
gp_set_0007,gp_set_0007_vid_0005,gp_5184,train,1920,1440,103,8214,8316,1,0,,,0,0,,,0,0,0,1.0,0,0,0
gp_set_0007,gp_set_0007_vid_0005,gp_5185,train,1920,1440,123,8262,8384,1,0,,,0,0,,,0,0,0,1.0,0,0,0
gp_set_0007,gp_set_0007_vid_0005,gp_5186,train,1920,1440,150,8316,8465,1,0,,,0,0,,,0,0,0,1.0,0,0,0
gp_set_0007,gp_set_0007_vid_0005,gp_5188,train,1920,1440,87,8386,8472,1,0,,,0,0,,,0,0,0,1.0,0,0,0
gp_set_0007,gp_set_0007_vid_0005,gp_5189,train,1920,1440,62,8395,8456,1,0,,,0,0,,8395,62,0,0,1.0,0,0,0
gp_set_0007,gp_set_0007_vid_0005,gp_5190,train,1920,1440,204,8436,8639,1,0,,,0,0,,8436,58,0,0,1.0,0,0,0
gp_set_0007,gp_set_0007_vid_0005,gp_5191,train,1920,1440,93,8544,8636,1,0,,,0,0,,,0,0,0,1.0,0,0,0
gp_set_0007,gp_set_0007_vid_0005,gp_5192,train,1920,1440,97,8537,8633,1,0,,,0,0,,,0,0,0,1.0,0,0,0
gp_set_0007,gp_set_0007_vid_0005,gp_5193,train,1920,1440,365,8310,8674,1,0,,,0,0,,,0,0,0,1.0,0,0,0
gp_set_0007,gp_set_0007_vid_0005,gp_5194,train,1920,1440,42,8717,8758,1,0,,,0,0,,,0,0,0,1.0,0,0,0
gp_set_0007,gp_set_0007_vid_0005,gp_5196,train,1920,1440,32,8754,8785,1,0,,,0,0,,,0,0,0,1.0,0,0,0
gp_set_0007,gp_set_0007_vid_0005,gp_5198,train,1920,1440,59,8601,8659,1,0,,,0,0,,,0,0,0,1.0,0,0,0
gp_set_0007,gp_set_0007_vid_0005,gp_5168,train,1920,1440,71,7180,7250,1,0,,,0,0,,,0,0,0,1.0,0,0,0
gp_set_0007,gp_set_0007_vid_0005,gp_5102,train,1920,1440,52,9062,9113,1,0,,,0,0,,,0,0,0,1.0,0,0,0
gp_set_0007,gp_set_0007_vid_0005,gp_5103,train,1920,1440,71,9087,9157,1,0,,,0,0,,,0,0,0,1.0,0,0,0
gp_set_0007,gp_set_0007_vid_0005,gp_5104,train,1920,1440,77,9106,9182,1,0,,,0,0,,,0,0,0,1.0,0,0,0
gp_set_0007,gp_set_0007_vid_0005,gp_5106,train,1920,1440,68,9872,9939,1,0,,,0,0,,,0,0,0,1.0,0,0,0
gp_set_0007,gp_set_0007_vid_0005,gp_5107,train,1920,1440,84,9970,10053,1,0,,,0,0,,,0,0,0,1.0,0,0,0
gp_set_0007,gp_set_0007_vid_0005,gp_5108,train,1920,1440,63,10177,10239,1,0,,,0,0,,,0,0,0,1.0,0,0,0
gp_set_0007,gp_set_0007_vid_0005,gp_5109,train,1920,1440,74,10416,10489,1,0,,,0,0,,,0,0,0,1.0,0,0,0
gp_set_0007,gp_set_0007_vid_0005,gp_5111,train,1920,1440,97,10722,10818,1,0,,,0,0,,,0,0,0,1.0,0,0,0
gp_set_0007,gp_set_0007_vid_0005,gp_5095,train,1920,1440,48,8975,9022,1,0,,,0,0,,,0,0,0,1.0,0,0,0
gp_set_0007,gp_set_0007_vid_0005,gp_5097,train,1920,1440,68,8975,9042,1,0,,,0,0,,,0,0,0,1.0,0,0,0
gp_set_0007,gp_set_0007_vid_0005,gp_5114,train,1920,1440,53,11663,11715,1,0,,,0,0,,,0,0,0,1.0,0,0,0
gp_set_0008,gp_set_0008_vid_0001,gp_5752,test,1920,1440,25,5395,5419,1,1,0,5412,1,1,18,,0,0,0,1.0,0,0,0
gp_set_0008,gp_set_0008_vid_0001,gp_5753,test,1920,1440,35,5769,5803,1,1,0,5796,1,1,28,,0,0,0,1.0,0,0,0
gp_set_0008,gp_set_0008_vid_0001,gp_5757,test,1920,1440,55,5812,5866,1,1,0,5859,1,1,48,,0,0,0,1.0,0,0,0
gp_set_0008,gp_set_0008_vid_0001,gp_5756,test,1920,1440,60,5802,5861,1,1,0,5854,1,1,53,,0,0,0,1.0,0,0,0
gp_set_0008,gp_set_0008_vid_0001,gp_5761,test,1920,1440,109,5854,5962,1,1,0,5959,1,1,106,,0,0,0,1.0,0,0,0
gp_set_0008,gp_set_0008_vid_0001,gp_5760,test,1920,1440,104,5854,5957,1,1,0,5954,1,1,101,,0,0,0,1.0,0,0,0
gp_set_0008,gp_set_0008_vid_0001,gp_5764,test,1920,1440,68,5872,5939,1,1,0,5936,1,1,65,,0,0,0,1.0,0,0,0
gp_set_0008,gp_set_0008_vid_0001,gp_5770,test,1920,1440,32,5896,5927,1,1,0,5924,1,1,29,,0,0,0,1.0,0,0,0
gp_set_0008,gp_set_0008_vid_0001,gp_5769,test,1920,1440,35,5901,5935,1,1,0,5932,1,1,32,,0,0,0,1.0,0,0,0
gp_set_0008,gp_set_0008_vid_0001,gp_5774,test,1920,1440,91,5906,5996,1,1,0,5993,1,1,88,,0,0,0,1.0,0,0,0
gp_set_0008,gp_set_0008_vid_0001,gp_5778,test,1920,1440,60,6033,6092,1,1,0,-10,0,0,,,0,0,0,1.0,0,0,0
gp_set_0008,gp_set_0008_vid_0001,gp_5783,test,1920,1440,80,6044,6123,1,1,0,6116,1,1,73,,0,0,0,1.0,0,0,0
gp_set_0008,gp_set_0008_vid_0001,gp_5789,test,1920,1440,315,6107,6421,1,1,1,6240,1,1,134,6107,257,0,0,1.0,0,0,0
gp_set_0008,gp_set_0008_vid_0001,gp_5794,test,1920,1440,238,6208,6445,1,1,1,6240,1,1,33,6217,109,0,0,1.0,0,0,0
gp_set_0008,gp_set_0008_vid_0001,gp_5803,test,1920,1440,305,6121,6425,1,1,1,6240,1,1,120,6146,280,0,0,1.0,0,0,0
gp_set_0008,gp_set_0008_vid_0001,gp_5809,test,1920,1440,340,6106,6445,1,1,1,6240,1,1,135,6201,205,0,0,1.0,0,0,0
gp_set_0008,gp_set_0008_vid_0001,gp_5810,test,1920,1440,185,6271,6455,1,1,1,6271,1,1,1,6271,133,0,0,1.0,0,0,0
gp_set_0008,gp_set_0008_vid_0001,gp_5812,test,1920,1440,175,6286,6460,1,1,1,6286,1,1,1,6286,159,0,0,1.0,0,0,0
gp_set_0008,gp_set_0008_vid_0001,gp_5811,test,1920,1440,220,6185,6404,1,1,1,6310,1,1,126,6300,105,0,0,1.0,0,0,0
gp_set_0008,gp_set_0008_vid_0001,gp_5971,test,1920,1440,270,6159,6428,1,1,1,6240,1,1,82,6159,220,0,0,1.0,0,0,0
gp_set_0008,gp_set_0008_vid_0001,gp_5973,test,1920,1440,110,6387,6496,1,1,0,6489,1,1,103,,0,0,0,1.0,0,0,0
gp_set_0008,gp_set_0008_vid_0001,gp_5974,test,1920,1440,25,6500,6524,1,1,0,6521,1,1,22,,0,0,0,1.0,0,0,0
gp_set_0008,gp_set_0008_vid_0001,gp_5975,test,1920,1440,91,6478,6568,1,1,0,6565,1,1,88,,0,91,0,1.0,0,0,0
gp_set_0008,gp_set_0008_vid_0001,gp_5977,test,1920,1440,88,6501,6588,1,1,0,6585,1,1,85,,0,0,0,1.0,0,0,0
gp_set_0008,gp_set_0008_vid_0001,gp_5978,test,1920,1440,89,6501,6589,1,1,0,6585,1,1,85,,0,0,0,1.0,0,0,0
gp_set_0008,gp_set_0008_vid_0001,gp_5980,test,1920,1440,96,6501,6596,1,1,0,6596,1,1,96,,0,0,0,1.0,0,0,0
gp_set_0008,gp_set_0008_vid_0001,gp_5981,test,1920,1440,58,6546,6603,1,1,0,6600,1,1,55,,0,0,0,1.0,0,0,0
gp_set_0008,gp_set_0008_vid_0001,gp_5986,test,1920,1440,240,6384,6623,1,1,1,6384,1,1,1,6384,230,0,0,1.0,0,0,0
gp_set_0008,gp_set_0008_vid_0001,gp_5987,test,1920,1440,190,6389,6578,1,1,1,6389,1,1,1,6389,156,0,0,1.0,0,0,0
gp_set_0008,gp_set_0008_vid_0001,gp_5990,test,1920,1440,69,6568,6636,1,1,0,6633,1,1,66,,0,0,0,1.0,0,0,0
gp_set_0008,gp_set_0008_vid_0001,gp_5992,test,1920,1440,51,6605,6655,1,1,0,6652,1,1,48,,0,0,0,1.0,0,0,0
gp_set_0008,gp_set_0008_vid_0001,gp_5994,test,1920,1440,34,6611,6644,1,1,0,6641,1,1,31,,0,0,0,1.0,0,0,0
gp_set_0008,gp_set_0008_vid_0001,gp_5995,test,1920,1440,62,6615,6676,1,1,0,6673,1,1,59,,0,0,0,1.0,0,0,0
gp_set_0008,gp_set_0008_vid_0001,gp_5996,test,1920,1440,54,6615,6668,1,1,0,6665,1,1,51,,0,0,0,1.0,0,0,0
gp_set_0008,gp_set_0008_vid_0001,gp_5997,test,1920,1440,71,6615,6685,1,1,0,6682,1,1,68,,0,0,0,1.0,0,0,0
gp_set_0008,gp_set_0008_vid_0001,gp_5998,test,1920,1440,41,6655,6695,1,1,0,6692,1,1,38,,0,0,0,1.0,0,0,0
gp_set_0008,gp_set_0008_vid_0001,gp_6001,test,1920,1440,92,6614,6705,1,1,0,6702,1,1,89,,0,0,0,1.0,0,0,0
gp_set_0008,gp_set_0008_vid_0001,gp_6002,test,1920,1440,75,6626,6700,1,1,0,6697,1,1,72,,0,0,0,1.0,0,0,0
gp_set_0008,gp_set_0008_vid_0001,gp_6003,test,1920,1440,51,6665,6715,1,1,0,6712,1,1,48,,0,0,0,1.0,0,0,0
gp_set_0008,gp_set_0008_vid_0001,gp_6005,test,1920,1440,60,6733,6792,1,1,0,6785,1,1,53,,0,0,0,1.0,0,0,0
gp_set_0008,gp_set_0008_vid_0001,gp_6007,test,1920,1440,115,6787,6901,1,1,0,6894,1,1,108,,0,0,0,1.0,0,0,0
gp_set_0008,gp_set_0008_vid_0001,gp_6010,test,1920,1440,95,6862,6956,1,1,0,6949,1,1,88,,0,0,0,1.0,0,0,0
gp_set_0008,gp_set_0008_vid_0001,gp_6011,test,1920,1440,80,6862,6941,1,1,0,6934,1,1,73,,0,0,0,1.0,0,0,0
gp_set_0008,gp_set_0008_vid_0001,gp_6015,test,1920,1440,70,6980,7049,1,1,0,7042,1,1,63,,0,0,0,1.0,0,0,0
gp_set_0008,gp_set_0008_vid_0001,gp_6016,test,1920,1440,30,7026,7055,1,1,0,7048,1,1,23,,0,0,0,1.0,0,0,0
gp_set_0008,gp_set_0008_vid_0001,gp_6018,test,1920,1440,80,7023,7102,1,1,0,7095,1,1,73,,0,0,0,1.0,0,0,0
gp_set_0008,gp_set_0008_vid_0001,gp_6019,test,1920,1440,60,7091,7150,1,1,0,7143,1,1,53,,0,0,0,1.0,0,0,0
gp_set_0008,gp_set_0008_vid_0001,gp_6022,test,1920,1440,81,7104,7184,1,1,0,7182,1,1,79,,0,0,0,1.0,0,0,0
gp_set_0008,gp_set_0008_vid_0001,gp_6023,test,1920,1440,20,7060,7079,1,1,0,7072,1,1,13,,0,0,0,1.0,0,0,0
gp_set_0008,gp_set_0008_vid_0001,gp_5907,test,1920,1440,45,9067,9111,1,1,0,9104,1,1,38,,0,0,0,1.0,0,0,0
gp_set_0008,gp_set_0008_vid_0001,gp_5908,test,1920,1440,45,9062,9106,1,1,0,9099,1,1,38,,0,0,0,1.0,0,0,0
gp_set_0008,gp_set_0008_vid_0001,gp_5909,test,1920,1440,135,9309,9443,1,1,0,9436,1,1,128,,0,0,0,1.0,0,0,0
gp_set_0008,gp_set_0008_vid_0001,gp_5911,test,1920,1440,90,9460,9549,1,1,0,9542,1,1,83,,0,0,0,1.0,0,0,0
gp_set_0008,gp_set_0008_vid_0001,gp_5913,test,1920,1440,85,9465,9549,1,1,0,9542,1,1,78,,0,0,0,1.0,0,0,0
gp_set_0008,gp_set_0008_vid_0001,gp_5915,test,1920,1440,139,9416,9554,1,1,0,9547,1,1,132,,0,0,0,1.0,0,0,0
gp_set_0008,gp_set_0008_vid_0001,gp_5918,test,1920,1440,50,9583,9632,1,1,0,8625,0,0,,,0,0,0,1.0,0,0,0
gp_set_0008,gp_set_0008_vid_0001,gp_5924,test,1920,1440,145,9588,9732,1,1,0,9725,1,1,138,,0,0,0,1.0,0,0,0
gp_set_0008,gp_set_0008_vid_0001,gp_5925,test,1920,1440,210,9884,10093,1,1,0,10086,1,1,203,,0,0,0,1.0,0,0,0
gp_set_0008,gp_set_0008_vid_0001,gp_5931,test,1920,1440,120,10124,10243,1,1,1,10144,1,1,21,10139,105,0,0,1.0,0,0,0
gp_set_0008,gp_set_0008_vid_0001,gp_5935,test,1920,1440,30,10169,10198,1,1,0,10191,1,1,23,,0,0,0,1.0,0,0,0
gp_set_0008,gp_set_0008_vid_0001,gp_5937,test,1920,1440,90,10380,10469,1,1,0,10461,1,1,82,,0,0,0,1.0,0,0,0
gp_set_0008,gp_set_0008_vid_0001,gp_5942,test,1920,1440,105,10385,10489,1,0,,,0,0,,,0,0,0,1.0,0,0,0
gp_set_0008,gp_set_0008_vid_0001,gp_5951,test,1920,1440,250,10030,10279,1,1,0,10272,1,1,243,,0,0,0,1.0,0,0,0
gp_set_0008,gp_set_0008_vid_0004,gp_6511,test,1920,1440,160,7425,7584,1,1,0,7577,1,1,153,,0,0,0,1.0,0,0,0
gp_set_0008,gp_set_0008_vid_0004,gp_6512,test,1920,1440,150,7465,7614,1,1,0,7606,1,1,142,,0,0,0,1.0,0,0,0
gp_set_0008,gp_set_0008_vid_0004,gp_6513,test,1920,1440,80,7700,7779,1,1,0,7774,1,1,75,,0,0,0,1.0,0,0,0
gp_set_0008,gp_set_0008_vid_0004,gp_6514,test,1920,1440,50,8335,8384,1,1,0,8376,1,1,42,,0,0,0,1.0,0,0,0
gp_set_0008,gp_set_0008_vid_0004,gp_6515,test,1920,1440,35,8340,8374,1,1,0,8381,0,0,,,0,0,0,1.0,0,0,0
gp_set_0008,gp_set_0008_vid_0004,gp_6516,test,1920,1440,50,8335,8384,1,1,0,8380,1,1,46,,0,0,0,1.0,0,0,0
gp_set_0008,gp_set_0008_vid_0004,gp_6510,test,1920,1440,70,7180,7249,1,1,0,7244,1,1,65,,0,0,0,1.0,0,0,0
gp_set_0008,gp_set_0008_vid_0004,gp_6518,test,1920,1440,260,8995,9254,1,1,0,9247,1,1,253,8995,45,0,0,1.0,0,0,0
gp_set_0008,gp_set_0008_vid_0004,gp_6519,test,1920,1440,215,9135,9349,1,1,1,9135,1,1,1,9135,50,165,0,1.0,0,0,0
gp_set_0008,gp_set_0008_vid_0004,gp_6520,test,1920,1440,180,9240,9419,1,1,0,9412,1,1,173,9330,50,90,0,1.0,0,0,0
gp_set_0008,gp_set_0008_vid_0004,gp_6521,test,1920,1440,160,9335,9494,1,1,0,9487,1,1,153,9405,90,70,0,1.0,0,0,0
gp_set_0008,gp_set_0008_vid_0004,gp_6522,test,1920,1440,50,9815,9864,1,1,0,9857,1,1,43,,0,0,0,1.0,0,0,0
gp_set_0008,gp_set_0008_vid_0004,gp_6523,test,1920,1440,55,9865,9919,1,1,0,9912,1,1,48,,0,0,0,1.0,0,0,0
gp_set_0008,gp_set_0008_vid_0004,gp_6524,test,1920,1440,60,10135,10194,1,1,0,10187,1,1,53,,0,0,0,1.0,0,0,0
gp_set_0008,gp_set_0008_vid_0004,gp_6525,test,1920,1440,55,10140,10194,1,1,0,10187,1,1,48,,0,0,0,1.0,0,0,0
gp_set_0008,gp_set_0008_vid_0004,gp_6527,test,1920,1440,120,9295,9414,1,1,0,9407,1,1,113,9400,15,105,0,1.0,0,0,0
gp_set_0008,gp_set_0008_vid_0004,gp_6528,test,1920,1440,65,10145,10209,1,1,0,10202,1,1,58,,0,0,0,1.0,0,0,0
gp_set_0008,gp_set_0008_vid_0004,gp_6529,test,1920,1440,65,10145,10209,1,1,0,10202,1,1,58,,0,0,0,1.0,0,0,0
gp_set_0008,gp_set_0008_vid_0004,gp_6530,test,1920,1440,75,10160,10234,1,1,0,10227,1,1,68,,0,0,0,1.0,0,0,0
gp_set_0008,gp_set_0008_vid_0004,gp_6531,test,1920,1440,115,10155,10269,1,1,0,10262,1,1,108,10155,115,0,0,1.0,0,0,0
gp_set_0008,gp_set_0008_vid_0004,gp_6532,test,1920,1440,70,10205,10274,1,1,0,10267,1,1,63,10205,70,0,0,1.0,0,0,0
gp_set_0008,gp_set_0008_vid_0004,gp_6517,test,1920,1440,300,8975,9274,1,1,1,8975,1,1,1,8975,300,0,0,1.0,0,0,0
gp_set_0008,gp_set_0008_vid_0004,gp_6602,test,1920,1440,110,10830,10939,1,0,,,0,0,,,0,0,0,1.0,0,0,0
gp_set_0008,gp_set_0008_vid_0004,gp_6603,test,1920,1440,110,10840,10949,1,1,0,10938,1,1,99,,0,0,0,1.0,0,0,0
gp_set_0008,gp_set_0008_vid_0004,gp_6604,test,1920,1440,100,10845,10944,1,1,0,10939,1,1,95,,0,0,0,1.0,0,0,0
gp_set_0008,gp_set_0008_vid_0004,6605,test,1920,1440,95,10860,10954,1,0,,,0,0,,,0,0,0,1.0,0,0,0
gp_set_0008,gp_set_0008_vid_0004,gp_6606,test,1920,1440,45,11065,11109,1,1,0,11102,1,1,38,,0,0,0,1.0,0,0,0
gp_set_0008,gp_set_0008_vid_0004,gp_6607,test,1920,1440,60,11120,11179,1,1,0,11172,1,1,53,,0,0,0,1.0,0,0,0
gp_set_0008,gp_set_0008_vid_0004,gp_6608,test,1920,1440,60,11180,11239,1,1,0,11232,1,1,53,,0,0,0,1.0,0,0,0
gp_set_0008,gp_set_0008_vid_0004,gp_6609,test,1920,1440,35,11300,11334,1,1,0,11329,1,1,30,,0,0,0,1.0,0,0,0
gp_set_0008,gp_set_0008_vid_0004,gp_6610,test,1920,1440,30,11385,11414,1,1,0,11409,1,1,25,,0,0,0,1.0,0,0,0
gp_set_0008,gp_set_0008_vid_0005,gp_6035,test,1920,1440,20,1795,1814,1,1,0,719,0,0,,,0,0,0,1.0,0,0,0
gp_set_0008,gp_set_0008_vid_0005,gp_6037,test,1920,1440,135,1795,1929,1,1,0,719,0,0,,,0,0,0,1.0,0,0,0
gp_set_0008,gp_set_0008_vid_0005,gp_6040,test,1920,1440,145,2290,2434,1,1,0,2431,1,1,142,,0,0,0,1.0,0,0,0
gp_set_0008,gp_set_0008_vid_0005,gp_6041,test,1920,1440,140,2300,2439,1,1,0,2435,1,1,136,,0,0,0,1.0,0,0,0
gp_set_0008,gp_set_0008_vid_0005,gp_6043,test,1920,1440,145,2295,2439,1,1,0,2434,1,1,140,,0,0,0,1.0,0,0,0
gp_set_0008,gp_set_0008_vid_0005,gp_6051,test,1920,1440,75,2480,2554,1,1,0,2549,1,1,70,,0,0,0,1.0,0,0,0
gp_set_0008,gp_set_0008_vid_0005,gp_6056,test,1920,1440,75,2490,2564,1,1,0,2554,1,1,65,,0,0,0,1.0,0,0,0
gp_set_0008,gp_set_0008_vid_0005,gp_6058,test,1920,1440,110,2555,2664,1,1,0,2658,1,1,104,,0,0,0,1.0,0,0,0
gp_set_0008,gp_set_0008_vid_0005,gp_6059,test,1920,1440,100,2575,2674,1,1,0,2663,1,1,89,,0,0,0,1.0,0,0,0
gp_set_0008,gp_set_0008_vid_0005,gp_6062,test,1920,1440,180,2535,2714,1,1,0,2709,1,1,175,,0,0,0,1.0,0,0,0
gp_set_0008,gp_set_0008_vid_0005,gp_6063,test,1920,1440,150,2575,2724,1,1,0,2711,1,1,137,,0,0,0,1.0,0,0,0
gp_set_0008,gp_set_0008_vid_0005,gp_6065,test,1920,1440,40,2705,2744,1,1,0,2731,1,1,27,,0,0,0,1.0,0,0,0
gp_set_0008,gp_set_0008_vid_0005,gp_6067,test,1920,1440,150,2845,2994,1,1,0,2927,1,1,83,,0,0,0,1.0,0,0,0
gp_set_0008,gp_set_0008_vid_0005,gp_6069,test,1920,1440,160,3045,3204,1,1,0,3197,1,1,153,,0,0,0,1.0,0,0,0
gp_set_0008,gp_set_0008_vid_0005,gp_6070,test,1920,1440,80,3135,3214,1,1,0,3201,1,1,67,,0,0,0,1.0,0,0,0
gp_set_0008,gp_set_0008_vid_0005,gp_6072,test,1920,1440,30,3185,3214,1,1,0,3203,1,1,19,,0,0,0,1.0,0,0,0
gp_set_0008,gp_set_0008_vid_0005,gp_6074,test,1920,1440,60,3155,3214,1,1,1,3211,1,1,57,,0,0,0,1.0,0,0,0
gp_set_0008,gp_set_0008_vid_0005,gp_6076,test,1920,1440,120,3065,3184,1,1,0,3176,1,1,112,,0,0,0,1.0,0,0,0
gp_set_0008,gp_set_0008_vid_0005,gp_6078,test,1920,1440,120,3065,3184,1,1,0,3181,1,1,117,,0,0,0,1.0,0,0,0
gp_set_0008,gp_set_0008_vid_0005,gp_6079,test,1920,1440,90,3145,3234,1,1,0,3223,1,1,79,,0,0,0,1.0,0,0,0
gp_set_0008,gp_set_0008_vid_0005,gp_6081,test,1920,1440,90,3145,3234,1,1,0,3228,1,1,84,,0,0,0,1.0,0,0,0
gp_set_0008,gp_set_0008_vid_0005,gp_6083,test,1920,1440,90,3155,3244,1,1,0,3232,1,1,78,,0,0,0,1.0,0,0,0
gp_set_0008,gp_set_0008_vid_0005,gp_6085,test,1920,1440,66,3544,3609,1,1,0,3605,1,1,62,,0,0,0,1.0,0,0,0
gp_set_0008,gp_set_0008_vid_0005,gp_6088,test,1920,1440,100,2655,2754,1,1,0,2743,1,1,89,,0,0,0,1.0,0,0,0
gp_set_0008,gp_set_0008_vid_0005,gp_6091,test,1920,1440,100,2655,2754,1,1,1,2745,1,1,91,,0,0,0,1.0,0,0,0
gp_set_0008,gp_set_0008_vid_0005,gp_6092,test,1920,1440,100,2655,2754,1,1,0,2749,1,1,95,,0,0,0,1.0,0,0,0
gp_set_0008,gp_set_0008_vid_0005,gp_6094,test,1920,1440,230,2885,3114,1,1,0,3109,1,1,225,,0,0,0,1.0,0,0,0
gp_set_0008,gp_set_0008_vid_0005,gp_6095,test,1920,1440,120,2715,2834,1,1,0,2824,1,1,110,,0,0,0,1.0,0,0,0
gp_set_0008,gp_set_0008_vid_0005,gp_6096,test,1920,1440,110,2725,2834,1,1,0,2828,1,1,104,,0,0,0,1.0,0,0,0
gp_set_0008,gp_set_0008_vid_0005,gp_6149,test,1920,1440,55,3590,3644,1,1,0,3591,1,1,2,,0,0,0,1.0,0,0,0
gp_set_0008,gp_set_0008_vid_0005,gp_6147,test,1920,1440,35,3605,3639,1,1,0,3635,1,1,31,,0,0,0,1.0,0,0,0
gp_set_0008,gp_set_0008_vid_0005,gp_6148,test,1920,1440,30,3620,3649,1,1,0,3644,1,1,25,,0,0,0,1.0,0,0,0
gp_set_0008,gp_set_0008_vid_0005,gp_6158,test,1920,1440,180,3670,3849,1,1,1,3670,1,1,1,3670,160,0,0,1.0,0,0,0
gp_set_0008,gp_set_0008_vid_0005,gp_6159,test,1920,1440,130,3725,3854,1,1,1,3725,1,1,1,3725,110,0,0,1.0,0,0,0
gp_set_0008,gp_set_0008_vid_0005,gp_6162,test,1920,1440,105,3745,3849,1,1,0,3842,1,1,98,,0,0,0,1.0,0,0,0
gp_set_0008,gp_set_0008_vid_0005,gp_6165,test,1920,1440,45,3941,3985,1,1,0,3980,1,1,40,,0,0,0,1.0,0,0,0
gp_set_0008,gp_set_0008_vid_0005,gp_6166,test,1920,1440,105,4010,4114,1,1,0,4109,1,1,100,,0,0,0,1.0,0,0,0
gp_set_0008,gp_set_0008_vid_0005,gp_6167,test,1920,1440,45,4120,4164,1,1,0,4158,1,1,39,,0,0,0,1.0,0,0,0
gp_set_0008,gp_set_0008_vid_0005,gp_6168,test,1920,1440,36,4124,4159,1,1,0,4150,1,1,27,4124,1,0,0,1.0,0,0,0
gp_set_0008,gp_set_0008_vid_0005,gp_6169,test,1920,1440,20,4143,4162,1,1,0,4155,1,1,13,,0,0,0,1.0,0,0,0
gp_set_0008,gp_set_0008_vid_0005,gp_6171,test,1920,1440,35,4190,4224,1,1,0,4219,1,1,30,,0,0,0,1.0,0,0,0
gp_set_0008,gp_set_0008_vid_0005,gp_6173,test,1920,1440,65,4242,4306,1,1,0,4301,1,1,60,,0,0,0,1.0,0,0,0
gp_set_0008,gp_set_0008_vid_0005,gp_6176,test,1920,1440,65,4417,4481,1,1,0,4477,1,1,61,,0,0,0,1.0,0,0,0
gp_set_0008,gp_set_0008_vid_0005,gp_6178,test,1920,1440,70,4420,4489,1,1,0,4484,1,1,65,,0,0,0,1.0,0,0,0
gp_set_0008,gp_set_0008_vid_0005,gp_6179,test,1920,1440,65,4430,4494,1,1,0,4488,1,1,59,,0,0,0,1.0,0,0,0
gp_set_0008,gp_set_0008_vid_0005,gp_6180,test,1920,1440,220,4465,4684,1,1,0,4678,1,1,214,,0,0,0,1.0,0,0,0
gp_set_0008,gp_set_0008_vid_0005,gp_6185,test,1920,1440,75,4563,4637,1,1,0,4632,1,1,70,,0,0,0,1.0,0,0,0
gp_set_0008,gp_set_0008_vid_0005,gp_6188,test,1920,1440,50,4850,4899,1,1,0,4895,1,1,46,,0,0,0,1.0,0,0,0
gp_set_0008,gp_set_0008_vid_0005,gp_6189,test,1920,1440,55,4850,4904,1,1,0,4900,1,1,51,,0,0,0,1.0,0,0,0
gp_set_0008,gp_set_0008_vid_0005,gp_6190,test,1920,1440,40,4875,4914,1,1,0,4907,1,1,33,,0,0,0,1.0,0,0,0
gp_set_0008,gp_set_0008_vid_0005,gp_6193,test,1920,1440,60,4986,5045,1,1,0,5041,1,1,56,,0,0,0,1.0,0,0,0
gp_set_0008,gp_set_0008_vid_0005,gp_6195,test,1920,1440,75,5041,5115,1,1,0,5111,1,1,71,,0,0,0,1.0,0,0,0
gp_set_0008,gp_set_0008_vid_0005,gp_6196,test,1920,1440,35,5086,5120,1,1,0,5114,1,1,29,,0,0,0,1.0,0,0,0
gp_set_0008,gp_set_0008_vid_0005,gp_6102,test,1920,1440,55,5605,5659,1,1,0,5654,1,1,50,,0,0,0,1.0,0,0,0
gp_set_0008,gp_set_0008_vid_0005,gp_6103,test,1920,1440,20,5785,5804,1,1,0,5800,1,1,16,,0,0,0,1.0,0,0,0
gp_set_0008,gp_set_0008_vid_0005,gp_6107,test,1920,1440,195,5775,5969,1,1,0,5964,1,1,190,,0,0,0,1.0,0,0,0
gp_set_0008,gp_set_0008_vid_0005,gp_6108,test,1920,1440,75,5890,5964,1,1,0,5960,1,1,71,,0,0,0,1.0,0,0,0
gp_set_0008,gp_set_0008_vid_0005,gp_6111,test,1920,1440,100,6225,6324,1,1,0,6321,1,1,97,,0,0,0,1.0,0,0,0
gp_set_0008,gp_set_0008_vid_0005,gp_6112,test,1920,1440,80,6300,6379,1,1,0,6372,1,1,73,,0,0,0,1.0,0,0,0
gp_set_0008,gp_set_0008_vid_0005,gp_6114,test,1920,1440,35,6350,6384,1,1,0,6379,1,1,30,,0,0,0,1.0,0,0,0
gp_set_0008,gp_set_0008_vid_0005,gp_6115,test,1920,1440,40,6360,6399,1,1,0,6394,1,1,35,,0,0,0,1.0,0,0,0
gp_set_0008,gp_set_0008_vid_0005,gp_6117,test,1920,1440,65,6500,6564,1,1,0,6559,1,1,60,,0,0,0,1.0,0,0,0
gp_set_0008,gp_set_0008_vid_0005,gp_6119,test,1920,1440,50,6540,6589,1,1,0,6586,1,1,47,,0,0,0,1.0,0,0,0
gp_set_0008,gp_set_0008_vid_0005,gp_6120,test,1920,1440,35,6650,6684,1,1,0,6680,1,1,31,,0,0,0,1.0,0,0,0
gp_set_0008,gp_set_0008_vid_0005,gp_6123,test,1920,1440,110,6655,6764,1,1,0,6759,1,1,105,,0,0,0,1.0,0,0,0
gp_set_0008,gp_set_0008_vid_0005,gp_6127,test,1920,1440,95,6681,6775,1,1,0,6771,1,1,91,,0,0,0,1.0,0,0,0
gp_set_0008,gp_set_0008_vid_0005,gp_6129,test,1920,1440,10,6771,6780,1,1,1,6776,1,1,6,,0,0,0,1.0,0,0,0
gp_set_0008,gp_set_0008_vid_0005,gp_6131,test,1920,1440,75,7008,7082,1,1,0,7079,1,1,72,,0,0,0,1.0,0,0,0
gp_set_0008,gp_set_0008_vid_0005,gp_6139,test,1920,1440,140,6718,6857,1,1,0,6851,1,1,134,,0,0,0,1.0,0,0,0
gp_set_0008,gp_set_0008_vid_0005,gp_6140,test,1920,1440,150,6859,7008,1,1,0,7005,1,1,147,,0,0,0,1.0,0,0,0
gp_set_0008,gp_set_0008_vid_0005,gp_6142,test,1920,1440,150,6859,7008,1,1,0,7002,1,1,144,,0,0,0,1.0,0,0,0
gp_set_0008,gp_set_0008_vid_0005,gp_6143,test,1920,1440,130,6874,7003,1,1,0,6998,1,1,125,,0,0,0,1.0,0,0,0
gp_set_0008,gp_set_0008_vid_0005,gp_6144,test,1920,1440,15,7170,7184,1,1,0,7181,1,1,12,,0,0,0,1.0,0,0,0
gp_set_0008,gp_set_0008_vid_0005,gp_6145,test,1920,1440,50,7114,7163,1,1,0,7158,1,1,45,,0,0,0,1.0,0,0,0
gp_set_0008,gp_set_0008_vid_0005,gp_6121,test,1920,1440,50,7240,7289,1,1,1,7279,1,1,40,,0,0,0,1.0,0,0,0
gp_set_0008,gp_set_0008_vid_0005,gp_6122,test,1920,1440,40,7250,7289,1,1,0,7285,1,1,36,,0,0,0,1.0,0,0,0
gp_set_0008,gp_set_0008_vid_0005,gp_6124,test,1920,1440,50,7250,7299,1,1,0,7289,1,1,40,,0,0,0,1.0,0,0,0
gp_set_0008,gp_set_0008_vid_0005,gp_6125,test,1920,1440,70,7290,7359,1,1,0,7354,1,1,65,,0,0,0,1.0,0,0,0
gp_set_0008,gp_set_0008_vid_0005,gp_6130,test,1920,1440,130,7310,7439,1,1,0,7437,1,1,128,,0,0,0,1.0,0,0,0
gp_set_0008,gp_set_0008_vid_0005,gp_6132,test,1920,1440,140,7300,7439,1,1,0,7447,0,0,,,0,0,0,1.0,0,0,0
gp_set_0008,gp_set_0008_vid_0005,gp_6133,test,1920,1440,180,7280,7459,1,1,0,7430,1,1,151,,0,0,0,1.0,0,0,0
gp_set_0008,gp_set_0008_vid_0005,gp_6136,test,1920,1440,260,10840,11099,1,1,1,10840,1,1,1,10840,260,0,0,1.0,0,0,0
gp_set_0008,gp_set_0008_vid_0005,gp_6137,test,1920,1440,160,10890,11049,1,1,1,10890,1,1,1,10890,160,0,0,1.0,0,0,0
gp_set_0008,gp_set_0008_vid_0005,gp_6138,test,1920,1440,160,10910,11069,1,1,1,10910,1,1,1,10910,160,0,0,1.0,0,0,0
gp_set_0008,gp_set_0008_vid_0005,gp_6141,test,1920,1440,70,10810,10879,1,1,1,10810,1,1,1,10810,70,0,0,1.0,0,0,0
gp_set_0008,gp_set_0008_vid_0005,gp_6150,test,1920,1440,130,11840,11969,1,1,0,11961,1,1,122,,0,0,0,1.0,0,0,0
gp_set_0008,gp_set_0008_vid_0005,gp_6152,test,1920,1440,130,11840,11969,1,1,0,11956,1,1,117,,0,0,0,1.0,0,0,0
gp_set_0008,gp_set_0008_vid_0005,gp_5163,test,1920,1440,90,11260,11349,1,1,0,11341,1,1,82,,0,0,0,1.0,0,0,0
gp_set_0009,gp_set_0009_vid_0001,gp_6877,test,1920,1080,407,190,596,1,1,1,370,1,1,181,370,227,0,0,1.0,0,0,0
gp_set_0009,gp_set_0009_vid_0001,gp_6878,test,1920,1080,590,215,804,1,1,1,413,1,1,199,400,270,50,0,1.0,0,0,0
gp_set_0009,gp_set_0009_vid_0001,gp_6879,test,1920,1080,292,345,636,1,1,1,370,1,1,26,345,221,14,0,1.0,0,0,0
gp_set_0009,gp_set_0009_vid_0001,gp_6880,test,1920,1080,389,425,813,1,1,1,425,1,1,1,495,190,0,0,1.0,0,0,0
gp_set_0009,gp_set_0009_vid_0001,gp_6906,test,1920,1080,485,535,1019,1,1,1,535,1,1,1,650,210,20,0,1.0,0,0,0
gp_set_0009,gp_set_0009_vid_0001,gp_6909,test,1920,1080,303,562,864,1,1,1,565,1,1,4,562,130,0,0,1.0,0,0,0
gp_set_0009,gp_set_0009_vid_0001,gp_6911,test,1920,1080,365,635,999,1,1,1,635,1,1,1,725,263,0,0,1.0,0,0,0
gp_set_0009,gp_set_0009_vid_0001,gp_6910,test,1920,1080,415,645,1059,1,1,1,645,1,1,1,720,238,0,0,1.0,0,0,0
gp_set_0009,gp_set_0009_vid_0001,gp_6912,test,1920,1080,422,653,1074,1,1,1,653,1,1,1,718,260,0,0,1.0,0,0,0
gp_set_0009,gp_set_0009_vid_0001,gp_6917,test,1920,1080,245,800,1044,1,1,1,800,1,1,1,845,155,0,0,1.0,0,0,0
gp_set_0009,gp_set_0009_vid_0001,gp_6918,test,1920,1080,312,818,1129,1,1,1,818,1,1,1,870,220,0,0,1.0,0,0,0
gp_set_0009,gp_set_0009_vid_0001,gp_6919,test,1920,1080,325,635,959,1,1,1,635,1,1,1,660,205,0,0,1.0,0,0,0
gp_set_0009,gp_set_0009_vid_0001,gp_6920,test,1920,1080,230,755,984,1,1,1,803,1,1,49,805,145,0,0,1.0,0,0,0
gp_set_0009,gp_set_0009_vid_0001,gp_6922,test,1920,1080,260,916,1175,1,1,1,916,1,1,1,941,185,0,0,1.0,0,0,0
gp_set_0009,gp_set_0009_vid_0001,gp_6936,test,1920,1080,243,985,1227,1,1,1,985,1,1,1,1025,203,0,0,1.0,0,0,0
gp_set_0009,gp_set_0009_vid_0001,gp_6937,test,1920,1080,207,1030,1236,1,1,1,1030,1,1,1,1085,152,0,0,1.0,0,0,0
gp_set_0009,gp_set_0009_vid_0001,gp_6908,test,1920,1080,165,0,164,1,1,1,0,1,1,1,0,165,0,0,1.0,0,0,0
